file,class,label,frac_green,frac_yellow,frac_brown,frac_dark,frac_gray,glcm_contrast,glcm_homogeneity,glcm_energy,glcm_correlation
A163_leaf00.png,olive_peacock_spot,2,0.18484407820326385,0.6894490224592018,0.0009694619486185168,0.0066246566488931975,0.06527710454031346,8.560720690052307,0.9216057815251214,0.8690848490162736,0.9515367733565365
A299_leaf00.png,aculus_olearius,1,0.9328137597420049,0.01612469766191884,0.0,0.07430798172534266,0.03144316044074174,11.091058139795777,0.8875155801884553,0.8427240275039334,0.9392707519135205
A310_leaf00.png,Healthy,0,0.3655795504627589,0.4495372410753636,0.0015425297487880124,0.011679153812252093,0.03371529308065227,9.542444502378178,0.9366410919829625,0.9022819862096233,0.9266804198766336
A319_leaf00.png,Healthy,0,0.6321774794929157,0.16424310216256524,0.11241610738255034,0.26547352721849365,0.07624906785980612,9.406268026354795,0.9193455640315076,0.882556896684379,0.9048037141538667
A442_leaf00.png,Healthy,0,0.013460963206700568,0.0002991325157044571,0.0,0.09213281483697278,0.8686808256057433,4.822010804580449,0.9568731278572418,0.9281157039418548,0.9293705109499573
A46_leaf00.png,aculus_olearius,1,0.4281187654031217,0.0003520713531275672,0.0,0.011500997535500528,0.2573641591362516,8.912617606114363,0.8832993570309886,0.8213661455016524,0.9441058263701122
A587_leaf00.png,aculus_olearius,1,0.04353811736362072,0.4236792290483566,0.0333849595594562,0.023231801755291687,0.35863018413353986,12.70759657778197,0.912346549860499,0.867827789780801,0.9568366937685673
A593_leaf00.png,olive_peacock_spot,2,0.05818833288340246,0.07563747024320809,0.0076815471077625345,0.0,0.8122070336466488,1.9520905000927642,0.7425540972239486,0.1583492667010159,0.9847928835791878
A60_leaf00.png,olive_peacock_spot,2,0.23726758286176233,0.3803556992724333,0.03193209377526273,0.015359741309620048,0.11479385610347616,4.3649026594941995,0.9681348934275976,0.9457480328107293,0.9377106671327644
A623_leaf00.png,aculus_olearius,1,0.009467841984982043,0.20959843290891284,0.0037544890630101207,0.02497551420176298,0.5473392099249103,14.807699146836416,0.9027092573916219,0.8660403840226398,0.9513378553672172
A623_leaf01.png,Healthy,0,0.8359845227858985,0.010318142734307825,0.0027944969905417025,0.6407996560619088,0.11693895098882201,8.179110951037728,0.9110926065085797,0.8467289074483139,0.8260700837483788
A624_leaf00.png,olive_peacock_spot,2,0.23841414412001072,0.6094294133404768,0.0021430484864720066,0.018483793195821056,0.11759978569515135,6.953196244865513,0.9450148175391974,0.9172761458127703,0.9254859376485614
A629_leaf00.png,aculus_olearius,1,0.7701825863890146,0.15753734721593482,0.0001508978421608571,0.02746340727327599,0.03425381017051456,8.26699002082708,0.9064197545178321,0.8590033111467226,0.921401900270993
A657_leaf00.png,olive_peacock_spot,2,0.26620825147347743,0.581532416502947,0.068762278978389,0.05697445972495088,0.03929273084479371,3.5941999794915813,0.9834584454174532,0.9755646892208314,0.8969711225572163
A667_leaf00.png,olive_peacock_spot,2,0.4233548877900342,0.05420311905667554,0.0005705591479650057,0.013313046785850133,0.2907949790794979,9.513928620344101,0.9191414538527294,0.8871335516149722,0.9254078262507094
A668_leaf00.png,Healthy,0,0.5568458007021334,0.006211180124223602,0.00027005130974885227,0.019983796921415067,0.06535241695922225,7.388842655464961,0.9486817331286368,0.9189461205159747,0.9445953233761056
A686_leaf00.png,olive_peacock_spot,2,0.39919852034525277,0.05363748458692972,0.02435265104808878,0.3366214549938348,0.3153514180024661,2.5729305110281113,0.9507549451854633,0.9260865400978813,0.9307040823881007
A687_leaf00.png,Healthy,0,0.750125313283208,0.07142857142857142,0.015037593984962405,0.3323308270676692,0.09298245614035087,5.159311943991021,0.9428779717838771,0.910214329833413,0.8966438999416594
A692_leaf00.png,Healthy,0,0.7714619427681526,0.0,0.0,0.24060735838037764,0.08818376484329375,6.163618544390743,0.9311663800977408,0.8880418508419887,0.908124729922098
A693_leaf00.png,olive_peacock_spot,2,3.985969387755102e-05,0.06762197066326531,0.0024115114795918366,0.0,0.9102160395408163,1.2252836931599127,0.778694491910868,0.25790043779416827,0.9695806660834154
A696_leaf00.png,aculus_olearius,1,0.9398727683152063,0.021342089062179357,0.0,0.04227375333470142,0.024009850194951776,10.584596416179172,0.9202025175570134,0.8946591317528225,0.9108765637115377
A697_leaf00.png,aculus_olearius,1,0.7929972627737226,0.0364963503649635,0.0,0.06797445255474452,0.05919251824817518,11.976795053567844,0.8736712059018263,0.8165401210259742,0.9342107852611681
A702_leaf00.png,aculus_olearius,1,0.682716049382716,0.14163860830527497,0.029068462401795735,0.3616161616161616,0.056902356902356906,9.365706598696496,0.8458159996999459,0.7782560520083497,0.9196811067476521
A713_leaf00.png,olive_peacock_spot,2,0.19811033221578786,0.3444071929289851,0.16001219140505943,0.015239256324291375,0.09295946357817739,8.39472812451973,0.9585188891681476,0.9279326159320995,0.9295428244171209
A720_leaf00.png,Healthy,0,0.7680348258706468,0.00808457711442786,0.0,0.736318407960199,0.15485074626865672,1.617826507111969,0.9767396490924091,0.9586210731530663,0.8730775128545898
A721_leaf00.png,Healthy,0,0.8394960732984293,0.016852094240837695,0.02356020942408377,0.281413612565445,0.0693717277486911,6.729564861905303,0.9110581753752981,0.8621134513147951,0.9097686650573298
A723_leaf00.png,Healthy,0,0.7822028624766646,0.004978220286247666,0.0006222775357809583,0.507778469197262,0.11263223397635345,1.5881294006046525,0.9778074985415675,0.963145924283034,0.8920455038037286
A735_leaf00.png,Healthy,0,0.3218543046357616,0.00033112582781456954,0.0,0.010927152317880795,0.2991721854304636,7.990952490861637,0.9147536574172885,0.8726323540371648,0.9414065278151744
B-100_leaf00.png,olive_peacock_spot,2,0.0,0.04534040178571429,0.012376434948979591,0.0,0.9170320471938775,0.8496430102309975,0.7958621431796216,0.3497777676897667,0.9662226931894543
B-100_leaf01.png,Healthy,0,0.7588485134497405,0.04483246814535158,0.026427560169891458,0.26427560169891456,0.11562057574327513,3.5710099795350456,0.9702417888509441,0.9531401222780819,0.8832064322376194
B-101_leaf00.png,olive_peacock_spot,2,0.2056253995312167,0.5908800340933305,0.0443213296398892,0.01640741529938206,0.11037715746857021,8.727649720201786,0.9443185716754051,0.8977456678474787,0.9303570506106359
B-102_leaf00.png,aculus_olearius,1,0.5246045694200352,0.028119507908611598,0.0008787346221441124,0.01698886936145284,0.016403046280023433,6.450106581956561,0.9497186283898431,0.9241749814655924,0.9403125939072932
B-104_leaf00.png,olive_peacock_spot,2,0.0697910432225663,0.10348955216112832,0.00832704467979911,0.1341434853886388,0.8023888209425174,7.800094402843853,0.7185873493316803,0.14716295302952354,0.9830965235259742
B-105_leaf00.png,Healthy,0,0.38847664775207336,0.013094718463553033,0.0907900480139677,0.3374072457442165,0.4443474465298996,8.424056687179664,0.9338865106145112,0.8813725663944576,0.8266121786976608
B-106_leaf00.png,Healthy,0,0.7647058823529411,0.08327825512227363,0.008922670191672175,0.255783212161269,0.11698612029081296,5.009235834727027,0.9482845395458257,0.9229471628619677,0.8904765393277172
B-107_leaf00.png,aculus_olearius,1,0.8728799604808167,0.06323069323233986,0.0,0.07969701959492838,0.03243866293429936,11.247577085766727,0.9010744296212507,0.8692803467323585,0.9183880734415711
B-108_leaf00.png,Healthy,0,0.6124354390147,0.058402860548271755,0.004171632896305125,0.2779102105681367,0.10230433055224473,6.229854370602895,0.9331706049657639,0.8923400534416777,0.9100054857279533
B-109 - Kopya_leaf00.png,Healthy,0,0.8615762446974771,0.04018754186202277,0.0020093770931011385,0.012279526680062514,0.0747934806876535,6.806781387960369,0.942121715410587,0.9049100240272332,0.9306916518874919
B-109_leaf00.png,aculus_olearius,1,0.1244049710871857,0.03686783169866777,0.0004153221941790997,0.07175489600971215,0.803009488514744,8.526673479843744,0.7627390557547287,0.15031661172443403,0.9729978540551347
B-10_leaf00.png,Healthy,0,0.8202515177797051,0.031222896790980052,0.005854293148308759,0.01409366869037294,0.09496964440589765,6.118111622451542,0.9402775860319665,0.9021498023081285,0.9325180631414168
B-112 - Kopya_leaf00.png,aculus_olearius,1,0.8318286794037372,0.06613478899853034,0.0002099517111064455,0.3210161662817552,0.029813142977115265,4.431830801913655,0.9325192586866936,0.8972050334031904,0.9238366132934355
B-112_leaf00.png,olive_peacock_spot,2,0.328480035296713,0.5201853077432164,0.04434149569821311,0.011471431722920804,0.05757776307081403,8.158677534052405,0.9370340907222957,0.9028477485851769,0.9389607071189574
B-113 - Kopya_leaf00.png,olive_peacock_spot,2,0.28767795778105054,0.22974963181148747,0.0,0.024545900834560628,0.1723122238586156,4.989574108791418,0.9486259805701609,0.912114794001831,0.9462167817296865
B-113_leaf00.png,Healthy,0,0.5053277365192121,0.03971585405230869,0.004520503713270907,0.041653212786567646,0.04585082337746206,6.536176856478907,0.9545708132242205,0.9304281245254015,0.931319281885602
B-114_leaf00.png,Healthy,0,0.7743043627619375,0.005496392992098935,0.0010305736860185502,0.01511508072827207,0.04500171762281003,5.216457391856304,0.9587733872944969,0.9339505941764321,0.9327036463732674
B-115_leaf00.png,aculus_olearius,1,0.6697197539302803,0.030211893369788106,0.016267942583732056,0.011209842788790158,0.15352016404647983,14.40185591742684,0.8889294599340052,0.8442303698712691,0.9405134344817848
B-115_leaf01.png,aculus_olearius,1,0.6099683544303798,0.0,0.0,0.02689873417721519,0.14746835443037976,6.990938359648673,0.914684463225322,0.866568106831645,0.928630222476502
B-116 - Kopya_leaf00.png,Healthy,0,0.4987231869254341,0.0028089887640449437,0.0,0.03013278855975485,0.33478038815117467,6.336198678332867,0.9481706458705771,0.9159208827753724,0.9224765440324589
B-116_leaf00.png,olive_peacock_spot,2,0.26093856268419857,0.6701428247562911,0.02584447970981637,0.02720471548401723,0.029925187032418952,8.536964445143152,0.9402805853607432,0.9052150979038678,0.9332801942555443
B-119 - Kopya_leaf00.png,olive_peacock_spot,2,0.6461318051575932,0.08825214899713467,0.0005730659025787965,0.016332378223495703,0.08166189111747851,5.001719161707385,0.9502749576855066,0.9232476712821371,0.9233240303624963
B-119_leaf00.png,aculus_olearius,1,0.4365648379052369,0.0003117206982543641,0.004364089775561097,0.09024314214463841,0.3919887780548628,7.601355355439688,0.9162079772895209,0.8635069318750395,0.9320772163535497
B-11_leaf00.png,aculus_olearius,1,0.9416135881104034,0.03418259023354565,0.0,0.012101910828025478,0.016985138004246284,8.16032893840513,0.9260145001298566,0.898628723357277,0.928327805206485
B-120 - Kopya_leaf00.png,aculus_olearius,1,0.04477167930983192,0.0014874312063067083,0.0007437156031533541,0.00892458723784025,0.7578461996132679,9.653297844663712,0.9208165321468439,0.8579516562592246,0.9519100340123531
B-120_leaf00.png,aculus_olearius,1,0.549193694509875,0.0,0.0,0.015038956332668961,0.11252038412755934,7.445416921511481,0.9255027807459326,0.882815139221838,0.9396254817929705
B-121_leaf00.png,olive_peacock_spot,2,0.032994500916513916,0.28661889685052494,0.051658056990501584,0.01299783369438427,0.3784369271788035,7.311208896286866,0.9258383595306352,0.8732334954224874,0.9483000726825477
B-122_leaf00.png,aculus_olearius,1,0.0101747401017474,0.4075425790754258,0.01647865516478655,0.00851581508515815,0.36584826365848266,11.712903686180951,0.8838208096209578,0.8113554526784411,0.9700879991141703
B-122_leaf01.png,aculus_olearius,1,0.1601410697037087,0.004964395624143586,0.0,0.016757643147561604,0.8326257384819282,4.320145122122664,0.7979606993553274,0.2027806912440452,0.9824981538815595
B-123_leaf00.png,olive_peacock_spot,2,0.2682728308643985,0.6430083021325086,0.008464919420478594,0.0908350968582126,0.04639426990069998,9.975299907820705,0.919689783076778,0.8686038132012245,0.9466398756233771
B-124_leaf00.png,aculus_olearius,1,0.624170701093778,0.0457235072619688,0.0017930787161556392,0.19741796664873587,0.09879863726017572,7.7137656675293185,0.9047365011738718,0.8750541721567902,0.9206028155013056
B-125_leaf00.png,aculus_olearius,1,0.008746355685131196,0.9131611828404831,0.013952519783423574,0.036234902124114954,0.036234902124114954,8.92553774700611,0.9230223367388148,0.8958604352707433,0.9454245598971891
B-126_leaf00.png,Healthy,0,0.8825459317585301,0.022747156605424323,0.0021872265966754157,0.528652668416448,0.06058617672790901,4.858764323252499,0.946822816300506,0.9018514322620679,0.8909983738133915
B-127_leaf00.png,aculus_olearius,1,0.8467411282341298,0.08426410292662237,0.0001413827230312456,0.05132192846034215,0.034356001696592676,10.661823993567479,0.8906875323488097,0.8496765748216842,0.9337115613384056
B-128_leaf00.png,olive_peacock_spot,2,0.5884337910169886,0.21957179427507564,0.0008145217593670003,0.009425180358389575,0.10297882243425646,10.099045037987384,0.8850445074854861,0.8200086276090459,0.9466395476169727
B-129_leaf00.png,Healthy,0,0.6910435497124076,0.013804437140509449,0.001314708299096138,0.1988496302382909,0.13311421528348397,9.135384109015884,0.9106759712090772,0.8699463147011235,0.9131932349371921
B-12_leaf00.png,olive_peacock_spot,2,0.5097993467102193,0.15888940737284182,0.004199720018665422,0.06532897806812879,0.09939337377508166,4.695302422452194,0.9434340612166101,0.9084406399549201,0.92476922093612
B-131 - Kopya_leaf00.png,aculus_olearius,1,0.25094527363184077,0.03900497512437811,0.0,0.07820895522388059,0.5050746268656716,8.418489895095476,0.9180099503360406,0.8900887299740712,0.9232582280423395
B-131_leaf00.png,olive_peacock_spot,2,0.6270983213429256,0.22062350119904076,0.0003996802557953637,0.38469224620303755,0.05495603517186251,5.554257245326444,0.9191348135192305,0.8842546087803008,0.9053864994613494
B-132 - Kopya_leaf00.png,Healthy,0,0.5594533958800735,0.02202733020599633,0.07056903936365491,0.010401794819498267,0.15011217621864165,10.454551935468636,0.9306301332711902,0.8953388262435953,0.9310338088615022
B-132 - Kopya_leaf01.png,olive_peacock_spot,2,0.21501332079611346,0.2167371885284438,0.0007835762419683435,0.25716972261401033,0.36122864754740636,7.415027521443012,0.9263930726042167,0.8647434911033505,0.928355174554454
B-132_leaf00.png,olive_peacock_spot,2,0.14551192145862551,0.5599579242636746,0.22861150070126227,0.038920056100981766,0.033660589060308554,6.7407470900569795,0.9540279352417769,0.9360687406443522,0.9102192228683024
B-132_leaf01.png,aculus_olearius,1,0.940989847715736,0.024111675126903553,0.0,0.33534263959390864,0.02284263959390863,2.280858900562613,0.9524471349429151,0.9276395480552714,0.9283712902536724
B-133_leaf00.png,olive_peacock_spot,2,0.5161290322580645,0.449820788530466,0.0006516780710329097,0.07038123167155426,0.024600847181492344,9.761766544751431,0.9082644812045418,0.8692791961073394,0.931669314703184
B-134_leaf00.png,olive_peacock_spot,2,0.5109717868338558,0.13986013986013987,0.03327706775982638,0.013986013986013986,0.14082469254883048,6.399985751026744,0.9428045006662478,0.9102958198505143,0.9205874714434269
B-135_leaf00.png,olive_peacock_spot,2,0.40842824601366745,0.06173120728929385,0.024145785876993165,0.4202733485193622,0.25854214123006836,6.228756801099058,0.93751847482443,0.9005511276271021,0.890305863469179
B-136_leaf00.png,Healthy,0,0.599524529933002,0.016425329587205533,0.049492111519342984,0.01080613788631943,0.14804408904257618,10.061011965151472,0.9366931387374212,0.9006173318430164,0.9219854543691776
B-137_leaf00.png,Healthy,0,0.8295743091859596,0.021657953696788648,0.023599701269604183,0.41792382374906645,0.08797610156833457,6.1159814100268,0.8873104640896994,0.8182618513737232,0.9152923159655233
B-138_leaf00.png,Healthy,0,0.35429769392033544,0.040022870211549454,0.016580903373356205,0.021536115875738518,0.11206403659233848,15.598106444629783,0.9281390973089383,0.8847871721841757,0.9178470900687584
B-139_leaf00.png,Healthy,0,0.8439693682195277,0.0038289725590299937,0.0,0.6008296107211232,0.041799617102744095,2.0856116441919768,0.9448774122635657,0.9091935547644476,0.9188732812559676
B-13_leaf00.png,aculus_olearius,1,0.8826864369821195,0.0,0.0,0.009012937927024277,0.08998400930367786,8.889471449152067,0.9091713832478445,0.8551258736850361,0.9362440367446316
B-140_leaf00.png,Healthy,0,0.05996573386636208,0.004283266704740148,0.0028555111364934323,0.024557395773843516,0.05368360936607653,4.860137134363834,0.9531879649028506,0.9220712792320229,0.9335034133736655
B-141_leaf00.png,Healthy,0,0.8173986896384373,0.07024993933511284,0.032516379519534094,0.09160397961659791,0.0601795680660034,9.547652624347206,0.8921228225468573,0.8262441307000477,0.9382226400841656
B-142_leaf00.png,aculus_olearius,1,0.8312012939273636,0.0061755624172915745,0.019702984855168356,0.5460961623290692,0.0886634318482576,4.71142423423312,0.9160133481252729,0.853851009369629,0.9139162858562601
B-143_leaf00.png,aculus_olearius,1,0.8497021276595744,0.047319148936170216,0.001702127659574468,0.010723404255319148,0.05565957446808511,6.951592125725615,0.9230852480168348,0.8763483246169345,0.9401487022567206
B-144_leaf00.png,Healthy,0,0.8247771288041807,0.0,0.001537042729787888,0.021211189671072855,0.07900399631109745,6.843154586774239,0.9582678078220591,0.9278283887243128,0.9344872174185235
B-145_leaf00.png,aculus_olearius,1,0.8805183708345201,0.03759612645969809,0.0,0.02064938763884933,0.0364568499003133,7.738464536814913,0.9056035444853503,0.8494219310565151,0.941909345460969
B-146_leaf00.png,olive_peacock_spot,2,0.10293423907915841,0.7940371733182375,0.059156524200396264,0.006227002547410133,0.017926219454665535,13.587525178016666,0.8931278558344321,0.7783658024762503,0.9645813810574639
B-14_leaf00.png,olive_peacock_spot,2,0.9387715559000194,0.0,0.0,0.5504747142026739,0.024801395078473162,2.4889281945961983,0.9330953850213372,0.8875320738632617,0.9395068009714292
B-150_leaf00.png,olive_peacock_spot,2,0.059121087575086946,0.9247549794498894,0.001264622194119507,0.03825482137211508,0.008852355358836548,5.509814897414556,0.9603093959089806,0.9305213531092207,0.936374965345925
B-151_leaf00.png,Healthy,0,0.11200370770894484,0.00803336938050363,0.017920593233431176,0.0630310520624131,0.6615170709099336,7.6677742306821015,0.9172327746716472,0.8619689315971562,0.9458956101082694
B-152_leaf00.png,Healthy,0,0.1498251591500045,0.002555366269165247,0.0,0.001479422576885143,0.8437640096834932,4.143205282501077,0.7799091237226015,0.20407876114628745,0.9679621667972754
B-153_leaf00.png,Healthy,0,0.7517177589852009,0.09024841437632135,0.039508456659619454,0.20798097251585623,0.0860200845665962,8.984014676713858,0.9030957987213658,0.839870530461754,0.9358988518574176
B-154_leaf00.png,aculus_olearius,1,0.13800080938891138,0.003642250101173614,0.004451639012545528,0.024686361796843383,0.09024686361796844,4.204530783941648,0.9612338730481511,0.9441149990320762,0.9324611818094417
B-155_leaf00.png,aculus_olearius,1,0.7086187214611872,0.1840753424657534,0.0,0.04509132420091324,0.03367579908675799,6.1733052418102465,0.9452489580783228,0.9219839121610875,0.9272128279614493
B-156_leaf00.png,olive_peacock_spot,2,0.15981359649122806,0.14980811403508773,0.007949561403508772,0.06866776315789473,0.5431743421052632,8.41467523754909,0.9184531675159665,0.8470377479000004,0.9425812873885557
B-157_leaf00.png,aculus_olearius,1,0.6740566037735849,0.09921383647798743,0.016823899371069182,0.44119496855345913,0.061949685534591195,7.328190356860082,0.886930633782812,0.8277465346849857,0.8949088618075878
B-157_leaf01.png,olive_peacock_spot,2,0.29713114754098363,0.4024931693989071,0.005806010928961749,0.00853825136612022,0.11150956284153006,7.937085212663741,0.9338806292133832,0.8753295596074225,0.9523336228734771
B-15_leaf00.png,Healthy,0,0.5374880611270296,0.01886341929321872,0.0,0.018147086914995225,0.03868194842406877,8.341000663804461,0.9400540106534727,0.9076807886195964,0.9436391080556881
B-160_leaf00.png,aculus_olearius,1,0.7930859176410778,0.05083884087442806,0.0,0.062192848669717,0.09269615319437384,7.385700272261209,0.9196764995545217,0.8731840667743017,0.9265295799380782
B-162_leaf00.png,Healthy,0,0.4143857415658816,0.03819223424570337,0.0,0.10598345003182687,0.18714194780394652,7.620890036335136,0.9490878634942307,0.930695709545147,0.9098682665015211
B-163_leaf00.png,olive_peacock_spot,2,0.5499565595134666,0.3194323776426296,0.0026064291920069507,0.35331595713871994,0.03735881841876629,4.179659486681789,0.9427449478262648,0.9175554990611967,0.9067800272944807
B-166_leaf00.png,aculus_olearius,1,0.1957968713045241,0.028989424603844984,0.02246849342838801,0.10413217555833361,0.7352434368348143,8.3273283981581,0.6782871790622025,0.11443890280596791,0.9794130568134161
B-167_leaf00.png,olive_peacock_spot,2,0.48901797059357416,0.47467779996369575,0.0,0.0461063713922672,0.026683608640406607,13.086234731042746,0.9144839390075107,0.8816295308047042,0.9259838331428762
B-169_full.png,olive_peacock_spot,2,0.38160136286201024,0.5783645655877342,0.0034071550255536627,0.04770017035775128,0.01746166950596252,5.223567792501521,0.9630146962053916,0.9468038112742735,0.9139185702227774
B-16_leaf00.png,olive_peacock_spot,2,0.07497807658579363,0.19921075708857058,0.0040923706518561824,0.008038585209003215,0.6395790704472376,6.956331245416284,0.9177673778605778,0.8546628173031767,0.9631421690845571
B-171_leaf00.png,olive_peacock_spot,2,0.01728395061728395,0.8897119341563786,0.012071330589849109,0.014814814814814815,0.041700960219478736,8.219626542838425,0.94709934864711,0.9193749143853072,0.9343568362852861
B-172_leaf00.png,aculus_olearius,1,0.6025641025641025,0.0217296827466319,0.0,0.3511516731855715,0.21229900043459365,4.253308560833709,0.936627397582247,0.9013297972092633,0.9223665002755036
B-173_leaf00.png,olive_peacock_spot,2,0.19023836549375708,0.5364358683314415,0.000681044267877412,0.012712826333711692,0.24517593643586832,10.232990367585217,0.9417029137582267,0.9031586161229386,0.9348597889556067
B-174_leaf00.png,olive_peacock_spot,2,0.7497725204731575,0.06587807097361237,0.0012738853503184713,0.1102820746132848,0.04858962693357598,6.703351416454661,0.9206235619152904,0.8817132095087543,0.9449456809385874
B-175_leaf00.png,olive_peacock_spot,2,0.17309101568225121,0.6793199472372856,0.03326982265865455,0.0312179393228785,0.05305584053935219,9.908220081323064,0.9155042310756706,0.8563566076765419,0.9496762134160828
B-176_leaf00.png,olive_peacock_spot,2,0.41375208184630025,0.48156078991196766,0.030573399952414943,0.30668570068998335,0.05603140613847252,7.826256328246897,0.8923885767886088,0.8223100074860679,0.925368505598555
B-177_leaf00.png,olive_peacock_spot,2,0.08585858585858586,0.0626331340617055,0.004191575620147049,0.013639799354085068,0.8364941936370508,5.235323852074429,0.7410014281917272,0.17832968832413804,0.9721062361424729
B-179_leaf00.png,olive_peacock_spot,2,0.002311862244897959,0.03437898596938776,0.00839046556122449,0.0,0.03471779336734694,1.2365870104078192,0.7568180131132246,0.21411244264843543,0.9758261277046908
B-17_leaf00.png,aculus_olearius,1,0.8948492760503204,0.0,0.0,0.015903156895323997,0.0633752670306195,5.73757834670595,0.9444148110891388,0.9088037305359156,0.9426806997627076
B-180_leaf00.png,Healthy,0,0.6848953039235617,0.0020329335230737954,0.0008131734092295182,0.01341736125228705,0.051839804838381784,9.09799516132751,0.9347596261589198,0.893502901043969,0.949739822483795
B-182_leaf00.png,olive_peacock_spot,2,0.07669855683476569,0.5780768607102319,0.028701151289119507,0.007621209664342468,0.17042322036646668,8.759122467976301,0.9225858466315612,0.8690264417191613,0.9531246656224468
B-183_leaf00.png,Healthy,0,0.6955307262569832,0.0,0.0,0.06815642458100558,0.061452513966480445,2.4887145505839188,0.979276270520029,0.9600299462951936,0.9287301487596831
B-184_leaf00.png,Healthy,0,0.451605504587156,0.0011467889908256881,0.0,0.016972477064220184,0.06284403669724771,6.179366513119444,0.9361117801989375,0.9031041453916779,0.9383552084833753
B-185_leaf00.png,Healthy,0,0.9705882352941176,0.005303760848601736,0.0,0.02700096432015429,0.009643201542912247,3.9811540798623137,0.968311025121328,0.951222110950746,0.9042482415520755
B-186_leaf00.png,olive_peacock_spot,2,0.17486338797814208,0.7024199843871975,0.026854020296643247,0.009055425448868072,0.04246682279469165,11.695932439032527,0.9173288751400959,0.8646982198444594,0.9529545318123397
B-187_leaf00.png,aculus_olearius,1,0.7847959271723186,0.12580895676935025,8.628872206402623e-05,0.018465786521701614,0.03175424971956165,10.841640735286616,0.8454147965111061,0.7576724178519123,0.9486840165437446
B-188_leaf00.png,olive_peacock_spot,2,0.0016388069485414618,0.6099639462471321,0.22943297279580466,0.02490986561783022,0.1202884300229433,9.949150822798693,0.9561735353870471,0.9317138839973292,0.9020610421757911
B-189_leaf00.png,Healthy,0,0.9001825928180158,0.006289308176100629,0.0,0.01927368634611483,0.06248731994319334,7.680700531333452,0.9248036783494591,0.8944580333896995,0.9345136267542042
B-18_leaf00.png,aculus_olearius,1,0.5479328939484721,0.0040942680247653285,0.011483922508488117,0.5319552626323147,0.15767924905132813,5.676748955014814,0.8738076093130428,0.787721043655517,0.928935226077217
B-191_leaf00.png,Healthy,0,0.4760454167820548,0.00027693159789531985,0.0005538631957906397,0.01606203267792855,0.07754084741068956,9.912370898687001,0.9496543615303527,0.9187940638186574,0.9382150559244173
B-192_leaf00.png,Healthy,0,0.6278005680025245,0.0840959293152414,0.003944461975386557,0.07920479646576208,0.07794256863363837,7.801858924839188,0.9173686030477366,0.8651477402579637,0.917295198298542
B-193_leaf00.png,Healthy,0,0.3811285846438483,0.0003700277520814061,0.0,0.4259019426456984,0.36466234967622574,5.90485051169474,0.9354611845252458,0.8844874872589934,0.9014020734866668
B-194_leaf00.png,olive_peacock_spot,2,0.07310880084319456,0.004742969386288507,0.007809131413788147,0.027331959948258516,0.9006611411871797,4.026052317917515,0.7923410934378466,0.20616414465950517,0.9825328597934951
B-195_leaf00.png,olive_peacock_spot,2,0.9583806280741581,0.019485433219825956,0.0,0.3511161558834658,0.01343170639424896,3.439956294694442,0.9272920420114557,0.8812542615531932,0.9361566356811326
B-195_leaf01.png,aculus_olearius,1,0.9584844089920233,0.010877447425670777,0.0,0.01885424220449601,0.013234227701232778,4.906920870279723,0.9346415367473122,0.8819195104559346,0.9422001982026297
B-196_full.png,olive_peacock_spot,2,0.14605171208944795,0.6007453994875378,0.13044491031912417,0.01840204984859073,0.027486606102958305,8.221178100206775,0.9404662769620515,0.9051754056002735,0.9409856339777746
B-197_leaf00.png,Healthy,0,0.7845744680851063,0.0,0.0,0.023936170212765957,0.04673252279635259,3.8139036552012375,0.9635122412511071,0.9413561647616056,0.933973367207953
B-198_leaf00.png,olive_peacock_spot,2,0.36619718309859156,0.3291601460615545,0.0036515388628064684,0.009563554164493131,0.11632759520083463,6.7401515409543205,0.9258121135326757,0.8766888003865101,0.9396501101613479
B-199_leaf00.png,Healthy,0,0.8921749845964264,0.012322858903265557,0.0015403573629081946,0.16189155884165127,0.06269254467036352,8.788483142912005,0.9199604035173974,0.8631809526107801,0.9046081907244559
B-19_leaf00.png,Healthy,0,0.09629238172057965,0.0024754540650293437,0.0,0.008288599004255557,0.898506383333797,4.2972748408607675,0.7452181207318193,0.1749102502105455,0.9684917663433537
B-200_full.png,olive_peacock_spot,2,0.06111111111111111,0.7717948717948718,0.001282051282051282,0.15555555555555556,0.09316239316239316,4.025846985051273,0.9574872099301611,0.9390120245848528,0.8904341910033765
B-201_leaf00.png,olive_peacock_spot,2,0.2819726943438284,0.636667595430482,0.0470883254388409,0.015324602953468934,0.01337419894120925,6.836670851075694,0.9475626032853761,0.9222693294128391,0.91304774295233
B-202_leaf00.png,olive_peacock_spot,2,0.23809523809523808,0.48210180623973725,0.1510673234811166,0.19753694581280787,0.06633825944170772,6.106866619103534,0.9147421348800517,0.869345621201135,0.9295448455164348
B-203_leaf00.png,aculus_olearius,1,0.00819403474270731,0.43559488692232057,0.014421501147164863,0.01933792199278925,0.20222877745001638,11.250471765111259,0.9100686490365951,0.8674367170936113,0.9593519815496547
B-205_leaf00.png,olive_peacock_spot,2,0.133546581367453,0.5949620151939224,0.11575369852059177,0.008796481407437025,0.03358656537385046,9.43261263844939,0.9324555358511357,0.8925300156668443,0.9460839770868763
B-207_leaf00.png,Healthy,0,0.49728033472803346,0.42280334728033475,0.0,0.07740585774058577,0.03347280334728033,5.346469986752799,0.9367769983142764,0.8958741195819391,0.9324626094833429
B-20_leaf00.png,Healthy,0,0.058524750005668806,0.0025849753973832793,0.0,0.0026076506201673432,0.9179837191900411,2.4916828073502435,0.7984517300229874,0.17272446146963444,0.9815013536236465
B-211_leaf00.png,olive_peacock_spot,2,0.02017458777885548,0.07856450048496605,0.0044616876818622695,0.011639185257032008,0.8168768186226965,6.625215591583157,0.943727393541591,0.8891857704956496,0.954278624501048
B-212_leaf00.png,aculus_olearius,1,0.790986515259049,0.0,0.0,0.012242725337118524,0.10823278921220723,7.1714787372346676,0.9265218996178284,0.8805710331561557,0.9394725769175113
B-212_leaf01.png,olive_peacock_spot,2,0.7002785515320334,0.14651810584958216,0.042061281337047354,0.2654596100278552,0.09275766016713093,4.758513965261772,0.9501708417907544,0.9193793788050955,0.9045644211560918
B-213_leaf00.png,aculus_olearius,1,0.6098917618761275,0.03893565844858689,0.02465423932651834,0.23707155742633795,0.09500901984365605,8.96281733631682,0.8862218002410791,0.8393069934349946,0.9283702063543632
B-215_leaf00.png,aculus_olearius,1,0.10328096118299446,0.0,0.0,0.0002730633506973618,0.8750420097462611,4.406469939648861,0.7948879377958661,0.2220560856648337,0.977943693599194
B-216_leaf00.png,aculus_olearius,1,0.4240852780178623,0.2306251800633823,0.007778738115816767,0.14794007490636704,0.12806107749927975,9.542157801806214,0.8904392155327941,0.834882049050178,0.9220102331956995
B-217_leaf00.png,olive_peacock_spot,2,0.00048426150121065375,0.30121065375302664,0.5486682808716707,0.06376109765940274,0.09878934624697337,10.29027812401232,0.9249173354330167,0.8676355216661056,0.9165220735029592
B-217_leaf01.png,olive_peacock_spot,2,0.0,0.5532148745191428,0.3769921230994688,0.043780912254991755,0.037186297856750324,7.495792023690977,0.9306357675997519,0.8820490165473982,0.9062199782831851
B-217_leaf02.png,Healthy,0,0.6464646464646465,0.0,0.0,0.03569023569023569,0.07609427609427609,2.9383190215547734,0.9809335888143509,0.9663288428374259,0.9245460962086417
B-218_leaf00.png,olive_peacock_spot,2,0.0,0.0,0.0,0.10483870967741936,0.08870967741935484,0.1297661592232613,0.9983106720343781,0.9973255050244725,0.8191385785986869
B-21_leaf00.png,aculus_olearius,1,0.6449309852451214,0.0,0.0,0.05695700460098366,0.10344280501348564,5.131059527553628,0.9340307826212515,0.8664640777387218,0.9310665877668383
B-21_leaf01.png,olive_peacock_spot,2,0.450790413054564,0.09484956654767976,0.02447730749617542,0.4191738908720041,0.21978582355940846,5.608120854844054,0.9438471607235106,0.9100126949677076,0.8891607266811684
B-21_leaf02.png,olive_peacock_spot,2,0.7120525600362483,0.16606252831898505,0.046556411418214774,0.30845038513819667,0.05437245129134572,7.34583938137159,0.8936274090465226,0.8149872840285367,0.9197059987487535
B-220_leaf00.png,Healthy,0,0.07850933351303996,0.0010782397735696475,0.0,0.0016173596603544713,0.762483994878361,4.227856796823601,0.7947852055849882,0.1834042773681459,0.9777037314032744
B-221_leaf00.png,olive_peacock_spot,2,0.6524363949978439,0.2492453643811988,0.06338939197930142,0.12764122466580421,0.018973695558430356,1.8852281448108568,0.968690446242256,0.946981624975935,0.9292118147221532
B-223_leaf00.png,olive_peacock_spot,2,0.0,0.03875178462166021,0.36304303487660616,0.009993881297165,0.06343055272282276,9.356006879726486,0.935760909719433,0.8943326680128872,0.9378333005612336
B-224_leaf00.png,aculus_olearius,1,0.12703209670696122,0.01003890509934695,0.0,0.084653327775462,0.7768862025844102,5.971566346226272,0.6949445016112382,0.1848910157443321,0.9818725370217447
B-225_leaf00.png,Healthy,0,0.5980577286215268,0.014567035338548692,0.040194227137847316,0.32182357701645536,0.30725654167790667,5.783500169212082,0.9415893307658522,0.9046268219259689,0.9046514309994657
B-226_leaf00.png,Healthy,0,0.6033813747228381,0.03187361419068736,0.07206208425720621,0.03270509977827051,0.15964523281596452,6.411379449157941,0.9486368836922683,0.9229792003944197,0.9168108620743016
B-227_leaf00.png,olive_peacock_spot,2,0.22982954545454545,0.5835227272727272,0.04005681818181818,0.023863636363636365,0.11818181818181818,7.428284048614097,0.9480192405532231,0.9228884026884636,0.923361498872522
B-22_leaf00.png,olive_peacock_spot,2,0.07350390286209887,0.4282307025151778,0.3362966175195143,0.009540329575021683,0.05941023417172593,7.053806835557477,0.9376790450719146,0.900872847678812,0.9471225575702905
B-230_leaf00.png,Healthy,0,0.8331103678929765,0.015384615384615385,0.0013377926421404682,0.026421404682274247,0.01137123745819398,4.731759457404803,0.9546676016496308,0.9336545826863086,0.9307962757225949
B-232_leaf00.png,olive_peacock_spot,2,0.47164449037592043,0.43573181759462604,0.026094819790724713,0.033070662705076866,0.04947681178142359,8.175441183717172,0.907101213419599,0.8359034340784761,0.9438856696233406
B-233_leaf00.png,Healthy,0,0.7641590635221208,0.08159752108796695,0.0569805474264073,0.08280254777070063,0.06352212084696161,7.336172771109003,0.9224017516558347,0.8770028734795567,0.9298879139793134
B-234_leaf00.png,olive_peacock_spot,2,0.4114794656110836,0.06026719445818902,0.20277090549233054,0.08560118753092529,0.23364670954972785,9.711732811009643,0.8801067352035685,0.7899221440519817,0.94920562083141
B-235_leaf00.png,olive_peacock_spot,2,0.12287685774946921,0.8343949044585988,0.027335456475583865,0.01884288747346072,0.009288747346072187,8.078078122418137,0.9430342857273608,0.9176945608866549,0.9235564142605697
B-236_leaf00.png,aculus_olearius,1,0.5950812472551603,0.0006587615283267457,0.0,0.09947299077733861,0.04633289415898111,3.2204121386394804,0.9386969421055951,0.8990348636153209,0.9425772966237159
B-237_leaf00.png,Healthy,0,0.2091650267078999,0.010739387123980882,0.007168962608940118,0.1325836378971043,0.7567050885577734,8.108223442015568,0.6752622599181292,0.11966986082187572,0.98639263109655
B-239_leaf00.png,Healthy,0,0.8372803666921314,0.016042780748663103,0.0030557677616501145,0.04201680672268908,0.007639419404125287,1.6955688773439501,0.9816794505364448,0.969784704498926,0.9379426373826654
B-23_leaf00.png,olive_peacock_spot,2,0.49440879926672776,0.45792850595783685,0.0034830430797433546,0.046379468377635194,0.03189734188817599,6.911682545560346,0.9205229319865019,0.8826699872540381,0.9300943597083372
B-240_full.png,olive_peacock_spot,2,0.00867597133157299,0.0988306299509619,0.7404752923425123,0.027159562429271974,0.042248208223311955,5.111968756974921,0.966345467957451,0.9422302375795648,0.9118747708687396
B-242_leaf00.png,Healthy,0,0.8951302378255945,0.010192525481313703,0.0,0.10826727066817667,0.027859569648924123,2.8192385957487116,0.9389912878475408,0.9014081588119354,0.9464760451071277
B-243_leaf00.png,Healthy,0,0.8964019851116626,0.02620967741935484,0.0015508684863523574,0.006823821339950372,0.05536600496277916,9.876845708531537,0.9185119287879211,0.8639447506940389,0.9261806924741584
B-244_leaf00.png,Healthy,0,0.8226381461675579,0.023469994058229353,0.0035650623885918,0.4322638146167558,0.10665478312537136,4.263356759140282,0.9417214871473785,0.9067825576720236,0.8797291373241647
B-245_leaf00.png,olive_peacock_spot,2,0.03364987613542527,0.926094137076796,0.00020644095788604458,0.01032204789430223,0.025392237819983485,9.24344660466785,0.9329281326810184,0.8969431176580244,0.95389262397148
B-245_leaf01.png,olive_peacock_spot,2,0.6090508086913903,0.21826498938082012,0.08364646299624244,0.4321189348145728,0.06240810325110276,7.219394193085817,0.9057815436759855,0.829883176505084,0.9056722903652914
B-246_leaf00.png,aculus_olearius,1,0.5101180438448567,0.05143338954468803,0.00021079258010118043,0.20847386172006746,0.150716694772344,7.68323069784976,0.9320922785731056,0.8977432291323133,0.9362477367046147
B-247_leaf00.png,Healthy,0,0.8327986412530666,0.0498207208907341,0.012643895074542366,0.009058312889224382,0.06397433478014719,8.825116591565736,0.932958273838524,0.887534900785779,0.9253133953538726
B-24_leaf00.png,olive_peacock_spot,2,0.4791418355184744,0.4858959078267779,0.0001986491855383393,0.22963845848232023,0.020460866110448946,7.216163218046578,0.9253987470523097,0.8915044870939701,0.9354342103727449
B-250_leaf00.png,Healthy,0,0.08774148532554184,0.00017443635253586848,0.0,0.028324102743011642,0.8878592298635035,4.448580433596356,0.8039152959830738,0.22933724408718378,0.9800397826110385
B-251_leaf00.png,olive_peacock_spot,2,0.797265927263348,0.12277534175909208,0.0,0.015991746195511993,0.02992004126902244,4.769164415938785,0.9542488321364595,0.9146694122771116,0.9272071428542743
B-253_leaf00.png,olive_peacock_spot,2,0.3418740849194729,0.18502928257686677,0.0009150805270863836,0.011346998535871157,0.3283308931185944,6.913172663856711,0.9374068565965484,0.8830595366926951,0.9524618204862326
B-253_leaf01.png,olive_peacock_spot,2,0.6508929934361166,0.09418409403144558,0.0003052969012364525,0.0792245458708594,0.06197527095099985,6.403717614158327,0.9166886918836773,0.860338438412337,0.9373065009212218
B-255_leaf00.png,Healthy,0,0.5987520998320134,0.04703623710103192,0.0,0.047516198704103674,0.1334293256539477,10.51903872966891,0.943474618086291,0.9089806282647886,0.9008310756863853
B-256_leaf00.png,olive_peacock_spot,2,0.4441908240127825,0.38119150878794794,0.008673818762839534,0.11709655329833371,0.11139009358593928,9.040278848689972,0.943228544511743,0.9055055037274344,0.927164606222317
B-257_leaf00.png,aculus_olearius,1,0.07771494852834565,0.02682325648832826,0.0,0.30506017108887923,0.8028128171668841,5.1535225400093605,0.9009324691045698,0.8523968325207458,0.9373369918899852
B-258_leaf00.png,aculus_olearius,1,0.630030372057707,0.1419893697798026,0.0007593014426727411,0.18014426727410782,0.10573272589217919,5.708666066029586,0.9273587373059794,0.8883070318080473,0.9301273880222795
B-259_leaf00.png,olive_peacock_spot,2,0.009039889773834728,0.174816009678395,0.00013442215277077661,0.0,0.8138925294888598,2.978226631502891,0.7735289873393824,0.1662639253197477,0.9748170718762179
B-25_leaf00.png,aculus_olearius,1,0.8285571476174608,0.007664111962679107,0.0,0.006831056314561813,0.08397200933022327,7.559521846855189,0.9176369264070084,0.8728871143802583,0.9422181737892621
B-260_leaf00.png,olive_peacock_spot,2,0.054390992835209824,0.01158648925281474,0.0,0.0,0.930603889457523,2.070197457432445,0.8185951238343979,0.20383792877365084,0.9740800703574307
B-261_leaf00.png,olive_peacock_spot,2,0.3298560400584185,0.2703943250573753,0.02044648445649906,0.09576465679115377,0.2080116837054037,11.19037891760675,0.9350025571194576,0.894860731673775,0.9065365976836058
B-262_leaf00.png,olive_peacock_spot,2,0.0022809351834252043,0.159095229043908,0.12431096749667364,0.013115377304694925,0.4643603877589812,7.917619512016446,0.9369615184121964,0.8874406163088789,0.9548485661127102
B-263_leaf00.png,olive_peacock_spot,2,0.49450045829514205,0.4187289948059884,0.0007638252367858234,0.011304613504430187,0.059272838374579896,8.962165851162595,0.917760156342361,0.8613388873474593,0.9433312169792077
B-264_leaf00.png,olive_peacock_spot,2,0.4773235712833028,0.1635143380109823,0.006914785438275371,0.11999186495830791,0.05064063453325198,5.649072385508056,0.936925615941057,0.8956974695717312,0.9407468275672759
B-265_leaf00.png,aculus_olearius,1,0.10599615973555647,0.00019444376929246774,0.0,0.05877062926864837,0.8860802566657755,5.48631575452702,0.811853343650674,0.19526510037076647,0.9756784932720002
B-266_leaf00.png,olive_peacock_spot,2,0.4315080033698399,0.030328559393428812,0.04397641112047178,0.31069924178601516,0.2387531592249368,7.935840533608904,0.9233659180564524,0.8696258352531577,0.91380296149886
B-267_leaf00.png,Healthy,0,0.5970534069981583,0.03241252302025783,0.0029465930018416206,0.025046040515653775,0.043462246777163906,5.852430097599491,0.959711591957845,0.938113689323524,0.93223502113109
B-267_leaf01.png,aculus_olearius,1,0.2511754068716094,0.0032549728752260397,0.0003616636528028933,0.012658227848101266,0.43887884267631105,7.279115688617498,0.9275456860684658,0.8823273016067094,0.9334185930484477
B-268_leaf00.png,aculus_olearius,1,0.6466499038603757,0.012276290489572548,0.0,0.05590888921757137,0.15707735542079573,8.164118549282191,0.9030859638781129,0.8563891960271559,0.9417001488777815
B-269_leaf00.png,aculus_olearius,1,0.05913895730706076,0.016138136288998357,0.0,0.0017959770114942528,0.8672772988505747,5.308006613951218,0.7455601989177931,0.20285963792551026,0.9789543741094543
B-26_leaf00.png,aculus_olearius,1,0.6713845451432485,0.0031959821938134917,0.0,0.031731537495719664,0.07259445268804932,9.255338699812231,0.8746848482857404,0.8157961168850119,0.9382175446757732
B-270_leaf00.png,olive_peacock_spot,2,0.4781378600823045,0.3976337448559671,0.006430041152263375,0.21939300411522633,0.06172839506172839,6.540421429006069,0.936604069257351,0.9045505644812435,0.9173694763829157
B-270_leaf01.png,aculus_olearius,1,0.8388825726815007,0.017053759948026638,0.0030859184667857724,0.1637160955010557,0.03670618807860971,9.25270390796854,0.9064035509276154,0.8681246972897473,0.9182855254848854
B-271_leaf00.png,aculus_olearius,1,0.15138888888888888,0.10138888888888889,0.025833333333333333,0.38166666666666665,0.4488888888888889,5.500038996712725,0.9266463970356928,0.8898158911362919,0.8991518487707464
B-272_leaf00.png,olive_peacock_spot,2,0.07416037091953212,0.06307514886205841,0.008731671726799877,0.04125773729671209,0.8521499682270706,4.695332338049023,0.7175922311621719,0.13837825292730835,0.9829715872120492
B-273_leaf00.png,Healthy,0,0.09347368421052632,0.0,0.0,0.023578947368421053,0.06821052631578947,3.9588897196511725,0.9687211272208764,0.9455090167279954,0.9293569283647598
B-274_leaf00.png,Healthy,0,0.9579763361893104,0.022235822113423093,0.0,0.3202774377804978,0.010811913504691963,2.611615069018262,0.9337922894042273,0.8921569390260649,0.9474105505873154
B-275_leaf00.png,aculus_olearius,1,0.8222962382445141,0.029192789968652037,0.0,0.10775862068965517,0.06543887147335423,7.816838508859749,0.9189042991068054,0.8911434007991503,0.9127791707625441
B-276_leaf00.png,aculus_olearius,1,0.675038706347841,0.03939446069155342,0.0,0.019955272664717014,0.14106313435403406,10.286177218817555,0.9151206367204567,0.8757424515294557,0.9339446927593706
B-277_leaf00.png,aculus_olearius,1,0.29898756888376266,0.648084070229399,0.0019223375624759708,0.11482763039856465,0.018710752274766117,9.113258139578464,0.9033387382237336,0.8330523073923453,0.9434580315418382
B-277_leaf01.png,olive_peacock_spot,2,0.0649119335048486,0.7823075400752029,0.08252523253512764,0.008509796160696616,0.01682169008509796,9.480547207672089,0.9349310932036513,0.8918099790307665,0.9426719125072899
B-278_leaf00.png,Healthy,0,0.62798859398991,0.014038166264531696,0.0015354244351831541,0.01930247861373108,0.01754770783066462,5.931533548224259,0.9384004369802446,0.901727418332167,0.9524098888608337
B-278_leaf01.png,Healthy,0,0.8121932804832012,0.041336353340883356,0.0015100037750094375,0.021517553793884484,0.10400151000377501,7.77265822248165,0.9273182600372065,0.8875335573831824,0.930629937617857
B-279_leaf00.png,olive_peacock_spot,2,0.0006471444750040447,0.03737259343148358,0.08639378741303996,0.011001456075068758,0.8065038019737907,6.334727537530926,0.9208446893868054,0.8677337251170527,0.9513312297746845
B-27_leaf00.png,aculus_olearius,1,0.9423344947735192,0.0078397212543554,0.0,0.10418118466898954,0.0313588850174216,9.171551612624796,0.909225057415294,0.8769893033012679,0.9277076889494849
B-280_leaf00.png,Healthy,0,0.8553162853297442,0.014580529385374607,0.0,0.009421265141318977,0.08591296545536115,6.428658118128128,0.9549281827604532,0.9051197462162595,0.9412080766297458
B-281_leaf00.png,Healthy,0,0.24516210103040964,0.010094663650833544,0.0,0.005654687107313395,0.5851972857501885,7.135450643477408,0.7194566676893072,0.1556423770805942,0.9797572144142197
B-282_leaf00.png,olive_peacock_spot,2,0.0007945967421533572,0.34445768772348034,0.20798569725864124,0.02542709574890743,0.05880015891934843,8.016432064374385,0.9379760842042241,0.8934026676357903,0.9521458208275041
B-283_leaf00.png,olive_peacock_spot,2,0.03381563973337669,0.6358315721020972,0.16290034140790116,0.03284018858722159,0.10079661843602666,9.904898023369096,0.9199495853359296,0.869510535578781,0.955016738072594
B-284_leaf00.png,olive_peacock_spot,2,0.0038197097020626434,0.7703081232492998,0.10287751464222053,0.01324166030048383,0.09192768016297428,5.61297891224433,0.9496497897397914,0.9154534341056113,0.9451005810451022
B-285_leaf00.png,aculus_olearius,1,0.7310625317742755,0.011862396204033215,0.0,0.033214709371293,0.08710388069818675,8.929989532032003,0.9143681576385951,0.8745775749521796,0.9280131827416201
B-286_leaf00.png,olive_peacock_spot,2,0.5025906735751295,0.4010686528497409,0.025582901554404146,0.010686528497409326,0.04177461139896373,7.782063903519146,0.9279405922651038,0.8696476137064434,0.9456432745539163
B-287_leaf00.png,Healthy,0,0.6112204724409449,0.001968503937007874,0.0,0.030183727034120734,0.07611548556430446,6.132835485867224,0.9608370316263202,0.9315238964345034,0.9318175180762004
B-288_leaf00.png,Healthy,0,0.4081463009143807,0.00997506234413965,0.0033250207813798837,0.038237738985868665,0.22776392352452202,3.553623605357932,0.9811359976824635,0.9710876259330924,0.9011745473546877
B-28_leaf00.png,aculus_olearius,1,0.8860967293850234,0.05303699962116429,0.0,0.027907564086374542,0.03333754261901755,6.126372177018359,0.9036558816256859,0.8328996196793984,0.9382125754327097
B-290_leaf00.png,Healthy,0,0.5745246085011185,0.038171140939597316,0.15394295302013422,0.06152125279642058,0.16051454138702462,8.337358253063009,0.9109374692305645,0.8488811940457319,0.9406079828781643
B-291_leaf00.png,Healthy,0,0.7531876138433515,0.0018214936247723133,0.00273224043715847,0.0610200364298725,0.04371584699453552,2.6430803888474754,0.9831147543679264,0.9737021614963034,0.9030214766001419
B-294_leaf00.png,olive_peacock_spot,2,0.08199079401611047,0.40563866513233604,0.3650747986191024,0.0333716915995397,0.06098964326812428,5.417926367683906,0.9557101586939295,0.9255041806876897,0.9355804473573769
B-296_leaf00.png,Healthy,0,0.47200971463266544,0.016272009714632666,0.0,0.007528840315725561,0.09216757741347906,9.914644665213224,0.8878060731255304,0.824821958463864,0.9430288317289883
B-298_leaf00.png,aculus_olearius,1,0.3606332775156036,0.019789922362612268,0.20611965291520778,0.0867711980514538,0.21220885979601156,9.816161659989682,0.8976487524918993,0.8582356721221689,0.9328987220280228
B-299_leaf00.png,aculus_olearius,1,0.815833057303743,0.04736667770785028,0.004306061609804571,0.39715137462736005,0.05515071215634316,4.864710076424412,0.9230552078787049,0.8716959132323621,0.9246558454296482
B-29_leaf00.png,aculus_olearius,1,0.0,0.01567398119122257,0.445141065830721,0.09404388714733543,0.5203761755485894,0.8090056499488283,0.9951664942697934,0.9934141542242806,0.8967831433624526
B-2_leaf00.png,olive_peacock_spot,2,0.7310901749663526,0.16608344549125167,0.017496635262449527,0.444414535666218,0.04925975773889637,3.019904266466801,0.9542166013952663,0.9126810744091606,0.909865063511358
B-300_leaf00.png,olive_peacock_spot,2,0.00022336385972749609,0.7741791378155014,0.08956890775072593,0.010944829126647309,0.011614920705829796,9.88627688916178,0.9351660121601142,0.9030339138394835,0.9355887467218118
B-301_leaf00.png,olive_peacock_spot,2,0.7881631180079394,0.04547094911584266,0.0,0.010645976181883796,0.0833634067123782,6.384392274501954,0.9280097937454814,0.88144033277467,0.9387975133520184
B-301_leaf01.png,aculus_olearius,1,0.20607962742666228,0.005264623250398643,0.0,0.0004302817079652737,0.7652939836492951,4.7019327468396614,0.7491384271412611,0.17554853842040352,0.9788464133280447
B-304_leaf00.png,Healthy,0,0.6852605863192183,0.017711726384364822,0.004682410423452769,0.2913273615635179,0.11889250814332247,5.65066110524918,0.9193517489391524,0.8792920651637715,0.9025440603201433
B-305_leaf00.png,olive_peacock_spot,2,0.19750106488712196,0.30015618344455486,0.0002839698991906858,0.012494675564390175,0.39670594916938806,8.536729513726682,0.916663679761028,0.851998908416161,0.9580354846287871
B-306_leaf00.png,aculus_olearius,1,0.09831448596121597,0.007890097605022144,0.0,0.0016984133809175733,0.8846153846153846,3.2137822445293858,0.8023742559620163,0.1948168916731124,0.9777892221816111
B-309_leaf00.png,Healthy,0,0.787361485474693,0.1307277628032345,0.0,0.0076370170709793355,0.05450733752620545,8.753639512030919,0.919937126953239,0.8590328425437503,0.9311904098174312
B-310_leaf00.png,aculus_olearius,1,0.833648393194707,0.0044896030245746696,0.0,0.6526465028355387,0.045368620037807186,2.72848060835231,0.9433832406647134,0.9055016003132661,0.9115765730972079
B-311_leaf00.png,olive_peacock_spot,2,0.06925207756232687,0.9113573407202216,0.00110803324099723,0.009141274238227148,0.009418282548476454,8.04566302202137,0.9470867354959288,0.9217026088577112,0.9322785535266782
B-312_leaf00.png,Healthy,0,0.803938479229553,0.053327583728618656,0.04398447606727038,0.296248382923674,0.07402616070145178,7.484725743953875,0.903160078985611,0.8457105591781129,0.912329700272923
B-313_leaf00.png,Healthy,0,0.9264367816091954,0.0,0.0,0.8094508301404854,0.01966794380587484,1.877587008414941,0.9516114683118455,0.9105202582188153,0.9222823866222076
B-314_leaf00.png,olive_peacock_spot,2,0.0,0.5357732526141993,0.1375894331315355,0.015685195376995045,0.06411667583929555,7.9236690299609185,0.9584534930053689,0.9207119688451864,0.9368654897379132
B-315_leaf00.png,Healthy,0,0.831275720164609,0.04653371320037987,0.02184235517568851,0.5628363406141184,0.06141183918961697,4.761543796977132,0.9215749041238759,0.87258010624287,0.8582759762858895
B-316_leaf00.png,aculus_olearius,1,0.6245006657789614,0.2400133155792277,0.0013315579227696406,0.28828229027962715,0.04244340878828229,7.942727507094416,0.898096589922483,0.8606205023305828,0.9066339155091895
B-317_leaf00.png,Healthy,0,0.41942191723851113,0.004574755666458723,0.0002079434393844874,0.013308380120607194,0.046579330422125184,7.528946204645898,0.9398552528060181,0.896942437003187,0.9541041179188279
B-318_leaf00.png,Healthy,0,0.02853954081632653,0.0010363520408163266,0.05514588647959184,0.0,0.023377710459183673,1.7534155413631414,0.7061354099263117,0.17252769446438385,0.9383385842091003
B-318_leaf01.png,aculus_olearius,1,0.6637611680104598,0.14327740248420134,0.03301372848115058,0.3690346480714753,0.06471998256700806,9.805260380281574,0.8392312551298711,0.7707105034252737,0.91715525152177
B-319_leaf00.png,aculus_olearius,1,0.4087367835281024,0.0001391207568169171,0.01725097384529772,0.1865609348914858,0.332220367278798,7.213088728074738,0.9073026037252993,0.848112462799435,0.9308619027727515
B-321_leaf00.png,aculus_olearius,1,0.9726921935292372,0.008607895517957851,0.0,0.2894033837934105,0.015731671119026416,4.308352126638779,0.9003686223659213,0.8498486013546391,0.9388619880360531
B-322_leaf00.png,aculus_olearius,1,0.3696038525483002,0.0252823482199163,0.0013759101072063293,0.11695235911253798,0.5491601215387262,9.135685099324244,0.6837772028010202,0.12997286798418267,0.9778393231289366
B-322_leaf01.png,aculus_olearius,1,0.7700945626477541,0.0016548463356973995,0.0,0.027541371158392437,0.04113475177304964,15.730131469196369,0.8740195404012235,0.8105869522581022,0.9153113217685324
B-323_leaf00.png,olive_peacock_spot,2,0.8670027142303218,0.005040713454827452,0.0,0.29895308259015124,0.03819309810003878,3.426746124243028,0.9281499114117658,0.8871708613459399,0.9406904805452649
B-324_leaf00.png,aculus_olearius,1,0.07740820734341253,8.639308855291577e-05,0.0,0.057257019438444925,0.9125917926565875,6.0972750809102685,0.8014099625828472,0.20683190105843288,0.9706731506797659
B-325_leaf00.png,olive_peacock_spot,2,0.8780625176006759,0.09602928752464095,0.0,0.606589693044213,0.00844832441565756,2.1085187481339327,0.9551856658992725,0.9201062498567452,0.9234632419382002
B-326_leaf00.png,Healthy,0,0.50257328261356,0.0026851644663235625,0.0022376370552696354,0.025061535019019913,0.045871559633027525,8.45441200475509,0.937062794551387,0.9021533473709449,0.9367834286998455
B-327_leaf00.png,olive_peacock_spot,2,0.8771929824561403,0.09649122807017543,0.0029239766081871343,0.03274853801169591,0.012865497076023392,2.642975220012076,0.9766240990234387,0.9622764188977553,0.9385021061155077
B-328_leaf00.png,olive_peacock_spot,2,0.16370490037695207,0.5904684975767367,0.11173936456650511,0.014001077005923533,0.03231017770597738,6.77031606450778,0.9514682573027542,0.9198502047086713,0.9432790544187566
B-329_leaf00.png,olive_peacock_spot,2,0.04483798040693293,0.6505903039437327,0.11316252197940216,0.007535795026375283,0.11140416980658126,11.015946620973075,0.8910997993956323,0.8327769915293838,0.95537469820112
B-330_leaf00.png,olive_peacock_spot,2,0.9492260061919504,0.007223942208462332,0.0,0.4297213622291022,0.008875128998968008,2.699846241532107,0.9361502780596006,0.8934115572167513,0.9443976797082057
B-331_leaf00.png,olive_peacock_spot,2,0.4824858757062147,0.4311864406779661,0.002033898305084746,0.009265536723163843,0.05378531073446328,7.189843290282529,0.9391254414396469,0.9039343117832921,0.9345617522769514
B-332_leaf00.png,olive_peacock_spot,2,0.01901888418954231,0.10355324479405188,0.000619595377279707,5.387785889388756e-05,0.8741951994827726,2.8051925323423443,0.7950200330611366,0.17977248906812937,0.9754409729614982
B-333_leaf00.png,aculus_olearius,1,0.003924646781789639,0.4764521193092622,0.1771978021978022,0.005494505494505495,0.21458006279434852,14.46773214503067,0.8636220763000879,0.7859666146774342,0.9433977740789963
B-334_leaf00.png,olive_peacock_spot,2,0.09475566150178784,0.5601907032181168,0.23222089789431863,0.013905442987683751,0.021652761223678985,7.516597336157477,0.9384061022483445,0.8924997351007898,0.9541223678859359
B-335_leaf00.png,Healthy,0,0.6324062877871826,0.0316807738814994,0.043047158403869405,0.23724304715840386,0.1482466747279323,6.448218932709205,0.9317660664464424,0.8961704820536517,0.8988219819822938
B-336_leaf00.png,olive_peacock_spot,2,0.02109724077571514,0.08719885761665669,0.0011285641899672946,0.007715693951817219,0.888986134782809,4.037672070164751,0.7521571325040596,0.15781869372058577,0.9668914700290642
B-337_leaf00.png,Healthy,0,0.8261455525606469,0.032008086253369275,0.0330188679245283,0.41509433962264153,0.08254716981132075,3.683012841649191,0.9611205435776833,0.9352103592578842,0.885643013027508
B-339_leaf00.png,olive_peacock_spot,2,0.1010128661374213,0.6435806186695866,0.029290993703805092,0.014508623049548317,0.08924171913495757,7.18446079276819,0.9593326060107286,0.9201276992671304,0.943144513135584
B-339_leaf01.png,olive_peacock_spot,2,0.00014384349827387802,0.4907940161104718,0.26668584579976984,0.019562715765247412,0.2022439585730725,14.10984373052385,0.9147292025438026,0.84953165065175,0.9431319438030772
B-33_leaf00.png,olive_peacock_spot,2,0.1041361433562493,0.0169953792403922,0.008835793981742364,0.03466696720387693,0.8514820241181111,3.00557594113876,0.7896636401148492,0.15432675621518346,0.9861539106207537
B-340_leaf00.png,aculus_olearius,1,0.7267955801104973,0.04585635359116022,0.0,0.09447513812154697,0.1516574585635359,6.1632161445121705,0.9481761844301382,0.9211638745354387,0.9046736714408322
B-341_leaf00.png,olive_peacock_spot,2,0.5051482059282372,0.36973478939157567,0.005304212168486739,0.21840873634945399,0.07425897035881435,5.789148578109958,0.9478101286763063,0.9213584102400831,0.9109836743641331
B-342_leaf00.png,olive_peacock_spot,2,0.4763729246487867,0.0519369944657301,0.0,0.2504611891585072,0.2737335036185611,6.907057200251475,0.9010889268866175,0.8512951869922972,0.9231545292421672
B-343_leaf00.png,olive_peacock_spot,2,0.49848024316109424,0.41862392926222713,0.0008289582757667864,0.011881735285990605,0.054434926775352305,7.2847037681059135,0.9463938491326037,0.9194659023966556,0.9180752825672494
B-344_leaf00.png,aculus_olearius,1,0.7310576164167324,0.08662194159431728,0.0,0.13417521704814522,0.06629834254143646,6.255128724480372,0.9281526778855282,0.8918758303997696,0.9199051542647515
B-346_leaf00.png,Healthy,0,0.24561403508771928,0.01992268807612251,0.0,0.06244424620874219,0.5147190008920607,6.215880729663205,0.949846348180352,0.9271560000786552,0.9332088794183754
B-346_leaf01.png,olive_peacock_spot,2,0.9467073998642227,0.0010183299389002036,0.0,0.754582484725051,0.031228784792939578,1.7589821069855867,0.961438161200722,0.9329326065423208,0.9063756563822536
B-347_leaf00.png,Healthy,0,0.4817888427846934,0.007837713231904103,0.0027662517289073307,0.01913324112494237,0.05693868142000922,8.438580788688178,0.9440336145191179,0.90575572292669,0.9490888469843
B-34_leaf00.png,Healthy,0,0.8721674450787061,0.033039266562878394,0.0017298045320878741,0.05846739318457014,0.07195986853485556,8.886736515923847,0.9198399533576328,0.8776559316538641,0.9222275725832499
B-350_leaf00.png,aculus_olearius,1,0.7376560726447219,0.11535187287173666,0.013195232690124858,0.43303064699205446,0.047814982973893305,5.212849810931521,0.9031879405594845,0.8478114169733084,0.9282889982492362
B-352_leaf00.png,aculus_olearius,1,0.4956126096847579,0.0,0.0,0.024049398765030875,0.18654533636659085,5.243196590899125,0.9540423029765572,0.9314160607802001,0.913796343425965
B-353_leaf00.png,Healthy,0,0.8989455184534271,0.01735500878734622,0.0010984182776801407,0.5575571177504394,0.058216168717047455,4.59159132133356,0.9572578596312418,0.9029807537092602,0.8973742171896738
B-355_leaf00.png,aculus_olearius,1,0.3259731390849078,0.0257227407238789,0.00022763487366264513,0.15160482585932164,0.4115638515820624,6.107204273568546,0.9319408938948496,0.8979030002129085,0.9245452383582866
B-356_leaf00.png,Healthy,0,0.5568458007021334,0.006211180124223602,0.00027005130974885227,0.019983796921415067,0.06535241695922225,7.388842655464961,0.9486817331286368,0.9189461205159747,0.9445953233761056
B-357_leaf00.png,olive_peacock_spot,2,0.23511972633979475,0.6574686431014823,0.01710376282782212,0.012314709236031927,0.02782212086659065,7.931728395911496,0.9415467230551716,0.904519112884253,0.9356294649023575
B-359_leaf00.png,aculus_olearius,1,0.24429868381043396,0.029451370487815473,0.0,0.00034750879631640676,0.6511880456974067,6.19845295827882,0.7408572829791529,0.17505744057017691,0.9779960759618762
B-35_leaf00.png,aculus_olearius,1,0.04604853764779091,0.4761978842563783,0.004044803982576229,0.015090230242688239,0.19943995021779715,10.577940841306814,0.8990806360444058,0.8622926225682384,0.9572881055677482
B-360_leaf00.png,aculus_olearius,1,0.8412207582683517,0.006856681903737564,0.0,0.05740790535090078,0.047727883839741865,7.494577781095045,0.9009652764454403,0.8428388977247641,0.938067284547742
B-362_leaf00.png,olive_peacock_spot,2,0.33979135618479883,0.4134790528233151,0.10581222056631892,0.01755257492962411,0.06375227686703097,7.078579554018769,0.9158632361552684,0.8702221020658356,0.9480018269486374
B-362_leaf01.png,olive_peacock_spot,2,0.6451430722891566,0.011295180722891566,0.0,0.02993222891566265,0.10015060240963855,6.29457442040276,0.9203745216409939,0.8864354605724106,0.9363870956569458
B-363 - Kopya_leaf00.png,Healthy,0,0.7460583696746058,0.012411942301241194,0.0010063737001006373,0.02146930560214693,0.03555853740355586,5.548849157634678,0.9599778514205353,0.9328797144771233,0.934419423567468
B-363 - Kopya_leaf01.png,Healthy,0,0.8711199404022846,0.02905388626769307,0.005711447727837099,0.11621554507077228,0.06729575366277626,4.834461399685707,0.9457716418980138,0.9143410924541341,0.9225205829619687
B-363_leaf00.png,Healthy,0,0.7358302477926517,0.10524067217317004,0.02050697806892623,0.012959270863001993,0.09883224152663059,9.810587122913823,0.9127594350676084,0.8519334059670438,0.94208061916068
B-363_leaf01.png,aculus_olearius,1,0.8935739585090234,0.05801990217574633,0.00033732501264968796,0.029009951087873166,0.034407151290268174,8.525089878138044,0.9082595960176022,0.8737190773510322,0.9366708976682696
B-364 - Kopya_leaf00.png,Healthy,0,0.7265625,0.014623397435897436,0.004807692307692308,0.01141826923076923,0.10116185897435898,9.091896954107412,0.9409514499272591,0.8944750322049179,0.9530665508741346
B-364_leaf00.png,aculus_olearius,1,0.6568923821039904,0.06801692865779928,0.0912938331318017,0.015417170495767836,0.12484885126964934,5.1826635923426725,0.9544503994873487,0.928764433080362,0.9328416152278778
B-365 - Kopya_leaf00.png,Healthy,0,0.6662448020249503,0.12348580726812511,0.1287289821008859,0.2542035798228168,0.06563008497559211,8.45066929410583,0.913806399764694,0.8678232528318288,0.9183793083423092
B-365_leaf00.png,Healthy,0,0.43610144206862256,0.014917951268025857,0.005469915464942815,0.04127299850820487,0.10144206862257583,5.501556381003485,0.9674525918726941,0.9531119251633302,0.9080402492665309
B-366 - Kopya_leaf00.png,Healthy,0,0.9713178294573643,0.001937984496124031,0.0,0.04689922480620155,0.01317829457364341,2.611671005069811,0.9669803077760184,0.9416929995110878,0.9166129070719571
B-366_leaf00.png,Healthy,0,0.3770067322630761,0.015018125323666495,0.0005178663904712584,0.025116519937856033,0.053599171413775244,8.127772072954569,0.9474675785680121,0.914981943481028,0.942994088375694
B-367 - Kopya_leaf00.png,olive_peacock_spot,2,0.6153437748871782,0.12211308733740377,0.11361826387045394,0.6057870984868595,0.11813113883727104,6.596837670045428,0.9205083046604858,0.8583130077856647,0.8506520717829801
B-367_leaf00.png,olive_peacock_spot,2,0.31324709349926316,0.3541837235958736,0.005076142131979695,0.010807270345505158,0.15605043392827903,8.784586098582068,0.9197337545186244,0.8699302366363278,0.9401966876481811
B-368_leaf00.png,Healthy,0,0.18117224141320526,0.013480495408206252,0.001235712079085573,0.10365939281601932,0.7825708428118067,6.957313591183221,0.7101619790924616,0.157372510514933,0.9859451963356474
B-369_leaf00.png,olive_peacock_spot,2,0.39975869696360344,0.3959380655539916,0.1381459883370199,0.011864065956163282,0.04182585964206716,6.502567487412207,0.9318213497618434,0.8925782542055244,0.9486261204736888
B-369_leaf01.png,Healthy,0,0.4235269965099569,0.08232395811948265,0.12317799219872716,0.28012728392527203,0.18558817491274893,9.038233219727836,0.8704352012540489,0.7857186952087885,0.9390452128024103
B-36_leaf00.png,Healthy,0,0.8011861056198814,0.07963852019203614,0.007907370799209263,0.01892120869810788,0.08472182999152782,5.00949644690569,0.9513727649303276,0.923983156742535,0.9240458520609356
B-370_leaf00.png,Healthy,0,0.6796394333953355,0.08956932322220633,0.03734439834024896,0.29861210473601374,0.09514952067534697,8.5521347552472,0.898321582452332,0.8442550871406096,0.9080152050010963
B-371_leaf00.png,Healthy,0,0.6955307262569832,0.0,0.0,0.06815642458100558,0.061452513966480445,2.4887145505839188,0.979276270520029,0.9600299462951936,0.9287301487596831
B-37_leaf00.png,Healthy,0,0.054295942720763726,0.0,0.0021877486077963404,0.013325377883850438,0.08293556085918855,9.183057454613223,0.9276306259485876,0.89101533261456,0.9489342548325352
B-38_leaf00.png,Healthy,0,0.8894806924101198,0.027518863737239236,0.002663115845539281,0.023968042609853527,0.017310252996005325,2.902874632950763,0.9704120366087191,0.9493876710539255,0.9377230150938438
B-39_leaf00.png,olive_peacock_spot,2,0.6197339246119734,0.00022172949002217295,0.0,0.08270509977827051,0.17095343680709535,4.177779310672121,0.9389657368676732,0.9027276431292797,0.9309865037552028
B-3_leaf00.png,Healthy,0,0.7021689867270962,0.033344124312075105,0.0006474587245063128,0.020394949821948852,0.040466170281644544,8.606938996277846,0.954986242681706,0.9299670914589251,0.9335142012317414
B-40_leaf00.png,Healthy,0,0.8083102493074792,0.09067405355493999,0.04358264081255771,0.2692520775623269,0.0469067405355494,6.369605681182303,0.9222625208091935,0.8792700817432587,0.9361558334708086
B-41_leaf00.png,aculus_olearius,1,0.49771639843410176,0.10689430187037842,0.0005437146585471945,0.05056546324488908,0.18475424097433668,8.66208424340742,0.8819898733781393,0.8081954594454659,0.9346093060636544
B-42_leaf00.png,olive_peacock_spot,2,0.17819924968736975,0.712796998749479,0.006252605252188412,0.013547311379741559,0.07273864110045852,7.900150026378137,0.933505889239457,0.8961990250198043,0.9397420663567129
B-449_leaf00.png,aculus_olearius,1,0.7719950433705081,0.053814834483979467,0.0,0.0362896087803151,0.06319702602230483,8.146812795487115,0.9214282245636551,0.8799838996830626,0.9291097116903757
B-44_leaf00.png,olive_peacock_spot,2,0.00023369946249123628,0.7698060294461323,0.08062631455947651,0.009114279037158215,0.019630754849263847,8.640200882439657,0.9433256926966276,0.9089914080077637,0.934020464588982
B-44_leaf01.png,olive_peacock_spot,2,0.0,0.5720094157928526,0.14316285041729082,0.015407661031457309,0.23753477423496683,11.782560670007623,0.9415689004974868,0.899020668086886,0.9371528661978744
B-450_leaf00.png,olive_peacock_spot,2,0.031749550481538956,0.1072932830857903,0.0003448360797063967,0.0014039754673760437,0.8591098302913864,3.1550906290853815,0.7760766842898917,0.1821513179234391,0.9695284519426375
B-451_leaf00.png,olive_peacock_spot,2,0.22421927656706359,0.5434733767692653,0.05167378117277016,0.09503482363513817,0.1525499887665693,8.213831386728376,0.9421970381259848,0.9046586963021535,0.9207165670647778
B-451_leaf01.png,aculus_olearius,1,0.4847262247838617,0.09590778097982709,0.0,0.014178674351585015,0.09221902017291066,10.98830261666561,0.8757034657941412,0.8174545575202165,0.9309766111404697
B-452_leaf00.png,olive_peacock_spot,2,0.6423980719019884,0.17232375979112272,0.1412934324161478,0.029825266117694316,0.0364531030327375,9.081818840204065,0.8738256155787528,0.7924037371889662,0.9364921245636528
B-453_leaf00.png,aculus_olearius,1,0.05606345791879538,0.4780855068566819,0.06923904275342833,0.007260016133369185,0.22869050820112932,11.244566639176789,0.8973702409565495,0.8407298410754817,0.9612101835629048
B-456_leaf00.png,Healthy,0,0.9343771586460972,0.011973290352291043,0.0,0.13700207230025327,0.032696292885102465,6.283375117035327,0.9358753897925176,0.904826257926292,0.9076769957328314
B-459_leaf00.png,olive_peacock_spot,2,0.0003498950314905528,0.9865290412876138,0.0,0.011371588523442968,0.006298110566829951,10.352748140477036,0.9312845758967098,0.8781818553764899,0.952244546021299
B-45_leaf00.png,aculus_olearius,1,0.6211132437619962,0.011132437619961612,0.004222648752399232,0.023416506717850286,0.10441458733205375,5.347186375843793,0.9599598831782015,0.9418854548868171,0.9425114065577614
B-460_leaf00.png,Healthy,0,0.7173549107142857,0.034877232142857144,0.03404017857142857,0.21484375,0.17159598214285715,5.78191516344366,0.9424543354311039,0.9127866608477909,0.894597951233672
B-461_leaf00.png,olive_peacock_spot,2,0.06408985794516023,0.05155977157959318,0.05054509415262636,0.037283496153664636,0.829203832177073,6.658523472125941,0.7491673498950044,0.15876387358009705,0.9784727490280802
B-462_leaf00.png,Healthy,0,0.5265306122448979,0.016979591836734694,0.029387755102040815,0.36751020408163265,0.20522448979591837,6.76271682353508,0.903048724849512,0.8497676188405247,0.912905282371151
B-463_full.png,aculus_olearius,1,0.8319698740423321,0.012465913517724971,0.004155304505908323,0.01934813660563563,0.09336449811712765,9.800443176580512,0.8939680106017918,0.8383906144623327,0.9400048043616058
B-464_leaf00.png,olive_peacock_spot,2,0.34939042521558134,0.3623253047873922,0.09113886410942611,0.01263752601843592,0.09099018733273863,8.870520948979618,0.9150270350136767,0.8576478352546495,0.9500162524302698
B-465_leaf00.png,Healthy,0,0.6750164798945286,0.08305866842452209,0.04218852999340804,0.18874972533509118,0.14040870138431114,6.664581255924072,0.9358445859655931,0.9017376931694627,0.9201651339865156
B-466_leaf00.png,olive_peacock_spot,2,0.0,0.43329617242660723,0.2753623188405797,0.01858045336306206,0.22705314009661837,6.073974137343656,0.9621340670601234,0.9398602414554019,0.9215268022717178
B-467_leaf00.png,aculus_olearius,1,0.2646349862258953,0.08230027548209366,0.0003443526170798898,0.02599862258953168,0.3515840220385675,6.252516442934411,0.9144301680636285,0.87621177673078,0.9387196189939411
B-468_leaf00.png,olive_peacock_spot,2,0.07656720852255847,0.038177496710665934,0.0,0.04511693052077586,0.8812868723738381,6.173228607155195,0.7147347033832858,0.20563115876951943,0.9692245187960633
B-469_leaf00.png,olive_peacock_spot,2,0.20481007825920977,0.3179996182477572,0.04943691544187822,0.00897117770566902,0.1952662721893491,9.517523655288079,0.9319909666686188,0.8884689154730016,0.9430748443701837
B-46_leaf00.png,aculus_olearius,1,0.7495469372961218,0.010873504893077202,0.0,0.011779630300833635,0.08209496194273287,9.028089816902712,0.9164014648303956,0.8813641289605255,0.928773142918336
B-470_leaf00.png,aculus_olearius,1,0.6933448573898012,0.011408815903197925,0.0,0.033707865168539325,0.09853068280034573,9.845773616880068,0.9144551795323297,0.8764292781701354,0.9259069611687685
B-471_leaf00.png,olive_peacock_spot,2,0.5685199686765857,0.30200991908117986,0.06290785695640824,0.10127903941529627,0.042286609240407204,5.072924894776724,0.9458180765406045,0.9164990531495602,0.9157663604260594
B-472_leaf00.png,olive_peacock_spot,2,0.2148776637726914,0.1282557221783741,0.02999210734017364,0.04222573007103394,0.38752959747434884,6.811430421167969,0.9340741184468212,0.8918700284646752,0.922980598125291
B-473_leaf00.png,olive_peacock_spot,2,0.6588306208559374,0.004621257785814748,0.006027727546714889,0.2413100261201527,0.15531444645368697,4.663519557961079,0.9344580500742271,0.8928460231996344,0.9208436572123034
B-474_leaf00.png,olive_peacock_spot,2,0.5093207628026569,0.30683522605528174,0.019712877651596315,0.6475251767730876,0.1264195414613242,6.470193331299266,0.9215392504349319,0.8654461840491172,0.861109558480774
B-475_leaf00.png,Healthy,0,0.5550968561448079,0.007939028262940616,0.00412829469672912,0.04414099714194983,0.05843124801524294,6.634540923992784,0.9583172669611488,0.9300456427678648,0.9208829035083119
B-476_leaf00.png,aculus_olearius,1,0.5977482088024565,0.08393039918116683,0.01023541453428864,0.01985670419651996,0.13633572159672466,11.213118621025156,0.9234791171001477,0.8941155030274579,0.9210397206535674
B-477_leaf00.png,aculus_olearius,1,0.5822746058472371,0.31501607224858413,0.01193938466248278,0.28256543701209247,0.036889637226389105,8.055810138819055,0.8988022587079776,0.8596213412256593,0.9188962968131001
B-478_leaf00.png,aculus_olearius,1,0.30283505154639173,0.373477038425492,0.0,0.15897375820056234,0.20946579194001874,8.9832399284306,0.8751332342444665,0.820870386944245,0.941316334410567
B-479_full.png,aculus_olearius,1,0.7289784572619875,0.03700486448922863,0.0,0.02102154273801251,0.06619179986101459,10.366134566106235,0.915709856454868,0.8771846156702892,0.9345422837975303
B-47_full.png,olive_peacock_spot,2,0.7789904502046384,0.016712141882673944,0.0,0.3062755798090041,0.09549795361527967,4.178406609711771,0.9548812054807005,0.9347197290337931,0.8860373858846191
B-480_leaf00.png,olive_peacock_spot,2,0.012635835228708618,0.7851908011119535,0.07935304523629012,0.011877685114986101,0.10892089967146829,6.887875392050445,0.9488047805624658,0.9149844806045945,0.9499339394237742
B-481_leaf00.png,Healthy,0,0.6067718353212774,0.08644350391176094,0.07605489290752854,0.19533153777093754,0.17237398999615236,9.975592586982785,0.8913210750876027,0.8341067641137947,0.9331416674255907
B-482_leaf00.png,olive_peacock_spot,2,0.44459681843115745,0.4958859023587493,0.0021941854086670325,0.024684585847504114,0.038123971475589685,5.209624995651829,0.9554401345292355,0.9212214618826768,0.9314992259285042
B-483_leaf00.png,olive_peacock_spot,2,0.5925043327556326,0.1089688041594454,0.0025996533795493936,0.197790294627383,0.11330155979202773,5.3160650061161805,0.9385752713518482,0.8999839798589047,0.9213530830889781
B-484_leaf00.png,aculus_olearius,1,0.8582355033795802,0.011739594450373533,0.0,0.007826396300249021,0.056029882604055496,6.90121163375653,0.92291177185404,0.8805981380460688,0.9437854303477428
B-485_leaf00.png,olive_peacock_spot,2,0.7669735327963176,0.002589182968929804,0.0,0.017548906789413118,0.10817031070195628,4.930756512677431,0.9518372296329469,0.9249832712137263,0.9247688980258847
B-486_leaf00.png,olive_peacock_spot,2,0.8733374258236136,0.039287906691221605,0.0,0.45692653979946796,0.01841620626151013,2.8720614097225288,0.9316041411449905,0.8905657172905768,0.9335233926925903
B-487_leaf00.png,Healthy,0,0.8156705173279759,0.014665996986438976,0.00020090406830738323,0.3406328478151683,0.0970366649924661,6.7271782721365545,0.8873846007190076,0.7890601412923007,0.9457356104968688
B-488_leaf00.png,olive_peacock_spot,2,0.3498882542835858,0.6046684877079712,0.0,0.06977899180531413,0.029550533896200645,5.3676292589300845,0.948521803749446,0.9126252830028553,0.928880576090658
B-489_leaf00.png,aculus_olearius,1,0.6854590716063845,0.11392590423195197,0.0,0.13266949773026798,0.06106311319373261,8.31036396750817,0.9034623524961959,0.8549858140487911,0.916756338860122
B-48_leaf00.png,Healthy,0,0.8991967238935266,0.02898094188061112,0.0026775870215782014,0.009135296897149158,0.05244920459914947,7.992452029966698,0.9245821753213628,0.8663039371176668,0.9399986370404205
B-490_leaf00.png,olive_peacock_spot,2,0.10818534394774444,0.8242498469075321,0.0038783425188814043,0.012655644008981426,0.03817105531741172,7.815545366991071,0.9430898519790026,0.895395324220527,0.9533352394393413
B-491_leaf00.png,Healthy,0,0.019363481367216044,2.0297150280100673e-05,0.0005480230575627182,0.0,0.4162742550945847,2.0220222273110693,0.7122242311239415,0.17151494168928197,0.9453994616241046
B-492_leaf00.png,olive_peacock_spot,2,0.00034417878940847137,0.1014868523702446,0.037561378550777846,0.0,0.8365609655362306,3.100937533516326,0.797590078712823,0.1695349912309533,0.9768681868570451
B-493_leaf00.png,Healthy,0,0.7821603506058262,0.030935808197989172,0.0,0.038669760247486466,0.07682392369167311,4.4351592007965,0.9470624355222677,0.9162355893885668,0.9395750329369777
B-494_leaf00.png,olive_peacock_spot,2,0.0013438279900172777,0.017277788443079287,0.03609138030332117,0.00998272221155692,0.9086196966788251,6.233941189877017,0.9326636192637727,0.8890940702601735,0.9446144558628842
B-495_leaf00.png,olive_peacock_spot,2,0.08050737768573647,0.736733108982656,0.02174475796013461,0.009578048149106911,0.06471654154801967,6.860548751235417,0.9499492440417804,0.9153505513684264,0.9427634120069672
B-496_leaf00.png,olive_peacock_spot,2,0.9298587433024842,0.01071602532878714,0.0,0.3197759376522163,0.0282513395031661,2.8500780658934515,0.9395105056179868,0.9063128177552091,0.9328284507387186
B-497_leaf00.png,Healthy,0,0.3079204250586927,0.0,0.0,0.7669591004571852,0.35784010873594463,7.044345422283973,0.9159695574412177,0.8145130136377103,0.8848923532337045
B-498_leaf00.png,olive_peacock_spot,2,0.022879464285714284,0.013612085459183673,0.0002192283163265306,0.0,0.9518494897959183,1.5168556610726414,0.8515518304083239,0.27200088974174746,0.9765379830189147
B-499_leaf00.png,Healthy,0,0.6664061278724402,0.12599656088791622,0.08363295294669376,0.0334531811786775,0.1005158668125684,8.78348055762471,0.9209448550438867,0.8641643351934913,0.9375103380362553
B-49_leaf00.png,Healthy,0,0.8184371807967313,0.045965270684371805,0.005362614913176711,0.254341164453524,0.10291113381001021,5.257464767987118,0.9486830534373047,0.9153890871010434,0.9035458519023241
B-4_leaf00.png,aculus_olearius,1,0.11181272676528049,0.04095729835333519,3.488696622941669e-05,0.010989394362266256,0.7953879430644711,6.591628642229511,0.7714811596374384,0.1480153967366013,0.9761328716203439
B-500_leaf00.png,Healthy,0,0.0,0.0,0.03932584269662921,0.8595505617977528,0.05056179775280899,0.11626165643905005,0.9976969981124627,0.9960588411790717,0.7893684261862325
B-501_leaf00.png,olive_peacock_spot,2,0.09894837476099426,0.8212237093690249,0.05353728489483748,0.03919694072657744,0.008365200764818356,5.970407745281485,0.9352316419883051,0.9083770192817084,0.9345199031336213
B-502_leaf00.png,aculus_olearius,1,0.9509803921568627,0.001600640256102441,0.0,0.3821528611444578,0.018807523009203683,2.977728393012912,0.9159821778029893,0.8721990027990622,0.9374754449718055
B-504_leaf00.png,Healthy,0,0.9484170909895948,0.00420633163604162,0.0,0.11135709541731238,0.038078370599955724,6.513682886702329,0.9358207074262551,0.9010852988630195,0.9195493284087946
B-505_leaf00.png,olive_peacock_spot,2,0.3,0.6303597122302158,0.01223021582733813,0.025179856115107913,0.024028776978417266,14.669367026734374,0.8969556164172149,0.849294570466232,0.921297245710976
B-506_leaf00.png,olive_peacock_spot,2,0.07501652346331791,0.6078982154659617,0.20191672174487774,0.014705882352941176,0.07782551222736285,9.716093377243709,0.9181646424768756,0.8705546988610117,0.9504232592257922
B-507_leaf00.png,aculus_olearius,1,0.9418893722809198,0.0010876320696084525,0.0,0.015226848974518334,0.040708514605344935,5.360760130630293,0.9275348532370062,0.8635281994223503,0.932442057319836
B-508_leaf00.png,olive_peacock_spot,2,0.5356397774687065,0.29033379694019473,0.0033031988873435327,0.071105702364395,0.06345618915159944,7.443664062296004,0.9148698495651817,0.876528491379832,0.9383110750552592
B-509_leaf00.png,aculus_olearius,1,0.32888079877934523,0.00987766683620205,0.009850898091388494,0.014936959605964077,0.6374708889900152,7.445807432148373,0.7114011489482817,0.18218743117874636,0.9785055302976962
B-50_leaf00.png,Healthy,0,0.8909324208725407,0.023239235814086115,0.006558311947533505,0.09195893926432848,0.059167379526660964,9.45349743898916,0.9065653690704414,0.8527109915414413,0.9274476074780826
B-510_leaf00.png,aculus_olearius,1,0.7625333728863839,0.00608128151883714,0.0,0.012755858795609611,0.032334618807475526,7.89555090533955,0.9030203091517441,0.8558965332071193,0.9426380460596336
B-511_leaf00.png,Healthy,0,0.6095293434049971,0.023242300987797792,0.0031958163858221964,0.02178965717606043,0.05142359093550262,7.052139963867467,0.951246604983095,0.9224199456011613,0.9368884295072211
B-512_leaf00.png,Healthy,0,0.2303086135421465,0.034699831107016736,0.2827422078919085,0.01880853677260863,0.2735298633502226,11.565753711798354,0.8618088965919402,0.7300525271819508,0.9499697592917402
B-513_leaf00.png,aculus_olearius,1,0.9572498029944838,0.005713159968479117,0.0,0.6004728132387707,0.02620173364854216,3.701382852425149,0.9277250483763304,0.8765272291759051,0.8992522180004432
B-514_leaf00.png,olive_peacock_spot,2,0.15505226480836237,0.810322299651568,0.0013066202090592336,0.01132404181184669,0.023954703832752614,10.570717481542195,0.9337384063250213,0.9002768162873944,0.9431359237321172
B-515_leaf00.png,Healthy,0,0.33690744920993226,0.00018811136192626034,0.0,0.6945071482317532,0.2974040632054176,5.361386342653551,0.9430179781541919,0.8866489492307066,0.884831688616824
B-516_leaf00.png,olive_peacock_spot,2,0.018679119412941963,0.5486991327551701,0.1637758505670447,0.059372915276851235,0.04536357571714476,4.091567995773609,0.9599531895442404,0.9344883499178276,0.9409727952604722
B-517_leaf00.png,aculus_olearius,1,0.11747118676761345,0.019578531127935575,9.644596614746588e-05,0.04665573612383662,0.84272074070502,6.952611022418557,0.7903422017182784,0.14221442531654863,0.9744469949150049
B-518_leaf00.png,Healthy,0,0.810034096444228,0.013395031660983926,0.0,0.009011203117389186,0.09473940574768631,6.1461253482074625,0.948599057917111,0.9127378410100719,0.9327056689529025
B-519_leaf00.png,Healthy,0,0.868413262285376,0.02945529899348727,0.011101243339253997,0.014505624629958556,0.0682356423919479,9.14610863533044,0.9197849925091961,0.8571032083508123,0.9399286708246939
B-51_leaf00.png,Healthy,0,0.5707724425887265,0.27035490605427975,0.0,0.015866388308977037,0.029018789144050105,7.359269785872101,0.9362460380681877,0.8973256919753808,0.9351731653426232
B-520_leaf00.png,Healthy,0,0.8700680272108844,0.034013605442176874,0.003401360544217687,0.20884353741496597,0.0715986394557823,7.679590370556489,0.9191964912927855,0.8750865949572064,0.9133562910228747
B-521_leaf00.png,Healthy,0,0.8302393200626258,0.0,0.0,0.6244687989264147,0.10847685081637218,5.179948134824721,0.954691520051747,0.9047090212123439,0.8746519705720406
B-522_leaf00.png,aculus_olearius,1,0.9894026974951831,0.00024084778420038535,0.0,0.5216763005780347,0.004335260115606936,2.461498287224485,0.9402990902970778,0.90499159342767,0.9224921896585354
B-523_leaf00.png,Healthy,0,0.3452502553626149,0.010214504596527068,0.0,0.043922369765066395,0.07763023493360573,2.93440136920581,0.9833873992335966,0.9762080770812473,0.8936314210843402
B-524_leaf00.png,aculus_olearius,1,0.7154279483917863,0.10685080864982736,0.00018171906232963838,0.06560058150099946,0.04179538433581683,6.406792058837896,0.9167981707351057,0.8829614399409094,0.9309309764741628
B-525_leaf00.png,olive_peacock_spot,2,0.0015826362197603437,0.9866606375763056,0.0011304544426859599,0.011756726203933981,0.008365362875876102,6.611771554085452,0.9419679842548748,0.905199400202147,0.9592785666875984
B-526_leaf00.png,olive_peacock_spot,2,0.002576524994494605,0.13488218454085002,0.00011010790574763268,0.0,0.8591719885487779,1.2561489799438232,0.8368648576071674,0.22349610944464182,0.9826751232427939
B-528_leaf00.png,Healthy,0,0.7982226868792472,0.03798571179648022,0.012197246907126678,0.008538072834988674,0.09391880118487542,9.307478074879283,0.9310177256495484,0.8783404654957918,0.9323700550700367
B-529_leaf00.png,olive_peacock_spot,2,0.3260019550342131,0.583088954056696,0.004398826979472141,0.011730205278592375,0.05840664711632453,5.141175709676674,0.952378165047967,0.913377876432557,0.9453058411973555
B-529_leaf01.png,olive_peacock_spot,2,0.8394024276377218,0.01050420168067227,0.0,0.012605042016806723,0.07399626517273576,5.680415597163231,0.9426089995565392,0.9076762054282258,0.9327887177544171
B-52_leaf00.png,olive_peacock_spot,2,0.029303580186365866,0.3694212849435998,0.2898479646885728,0.010544384502206964,0.06216282491417362,13.140790634121513,0.8931808371262466,0.8269699376648589,0.9519122188869535
B-531_leaf00.png,olive_peacock_spot,2,0.7275488069414316,0.06268980477223428,0.0,0.38980477223427334,0.0841648590021692,3.7325424262495055,0.9345791559349417,0.8977736228772634,0.9182666456501593
B-532_leaf00.png,olive_peacock_spot,2,0.0,0.8989953841976649,0.027423296225902796,0.021178387184360575,0.0586478414336139,12.7324484446242,0.9528262629172127,0.9169292452901421,0.9096502215101442
B-535_leaf00.png,olive_peacock_spot,2,0.0,0.8158479387805481,0.09306344112564799,0.018760799802517897,0.007652431498395458,8.356632684118678,0.953314579279838,0.9131277948132566,0.9493188063976514
B-536_leaf00.png,Healthy,0,0.8191798514691637,0.05037132709073297,0.0019373587342589602,0.045205037132709076,0.10154988698740716,8.488485869511457,0.9178964602573643,0.8689659497629794,0.9252839315847671
B-537_leaf00.png,Healthy,0,0.35369400814426993,0.2931937172774869,0.00029086678301337986,0.027341477603257707,0.1256544502617801,8.596547164916121,0.947449541419948,0.92505009033869,0.8996195824880067
B-538_leaf00.png,olive_peacock_spot,2,0.05290477141145937,0.8446795767618287,0.05370333399880216,0.03254142543421841,0.025753643441804752,10.773576570158616,0.9302139139461814,0.8931213770176905,0.9420830632905345
B-539_leaf00.png,Healthy,0,0.6338439095550693,0.0,0.0,0.43413566739606124,0.18016046681254558,4.731375695328081,0.9134140449051364,0.8541012724801555,0.9308010377105463
B-539_leaf01.png,aculus_olearius,1,0.45296331138287865,0.09195672624647225,0.021401693320790217,0.2871589840075259,0.2537629350893697,6.274652263457858,0.9347522049040203,0.9070458280280083,0.9098523784546688
B-53_leaf00.png,olive_peacock_spot,2,0.23817490494296578,0.2976425855513308,0.22874524714828898,0.11954372623574144,0.15452471482889735,5.666351280939997,0.922411370791909,0.860076065018403,0.9474162041008743
B-540_leaf00.png,aculus_olearius,1,0.8345570239843367,0.0,0.0,0.009911894273127754,0.08712677435144396,9.068069101993842,0.8934961598160551,0.8286045734509362,0.9491279525220879
B-541_full.png,aculus_olearius,1,0.20771171566476523,0.021281263712154455,0.00021939447125932427,0.0029069767441860465,0.713964458095656,4.9378924582078625,0.7752121364218041,0.23331215175856715,0.9751410888811111
B-542_leaf00.png,Healthy,0,0.3812308549150654,0.00278473962684489,0.005012531328320802,0.022556390977443608,0.10025062656641603,7.073031603551983,0.9556445313119779,0.9203086503576339,0.9375169691643301
B-545_leaf00.png,olive_peacock_spot,2,0.24144672531769307,0.6859726295210166,0.04838709677419355,0.017839687194525906,0.013440860215053764,7.111594732753218,0.9414185588727965,0.9117321989464899,0.9271455321490141
B-546_leaf00.png,Healthy,0,0.710989010989011,0.08598901098901099,0.026923076923076925,0.2357142857142857,0.13131868131868132,6.129863084850899,0.9382553216084412,0.9045215308844674,0.8947418943429292
B-54_leaf00.png,Healthy,0,0.826431718061674,0.039427312775330396,0.0006607929515418502,0.012995594713656388,0.08656387665198238,8.688683579675232,0.9440098674184526,0.9026195365144632,0.916435943611064
B-54_leaf01.png,olive_peacock_spot,2,0.49278483738961876,0.4469093258668964,0.0,0.013568813267284083,0.03876803790652595,7.025687238934748,0.9395359049785541,0.8991848950095745,0.9361489004103136
B-551_leaf00.png,aculus_olearius,1,0.32308522114347354,0.0037756202804746495,0.030204962243797196,0.20469255663430422,0.2965210355987055,7.526770767810245,0.8979086673610467,0.8433104087503088,0.9235144998251226
B-552_leaf00.png,olive_peacock_spot,2,0.006683036190882887,0.08442404184904452,0.00032027329988256647,0.0,0.9063947902209886,1.709807976743651,0.8215844500273985,0.22645397281740867,0.9737797494803253
B-553_leaf00.png,olive_peacock_spot,2,0.03402458711039364,0.2282379237551223,0.003601142431392028,0.010555072643735255,0.6765180678008196,11.111726578782303,0.9022127583317876,0.8307062286410776,0.9547304878295204
B-554_leaf00.png,olive_peacock_spot,2,0.12184674989238055,0.015669393026259148,0.0,0.0030994403788204908,0.8312311665949204,4.996185070699563,0.8105241525522978,0.23452052248067226,0.9781883422110654
B-555_leaf00.png,Healthy,0,0.4559958826556871,0.06124549665465775,0.0066906845084920225,0.03242408646423057,0.06536284096757591,3.4836861486574175,0.9718916918226937,0.9558101712236393,0.9252305468403917
B-556_leaf00.png,Healthy,0,0.8311082856537402,0.043441407077770715,0.002331002331002331,0.00974782792964611,0.09090909090909091,7.1934655006361155,0.9403980584659455,0.8994676197641679,0.9238999316883827
B-557_leaf00.png,aculus_olearius,1,0.8047179487179488,0.06174358974358975,0.0008205128205128205,0.13025641025641024,0.07917948717948718,7.39177769029291,0.9285769114977246,0.8947015015054957,0.9028488665476605
B-558_leaf00.png,olive_peacock_spot,2,0.7075876879026486,0.023801002147458842,0.0,0.10826771653543307,0.0531496062992126,5.330577580721727,0.9310111353628511,0.8793462517026955,0.9328421817969792
B-559_leaf00.png,aculus_olearius,1,0.8218873517786561,0.06608201581027667,0.006175889328063241,0.05249505928853755,0.07386363636363637,9.534762014067145,0.8990489068351855,0.8301476934267114,0.9250128215305331
B-55_leaf00.png,olive_peacock_spot,2,0.09779579427413225,0.8383582467696985,0.05168482391689891,0.0722067392956676,0.008107423359513555,6.728370140311904,0.9440510198795751,0.9150816100308676,0.9348563575881681
B-560_leaf00.png,aculus_olearius,1,0.816127497621313,0.07421503330161751,0.0,0.6745956232159848,0.06945765937202664,6.644125238056445,0.9332460781067722,0.8858728121584736,0.8509300138233304
B-561_leaf00.png,olive_peacock_spot,2,0.02712384851586489,0.8541453428863869,0.009467758444216991,0.018679631525076765,0.030706243602865915,7.170947820314628,0.9537790197922515,0.9154993285965916,0.948803503086797
B-562_leaf00.png,aculus_olearius,1,0.11433394720687538,0.23204419889502761,0.0,0.012277470841006752,0.22483118477593617,11.017645672877348,0.9052716208349948,0.8607986214971713,0.9590249422926089
B-563_leaf00.png,olive_peacock_spot,2,0.6934511852149458,0.025311370028123746,0.0,0.49256729610285255,0.1506629168340699,5.846478003498634,0.9442965904349474,0.8768909400974635,0.8287486393241678
B-564_leaf00.png,Healthy,0,0.0003727171077152441,0.0,0.0,0.013045098770033545,0.9759597465523667,8.262118103967868,0.9277720369192419,0.8861692787932482,0.9450441991122919
B-565_leaf00.png,Healthy,0,0.7777777777777778,0.007936507936507936,0.0013683634373289546,0.016420361247947456,0.06321839080459771,6.855181290781112,0.9505359035307611,0.9185977496569278,0.9406079940541988
B-566_leaf00.png,olive_peacock_spot,2,0.9831649831649831,0.000259000259000259,0.0,0.21859621859621858,0.009842009842009843,2.6604973353604677,0.9536758412188329,0.9163223006688053,0.9296481109179485
B-567_leaf00.png,aculus_olearius,1,0.3688333686216388,0.2022019902604277,0.0,0.16218505187380902,0.2703789964005928,6.664086074667713,0.9277516888690909,0.898756224032901,0.9195259467988954
B-568_leaf00.png,Healthy,0,0.0,0.7939814814814815,0.0763888888888889,0.023148148148148147,0.07175925925925926,0.9533123518034238,0.9931821287900465,0.9908503775242717,0.914698824916299
B-569_leaf00.png,olive_peacock_spot,2,0.9091340450771056,0.040569395017793594,0.0,0.6018979833926453,0.029418742586002373,2.450790088801965,0.9444190850603759,0.8994170313235735,0.9222343805401844
B-56_leaf00.png,Healthy,0,0.03179723502304147,0.003686635944700461,0.005529953917050691,0.03778801843317972,0.06774193548387097,3.3629759682416718,0.9692885376795644,0.9506019370769712,0.9082045333515126
B-56_leaf01.png,olive_peacock_spot,2,0.7178065311152187,0.13585951940850277,0.0,0.4507085643869378,0.08718422674060382,5.92824102088219,0.9487984485510973,0.9267004292139313,0.8461826616975359
B-570_leaf00.png,aculus_olearius,1,0.5222035708835647,0.04043949336181901,0.000610407446970853,0.04883259575766824,0.24721501602319548,9.92075061742505,0.9025184178984494,0.8614122153516717,0.922531201090192
B-571_leaf00.png,aculus_olearius,1,0.4679592507394019,0.3470259612224778,0.088892540256326,0.16217548471902726,0.04403549129148866,8.098236026041816,0.9075372602815126,0.8706732354819645,0.9303331811052028
B-572_leaf00.png,Healthy,0,0.8752054794520548,0.0016438356164383563,0.0,0.010958904109589041,0.07041095890410959,9.843014905168433,0.9088595780662502,0.8467178864930789,0.9490781444240519
B-573_leaf00.png,Healthy,0,0.9314679643146796,0.0012165450121654502,0.0,0.7157339821573399,0.027169505271695052,1.203534850470016,0.9635194949811101,0.9398105941031152,0.928584515367724
B-574_leaf00.png,aculus_olearius,1,0.48049689440993787,0.00012422360248447205,0.028198757763975155,0.28074534161490683,0.29440993788819875,7.0267630228185105,0.8983341519883412,0.8287657045279556,0.9343257482228484
B-575_leaf00.png,Healthy,0,0.4816,0.01536,0.00224,0.01696,0.05504,6.38263067386309,0.9543098902478221,0.9309000029618955,0.9335373707851569
B-576_leaf00.png,Healthy,0,0.9217987603850719,0.011868653567189767,0.0,0.007384939997362522,0.039694052485823555,10.246573950811547,0.900236782823229,0.8400453868343128,0.9373609940253367
B-577_leaf00.png,olive_peacock_spot,2,0.03599621741633089,0.0352561466984623,0.0009250883973357454,0.00012334511964476606,0.8996793026889236,2.905058924440773,0.7309949136112177,0.19432417929572077,0.9768339563667041
B-578_leaf00.png,Healthy,0,0.43326039387308535,0.012399708242159009,0.0,0.04230488694383661,0.05105762217359591,4.0287639029395255,0.9791298878709012,0.9684731427616562,0.9207387428781298
B-579_leaf00.png,olive_peacock_spot,2,0.0715607649599013,0.14250462677359654,0.06724244293645898,0.032078963602714373,0.49537322640345466,5.074265774781711,0.9732114563253207,0.962919538727659,0.9234824569393116
B-580_leaf00.png,Healthy,0,0.49932750504371215,0.004034969737726967,0.11230665770006724,0.4683927370544721,0.32548755884330866,7.508548387447254,0.9127496271179988,0.8016574067296295,0.8246881927722463
B-581_leaf00.png,aculus_olearius,1,0.8275,0.015694444444444445,0.0,0.3630555555555556,0.06375,7.82845287131737,0.8901450975025791,0.8434835319969937,0.9239681862235481
B-582_leaf00.png,Healthy,0,0.902650891118766,0.03234985772053317,0.0014976785981728321,0.006739553691777744,0.047476411562078775,8.082576649148615,0.9190470293216848,0.8583763949177504,0.939437090355534
B-583_leaf00.png,Healthy,0,0.782235939643347,0.03789437585733882,0.003429355281207133,0.04972565157750343,0.07338820301783265,7.393027487383209,0.9240723062313418,0.876866782968225,0.933153593489322
B-584_leaf00.png,olive_peacock_spot,2,0.013032348149872005,0.944612520363044,0.018384919711426577,0.028391901326506864,0.016755876192692577,7.110052301793248,0.9370018514294808,0.9076500848209873,0.929499327133915
B-585_leaf00.png,aculus_olearius,1,0.35850046641791045,0.020813899253731342,0.0,0.0,0.6149720149253731,5.897529501624692,0.7395937101151099,0.17774358665688803,0.9743603497095322
B-585_leaf01.png,aculus_olearius,1,0.5054076539101497,0.17151968940654463,0.0,0.06100942872989462,0.1526622296173045,9.385220852742346,0.9073216168073801,0.8481129552332894,0.9335225636608808
B-586_leaf00.png,Healthy,0,0.09347368421052632,0.0,0.0,0.023578947368421053,0.06821052631578947,3.9588897196511725,0.9687211272208764,0.9455090167279954,0.9293569283647598
B-587_leaf00.png,Healthy,0,0.22429394022484234,0.005758157389635317,0.0010967918837400603,0.02111324376199616,0.0455168631752125,7.112903772236586,0.9486068736949194,0.9191727174838419,0.941862271237442
B-588_leaf00.png,aculus_olearius,1,0.4178082191780822,0.10892081523554961,0.019545606414968258,0.45723354493818913,0.2661209488807217,5.541136006403133,0.8909992191529061,0.8217469388260238,0.9165433698062517
B-589_leaf00.png,Healthy,0,0.8694126339120798,0.026043590690801626,0.0033247137052087182,0.03952715182859254,0.06815663095677872,6.905973988422407,0.9373313056699837,0.8857917476621562,0.9178782095128157
B-58_leaf00.png,aculus_olearius,1,0.8687423687423688,0.03622303622303622,0.0,0.09320309320309321,0.07651607651607652,7.673784570744315,0.923392538494607,0.895362829972574,0.9253162058756916
B-590_leaf00.png,Healthy,0,0.19631467044649184,0.011339475549255847,0.001417434443656981,0.04606661941885188,0.0744153082919915,2.6044048440348666,0.9783729752428763,0.9663704050191066,0.9117487026082527
B-593_leaf00.png,olive_peacock_spot,2,0.13001555209953344,0.7758942457231727,0.050077760497667184,0.37744945567651633,0.03343701399688958,6.58890285805583,0.9290555308107855,0.8636068419421883,0.9005153625510935
B-596_leaf00.png,aculus_olearius,1,0.7367875647668394,0.16683937823834197,0.0,0.03920552677029361,0.05319516407599309,9.99128634076926,0.904929027774779,0.8755455061210118,0.9273400916343908
B-597_leaf00.png,olive_peacock_spot,2,0.3247083775185578,0.002545068928950159,0.008059384941675504,0.6477200424178154,0.41208907741251327,6.025883309515477,0.9506161454744966,0.8972549374024272,0.8759915203990517
B-598_leaf00.png,olive_peacock_spot,2,0.7333170373991689,0.04082131508188707,0.0,0.580298215595209,0.17868491811293083,7.245728591755611,0.9087628163540681,0.8153054404703655,0.8622346542660961
B-599_leaf00.png,olive_peacock_spot,2,0.30210772833723654,0.08641686182669789,0.012177985948477752,0.6838407494145199,0.31709601873536297,5.334758743959704,0.9515695846934992,0.9068347781991208,0.8703509062851016
B-59_leaf00.png,olive_peacock_spot,2,0.17927773000859845,0.7601031814273431,0.004299226139294927,0.012252794496990542,0.024720550300945828,7.032445310393748,0.9378279027513898,0.8989096699720386,0.9444454641540216
B-5_leaf00.png,Healthy,0,0.4767584849975406,0.014387604525332021,0.14301524840137728,0.30693556320708315,0.13858829316281357,6.926544912980576,0.9004219894283099,0.8111887709108058,0.9306778071210924
B-600_leaf00.png,aculus_olearius,1,0.06298430359626465,0.4532088217762766,0.013113451221935227,0.01470296046095768,0.3592290880190741,14.850511785431035,0.9181440955431368,0.8847605905296276,0.936671676767988
B-601_leaf00.png,Healthy,0,0.8789988397149013,0.03182496270512183,0.007956240676280457,0.2061992375269352,0.05668821481849826,10.90371417193958,0.9147795068239684,0.8705992804456604,0.8949595154557142
B-602_leaf00.png,olive_peacock_spot,2,0.7388414055080722,0.00023741690408357076,0.006172839506172839,0.006885090218423552,0.1144349477682811,5.476669276713729,0.946732653613763,0.9097476803035892,0.9336780180318582
B-603_leaf00.png,olive_peacock_spot,2,0.2694834471209584,0.7032075228648719,0.002576323586242432,0.007342522220790931,0.014556228262269742,11.17501575267881,0.8888762756594937,0.8352395297379605,0.9501145233537759
B-604_leaf00.png,Healthy,0,0.8336495888678052,0.028462998102466792,0.011806873286949189,0.4459203036053131,0.0866540164452878,6.183225670399114,0.9261768602933504,0.887962783504215,0.8796143089755318
B-605_leaf00.png,aculus_olearius,1,0.32004580892393075,0.0012773642249922917,0.0,0.008721314363740474,0.6414130291150949,6.991401066290564,0.765862749953722,0.19255631179267116,0.9786192949695495
B-605_leaf01.png,olive_peacock_spot,2,0.9289437585733882,0.007956104252400549,0.0,0.08641975308641975,0.01262002743484225,2.7876164738057763,0.9517529803613987,0.919405885937579,0.9366507231462852
B-608_leaf00.png,olive_peacock_spot,2,0.10986504466831401,0.5696635620604448,0.034214027751378065,0.013115377304694925,0.13039346131914084,9.01605867424563,0.9342388207421013,0.8876700213758607,0.9446497520151897
B-609_leaf00.png,Healthy,0,0.8013707165109034,0.052211838006230527,0.02292834890965732,0.013707165109034268,0.07975077881619938,12.404880812276275,0.9059221613854433,0.8307570801093279,0.935822025247478
B-610_leaf00.png,olive_peacock_spot,2,0.016446481531410085,0.9552440010784579,0.0,0.016446481531410085,0.019142626044756,10.080038262070737,0.9482435450882252,0.9175877932742946,0.9280429184852234
B-611 - Kopya_leaf00.png,olive_peacock_spot,2,0.04992384498223049,0.6422406498561516,0.13369436452868505,0.012184802843120663,0.11237095955322389,8.417809739884067,0.9150990693106668,0.8728311913905088,0.9486091513587789
B-611_leaf00.png,olive_peacock_spot,2,0.9544289376246083,0.012816861293078895,0.0,0.5277698661350043,0.016234690971233267,2.286097776036914,0.9451859750031044,0.9137682084569212,0.925860717960016
B-614_leaf00.png,Healthy,0,0.6807135470527405,0.002843846949327818,0.0,0.01628748707342296,0.04188210961737332,7.833941556744991,0.9479251041041563,0.9158733247509023,0.9443088864810327
B-615_leaf00.png,olive_peacock_spot,2,0.8060227454749319,0.14063751401569757,0.0,0.36985423674515455,0.025628704148646483,5.280571430020667,0.9231535725869152,0.867020928538312,0.9388069662751679
B-616_leaf00.png,olive_peacock_spot,2,0.5714621532675129,0.24330042313117067,0.003291020216267043,0.009167842031029619,0.09685002350728726,6.72524062013547,0.9448559772004804,0.909281545381875,0.9347254511691561
B-617_full.png,olive_peacock_spot,2,0.3192642787996128,0.5363020329138432,0.08092933204259438,0.013165537270087124,0.03388189738625363,7.536408209799822,0.9252736920687895,0.8901678774293013,0.936963209018031
B-618_leaf00.png,Healthy,0,0.34854550306912196,0.01974913263944489,0.010942087002935683,0.03789698425406992,0.08460101414464906,6.177957626651809,0.9547073447510642,0.9186287047969499,0.9486052403745029
B-61_leaf00.png,Healthy,0,0.9076285644650256,0.006336826712161832,0.0,0.15330246161345357,0.07238605898123325,6.692522106289767,0.9399612969779298,0.9111986416861947,0.9181485509745992
B-620_leaf00.png,olive_peacock_spot,2,0.045730284647690154,0.8226784881007932,0.06392907139524032,0.14909006066262248,0.043630424638357444,9.442429347557988,0.9362182737153347,0.9076741074308384,0.9208462503613215
B-621 - Kopya_leaf00.png,olive_peacock_spot,2,0.2742751955821445,0.057063966866083754,0.0,0.008973768982972849,0.2724344224574321,7.156572390943156,0.9403311253946148,0.905445874128197,0.91942212498397
B-621_leaf00.png,olive_peacock_spot,2,0.0,0.544022770398482,0.3681214421252372,0.03149905123339659,0.047817836812144215,7.884705561682924,0.9311182129251834,0.8866730632792121,0.9126348248519358
B-622_leaf00.png,olive_peacock_spot,2,0.4903743315508021,0.25026737967914436,0.07005347593582888,0.045454545454545456,0.10962566844919786,4.310056568332676,0.9702465761034784,0.9581501316867843,0.8960064675532405
B-623_leaf00.png,Healthy,0,0.5416666666666666,0.044849537037037035,0.002025462962962963,0.3159722222222222,0.1467013888888889,5.616323299326513,0.9483633326538595,0.9249163378474322,0.8979670268986225
B-624_leaf00.png,olive_peacock_spot,2,0.12870159453302962,0.5107061503416856,0.2621867881548975,0.022779043280182234,0.015489749430523917,7.163057485412055,0.9439862470045537,0.9051601254744799,0.9479182602432311
B-625_leaf00.png,Healthy,0,0.31318233664656997,0.29574710770734886,0.002607137037640541,0.10200423659768616,0.1098256477106078,9.272316854043892,0.9162930239427989,0.8688250370160194,0.9141128065150608
B-626_leaf00.png,Healthy,0,0.1593764541647278,0.00604932526756631,0.006152732537097358,0.06703376247350189,0.8051031487513572,5.790997389167764,0.7367581556705051,0.15586334031744653,0.9833540680619357
B-627_leaf00.png,olive_peacock_spot,2,0.31283100625902743,0.181391429947039,0.09135772749157439,0.2668512277323062,0.23591718825228694,7.89926804845756,0.8917870036502124,0.8111536748730833,0.9366198142856826
B-628_leaf00.png,olive_peacock_spot,2,0.3245060949978983,0.3833543505674653,0.05296343001261034,0.011559478772593527,0.19440941572089113,6.936418011064214,0.9357569081637577,0.8979020623028218,0.9450987420075634
B-629_leaf00.png,olive_peacock_spot,2,0.08010603735225529,0.018436945645891052,0.0020729106455920753,1.993183313069303e-05,0.8823224571963884,3.830052483868685,0.8055605784994212,0.2519718824633176,0.9728087086864304
B-629_leaf01.png,olive_peacock_spot,2,0.027844712182061578,0.6295850066934404,0.2621151271753681,0.015394912985274432,0.06947791164658634,12.846259014988775,0.9055408223852643,0.8410080013652372,0.9504100970313082
B-62_leaf00.png,olive_peacock_spot,2,0.7701863354037267,0.1562813063514326,0.0,0.46323382087757964,0.03866960528952114,5.659715589409165,0.928808358549921,0.8923338039118178,0.8933936599330745
B-62_leaf01.png,Healthy,0,0.7545986622073578,0.043478260869565216,0.04807692307692308,0.2976588628762542,0.10744147157190635,3.860925492998096,0.966717690131426,0.9472185191126332,0.8856571866676479
B-630_leaf00.png,olive_peacock_spot,2,0.005217704210147535,0.8789132781576107,0.06063332133861101,0.010795250089960417,0.04893846707448723,12.260639489928021,0.9180442386213339,0.8808301764670177,0.9299398880937342
B-631_leaf00.png,olive_peacock_spot,2,0.5090345895715023,0.0018929616245052486,0.0,0.05197040096368955,0.08501118568232663,4.5094609377037544,0.9255774008115275,0.8738057493793054,0.944039326584504
B-631_leaf01.png,Healthy,0,0.4004914004914005,0.02022302022302022,0.001323001323001323,0.009828009828009828,0.18673218673218672,8.360367310083555,0.9286172875254213,0.8883004759446149,0.9405267740951401
B-631_leaf02.png,olive_peacock_spot,2,0.49160493827160495,0.36,0.03432098765432099,0.05135802469135802,0.0674074074074074,7.0931592065938105,0.9414225076440145,0.9117338198667029,0.9165561027026283
B-632_leaf00.png,aculus_olearius,1,0.54026284348865,0.05710872162485066,0.005017921146953405,0.16176821983273595,0.16427718040621267,9.753528364605312,0.8679250289914107,0.8144945710919397,0.9345169948293323
B-633_leaf00.png,Healthy,0,0.6823658269441402,0.06389193136181089,0.06279664110989412,0.2822197882438846,0.09309967141292443,7.444187958901923,0.9114606957026924,0.868569362302636,0.9184175548404601
B-634_leaf00.png,Healthy,0,0.8412797018170524,0.039291815499301136,0.02127659574468085,0.3390277993477248,0.08401925764870322,7.072497697336815,0.9056585954736764,0.8558916378217931,0.9060387333155135
B-635_leaf00.png,Healthy,0,0.5608649225840897,0.011478910838227442,0.00026695141484249865,0.01761879337960491,0.03764014949279231,7.323498205335818,0.9483167305015028,0.91769513314696,0.9450596437565049
B-635_leaf01.png,aculus_olearius,1,0.7813146997929606,0.024456521739130436,0.0,0.33126293995859213,0.09536749482401656,10.063113077241663,0.8813733184451888,0.8321013993678845,0.9191645148012757
B-636_leaf00.png,olive_peacock_spot,2,0.6717975029929879,0.22438857533778006,0.0001710278775440397,0.014024285958611254,0.050453223875491705,6.800665562016319,0.9216344132183305,0.8750805296241942,0.9457822581004641
B-637_leaf00.png,olive_peacock_spot,2,0.5277713758930629,0.26019820235077207,0.1599446877160636,0.4381193823461627,0.03318737036183452,4.073171919250558,0.9391924681606243,0.8982359249893201,0.90422036683243
B-638_leaf00.png,Healthy,0,0.5762316910785619,0.0013315579227696406,0.002663115845539281,0.016644474034620507,0.05625832223701731,6.479513817427516,0.9568760264834226,0.933932630417059,0.9393126688301013
B-64_leaf00.png,Healthy,0,0.6845390070921986,0.0028368794326241137,0.003120567375886525,0.030354609929078014,0.05333333333333334,7.212614607760873,0.9505409191417097,0.9219177389081218,0.9386197098893846
B-65_leaf00.png,aculus_olearius,1,0.033449733504870426,0.26079764749127,0.02021687189854806,0.017092446241499724,0.4335600073515898,13.530201935033519,0.9134444865798285,0.8782568922704401,0.9547070050043729
B-65_leaf01.png,Healthy,0,0.3887767460637868,0.02624142107387969,0.0012111425111021397,0.027856277755349212,0.07670569236980218,6.6308156056057035,0.964697010400108,0.9442811460502543,0.9300417475565255
B-66_leaf00.png,aculus_olearius,1,0.8972619944737503,0.0025119316754584277,0.0,0.040442099974880685,0.03943732730469731,4.1821490259607845,0.9452462388964844,0.9123744936688096,0.937196934431962
B-670_leaf00.png,olive_peacock_spot,2,0.00022271714922048998,0.6610244988864142,0.12115812917594655,0.009799554565701559,0.009354120267260579,10.24677056490047,0.948628919232719,0.9036274868916427,0.9403249972219037
B-671_leaf00.png,olive_peacock_spot,2,0.303600925008259,0.6699702675916749,0.0,0.10736703006276842,0.019821605550049554,3.462738074705511,0.9548675011356049,0.9309569627840562,0.9265424387410635
B-672_leaf00.png,olive_peacock_spot,2,0.00041194644696189496,0.8123583934088568,0.11431513903192585,0.00906282183316169,0.017713697219361484,9.965865828480212,0.9463229522086343,0.8954955402745567,0.9487413896987824
B-673_full.png,aculus_olearius,1,0.664032006245121,0.011026541764246682,0.000585480093676815,0.226288056206089,0.21106557377049182,9.394845567581726,0.856304263527616,0.7838150208247852,0.9381041424985042
B-674_leaf00.png,aculus_olearius,1,0.10122875516766192,0.010076940744143316,0.0,0.02911116214974736,0.8560806155259532,4.923860141029467,0.7925765528489779,0.17949861443911044,0.9814348951924672
B-675_full.png,olive_peacock_spot,2,0.04115513392857143,0.040138711734693876,1.992984693877551e-05,0.0,0.9034797512755102,2.448321723696382,0.7825321887471485,0.21433361565072384,0.9703916436620252
B-676_leaf00.png,olive_peacock_spot,2,0.04645647321428571,0.04651626275510204,0.0,0.0003985969387755102,0.9041772959183674,2.7813412867302922,0.817813787367532,0.23177490218978258,0.9750532334646647
B-677_leaf00.png,olive_peacock_spot,2,0.4789915966386555,0.46829640947288004,0.0,0.1686401833460657,0.02215431627196333,5.0585632569256465,0.9263390999647281,0.8849261190248978,0.942749521285205
B-678_leaf00.png,aculus_olearius,1,0.13281231441670427,0.03297147065111528,0.0004750932370477706,0.06273606195215811,0.8140485070195026,6.846151264489881,0.7791374311148734,0.17336728318155376,0.9762642684967285
B-679_leaf00.png,Healthy,0,0.4865079365079365,0.013756613756613757,0.007936507936507936,0.026455026455026454,0.14761904761904762,5.770432194091722,0.9470390024732702,0.918301445824895,0.925035381623791
B-679_leaf01.png,olive_peacock_spot,2,0.006324946627027674,0.0652247650591592,0.010754404517248947,0.0,0.8991400466888805,1.9203769555424812,0.7841511249216614,0.2428513611905656,0.9726047228747378
B-67_leaf00.png,olive_peacock_spot,2,0.6852383687535899,0.17375071797817346,0.005456634118322803,0.026708788052843192,0.07237219988512349,5.494435472533189,0.950818351735258,0.9227396315654354,0.9083485331590778
B-680_leaf00.png,olive_peacock_spot,2,0.9074230877787186,0.0375388089189952,0.0,0.26926333615580017,0.028224668360146768,3.0190823914939857,0.9515654762236188,0.9202473452827005,0.9211320373305383
B-681_leaf00.png,Healthy,0,0.6408518877057116,0.0,0.004598257502420136,0.00968054211035818,0.06534365924491771,8.933658121751415,0.941848659535337,0.911351063531207,0.9535500290303582
B-682_leaf00.png,aculus_olearius,1,0.8414568826995179,0.0016068559185859668,0.0,0.7830744509908945,0.06293519014461703,2.637627054098592,0.9426067513984614,0.9088147133700382,0.893895755724101
B-683_leaf00.png,olive_peacock_spot,2,0.11026522593320236,0.819007858546169,0.028978388998035363,0.029715127701375247,0.03143418467583497,8.524078182928697,0.9405381336922263,0.9123335735968703,0.9289085509040924
B-684_leaf00.png,olive_peacock_spot,2,0.0064030131826741995,0.05668549905838041,0.029943502824858758,0.011864406779661017,0.7856873822975518,7.383170241621826,0.9372508803824706,0.8872376566630841,0.9501483114193509
B-685_leaf00.png,Healthy,0,0.18813131313131312,0.005808080808080808,0.0022727272727272726,0.020202020202020204,0.15151515151515152,6.735211866740343,0.947960129264022,0.9136912013232494,0.9480597138153356
B-686_leaf00.png,olive_peacock_spot,2,0.31567944250871083,0.4852961672473868,0.12111498257839722,0.018954703832752613,0.028850174216027875,9.006680395079496,0.8999992646477561,0.84936598979233,0.9488484931623343
B-687_leaf00.png,olive_peacock_spot,2,0.9770591487009398,0.002763957987838585,0.0,0.49778883360972914,0.005251520176893312,2.2374257114884326,0.9533661606560281,0.912825657594049,0.9211407601634345
B-688_leaf00.png,Healthy,0,0.6308266003729024,0.0039361922519163045,0.0022788481458462812,0.029210689869484153,0.04226227470478558,5.53767023582448,0.9343839726291048,0.89464749488312,0.9409607837029267
B-689_leaf00.png,olive_peacock_spot,2,0.7855782960495002,0.0033317467872441696,0.0,0.014754878629224179,0.10423607805806759,6.349969001915943,0.9414142931622342,0.9089845099615602,0.9203790522265216
B-68_leaf00.png,Healthy,0,0.6160312218552987,0.012308616031221855,0.020714500150105074,0.17592314620234165,0.27138997298108675,5.924242657566522,0.9572146019155334,0.9278158424021448,0.9145930978433067
B-690_leaf00.png,aculus_olearius,1,0.14235792446170137,0.0020472996823155667,0.0,0.010307094952347336,0.8039181080127074,5.245806947520265,0.7571626200705062,0.1544017171785449,0.9789587767652458
B-691_leaf00.png,aculus_olearius,1,0.7982504100601422,0.13067249863313285,0.0,0.02761071623838163,0.027884089666484417,5.756646108771086,0.9432339697674831,0.9198708526794037,0.9259424533794608
B-694_leaf00.png,olive_peacock_spot,2,0.07864675744103986,0.019895935089013377,0.0,0.00021929387372660034,0.8971910448356293,3.0087193434203727,0.8153091350486937,0.2555192376216473,0.9788355900370992
B-695_leaf00.png,olive_peacock_spot,2,0.002583979328165375,0.8701550387596899,0.06675279931093885,0.015503875968992248,0.026916451335055987,9.3639259299785,0.9320973731948182,0.90029370211432,0.9384109112014194
B-696_leaf00.png,olive_peacock_spot,2,0.12747576906868943,0.8227981458069954,0.0014749262536873156,0.01032448377581121,0.028234302570585755,9.940399344456422,0.9336225073030351,0.8963067448633412,0.9328775758638885
B-697_leaf00.png,olive_peacock_spot,2,0.0,0.49802970597150653,0.2449227038496514,0.014852985753258564,0.1979387693240376,7.055540875801681,0.9553534904198155,0.9280740678117024,0.930987346528593
B-698_leaf00.png,aculus_olearius,1,0.7281717631750163,0.13741054001301237,0.04124918672739102,0.07312947299934938,0.04450227716330514,12.449111056115704,0.8789898903553941,0.8359743778598153,0.9286257792300867
B-6_leaf00.png,olive_peacock_spot,2,0.026176236044657096,0.02900717703349282,0.0007177033492822966,7.974481658692185e-05,0.903329346092504,3.2028793116505057,0.7756979590957134,0.20381656333842096,0.9771860910560107
B-700_leaf00.png,Healthy,0,0.019312406576980568,0.0001195814648729447,0.00013951170901843547,0.0,0.0622820129546587,1.2909511456790368,0.7246761114714909,0.18066368889055506,0.9430510546003592
B-701_leaf00.png,olive_peacock_spot,2,0.44793075466594534,0.5022991614822829,0.0018934271030565323,0.027319448201244254,0.030294833648904517,5.86108465031395,0.9544938304206354,0.9200635364922778,0.9386789145599862
B-702_leaf00.png,Healthy,0,0.7166874221668742,0.0,0.0,0.38895807388958076,0.14694894146948942,4.572050231570659,0.9391936831324739,0.8968782124616994,0.9126486860804014
B-703_leaf00.png,Healthy,0,0.0,0.7918454935622318,0.07510729613733906,0.03648068669527897,0.060085836909871244,1.0197289850745315,0.992680101941194,0.9901063935094682,0.9134356947631013
B-704_leaf00.png,aculus_olearius,1,0.7697105201223817,0.09614026829842316,0.002706519180983761,0.4519887032242881,0.07307601788656154,5.08855324641058,0.8988712331915101,0.8169507168197887,0.9436623688845295
B-705_leaf00.png,aculus_olearius,1,0.6361169102296451,0.2872651356993737,0.0077244258872651355,0.2797494780793319,0.04133611691022965,6.9839408728305425,0.9245359985829532,0.8968028266149568,0.9054270181418372
B-706_leaf00.png,olive_peacock_spot,2,0.2166009260847196,0.7633339049905676,0.0030869490653404217,0.015091750986108729,0.007374378322757675,8.071016909264358,0.9294688220348988,0.8759359008131168,0.9410966774962377
B-707_leaf00.png,olive_peacock_spot,2,0.9298036882807853,0.04164187983343248,0.0,0.23973825104104698,0.01665675193337299,2.874910457025135,0.9536361951966722,0.9229351431157389,0.9278075429436154
B-708_leaf00.png,olive_peacock_spot,2,0.000719165767709457,0.42574613448399856,0.3818770226537217,0.037037037037037035,0.08558072635742539,5.1175105023898855,0.9628542673479735,0.9395433552865292,0.9132723210315651
B-709_leaf00.png,olive_peacock_spot,2,0.5844475721323013,0.36294862772695285,0.0017593244194229415,0.02023223082336383,0.034130893736805064,7.133045868830301,0.9263861860027097,0.8784604732889689,0.9427283833473592
B-70_leaf00.png,Healthy,0,0.6462672811059907,0.03447004608294931,0.005898617511520737,0.09769585253456221,0.19834101382488478,6.608247764007158,0.9267757039563064,0.8838161576877986,0.9251873105109442
B-70_leaf01.png,Healthy,0,0.9198837691988377,0.0,0.0,0.35118306351183065,0.052718970527189705,1.9696505930761234,0.9652891265332472,0.9390154517435035,0.9078484779567384
B-710_leaf00.png,aculus_olearius,1,0.648581560283688,0.12819148936170213,0.0675531914893617,0.18634751773049646,0.05939716312056738,11.42846422157993,0.9117830954974093,0.876217939005068,0.9243923131035923
B-711_leaf00.png,olive_peacock_spot,2,0.8078396699086354,0.12967875036840554,0.0,0.295903330386089,0.028293545534924844,2.2390087696858387,0.955148149420061,0.9234533771868164,0.9331951150216087
B-712_leaf00.png,olive_peacock_spot,2,0.6423980719019884,0.17232375979112272,0.1412934324161478,0.029825266117694316,0.0364531030327375,9.081818840204065,0.8738256155787528,0.7924037371889662,0.9364921245636528
B-713_leaf00.png,Healthy,0,0.7592880978865406,0.01957730812013348,0.020912124582869854,0.015350389321468299,0.12102335928809789,7.510181267229041,0.9378537239972661,0.9040111797817384,0.9288047969820996
B-714_leaf00.png,olive_peacock_spot,2,0.15204918032786885,0.719672131147541,0.00778688524590164,0.05860655737704918,0.10122950819672132,6.0957393305716785,0.9654389477443022,0.9463059974606384,0.9184959172228978
B-715_leaf00.png,olive_peacock_spot,2,0.5344686089454247,0.1661879359868691,0.14874846122281493,0.6097661058678703,0.12433319655313911,7.496919078514292,0.908803487826612,0.8049806600754648,0.8589396773358173
B-716_leaf00.png,olive_peacock_spot,2,0.49524737996587864,0.33633926395320496,0.053375578844747744,0.7340970021935169,0.09627102120399708,6.281083460031018,0.926814137501119,0.8410290739817818,0.8343319986361848
B-717_leaf00.png,Healthy,0,0.3977635782747604,0.002129925452609159,0.0,0.017838125665601706,0.06363152289669861,7.328221880335298,0.9491554689502238,0.9174932373670588,0.9502128305149091
B-717_leaf01.png,aculus_olearius,1,0.312743079386868,0.010752688172043012,0.0,0.016700983756577442,0.0750400366048959,7.503610162588525,0.9322081781160299,0.9050426322237817,0.9336704775124324
B-718_leaf00.png,aculus_olearius,1,0.9810393258426966,0.0,0.0,0.03441011235955056,0.011938202247191011,3.329330682341891,0.9425792363167274,0.9063262739110183,0.9455556886230436
B-719_leaf00.png,olive_peacock_spot,2,0.01016422193877551,0.017717633928571428,0.0,0.0,0.9567920918367347,1.9782414421011623,0.7902019622330587,0.31980173348868846,0.9728735697657385
B-71_leaf00.png,aculus_olearius,1,0.0933738177128117,0.016713241616509028,0.0,0.00032244196044711954,0.8511661650902838,4.388913537991942,0.7766431989672267,0.18671367100947808,0.9731729233136763
B-720_leaf00.png,olive_peacock_spot,2,0.023774080560420314,0.03706217162872154,0.02068739054290718,0.0,0.9154115586690017,1.665469189788699,0.8196727110700299,0.1846011257650397,0.982509670544863
B-721_leaf00.png,olive_peacock_spot,2,0.7493419128400117,0.02778590231061714,0.0,0.20035097981866043,0.15092132202398362,4.071106225777599,0.9531257094317527,0.925051188106164,0.9082687945963067
B-722_leaf00.png,aculus_olearius,1,0.15024661692171493,0.012394081193878841,0.22853168078917416,0.030605792335904894,0.3183255343366637,10.85675673986361,0.8924470972944348,0.8325082906617077,0.950181813233948
B-723_leaf00.png,Healthy,0,0.7992200425431341,0.05436067123611439,0.029898369179862917,0.02552588040652328,0.08012290238714252,12.647165804058426,0.9017054720953257,0.8210857726070634,0.9351927047154265
B-724_leaf00.png,olive_peacock_spot,2,0.9392608854738382,0.011708744968898645,0.0,0.5568971825832418,0.02707647274057812,2.095891014650061,0.9576950337040319,0.9319470354293944,0.9033345329603891
B-725_leaf00.png,olive_peacock_spot,2,0.4034438593994592,0.3418243916322755,0.011100042692471893,0.009676960296001139,0.08011953892130354,7.7287390917903815,0.9224442669299082,0.8513701228081579,0.9543718115500472
B-726_leaf00.png,aculus_olearius,1,0.7581518735492428,0.1140709627500829,0.0006632032718028076,0.11749751298773074,0.060240963855421686,10.041240224099042,0.8628849833626966,0.8091119454454888,0.941564297218781
B-727_leaf00.png,olive_peacock_spot,2,0.07333434974843726,0.6979722518676628,0.10230218021039793,0.0118920567159628,0.02683335874371093,9.774591752878884,0.9241218507890142,0.8605641085419402,0.9517548020220209
B-728_leaf00.png,Healthy,0,0.6344815588030619,0.04001391788448156,0.003827418232428671,0.5156576200417536,0.14474599860821155,7.330948887402329,0.9232102171268383,0.8747515329451907,0.8901676882875887
B-728_leaf01.png,aculus_olearius,1,0.3852140077821012,0.0020381693533444508,0.06466555493792848,0.14785992217898833,0.35000926440615154,5.963728256048773,0.9273548740347253,0.8848023036025533,0.9393985810992367
B-729_full.png,olive_peacock_spot,2,0.027341294783155248,0.555311125078567,0.1571338780641106,0.07039597737272156,0.1759899434318039,5.887534159489802,0.9554898427733224,0.9314336447053206,0.9344198441041335
B-730_leaf00.png,aculus_olearius,1,0.13523813447593935,0.013513513513513514,6.179960448253131e-05,0.014399307844429795,0.8463455833882663,5.876884569367604,0.6738197201702516,0.21556006409425785,0.9694790605598125
B-731_leaf00.png,olive_peacock_spot,2,0.2000875656742557,0.7246059544658494,0.0021891418563922942,0.017075306479859893,0.0542907180385289,4.251172890680861,0.9659059171716924,0.9491782174342924,0.9365305092174379
B-732_leaf00.png,Healthy,0,0.5568458007021334,0.006211180124223602,0.00027005130974885227,0.019983796921415067,0.06535241695922225,7.388842655464961,0.9486817331286368,0.9189461205159747,0.9445953233761056
B-733_leaf00.png,olive_peacock_spot,2,0.34939306720060065,0.0018771117507195595,0.0,0.08872481541734452,0.31435364785383557,8.251208128128617,0.8864781894650374,0.8315019100304901,0.9339276280163051
B-734_leaf00.png,olive_peacock_spot,2,0.7404548299603588,0.16044231170456916,0.00041727519298977677,0.027331525140830377,0.0627999165449614,6.6182518928577165,0.9366077559494675,0.8960928309477973,0.9220327838763253
B-735_leaf00.png,aculus_olearius,1,0.7512993262752646,0.03946102021174206,0.0,0.018479307025986526,0.0494706448508181,8.341207513964294,0.9242093339355246,0.8885122275262728,0.9408346295937783
B-736_leaf00.png,olive_peacock_spot,2,0.005719866071428571,0.01624282525510204,0.014190051020408163,0.0,0.05532525510204082,1.618465921855119,0.7895716704293344,0.27137925589065487,0.9728729840436456
B-737_full.png,Healthy,0,0.8282360210071054,0.0364535063330244,0.02100710534445474,0.49382143960457214,0.06611059623107816,7.82690188010338,0.883046471515188,0.8177913801575565,0.8834965679857865
B-738_leaf00.png,Healthy,0,0.4992982456140351,0.06736842105263158,0.0863157894736842,0.1056140350877193,0.2305263157894737,4.246462214585649,0.9621162697347442,0.9380503057051826,0.9171455832683706
B-739_leaf00.png,aculus_olearius,1,0.5817444966381137,0.0019342359767891683,0.014829142488716958,0.5425071382518191,0.13696232845169015,6.054083277412274,0.8669045917849438,0.7696429938041468,0.9285711338234027
B-73_leaf00.png,Healthy,0,0.7013481828839391,0.10580304806565065,0.010550996483001172,0.35756154747948415,0.14566236811254396,5.93083196973153,0.9473663659421739,0.9188233274505138,0.8897831394782383
B-740_leaf00.png,Healthy,0,0.30295280167402927,0.050453382934201346,0.001860032550569635,0.0639386189258312,0.35480120902115786,7.021706992558845,0.9405554544349113,0.908627380113043,0.9264085443783988
B-741_leaf00.png,olive_peacock_spot,2,0.0,0.5664811379097093,0.3634302205730777,0.025974025974025976,0.025561739847454135,7.068977168307658,0.9363089907655139,0.8952512064535081,0.9153407649029266
B-742_leaf00.png,olive_peacock_spot,2,0.38498659517426276,0.009115281501340482,0.0,0.44932975871313674,0.26005361930294907,2.1621759151228415,0.9565007350407106,0.9181143963265551,0.9361040137367415
B-743_leaf00.png,Healthy,0,0.5173959445037353,0.011099252934898612,0.0036286019210245465,0.021344717182497332,0.03735325506937033,8.89351003207404,0.9348666451069942,0.8981371305257364,0.9539772848409602
B-744_leaf00.png,olive_peacock_spot,2,0.2546301688992429,0.4331974373907979,0.07466511357018055,0.28293535235876527,0.10390215492137449,8.252163434362817,0.8800882905140366,0.8130334195170442,0.9398653697768407
B-745_leaf00.png,olive_peacock_spot,2,0.001771479185119575,0.7938441098317095,0.1191319751992914,0.1512400354295837,0.06421612046058459,8.10101308115494,0.9337529960742076,0.901940350673204,0.9327431569803598
B-746_leaf00.png,olive_peacock_spot,2,0.9370904325032765,0.01419833988641328,0.0,0.24595893403232852,0.03582350371341197,3.216876346088583,0.9288980941977257,0.8899728129897269,0.9348304760745744
B-747_leaf00.png,Healthy,0,0.9595505617977528,0.0,0.0,0.06876404494382023,0.028764044943820226,3.828618460147027,0.9400922439859161,0.9015458804535663,0.9361973898300583
B-748_leaf00.png,olive_peacock_spot,2,0.9009159034138218,0.04829308909242298,0.0,0.21648626144879268,0.026922009436580626,3.1053399045889036,0.9536425614904709,0.9199942920652544,0.9295254454375663
B-748_leaf01.png,Healthy,0,0.434538970962812,0.014773306164034642,0.0010188487009679063,0.022414671421293938,0.061130922058074376,3.580527804429769,0.9720818050851173,0.956055039267284,0.9335788618523044
B-749_leaf00.png,aculus_olearius,1,0.27851580393953274,0.07774360316733198,0.0008507296642889863,0.17374517374517376,0.46246973365617433,12.145034323447893,0.768835341770413,0.674984031163239,0.9475010874858072
B-74_leaf00.png,olive_peacock_spot,2,0.0,0.0701123595505618,0.1548314606741573,0.0071910112359550565,0.06269662921348315,8.866293451668119,0.943395360131392,0.9054015737745593,0.9489968305176344
B-750_leaf00.png,olive_peacock_spot,2,0.5829687333262192,0.023903532173727458,0.0,0.011524917298047168,0.21075658947817735,10.2844090734342,0.8772389523122035,0.8042256466910573,0.9629358433252575
B-751_leaf00.png,Healthy,0,0.1870013415236885,0.06626420956012144,0.0,0.0,0.7369201440372802,5.404747811292524,0.7865432246705527,0.19730662465581755,0.9747921972294642
B-752_leaf00.png,aculus_olearius,1,0.796962879640045,0.04541619797525309,0.00014060742407199101,0.07761529808773904,0.03641732283464567,9.87640786738951,0.8959963579713707,0.8503962583737499,0.9336992638950964
B-753_leaf00.png,Healthy,0,0.5608649225840897,0.011478910838227442,0.00026695141484249865,0.01761879337960491,0.03764014949279231,7.323498205335818,0.9483167305015028,0.91769513314696,0.9450596437565049
B-754_leaf00.png,olive_peacock_spot,2,0.676249144421629,0.10691307323750855,0.14510609171800137,0.2830937713894593,0.05160848733744011,7.891612282632785,0.8880243568042476,0.8029795206042645,0.9135597931931778
B-755_leaf00.png,aculus_olearius,1,0.5222035708835647,0.04043949336181901,0.000610407446970853,0.04883259575766824,0.24721501602319548,9.92075061742505,0.9025184178984494,0.8614122153516717,0.922531201090192
B-756_leaf00.png,Healthy,0,0.6095293434049971,0.023242300987797792,0.0031958163858221964,0.02178965717606043,0.05142359093550262,7.052139963867467,0.951246604983095,0.9224199456011613,0.9368884295072211
B-760_leaf00.png,olive_peacock_spot,2,0.21133124782759818,0.5318039624608968,0.15224191866527634,0.01338199513381995,0.005039972193256865,9.70460778093553,0.9361700349682335,0.8753769319753691,0.9468617395256935
B-761_leaf00.png,olive_peacock_spot,2,0.061769991015274035,0.9281221922731356,0.0011230907457322552,0.014600179694519317,0.004941599281221923,8.643581865740277,0.9362521133533894,0.9043309189158635,0.9425651425021043
B-762_leaf00.png,Healthy,0,0.8010459299681674,0.034106412005457026,0.017735334242837655,0.31900864029104137,0.10504774897680765,5.369817422915952,0.9361116850251208,0.8973232560952368,0.9020040488599795
B-763_leaf00.png,olive_peacock_spot,2,0.0817035803154626,0.0106730828552039,0.0,0.0011721882904559195,0.883562629814712,2.9733982179453484,0.807736835041934,0.22367042473166301,0.9823106928746962
B-764_leaf00.png,olive_peacock_spot,2,0.0,0.0,0.0,0.011199480603798084,0.9978899529297192,7.064135461445542,0.920455140720209,0.8684423488259739,0.9442523363969337
B-765_leaf00.png,Healthy,0,0.6324915824915824,0.0006734006734006734,0.0,0.3127946127946128,0.16397306397306396,6.473892221600494,0.9262640310525309,0.874114533435602,0.9091581130711499
B-766_leaf00.png,aculus_olearius,1,0.6117681845062093,0.07707470924502267,0.0005913660555884093,0.13966095012812932,0.14370195150798346,9.314126674729733,0.8711203235529775,0.7878355280808724,0.9360830626078441
B-767_leaf00.png,aculus_olearius,1,0.8815350389321468,0.04032258064516129,0.0008342602892102336,0.5664627363737486,0.053948832035595105,5.5504665927253,0.9213447020496905,0.8744513783061458,0.8548853361621166
B-768_leaf00.png,olive_peacock_spot,2,0.008405127127547804,0.9663794914898087,0.0,0.010506408909434755,0.014708972473208657,9.506711873262358,0.9404493476231999,0.8987645118515426,0.9529096719010842
B-769_leaf00.png,Healthy,0,0.5608649225840897,0.011478910838227442,0.00026695141484249865,0.01761879337960491,0.03764014949279231,7.323498205335818,0.9483167305015028,0.91769513314696,0.9450596437565049
B-76_leaf00.png,olive_peacock_spot,2,0.7357669122572003,0.12491627595445412,0.006363027461486939,0.024447421299397188,0.07166778298727394,4.6278414155416625,0.9574934239272164,0.9319450726394614,0.9082318031496467
B-770_leaf00.png,Healthy,0,0.5325157933853586,0.021924934968413228,0.007432181345224823,0.027499070977331848,0.05165366034931252,5.526240122644337,0.9637539723733796,0.9402671648255887,0.9439740048656327
B-771_leaf00.png,olive_peacock_spot,2,0.8220858895705522,0.13558282208588956,0.0,0.14785276073619633,0.026993865030674847,2.72146894502882,0.9549427300757709,0.9283855424794791,0.9359619034276729
B-772_leaf00.png,olive_peacock_spot,2,0.5870607028753994,0.0,0.0,0.09824281150159744,0.14376996805111822,2.282470311770772,0.9649392139930613,0.9420228308240236,0.9202963128226982
B-773_leaf00.png,olive_peacock_spot,2,0.025061025223759154,0.8895036615134255,0.004556550040683482,0.012855980471928397,0.05728234336859235,12.09641305426932,0.9263098797812556,0.8673222217342212,0.9456720843777249
B-774_leaf00.png,olive_peacock_spot,2,0.5302992827108582,0.2166707890180559,0.01409844175117487,0.522137026960178,0.1382636655948553,5.541095741504482,0.9446548637020508,0.8899112075894622,0.8916481990178486
B-775_leaf00.png,olive_peacock_spot,2,0.22526861800666914,0.1243052982586143,0.0027788069655427937,0.01204149685068544,0.3303075213041867,7.2177202331431465,0.9305879451036475,0.8845913550995912,0.9415714650174025
B-777_leaf00.png,olive_peacock_spot,2,0.31970830934561506,0.4676645557474573,0.0892343120322395,0.0222606025714834,0.06217616580310881,7.4586496928452535,0.9347533530106976,0.8888182169446179,0.9469810559584104
B-778_leaf00.png,olive_peacock_spot,2,0.14638061879743142,0.1647694103911267,0.006713368359603036,0.0099241097489784,0.5071511967308815,8.32772706141765,0.91979612392666,0.8551633433743849,0.9410684940655889
B-779_leaf00.png,aculus_olearius,1,0.9151559100797679,0.007735073724921441,0.0,0.25477399081459995,0.022480058013052938,4.02096859138612,0.9355968180929474,0.9070890093851465,0.9250143809340221
B-77_leaf00.png,Healthy,0,0.6780665754673962,0.012767897856817145,0.005927952576379389,0.020063839489284085,0.06155950752393981,5.534196765546439,0.9697718002225816,0.9508307909802,0.9311887894326615
B-79_leaf00.png,olive_peacock_spot,2,0.0,0.41451819345401353,0.16675809105869446,0.008045346498445785,0.08868166026695923,10.679417534950908,0.9367852744002707,0.8841507366236487,0.9403577112086623
B-7_leaf00.png,Healthy,0,0.8307372793354102,0.04079513425307818,0.035009642486278,0.2802254858329625,0.06972259308707907,6.401386801917961,0.8963723908537211,0.8376703491353489,0.9310387929238029
B-801_leaf00.png,olive_peacock_spot,2,0.661472326706072,0.17015941250223893,0.003403188250044779,0.015941250223893963,0.07648217804048003,6.772279261393983,0.936050254504692,0.8793826235171571,0.9323712282988392
B-802_leaf00.png,olive_peacock_spot,2,0.39618504713878533,0.4387195790396843,0.05283928962946722,0.03529927647445735,0.07016005262003946,9.653439337963317,0.9308047871187055,0.9017910267556886,0.9165414968937032
B-80_leaf00.png,olive_peacock_spot,2,0.4986922406277245,0.46434176111595465,0.02214472537053182,0.13914559721011333,0.008718395815170008,6.527799130604175,0.9132587960469511,0.8774740078457133,0.9347328048198676
B-81_leaf00.png,olive_peacock_spot,2,0.30116279069767443,0.4848837209302326,0.08395348837209303,0.2695348837209302,0.09116279069767441,3.8288738184131317,0.9468977969775362,0.9062289230101356,0.9315572749760596
B-82_leaf00.png,Healthy,0,0.5575166434432575,0.019507663725034836,0.0904164731382567,0.31769623780771017,0.2895185013159932,8.768009506320418,0.8916572343118186,0.8265365447806959,0.9209471342036568
B-85_leaf00.png,aculus_olearius,1,0.5921273031825796,0.29704075935231716,0.0005583472920156337,0.20938023450586266,0.059743160245672805,6.209030488273127,0.9420403755969244,0.9204175709620162,0.9000455170510409
B-86_leaf00.png,aculus_olearius,1,0.8845476381104884,0.06309047237790232,0.02097678142514011,0.05572457966373098,0.017293835068054444,6.9610179618586425,0.9011861592117294,0.8662214748478789,0.9300265036538937
B-88_leaf00.png,olive_peacock_spot,2,0.7193167439898777,0.004428511176718684,0.0,0.4223956136651202,0.13116828342471532,5.7216516090740175,0.9319948074948576,0.8964113315928777,0.8898606874096726
B-89_leaf00.png,Healthy,0,0.8467501490757304,0.040697674418604654,0.009988073941562314,0.020274299344066785,0.07498509242695289,8.236519728622556,0.9189806450899564,0.8593834894796609,0.9299365300526112
B-8_leaf00.png,Healthy,0,0.6791252485089463,0.00874751491053678,0.0011928429423459245,0.02186878727634195,0.05606361829025845,6.0318772537472185,0.9641259667363133,0.9412241050598205,0.9267906287220438
B-90_leaf00.png,Healthy,0,0.11335729690869878,0.008368080517613228,0.0,0.0013803019410496046,0.8586628324946082,4.900192827648462,0.7818557821746989,0.18231732297239947,0.9707653138562239
B-91_leaf00.png,olive_peacock_spot,2,0.19547276585710918,0.12143362414524876,0.0,0.014147606696533836,0.36430087243574627,7.110279442925668,0.9432312185606866,0.9081542919140656,0.9439098130852079
B-92_leaf00.png,olive_peacock_spot,2,0.00930452609998423,0.8749408610629238,0.002050149818640593,0.009619933764390475,0.05551174893549913,11.67358854545585,0.9217230569736199,0.864141334614801,0.940880930816887
B-93_leaf00.png,Healthy,0,0.9708848405985686,0.0050422901756668834,0.0,0.08702016916070267,0.015614834092387769,8.067371011012002,0.9140056188014881,0.8685668010854716,0.9266355251420261
B-94_leaf00.png,olive_peacock_spot,2,0.1353125892092492,0.5563802455038538,0.2329431915500999,0.02540679417642021,0.06337425064230659,4.896546612349568,0.9478571405692111,0.9244917398067141,0.9440081313454285
B-95_leaf00.png,Healthy,0,0.8059588626739262,0.06866303690260134,0.028433151845130067,0.23200241984271022,0.07607380520266183,7.87554160591436,0.9099507389164905,0.8591169155890216,0.9186421103713909
B-96_leaf00.png,olive_peacock_spot,2,0.26565295169946335,0.6054178379759775,0.01303347814975722,0.015589062100690007,0.044978277536417074,16.665530628860207,0.8908718898599213,0.8322311041555475,0.9284446377439795
B-97_leaf00.png,olive_peacock_spot,2,0.6580645161290323,0.07782258064516129,0.021774193548387097,0.4221774193548387,0.0532258064516129,1.8195787412929803,0.9629810429392179,0.9425931297392968,0.9226537467789796
B-98_leaf00.png,Healthy,0,0.1697709651546208,0.004604461872085078,0.004931230133974987,0.11098238422006357,0.8119003059739179,7.096412918392581,0.748480671939197,0.20310964486315514,0.9861167332446459
B-99_leaf00.png,olive_peacock_spot,2,0.2580952380952381,0.6336507936507937,0.02253968253968254,0.013968253968253968,0.04825396825396826,7.351979348137894,0.9615187324380844,0.9302970120639302,0.9316469281094746
B-9_leaf00.png,aculus_olearius,1,0.8261731658955717,0.0011896893588896232,0.0,0.007931262392597489,0.08565763384005287,9.518177676813869,0.8957847971181907,0.8416038657791284,0.9447416418791406
B450_leaf00.png,olive_peacock_spot,2,0.23382144544166272,0.0410958904109589,0.0,0.0136986301369863,0.545819555975437,5.909971944106971,0.9421372612368283,0.9061756303341906,0.925034487104431
B451_leaf00.png,olive_peacock_spot,2,0.47390891840607213,0.4079696394686907,0.009487666034155597,0.011385199240986717,0.048624288425047436,5.927084616616467,0.944836299909119,0.9067211418209082,0.933248730705944
B455_leaf00.png,Healthy,0,0.5508702419697185,0.041601811235319086,0.0004245082779114193,0.19866987406254422,0.12622046129899533,7.713915313451875,0.9085769693173358,0.8501897869417425,0.9252131400546837
B456_leaf00.png,olive_peacock_spot,2,0.00070298769771529,0.9592267135325132,0.017926186291739893,0.01546572934973638,0.00984182776801406,8.371412393001187,0.9646970573818014,0.9362226740807974,0.9287046996981131
B457_leaf00.png,aculus_olearius,1,0.035625,0.00296875,0.0,0.100078125,0.80328125,11.48225133231944,0.834321627830038,0.7332594568889084,0.9453803313209728
B458_leaf00.png,olive_peacock_spot,2,0.9232995658465991,0.002894356005788712,0.0,0.47395079594790157,0.03147612156295224,2.1181190503969507,0.9610448494023445,0.9372368091804791,0.915790696744911
B459_leaf00.png,olive_peacock_spot,2,0.7083579154375614,0.10973451327433628,0.11445427728613569,0.01455260570304818,0.04110127826941986,6.603519605065086,0.9350056363238628,0.8928342834562164,0.9375467430538109
B460_leaf00.png,olive_peacock_spot,2,0.18324480927088363,0.7358763882182521,0.028488652824722356,0.036214389183969097,0.0386286817962337,6.983986708688138,0.9406153385278888,0.9110929051578837,0.9344069420543291
B461_leaf00.png,olive_peacock_spot,2,0.03084592615672223,0.6742483252843122,0.12011216700420627,0.009814612868047983,0.10671444150179156,8.705896529446358,0.91023052196059,0.8645098077443774,0.954680217652665
B462_leaf00.png,olive_peacock_spot,2,0.34753623188405797,0.5031884057971014,0.044057971014492756,0.01681159420289855,0.05391304347826087,6.5167395541347535,0.9500559687973135,0.9240135012795702,0.9278106239877346
B463_leaf00.png,olive_peacock_spot,2,0.6755083996463307,0.28050397877984085,0.0,0.41600353669319184,0.027409372236958444,5.740779949656529,0.9330286978245254,0.8995103154852262,0.9047957740104788
B464_leaf00.png,olive_peacock_spot,2,0.4620015048908954,0.33483822422874343,0.0346124905944319,0.6941309255079007,0.14070729872084273,5.382534789959358,0.9486641781706707,0.900555137348664,0.8041286386381219
B465_leaf00.png,olive_peacock_spot,2,0.06658754450621525,0.08695109001186832,0.0002810918858142295,0.05240802048847523,0.8424948466487601,3.923138316856604,0.7329835978057089,0.13861544728512237,0.9844757444780837
B466_leaf00.png,aculus_olearius,1,0.6438994730441833,0.040535062829347386,0.06911228212403729,0.04600729631130928,0.21098500202675313,6.16926149556051,0.9351455595924241,0.8954267614219689,0.9396266864455072
B467_leaf00.png,olive_peacock_spot,2,0.013153961136023917,0.05516691579471848,0.019671150971599403,0.0,0.9087394120577977,2.6978857621869112,0.8020252349811525,0.23040643267119618,0.9675791613756324
B470_leaf00.png,olive_peacock_spot,2,0.24808184143222506,0.710997442455243,0.0014919011082693947,0.10549872122762148,0.030903665814151746,6.766494545170451,0.9370215676303234,0.8991563254156745,0.9311290343376187
B471_leaf00.png,olive_peacock_spot,2,0.3653314917127072,0.2856813996316759,0.14594843462246776,0.01956721915285451,0.14617863720073665,8.380703846733393,0.9415682257407728,0.9059830430657932,0.9374681986108606
B472_leaf00.png,olive_peacock_spot,2,0.12405731523378583,0.4666289592760181,0.22435897435897437,0.013009049773755657,0.14573906485671193,8.346211548606826,0.9325306739355912,0.8869925560119023,0.9477502884202653
B473_leaf00.png,Healthy,0,0.38599062133645956,0.003223915592028136,0.0008792497069167644,0.031066822977725676,0.17438452520515826,7.410210000695569,0.9539779935156738,0.9245643129755596,0.9416041551468628
B474_leaf00.png,Healthy,0,0.7584541062801933,0.10845410628019324,0.0,0.012801932367149759,0.0891304347826087,5.086764606239111,0.9479484460254547,0.9106486065649128,0.945367260675188
B475_leaf00.png,olive_peacock_spot,2,0.0,0.6919764279238441,0.14165911151405258,0.008839528558476882,0.1387126019945603,8.954873782903785,0.9466605585970364,0.9057885859638569,0.9564917636393031
DSC_0017_leaf00.png,aculus_olearius,1,0.8121045392022008,0.08349381017881706,0.03259972489683632,0.021458046767537826,0.028198074277854195,10.163319546945846,0.8867898083590409,0.8455048617909466,0.9314742367967398
DSC_0024_leaf00.png,Healthy,0,0.8083262531860663,0.004927782497875956,0.0,0.0508071367884452,0.11877655055225149,7.788971711485403,0.923436737821262,0.8754961965704886,0.9156827833733027
DSC_0037_leaf00.png,aculus_olearius,1,0.013777635373277796,0.0004806151874399231,0.0,0.009131688561358538,0.7654597885293175,7.02276986812307,0.9200009406462947,0.8661333981266783,0.9409403958878475
DSC_0064_leaf00.png,olive_peacock_spot,2,0.7238250348999534,0.07933922754769661,0.0,0.5614239181014425,0.08026989297347603,3.2453584400299933,0.9385133207787095,0.905789793573051,0.9066200374042961
IMG_20190724_133214_full.png,olive_peacock_spot,2,0.7071532846715328,0.00029197080291970805,0.0,0.11474452554744526,0.1375182481751825,4.095567717859777,0.9528775303716741,0.9245515248272496,0.907063012238364
IMG_20190729_170319_leaf00.png,aculus_olearius,1,0.8682834046600095,0.0,0.0,0.008242193691551752,0.09668727215089555,8.088052313025775,0.9203677583374947,0.8663172848723792,0.9441096417262527
IMG_20190729_170325_leaf00.png,olive_peacock_spot,2,0.0,0.8155189136760427,0.05315227934044617,0.017264791464597477,0.006207565470417071,11.59112327019427,0.9274789542388839,0.8892003397959829,0.9390096131886433
IMG_20190729_170410_leaf00.png,aculus_olearius,1,0.6138358286009292,0.035105833763551884,0.011357769747031492,0.03329891584925142,0.18895198760970572,14.167992494513673,0.9344203214998187,0.9127077890930531,0.8867509423532721
IMG_20190729_170416_leaf00.png,aculus_olearius,1,0.8070294784580498,0.033560090702947847,0.0,0.07845804988662132,0.08163265306122448,7.3805237190597035,0.9357300507001473,0.9045992030320711,0.9049387097524181
IMG_20190729_170712_leaf00.png,aculus_olearius,1,0.4181476418318524,0.0,0.0,0.018796992481203006,0.24111414900888586,6.2636962252992685,0.9239497190007318,0.8756437375721795,0.930590234851308
IMG_20190729_170717_leaf00.png,olive_peacock_spot,2,0.015481484560076472,0.029134283695607,0.0017455633597938574,0.045654794065084575,0.9029965504343128,4.990441955499016,0.7417143024904775,0.19210068888184867,0.9767306805990379
IMG_20190729_170756_leaf00.png,Healthy,0,0.7318330989217066,0.0876699484294421,0.025003906860446946,0.008595092983278638,0.07532426941709643,8.948742874607376,0.919286631739946,0.8648951868002658,0.939055364236738
IMG_20190729_170800_leaf00.png,olive_peacock_spot,2,0.2653002309468822,0.6570438799076213,0.0066397228637413395,0.014722863741339492,0.04734411085450346,9.165563329936827,0.9488713390634239,0.9230164844274591,0.9184489587277329
IMG_20190729_170911_leaf00.png,olive_peacock_spot,2,0.0007120816520294327,0.9465938760977926,0.0009494422027059103,0.017089959648706386,0.044386422976501305,7.795330281776232,0.9466301182986574,0.9093244601727585,0.9446304962451004
IMG_20190729_170915_leaf00.png,Healthy,0,0.659846547314578,0.05946291560102302,0.0025575447570332483,0.04283887468030691,0.0792838874680307,3.918940961603628,0.9760455221628679,0.9641783028310921,0.918493725255999
IMG_20190729_171107_leaf00.png,aculus_olearius,1,0.8395852968897267,0.0,0.0,0.03920829406220547,0.0588124410933082,5.37716760125912,0.9285165850109558,0.8843768396325483,0.928586300926346
IMG_20190729_171112_leaf00.png,olive_peacock_spot,2,0.3613377772669808,0.4977588782898517,0.07734743132973221,0.015285599356395816,0.045512010113780026,8.403259617920801,0.8950613069386699,0.8179229420686149,0.9518289912959983
IMG_20190729_171130_leaf00.png,olive_peacock_spot,2,0.2696458218040952,0.6629773104593248,0.025041505257332595,0.0076092971776425015,0.00774764803541782,12.177975335960157,0.9032963400439902,0.8477343823763642,0.9642296976276002
IMG_20190729_171132_leaf00.png,Healthy,0,0.4580174108396518,0.017410839651783208,0.003369839932603201,0.019376579612468407,0.02499297950014041,5.3076103285397425,0.9530977986188394,0.9209954794810528,0.9444773755545379
IMG_20190729_171436_leaf00.png,aculus_olearius,1,0.36869747899159666,0.0010504201680672268,0.0,0.0430672268907563,0.3006302521008403,10.140402750441115,0.9316396905895966,0.8950054319745271,0.9027165728910171
IMG_20190729_171443_leaf00.png,aculus_olearius,1,0.9112970711297071,0.0,0.0,0.13556485355648534,0.049372384937238493,4.854749292352267,0.9209468659431113,0.8720111938542863,0.9265443779646968
IMG_20190729_171458_leaf00.png,Healthy,0,0.7845744680851063,0.0,0.0,0.023936170212765957,0.04673252279635259,3.8139036552012375,0.9635122412511071,0.9413561647616056,0.933973367207953
IMG_20190806_151524_leaf00.png,olive_peacock_spot,2,0.6371823737536185,0.21936313927307816,0.0064329366355741395,0.6439369572209713,0.10550016082341589,4.392560613845324,0.9513450471955224,0.9222776947558745,0.849535466910925
IMG_20190806_153002_full.png,aculus_olearius,1,0.1328602964364554,0.05061494796594134,0.006181015452538631,0.1032481866918953,0.7577105014191107,14.247855384607947,0.6685710022673228,0.10549699805962245,0.9758147696837105
IMG_20190806_153006_leaf00.png,aculus_olearius,1,0.8034232365145229,0.04849585062240664,0.0,0.08947095435684647,0.08324688796680497,6.005527840663557,0.9446887860065301,0.9162303959474605,0.9029760749857274
IMG_20190806_153010_leaf00.png,Healthy,0,0.7906930693069307,0.011881188118811881,0.000594059405940594,0.006336633663366337,0.12118811881188118,10.674369702606558,0.9347419180247867,0.8913677842473298,0.9248512582051891
IMG_20190806_153013_leaf00.png,Healthy,0,0.5463636363636364,0.028636363636363637,0.0013636363636363637,0.04409090909090909,0.04090909090909091,4.669398323748193,0.9676984408463158,0.9485638234435174,0.9186202125723655
IMG_20190806_163917_leaf00.png,olive_peacock_spot,2,0.15905511811023623,0.28919112383679313,0.000572655690765927,0.11181102362204724,0.3858267716535433,8.256215695574326,0.9183907347044014,0.8521019411005993,0.9422877104060698
IMG_20190806_170749_leaf00.png,Healthy,0,0.7306238185255198,0.017013232514177693,0.026149968494013864,0.3223062381852552,0.18525519848771266,8.21530538094833,0.9018710086214732,0.8453969143689534,0.9074576332797026
IMG_20190806_170752_full.png,aculus_olearius,1,0.6691864189622038,0.06713645099295323,0.0190903267136451,0.11492632927610506,0.12517616912235746,12.520825829900364,0.8765555663103847,0.8312087936873463,0.9313702325108681
IMG_20190806_170756_leaf00.png,aculus_olearius,1,0.08978975798337128,0.050495154371657046,0.006593232007625907,0.027114335645818992,0.8483556638246041,6.639222771507654,0.7186598138878638,0.18083597418537659,0.9686702216456877
IMG_20190806_170800_leaf00.png,aculus_olearius,1,0.9472310274100317,0.010814842438933433,0.0,0.03990303934365094,0.027410031698676115,7.835663413347255,0.9160776344448062,0.8860185715953919,0.9228331349177643
IMG_20190806_170803_leaf00.png,olive_peacock_spot,2,0.7254125412541255,0.03382838283828383,0.14323432343234324,0.16072607260726074,0.0429042904290429,8.553088793295643,0.9002988978720536,0.8495408760289523,0.9254514360788418
IMG_20190806_170839_leaf00.png,aculus_olearius,1,0.7179701892480321,0.15642270976385866,0.00016747613465081226,0.08172835370959639,0.05744431418522861,5.663600993605327,0.9209188746132705,0.8726616921321587,0.935939417556744
IMG_20190806_170842_full.png,olive_peacock_spot,2,0.0,0.00027902341803687095,0.010303936223218735,0.0020528151469855504,0.11635276532137519,2.650002124211194,0.6582714600114108,0.17352369358413924,0.9354128476541441
IMG_20190806_170845_leaf00.png,olive_peacock_spot,2,0.00011957908163265306,0.06841916454081633,0.007692920918367347,0.0,0.025829081632653062,1.2781428768903211,0.7909444673601128,0.24655029256903488,0.9640028124779232
IMG_20190806_170845_leaf01.png,Healthy,0,0.8591511936339522,0.06074270557029178,0.001326259946949602,0.009549071618037135,0.0493368700265252,5.690669875659731,0.9479172311132545,0.91910699972163,0.9303102960322837
IMG_20190806_170849_leaf00.png,olive_peacock_spot,2,0.7859922178988327,0.018158236057068743,0.0,0.07609165585819282,0.03285776048421963,2.112490841886924,0.966850071399621,0.9470671023430051,0.9340546534190128
IMG_20190806_170852_leaf00.png,olive_peacock_spot,2,0.0313291868233126,0.93503800967519,0.0,0.00875374337710205,0.02441833678875835,8.401383654099586,0.935481292286999,0.906692956554392,0.9383484426927826
IMG_20190806_171442_leaf00.png,olive_peacock_spot,2,0.6982779529468833,0.007276255154014068,0.0,0.29541595925297115,0.040989570700945915,2.5315376970035754,0.9473000734557823,0.9101146049229891,0.9428621141652382
IMG_20190806_171444_full.png,aculus_olearius,1,0.011159897548481523,0.4019392608854738,0.04628613245517746,0.012989388949871936,0.2467983900475668,10.850915068510641,0.9134630371818357,0.882747272842493,0.9524741127272657
IMG_20190806_171448_leaf00.png,aculus_olearius,1,0.47621383030897496,0.4131110021252248,0.04136014386136995,0.06931502370443028,0.027627922184077162,10.465313624155831,0.9058923391771526,0.8695883243814175,0.9223298612815535
IMG_20190806_171451_leaf00.png,aculus_olearius,1,0.0917837093307177,0.0,0.0,6.260826011645136e-05,0.9018719869774819,3.174127547060575,0.8058386186356162,0.22756195797497092,0.9746965536750105
IMG_20190806_171454_leaf00.png,aculus_olearius,1,0.6550039093041439,0.08600469116497264,0.05981235340109461,0.16164972634870994,0.06039874902267396,12.090919545206388,0.9190074529539608,0.8884899037174103,0.9211390385466911
IMG_20190806_172854_leaf00.png,olive_peacock_spot,2,0.10526315789473684,0.44107551487414187,0.02498093058733791,0.016018306636155607,0.3176964149504195,9.227401155788066,0.9353192751690337,0.8876896054524275,0.941894175302798
IMG_20190806_172856_leaf00.png,aculus_olearius,1,0.5011930010604454,0.06269883351007423,0.0,0.019750795334040297,0.08947507953340403,10.576937162843501,0.8895113283558156,0.8406359804751978,0.9278713906061264
IMG_20190806_172856_leaf01.png,aculus_olearius,1,0.1844165301292554,0.009648643728381576,0.052976515565264885,0.029856180593482613,0.4939013289641362,8.594857126189371,0.9257746622890047,0.8830220294771074,0.930768461763589
IMG_20190806_172900_leaf00.png,Healthy,0,0.7608052101835405,0.0020722320899940793,0.0002960331557134399,0.5985790408525755,0.12078152753108348,2.5290300860771757,0.9364231965304278,0.8728353375365066,0.9139454724945495
IMG_20190806_172900_leaf01.png,Healthy,0,0.27974413646055435,0.03155650319829424,0.007249466950959489,0.034541577825159916,0.03837953091684435,3.5780495429458012,0.962828409895987,0.9452759844199252,0.9229258960256895
IMG_20190806_172903_full.png,olive_peacock_spot,2,0.04756967885041952,0.08993152666602372,0.010656765358279486,0.030210242067701804,0.8498649821583566,3.3574143621315122,0.7250022814497348,0.1419354744797004,0.9825343291795434
IMG_20190806_172906_leaf00.png,Healthy,0,0.8602966540186271,0.040703690927906176,0.0,0.008968609865470852,0.05225939979303208,9.585190289465,0.9278920772722465,0.8770498335629777,0.9079813458886817
IMG_20190807_140606_leaf00.png,aculus_olearius,1,0.9464536024670591,0.0336417157275021,0.0,0.011774600504625737,0.014017381553125876,8.182249461745556,0.8969693077033617,0.8490524170441218,0.9507729177317484
IMG_20190807_140616_leaf00.png,aculus_olearius,1,0.6215586615840746,0.14315967810249894,0.0012706480304955528,0.5135535789919525,0.16010165184243966,6.565046245300296,0.906689337965821,0.8586922436711291,0.9037591144849589
IMG_20190807_140625_leaf00.png,aculus_olearius,1,0.08641084508582049,0.0010495244342407348,4.373018476003061e-05,0.05682737509565978,0.8858860828687001,8.140613767497285,0.7270178341720996,0.20664832069034011,0.9721416618917442
IMG_20190807_140630_leaf00.png,olive_peacock_spot,2,0.26873622336517267,0.6877296105804556,0.0007347538574577516,0.008633357825128581,0.029390154298310066,8.832603666035034,0.9314698914468684,0.8841095118734912,0.9451012329216337
IMG_20190807_140630_leaf01.png,Healthy,0,4.4445432120713797e-05,0.0,0.0,0.0,0.9970443787639726,2.4812566670338434,0.7290697466036435,0.19564425408709446,0.9780549208625167
IMG_20190807_140634_full.png,olive_peacock_spot,2,0.046596463921787984,0.060896422578370094,0.02305503538510178,0.08297867166030302,0.8681874559206206,4.651445727264656,0.7621687621724905,0.13340868609834175,0.9867327184838662
IMG_20190807_141317_leaf00.png,olive_peacock_spot,2,0.6279216677195198,0.21193935565382185,0.0,0.03253316487681617,0.11370814908401769,5.258431804939895,0.9595482259381464,0.9315080862461876,0.9361776415056948
IMG_20190807_141320_leaf00.png,olive_peacock_spot,2,0.5509094318394899,0.4288393024564035,0.0003750234389649353,0.12619538721170073,0.011438214888430527,8.409339708201088,0.9177434062536532,0.8839616035987495,0.9272108172191581
IMG_20190807_141323_full.png,aculus_olearius,1,0.7681521093285799,0.09292929292929293,0.027688651218062982,0.046583481877599524,0.03529411764705882,13.05835022435979,0.8772884420786262,0.8202114411514313,0.9293854391475492
IMG_20190807_141342_full.png,Healthy,0,0.7470198675496689,0.013576158940397352,0.06655629139072848,0.5521523178807947,0.0913907284768212,5.259866032477075,0.8982054133932529,0.8163533957403909,0.9003026114423951
IMG_20190807_141545_leaf00.png,olive_peacock_spot,2,0.21713810316139767,0.3517470881863561,0.0026622296173044926,0.013477537437603994,0.14459234608985025,7.7812293013961416,0.9268564129543806,0.8727496923290263,0.9393928545361432
IMG_20190807_141644_leaf00.png,olive_peacock_spot,2,0.7876871178578958,0.05228758169934641,0.0,0.3289057558507274,0.04680581910183428,4.482545279667501,0.9330788729257966,0.8928834672998558,0.912949997611676
IMG_20190807_142128_full.png,olive_peacock_spot,2,0.8199445983379502,0.002031394275161588,0.0,0.0123730378578024,0.07830101569713759,7.078097915174941,0.9292496764839893,0.8823746159399581,0.9216513686457873
IMG_20190807_142135_leaf00.png,olive_peacock_spot,2,0.10972143263217737,0.6540648095508812,0.03240477544059125,0.01648664013644116,0.07333712336554861,7.810294262582461,0.9600344036744625,0.9231836105683527,0.9355871670367075
IMG_20190807_142139_leaf00.png,aculus_olearius,1,0.8841433480608738,0.0009818360333824251,0.0,0.010800196367206676,0.061528391425298645,7.3726870102989865,0.9170253933176107,0.8699894405803006,0.9408513039970159
IMG_20190807_142143_full.png,olive_peacock_spot,2,0.9201321949876067,0.053704213715229966,0.0,0.12999173781327458,0.013494904984852658,4.127985422566695,0.9498964808545112,0.9209205635001445,0.9114423366700759
IMG_20190807_142232_leaf00.png,Healthy,0,0.18728935965334617,0.002407318247472316,0.008666345690900338,0.02888781896966779,0.13529128550794414,4.517551963006577,0.9675007237311104,0.9522035934845399,0.9222430805429791
IMG_20190807_142236_leaf00.png,Healthy,0,0.7360248447204969,0.10470275066548358,0.06078083407275954,0.06033717834960071,0.07630878438331855,2.858512543082048,0.97180501793354,0.9499981144345654,0.9169594431768382
IMG_20190807_142239_leaf00.png,aculus_olearius,1,0.14731091929739845,0.004949598599625762,0.0,0.020975433089877468,0.7982736765859841,5.812434575201204,0.7544897740222134,0.1542250078348992,0.9772768711291274
IMG_20190807_142239_leaf01.png,Healthy,0,0.8685208596713021,0.008849557522123894,0.0025284450063211127,0.02781289506953224,0.05941845764854614,1.962142978526337,0.988638409671704,0.9810016989975725,0.9051819703745857
IMG_20190807_142243_full.png,olive_peacock_spot,2,0.12244341423506953,0.5260430869920917,0.18871011726206707,0.01772566130351786,0.13007908371966184,6.880734871992806,0.950950761107318,0.9207674959775963,0.9393997709158322
IMG_20190807_142248_leaf00.png,Healthy,0,0.7523521505376344,0.005376344086021506,0.0010080645161290322,0.020833333333333332,0.06586021505376344,5.4016109311091665,0.9581259918300356,0.9338770882638708,0.9338219645090023
IMG_20190807_142301_leaf00.png,olive_peacock_spot,2,0.05620847028778169,0.09411430868547377,0.024994679467473812,0.0020809193880205255,0.823571141431578,2.4068816244590128,0.7359905289882744,0.13900258586149988,0.985105605858303
IMG_20190807_142304_full.png,olive_peacock_spot,2,0.11264245958123509,0.0009718172983479105,0.0,0.0002208675678063433,0.8547133138969873,3.7215843725813897,0.7992371341392654,0.21485902425946152,0.9815125689602937
IMG_20190807_142308_full.png,aculus_olearius,1,0.8280542986425339,0.031997414350355524,0.002585649644473174,0.24240465416936005,0.071590174531351,10.528469638545012,0.9177543528913664,0.8679421572816048,0.8904716663250187
IMG_20190807_142314_leaf00.png,olive_peacock_spot,2,0.26168597682780664,0.41070715141829806,0.005793048341989612,0.013184178985217739,0.10986815821014782,7.376968949014394,0.9338926978614657,0.8919908635363774,0.9412221614854361
IMG_20190807_143626_leaf00.png,Healthy,0,0.10820750121773015,0.007403799318071115,0.0008037018996590355,0.05153433999025816,0.8436921578178276,5.120573963674767,0.7523496787296189,0.15636364493569854,0.9785568935126224
IMG_20190807_143629_full.png,aculus_olearius,1,0.46434843695117667,0.003863716192483316,0.00017562346329469617,0.2579908675799087,0.3192834562697576,4.8212944607818,0.913239827189906,0.8700543003750687,0.948038429880594
IMG_20190807_143634_leaf00.png,Healthy,0,0.9246924692469247,0.0006000600060006001,0.0,0.1347134713471347,0.0639063906390639,5.141419790147767,0.9511740204806205,0.9265590326733089,0.9189276128641247
IMG_20190807_143637_full.png,olive_peacock_spot,2,0.1484820607175713,0.05574977000919963,0.0,0.011775528978840846,0.5413063477460902,6.416823000759383,0.9284032295102574,0.883415096216401,0.9374981431349904
IMG_20190807_143640_leaf00.png,aculus_olearius,1,0.8252804141501294,0.08239861949956859,0.0,0.02358354903652574,0.026171987345412713,8.745125320307315,0.9019642978331853,0.8524210730980986,0.9363881917480086
IMG_20190807_143643_leaf00.png,aculus_olearius,1,0.32711167352103765,0.004112622587788674,0.0,0.11072445428661816,0.4212274596646631,8.14207159234838,0.905168957618431,0.8612139903902719,0.9357542631245528
IMG_20190807_143648_leaf00.png,Healthy,0,0.5582218120289186,0.0767574219350869,0.1030610675280726,0.27749576988155666,0.1355176126749731,7.496406504995768,0.9136541110003003,0.8597607075649337,0.9234713702299453
IMG_20190807_143648_leaf01.png,Healthy,0,0.4693627450980392,0.0012254901960784314,0.003880718954248366,0.012867647058823529,0.07230392156862746,7.360578417724296,0.935110923070395,0.8946961541803469,0.9474157728857096
IMG_20190807_143700_leaf00.png,Healthy,0,0.4949028659357569,0.03769955760723216,0.13675706866705137,0.07443739180611655,0.29101750336603194,6.39430282935858,0.9302968843161837,0.8881909194096723,0.9308065609840258
IMG_20190807_143704_full.png,olive_peacock_spot,2,0.5158539834798828,0.13802291500133226,0.0030642152944311218,0.008926192379429789,0.13962163602451372,7.466439365501164,0.9175634217393597,0.8423089942026387,0.9447287428351043
IMG_20190807_143708_leaf00.png,olive_peacock_spot,2,0.178125,0.60078125,0.0,0.010416666666666666,0.11979166666666667,8.373220237128841,0.9485634331983234,0.9174650009693551,0.9407529279924551
IMG_20190807_143713_leaf00.png,olive_peacock_spot,2,0.8325147347740668,0.0036836935166994107,0.0,0.6719056974459725,0.03143418467583497,2.4128011307144153,0.9447640730846603,0.9076542334318476,0.9203355028217993
IMG_20190807_143717_leaf00.png,Healthy,0,0.20785714285714285,0.0035714285714285713,0.0,0.04285714285714286,0.07428571428571429,2.576911980297439,0.9790079577198003,0.9674558267636979,0.9115587407292589
IMG_20190807_143723_leaf00.png,Healthy,0,0.7332106715731371,0.020699172033118676,0.0,0.022539098436062558,0.05105795768169273,5.796993711247771,0.9690978564137276,0.9508535705946431,0.9328373954068362
IMG_20190807_143731_leaf00.png,aculus_olearius,1,0.2813104782969312,0.01271772186895217,0.11902128836051977,0.08542991429361349,0.3406137683162842,11.816338753075911,0.8884811281348555,0.8455677088922324,0.9326663019504784
IMG_20190807_143731_leaf01.png,aculus_olearius,1,0.897914379802415,0.04294731064763996,0.0,0.027991218441273325,0.03444017563117453,6.9160059720678815,0.9088565787110738,0.844951422925598,0.941115566236413
IMG_20190807_143735_full.png,aculus_olearius,1,0.3712492645616788,0.008040792312218083,0.0,0.01804275348107472,0.13434006667974113,8.124251045709592,0.929609582889644,0.8907526112743084,0.9356083976860956
IMG_20190807_143739_leaf00.png,olive_peacock_spot,2,0.15568332596196374,0.20787262273330384,0.005307386112339673,0.020344980097302078,0.44714727996461745,7.062681780844296,0.943191418419226,0.9005947285285545,0.9325530041210658
IMG_20190807_143739_leaf01.png,Healthy,0,0.22143390589992532,0.0014936519790888724,0.0011202389843166542,0.039581777445855115,0.10194174757281553,4.378816514532623,0.9644056386125206,0.9407518097669192,0.939588314773613
IMG_20190807_143743_leaf00.png,olive_peacock_spot,2,0.8567715102677411,0.05484793345463998,0.0,0.08162204315050689,0.03041330907200416,3.3689576156005323,0.9469447350621338,0.9128715842057136,0.9349733815834378
IMG_20190807_143747_leaf00.png,Healthy,0,0.8648813146682898,0.06786366402921486,0.005782105903834449,0.0155203895313451,0.04108338405356056,4.543594203376346,0.9550311626760385,0.9291848118540111,0.930856327141928
IMG_20190807_143751_full.png,aculus_olearius,1,0.7594351732991014,0.12426187419768935,0.0,0.025673940949935817,0.03337612323491656,7.050447388769061,0.9387467814252382,0.9142447220478462,0.9209223537667892
IMG_20190807_143756_leaf00.png,olive_peacock_spot,2,0.7786381234342974,0.10111591892507402,0.0004554771122751082,0.16306080619448873,0.0635390571623776,5.100542629521517,0.9433011392964454,0.9048438659196963,0.9357284961336862
IMG_20190807_143812_leaf00.png,Healthy,0,0.8368826461259629,0.03874037154508382,0.0033982782057091075,0.15949252378794743,0.09673765292251926,6.766169866963559,0.9375547907298037,0.905647998652468,0.9087866131315384
IMG_20190807_143814_leaf00.png,Healthy,0,0.8474479612204163,0.017393783860849728,0.000855431993156544,0.015112631879098944,0.05617336755061306,7.008755033791614,0.9561612452438585,0.9234391171743128,0.9402838023231531
IMG_20190807_143817_leaf00.png,aculus_olearius,1,0.3870925341745531,0.21280231335436384,0.007229232386961094,0.22108307045215564,0.20031545741324921,10.122811133982491,0.8932689831786315,0.8374204601111861,0.9288304061427187
IMG_20190807_143817_leaf01.png,Healthy,0,0.6737904422677352,0.014247551202137132,0.016325319085782133,0.29266844761056693,0.10715345799940636,4.757574647226855,0.9562990722584089,0.9273248305214296,0.9042264902329535
IMG_20190807_143817_leaf02.png,aculus_olearius,1,0.024429778858399906,0.14831538728725252,0.15225193933078615,0.0077573231446103974,0.4279263633205974,17.553564815887757,0.8727349612681645,0.7982328571092644,0.9645887310999276
IMG_20190807_143820_leaf00.png,olive_peacock_spot,2,0.030636292223095052,0.17706205813040063,0.05875883739198743,0.35946582875098193,0.6961508248232522,5.091832412509589,0.9077761827364794,0.8429880614714486,0.928784873299898
IMG_20190807_143824_leaf00.png,olive_peacock_spot,2,0.3712335216572505,0.5843926553672316,0.0024717514124293787,0.20209510357815444,0.027660075329566856,8.590945633599906,0.8907425536510397,0.8214629552379137,0.918530520138253
IMG_20190807_143828_leaf00.png,Healthy,0,0.7843343870741131,0.02897787144362487,0.05198454513523006,0.3198103266596417,0.09940288022479803,8.06949920792721,0.9145394632150652,0.8654990540891141,0.904480452144451
IMG_20190807_143833_leaf00.png,aculus_olearius,1,0.4661458333333333,0.1335720486111111,0.0,0.04513888888888889,0.09385850694444445,10.055623262585256,0.8769028171841794,0.8057827887737492,0.9445460729479676
IMG_20190807_143842_leaf00.png,aculus_olearius,1,0.7016666666666667,0.20243589743589743,0.007564102564102564,0.03923076923076923,0.03487179487179487,12.23710449814593,0.8945532982005162,0.8346720699591035,0.9152694481748753
IMG_20190807_143845_leaf00.png,Healthy,0,0.6039045553145336,0.03253796095444685,0.0034707158351409977,0.026030368763557483,0.0754880694143167,5.125530871627642,0.9677183065093309,0.9477757208588962,0.9278773534223117
IMG_20190807_143845_leaf01.png,olive_peacock_spot,2,0.9035002900792883,0.02823438406497776,0.0,0.11467801198994391,0.033262425062850515,3.4372451399496926,0.9326179512176798,0.8845070136662316,0.9469470247336076
IMG_20190807_143849_leaf00.png,Healthy,0,0.552,0.06768,0.05872,0.08848,0.1936,8.671715299175702,0.9120845008049681,0.8658626475601114,0.9311688365717418
IMG_20190807_143852_leaf00.png,Healthy,0,0.4782392851232831,0.1042528545424458,0.03839152738705941,0.28892933973192125,0.16514976005295384,8.055553285905425,0.9180495026850526,0.8709569363325274,0.9167006000585474
IMG_20190807_143856_leaf00.png,olive_peacock_spot,2,0.7378922237380627,0.12704638472032742,0.0,0.017394270122783082,0.0927694406548431,7.545901440948759,0.9243162977524174,0.8751481268620683,0.9339736421812733
IMG_20190807_143900_full.png,olive_peacock_spot,2,0.1847902097902098,0.7458041958041958,0.013111888111888112,0.011888111888111888,0.03374125874125874,9.899795115527821,0.9261424928447617,0.8787105953596479,0.9530125903153716
IMG_20190807_143905_leaf00.png,Healthy,0,0.8148285449490269,0.04837812789620018,0.0016682113067655235,0.20741427247451344,0.0613531047265987,6.468237607650735,0.9247968906925228,0.8850340953973941,0.9128971019733845
IMG_20190807_143916_leaf00.png,Healthy,0,0.4944794952681388,0.03811777076761304,0.0,0.030757097791798107,0.03916929547844374,7.856842206527116,0.9407388046177266,0.9168472403660459,0.906750330766656
IMG_20190807_143919_full.png,olive_peacock_spot,2,0.4090440418323759,0.448519664162616,0.0005891883929886581,0.16011194579466784,0.06215937546030343,8.047082167206097,0.912919788281972,0.8576307904175914,0.9368650943267868
IMG_20190807_143923_leaf00.png,olive_peacock_spot,2,0.46573242828990585,0.10028465075541931,0.003941318151959711,0.0709437267352748,0.1392599080359098,5.362593927274185,0.9387715257463601,0.9030629884723379,0.9177003027003308
IMG_20190807_143927_leaf00.png,Healthy,0,0.5009596928982726,0.046065259117082535,0.15547024952015356,0.015903482314230874,0.2667946257197697,5.44021930736755,0.9541975747820363,0.9218074275819051,0.9368511252524931
IMG_20190807_143930_leaf00.png,olive_peacock_spot,2,0.16519174041297935,0.7811209439528024,0.0,0.5135693215339233,0.02831858407079646,2.3817914519205106,0.9504672031670842,0.9213732095634428,0.92133739313859
IMG_20190807_143950_leaf00.png,olive_peacock_spot,2,0.1190603310197544,0.6569674319273893,0.1761879337960491,0.014682327816337427,0.025093432995194873,4.86640804131234,0.9591249536544137,0.9179405595246819,0.935825339705173
IMG_20190807_143954_leaf00.png,olive_peacock_spot,2,0.11492383461230099,0.010880769671286221,0.0,0.07256900698659947,0.8523193219562478,6.58498502453754,0.7705167732012473,0.1633927811349598,0.9757908986339519
IMG_20190807_143959_leaf00.png,olive_peacock_spot,2,0.16833229231730168,0.7570268582136165,0.03310430980637102,0.14209868831980013,0.016239850093691444,7.112997572692209,0.9495393327301793,0.9289798742970202,0.9214763545644511
IMG_20190807_144004_full.png,olive_peacock_spot,2,0.6484958154263741,0.060393576114001354,0.0,0.016512101334539696,0.13503732187287945,7.423574640704726,0.9348383208008275,0.9023957633580297,0.9102293488605935
IMG_20190807_144008_leaf00.png,aculus_olearius,1,0.5972413793103448,0.009482758620689655,0.0,0.018793103448275863,0.13655172413793104,8.846397745455372,0.9160465688333612,0.8773380930374144,0.9314447932270233
IMG_20190807_144020_leaf00.png,aculus_olearius,1,0.013265306122448979,0.0,0.0,0.00873015873015873,0.7617913832199547,9.172726224415076,0.8849231614361961,0.8161828014731678,0.9584460802477613
IMG_20190807_144024_full.png,olive_peacock_spot,2,0.6139661426844014,0.30290205562273276,0.0,0.34008464328899635,0.044135429262394194,2.7545230298914665,0.9551845551443964,0.9249751203487486,0.931452785204403
IMG_20190807_144028_leaf00.png,aculus_olearius,1,0.001248829222603809,0.12425850764907899,0.01966906025600999,0.11364345925694662,0.7536684358413986,12.258643501380725,0.8968911886892532,0.8545296606316799,0.9553132651716403
IMG_20190807_144033_leaf00.png,aculus_olearius,1,0.18519765640783892,0.06040810829012055,0.0065997710283520776,0.015522930837093407,0.6296720317866523,9.742260624498083,0.7177272613051344,0.1467035383006514,0.9653188956637563
IMG_20190807_144036_leaf00.png,olive_peacock_spot,2,0.35071942446043164,0.5195074709463199,0.045102379634753734,0.008301051466519093,0.0448256779192031,8.490337466048675,0.9140072818525691,0.845332543581383,0.9484444800326591
IMG_20190807_144049_leaf00.png,olive_peacock_spot,2,0.3227891156462585,0.004761904761904762,0.013605442176870748,0.02619047619047619,0.23095238095238096,6.502217785182222,0.9540340517158984,0.9328252176269834,0.9271501001943832
IMG_20190807_144053_leaf00.png,olive_peacock_spot,2,0.35530482977038796,0.2660332541567696,0.19596199524940616,0.1187648456057007,0.12430720506730007,5.8494841020229025,0.9426986220697935,0.892388371454626,0.937447995042866
IMG_20190807_144058_full.png,olive_peacock_spot,2,0.886739218057235,0.0592503022974607,0.0,0.4212011285771866,0.013704151551793631,1.8820981264185372,0.9668555289521302,0.9449180614048645,0.91896112688645
IMG_20190807_144101_full.png,Healthy,0,0.8219295244611701,0.058330482381115295,0.004789599726308587,0.22357167293876154,0.06363325350667123,5.548259836230024,0.9055088750762261,0.8538861592753831,0.9401551838093724
IMG_20190807_144105_leaf00.png,olive_peacock_spot,2,0.3001915097350782,0.6728375359080754,0.012448132780082987,0.06974146185764443,0.007819980849026492,6.658231857334023,0.9186454297597295,0.866681058599109,0.947658421326544
IMG_20190807_144116_leaf00.png,Healthy,0,0.7929724596391263,0.03812237145570479,0.06349206349206349,0.24528557861891195,0.07407407407407407,6.345908701312423,0.8792365937160649,0.8072522972273883,0.936419906431125
IMG_20190807_144119_leaf00.png,olive_peacock_spot,2,0.6450511945392492,0.0636518771331058,0.05426621160409556,0.3552901023890785,0.14982935153583618,8.223884929532144,0.8899733241500399,0.8324469194697932,0.9019481861120537
IMG_20190807_144125_leaf00.png,olive_peacock_spot,2,0.25936135998162185,0.28026648288536643,0.00045945325063174823,0.020445669653112796,0.3349414197105445,7.385707519037114,0.9447364092530068,0.9044613330463839,0.938708413132391
IMG_20190807_144129_full.png,olive_peacock_spot,2,0.5856673749275643,0.05118794668727062,0.11415877921576202,0.20745605563067412,0.16785783272165347,7.677400485461353,0.927611241553227,0.8841816558329825,0.9141924887102824
IMG_20190807_144132_leaf00.png,aculus_olearius,1,0.1726653283949221,0.03056348780005089,0.0,0.020271989595408407,0.7285193248324804,7.124602469048968,0.7626187567430639,0.16725582522983307,0.9699045712538259
IMG_20190807_144144_leaf00.png,olive_peacock_spot,2,0.006138392857142857,0.015465561224489796,1.992984693877551e-05,5.978954081632653e-05,0.9725566007653061,2.858409865325923,0.7632450849839574,0.24760571601666798,0.9705253205994316
IMG_20190807_144147_leaf00.png,olive_peacock_spot,2,0.00951181983494195,0.614351657574486,0.2723457826269408,0.024618827808085046,0.07105888935515457,10.94739456665695,0.9005050171641992,0.8489929511404165,0.9460680769138019
IMG_20190807_144147_leaf01.png,aculus_olearius,1,0.7355507986168286,0.0031286020088918164,0.0,0.007739173390416598,0.09336407047587683,8.48327865338944,0.9153829994881648,0.8699124827808288,0.9331467071576846
IMG_20190807_144151_leaf00.png,olive_peacock_spot,2,0.028262386601535242,0.9321353803210048,0.0003489183531053733,0.00732728541521284,0.025819958129797628,10.921997334635545,0.9222818528122507,0.8768174130746492,0.95367009201728
IMG_20190807_144155_leaf00.png,olive_peacock_spot,2,0.18404568901989682,0.5845615327929256,0.10887988209285188,0.07092851879145173,0.06282240235814296,7.293623054602838,0.9310586852379504,0.8835315121026107,0.9387677959745777
IMG_20190807_144155_leaf01.png,olive_peacock_spot,2,0.0006337135614702154,0.9146599070553443,0.029784537389100127,0.016265314744402196,0.03189691592733418,7.9374479137979925,0.9387506896204391,0.8975437018242,0.9475226550802421
IMG_20190807_144158_leaf00.png,olive_peacock_spot,2,0.23366052190567393,0.7021785970792435,0.010294469715106535,0.02058893943021307,0.02441943978932248,8.794838791846296,0.9437403784971504,0.9085936175170759,0.9306431328687769
IMG_20190807_144158_leaf01.png,olive_peacock_spot,2,0.0,0.7930142302716688,0.0901250539025442,0.009055627425614488,0.00646830530401035,9.492389752986208,0.9463129380918112,0.899906552524133,0.94782224312257
IMG_20190807_144210_leaf00.png,Healthy,0,0.5839727195225917,0.0008525149190110827,0.0017050298380221654,0.01875532821824382,0.09178743961352658,6.521425319437775,0.947915625588656,0.9205032644011631,0.9342832468051381
IMG_20190807_144212_leaf00.png,aculus_olearius,1,0.9432205314558256,0.006586418351124233,0.0,0.3840563252327958,0.028616852146263912,2.782222879665807,0.9350028920117586,0.8979585329435825,0.9323834679328732
IMG_20190807_144216_leaf00.png,aculus_olearius,1,0.9332749945307373,0.0,0.0,0.014438853642528986,0.04200393786917524,5.606968572182144,0.9412129709429339,0.9021340950303538,0.9446725395158021
IMG_20190807_144220_full.png,olive_peacock_spot,2,0.7019904165130851,0.257095466273498,0.0,0.5665315149281238,0.023405823811279026,4.201034667488858,0.9296487750005622,0.8790779318380405,0.9131988325302964
IMG_20190807_144223_leaf00.png,Healthy,0,0.7832618025751072,0.05193133047210301,0.005150214592274678,0.028755364806866954,0.028755364806866954,5.2717061772966245,0.9666802789145554,0.9467141270348894,0.9228764654735557
IMG_20190807_144233_leaf00.png,Healthy,0,0.5365796283227476,0.3215713949658904,0.0,0.07609974123735591,0.04328393319219007,8.968488300804795,0.8898188001184705,0.8213054156980601,0.9423480276959977
IMG_20190807_144236_leaf00.png,Healthy,0,0.671017101710171,0.0009000900090009,0.0009000900090009,0.036003600360036005,0.0747074707470747,3.268203674622624,0.9732525110089858,0.9496452134087143,0.9197057023008779
IMG_20190807_144236_leaf01.png,olive_peacock_spot,2,0.07321933485929716,0.09139625690049819,0.032152955432880034,0.017234414972398006,0.8012925811229299,5.79779404970855,0.6696852504078578,0.1628591146868698,0.9744898417886784
IMG_20190807_144239_leaf00.png,olive_peacock_spot,2,0.5585719598363704,0.32521383413908517,0.0334696913350688,0.06842692450725177,0.0476013387876534,8.125592061591622,0.9240344896767194,0.8840324540904789,0.9205544661380365
IMG_20190807_144242_leaf00.png,olive_peacock_spot,2,0.002004008016032064,0.6644718007443459,0.2399083882049814,0.013169195533924993,0.046378471228170626,6.813717005429172,0.9593009537192614,0.9246415945846069,0.9136940193801576
IMG_20190807_144242_leaf01.png,olive_peacock_spot,2,0.6056199646295932,0.2470033405384162,0.06366673216741993,0.344075456867754,0.06170170956966005,8.332349915647313,0.9108811792233062,0.8421189725536995,0.8830906439411988
IMG_20190807_144245_leaf00.png,olive_peacock_spot,2,0.2755885363357216,0.5030706243602866,0.08955987717502559,0.22876151484135107,0.09442169907881269,3.570091224226792,0.9511081843822805,0.914933181506931,0.9333975890555093
IMG_20190807_144254_leaf00.png,Healthy,0,0.5380311243224339,0.08690330477356181,0.014513026752928834,0.08253191117328204,0.17170834061898935,6.998430121876119,0.9221615125464698,0.8792284574812821,0.9344513736466884
IMG_20190807_144258_leaf00.png,Healthy,0,0.8789988397149013,0.03182496270512183,0.007956240676280457,0.2061992375269352,0.05668821481849826,10.90371417193958,0.9147795068239684,0.8705992804456604,0.8949595154557142
IMG_20190807_144258_leaf01.png,olive_peacock_spot,2,0.5350509286998203,0.38605951667665267,0.013181545835829839,0.01817455562212902,0.04074295985620132,7.616614846179735,0.92475451434426,0.8921536323224522,0.9359149309938879
IMG_20190807_144301_leaf00.png,olive_peacock_spot,2,0.42235649546827797,0.2824773413897281,0.0404833836858006,0.012084592145015106,0.06283987915407856,6.31725882186254,0.9565635523779858,0.9273608451989765,0.9282723132607469
IMG_20190807_144304_full.png,aculus_olearius,1,0.7891360136869119,0.04077559167379527,0.00014257199885942402,0.4078984887368121,0.07285429141716566,8.219816408367201,0.8929342910436107,0.8414322536669074,0.9049632096100082
IMG_20190807_144307_leaf00.png,olive_peacock_spot,2,0.10778817698433703,0.020523061376705242,0.0007458556889541178,0.08432981257368333,0.8567957077208094,5.903369565099203,0.7142376486752338,0.1380424189970541,0.9847431908424878
IMG_20190807_144311_leaf00.png,aculus_olearius,1,0.8267760322535799,0.06033643820380926,0.0,0.010704851939385513,0.05227304323647991,7.838345263941875,0.9060118263862147,0.8483014879409564,0.9503354402662854
IMG_20190807_144316_full.png,olive_peacock_spot,2,0.1511500547645126,0.06133625410733844,0.0,0.007667031763417305,0.5303395399780942,5.311887602143248,0.9405414261830376,0.9021501842762757,0.9398080201619268
IMG_20190815_131359_leaf00.png,olive_peacock_spot,2,0.4635380321004885,0.4982554082344731,0.005931612002791347,0.06786461967899511,0.023203070481507326,5.439661033868429,0.9251377141938241,0.8781564322461219,0.9424107243171392
IMG_20190815_131408_leaf00.png,Healthy,0,0.30172970645230746,0.016938204263259888,0.0045934113256297995,7.177205196296562e-05,0.6620254073063949,3.9313719224754538,0.8188798524390756,0.30159403269083357,0.9765036453624609
IMG_20190815_131411_full.png,Healthy,0,0.20882823687979107,0.015584196782073961,0.2987111448066717,0.07876337292561705,0.32811052143880043,9.068738002056428,0.8808716757640073,0.7513540716303173,0.9505129366036482
IMG_20190815_131414_leaf00.png,aculus_olearius,1,0.7133290816326531,0.17107780612244897,0.0033482142857142855,0.3235012755102041,0.03587372448979592,8.48521920410091,0.8888453225372874,0.8439908301084365,0.906594824907708
IMG_20190815_131417_leaf00.png,olive_peacock_spot,2,0.0002576655501159495,0.7070342695181654,0.04444730739500129,0.007987632053594434,0.11337284205101777,14.240837810632604,0.8994858600396424,0.8357786108066684,0.9542832634566943
IMG_20190815_131417_leaf01.png,aculus_olearius,1,0.6775264577713218,0.10728366881095663,0.0029051670471052084,0.1550114131562565,0.06017846026146503,6.189144157576665,0.9314238926029184,0.8963752454670302,0.9254350721030244
IMG_20190815_131420_leaf00.png,aculus_olearius,1,0.8133359952086244,0.029746456378518665,0.0003992812936713915,0.07586344579756438,0.04751447394689559,9.678657076403908,0.9218267136244875,0.891801533230054,0.9131569855915913
IMG_20190815_131425_full.png,aculus_olearius,1,0.6870249366582211,0.20656087478330443,0.0006667555674089878,0.0220029337244966,0.054673956527537,11.282817296459505,0.8851797364501794,0.8416141884740159,0.9379804426730323
IMG_20190815_131429_leaf00.png,Healthy,0,0.4094372081592529,0.0009830425165888424,0.0,0.014499877119685426,0.09093143278446793,7.375594280916751,0.9433398312980825,0.9123329646005574,0.9147658933398148
IMG_20190815_131439_full.png,Healthy,0,0.13754080522306855,0.0058759521218716,0.2267682263329706,0.10369967355821545,0.4008705114254625,7.444762877339458,0.8874303879665603,0.797517291835147,0.9462885391967204
IMG_20190815_131449_full.png,olive_peacock_spot,2,0.001557632398753894,0.9292389853137517,0.028037383177570093,0.01579884290164664,0.016243880729862038,4.733518612256826,0.9548284967763032,0.9038466388297641,0.9596654382387799
IMG_20190815_131452_full.png,Healthy,0,0.7615303983228512,0.008385744234800839,0.0005241090146750524,0.06761006289308176,0.14334381551362682,6.652558492351595,0.9498747980255438,0.9174068800633971,0.9124901477889521
IMG_20190815_131507_leaf00.png,Healthy,0,0.2884328358208955,0.3326492537313433,0.0026119402985074628,0.06884328358208955,0.10988805970149254,8.570287838315531,0.9267689287403462,0.8850382058357211,0.9135696538582236
IMG_20190815_131510_leaf00.png,olive_peacock_spot,2,0.19276780859162587,0.6998368678629691,0.015225666122892877,0.1533442088091354,0.03507340946166395,2.582080969676563,0.9510814956269225,0.9168921865282462,0.9441953165204152
IMG_20190815_131512_leaf00.png,olive_peacock_spot,2,0.39799599198396796,0.5338677354709419,0.0,0.015831663326653308,0.03507014028056112,7.688643994161821,0.9341273248814512,0.8931280368524027,0.9437818300244538
IMG_20190815_131512_leaf01.png,olive_peacock_spot,2,0.2024983563445102,0.6768573307034845,0.006574621959237344,0.017422748191978962,0.08974358974358974,6.15007715098793,0.9572466058722335,0.9326293998707356,0.9282364172290938
IMG_20190815_131515_leaf00.png,olive_peacock_spot,2,0.005493387589013225,0.604883011190234,0.350559511698881,0.009562563580874872,0.016683621566632757,9.223467152900922,0.926941433024812,0.894961578729711,0.9362521591106705
IMG_20190815_131518_leaf00.png,aculus_olearius,1,0.6184866334390575,0.10602628001812416,0.0007551729346020238,0.24558223833257817,0.05935659265971908,7.827384424794195,0.8785194262209635,0.8264595933037835,0.9276878946199926
IMG_20190815_131521_leaf00.png,aculus_olearius,1,0.8523007006248816,0.0030297292179511455,0.0,0.012497633024048476,0.07157735277409581,11.63812563228094,0.9210664600545304,0.8811458525078831,0.9209984198218701
IMG_20190815_131524_leaf00.png,olive_peacock_spot,2,0.3196707542415589,0.657147656643709,0.0,0.007223248782126658,0.014782462623887115,10.730128796947962,0.9215145134827609,0.8729561500986656,0.9515369810894829
IMG_20190815_131527_leaf00.png,aculus_olearius,1,0.6262539409572944,0.13155631986242478,0.00821629884398586,0.42562338779019776,0.10490111779879621,12.275907812676257,0.8287426386740125,0.7589196300720589,0.9059627166661298
IMG_20190815_131539_full.png,olive_peacock_spot,2,0.3352502331364625,0.5303077401305564,0.0671433012123096,0.022225676095741373,0.05533105377681069,7.43212406987617,0.9108332545035218,0.8631833094301418,0.9414390480413155
IMG_20190815_131541_leaf00.png,olive_peacock_spot,2,0.23946840521564694,0.6797893681043129,0.019558676028084254,0.012788365095285857,0.030591775325977934,7.619253125534296,0.9439704235693666,0.9137161187866059,0.9386083210444567
IMG_20190815_131544_leaf00.png,Healthy,0,0.5607923497267759,0.07422586520947176,0.02390710382513661,0.10837887067395265,0.26821493624772313,6.894526528272419,0.9367839950276688,0.9048608993821535,0.9168687213490588
IMG_20190815_131548_leaf00.png,Healthy,0,0.8299219555293771,0.048004712118981004,0.04402886172875865,0.343690178176999,0.05890148726255338,7.441669024888169,0.9126653026513772,0.8423590607661728,0.9114974218262395
IMG_20190815_131548_leaf01.png,aculus_olearius,1,0.3193656673226068,0.015626808658409538,0.09653895126750782,0.15545780761662228,0.3273527028591272,9.945232400479746,0.8599454904620734,0.7965318853406744,0.9344259826182633
IMG_20190815_131550_full.png,olive_peacock_spot,2,0.9546204620462047,0.0,0.0,0.5269526952695269,0.021177117711771175,1.9419487051460629,0.9487760820102157,0.9119682684704159,0.9346382261612769
IMG_20190815_131554_leaf00.png,olive_peacock_spot,2,0.47353463587921846,0.35648312611012434,0.003019538188277087,0.008880994671403197,0.07513321492007105,7.898915764563686,0.9269832011643592,0.8798706135611838,0.9451917923165947
IMG_20190815_131556_leaf00.png,olive_peacock_spot,2,0.018879987213553634,0.06345274009549877,0.009949453579206041,0.004854853854913792,0.9009250194793519,3.327686592703664,0.7382104418752939,0.2234302598205249,0.9707076203772069
IMG_20190815_131605_full.png,olive_peacock_spot,2,0.44890673806336456,0.52104715156924,0.0,0.007437156031533542,0.011453220288561654,10.860230572480564,0.9183326990090482,0.8557662996396553,0.94730637856265
IMG_20190815_131607_leaf00.png,olive_peacock_spot,2,0.5012537612838516,0.4079739217652959,0.02683049147442327,0.02357071213640923,0.052908726178535606,6.889105034045203,0.9428372474509692,0.9137165270035339,0.9287669452008251
IMG_20190815_131609_leaf00.png,Healthy,0,0.2429004687069203,0.0008271298593879239,0.0011028398125172319,0.019575406672180867,0.08050730631375792,8.193874309382117,0.9485614669684274,0.9186999810463949,0.9407499113804761
IMG_20190815_131612_leaf00.png,aculus_olearius,1,0.5730517310519984,0.010159069643095842,0.01296618099184601,0.18526934901751102,0.19034888383905896,9.24290418349101,0.8822887158606199,0.831577715570708,0.9387660173830363
IMG_20190815_131616_full.png,Healthy,0,0.2850967007963595,0.0009101251422070534,0.008873720136518772,0.010693970420932878,0.049146757679180884,7.963827763340426,0.9411752908719414,0.9035874921211658,0.9561705200969378
IMG_20190815_131618_leaf00.png,olive_peacock_spot,2,0.8469433288710397,0.004462293618920125,0.0,0.04506916555109326,0.03971441320838911,2.969817314214369,0.9654452036201685,0.9500642506475114,0.9336083941020433
IMG_20190815_131621_leaf00.png,olive_peacock_spot,2,0.20153061224489796,0.49489795918367346,0.01942700156985871,0.014717425431711145,0.06927001569858712,6.783373758264807,0.9457053910601704,0.8909378145238575,0.9537637289825358
IMG_20190815_131627_leaf00.png,aculus_olearius,1,0.11946236559139785,0.000967741935483871,0.0,0.053655913978494625,0.4667741935483871,10.332678964565915,0.8692455522925432,0.805088973857005,0.9423484026632942
IMG_20190815_131630_leaf00.png,olive_peacock_spot,2,0.9404674046740468,0.015498154981549815,0.0,0.2602706027060271,0.03567035670356704,2.734356656598445,0.9358909153333712,0.9004352881837503,0.9373211113844883
IMG_20190815_131630_leaf01.png,olive_peacock_spot,2,0.010686164229471317,0.9710348706411699,0.0,0.010404949381327334,0.007311586051743532,8.95522810495341,0.9497342451984866,0.9210190446250188,0.9300606110752612
IMG_20190815_131632_full.png,aculus_olearius,1,0.13663220088626293,0.05343266328431058,0.0006743304861601695,0.007546079249887611,0.8060497077901226,6.89656287230308,0.729245325342845,0.24230875609414776,0.9640450257415603
IMG_20190815_131635_leaf00.png,Healthy,0,0.9606038291605302,0.008100147275405008,0.0,0.6115611192930781,0.015463917525773196,1.7669440943848937,0.9654937689041723,0.9370920771954384,0.914818663718725
IMG_20190815_131635_leaf01.png,olive_peacock_spot,2,0.3355809635493013,0.08032834945763706,0.032150884393628454,0.007622398123717385,0.2154793315743184,8.7606105934093,0.8834755615421819,0.7844314565366739,0.9549194265348476
IMG_20190815_131638_full.png,olive_peacock_spot,2,0.3275313097007005,0.6440246232222459,0.010401188707280832,0.01528337932498408,0.00912757376353216,6.657158383360098,0.9412187813807018,0.898246480387423,0.9510420562614308
IMG_20190815_131641_leaf00.png,olive_peacock_spot,2,0.378360511238431,0.30652269722344644,0.04252974878801234,0.019612163948876157,0.0502423975319524,7.528726491458805,0.9401213634398724,0.9015435911689963,0.9348751745201518
IMG_20190815_131644_full.png,aculus_olearius,1,0.798053024026512,0.003935376967688484,0.0,0.06897265948632975,0.08057166528583264,9.437919135401406,0.9234035301382089,0.8964310155677624,0.916131729231722
a237_leaf00.png,aculus_olearius,1,0.7934990439770554,0.09241555130656469,0.006798385383471425,0.5011684724877842,0.08009347779902273,6.271363948304272,0.9118719276918614,0.87189539329136,0.8755273724957284
100_leaf00.png,Healthy,0,0.636307118433323,0.0006216972334473111,0.003108486167236556,0.015853279452906436,0.05253341622629779,6.542303077017169,0.9566343320481929,0.9288699155339483,0.9323457077665704
101_leaf00.png,olive_peacock_spot,2,0.006868131868131868,0.37637362637362637,0.39697802197802196,0.03571428571428571,0.07417582417582418,2.615284745754079,0.9860471123919927,0.981726239093982,0.8612291853463843
102_leaf00.png,aculus_olearius,1,0.1690921690921691,0.001848001848001848,0.0,0.011088011088011088,0.31554631554631557,5.3409863967145155,0.9432467066432513,0.9075465375525302,0.9346467289376517
103_leaf00.png,aculus_olearius,1,0.5622947653080935,0.3332045586246861,0.0019316206297083252,0.020088854548966584,0.02974695769750821,9.290261614951055,0.9242979443809163,0.8870020177201051,0.9158568284959825
104_leaf00.png,Healthy,0,0.09350912778904666,0.005679513184584178,0.007707910750507099,0.05476673427991886,0.7052738336713996,7.231161417222844,0.9377049489110899,0.8934199815504659,0.9319914044248974
105_leaf00.png,Healthy,0,0.5110332749562172,0.022066549912434327,0.0021015761821366026,0.02276707530647986,0.08441330998248686,6.661094786741758,0.9596295008208944,0.9359045954071461,0.9299997716993162
106_leaf00.png,olive_peacock_spot,2,0.34704005671747606,0.014533853243530664,0.04005671747607231,0.6469337114498405,0.3206309819213045,7.406513057965334,0.9411383276297286,0.8778590344417998,0.8775883884199999
107_leaf00.png,Healthy,0,0.7535439449169704,0.2023086269744836,0.0,0.017213446739570676,0.020048602673147023,6.846877232912698,0.9389343223535196,0.892663393767487,0.9366998703001024
108_leaf00.png,olive_peacock_spot,2,0.0003762227238525207,0.7682468021068473,0.05831452219714071,0.005267118133935289,0.019375470278404815,10.09191624864819,0.9278639668791611,0.8864220929725576,0.9517109737441256
109_leaf00.png,Healthy,0,0.5374880611270296,0.01886341929321872,0.0,0.018147086914995225,0.03868194842406877,8.341000663804461,0.9400540106534727,0.9076807886195964,0.9436391080556881
109_leaf01.png,olive_peacock_spot,2,0.9310228802153432,0.05164872139973082,0.0,0.14586137281292058,0.009421265141318977,3.5383076350581053,0.9255716896786617,0.8719458335751331,0.9525882121019561
10_leaf00.png,olive_peacock_spot,2,0.0,0.03516228748068006,0.33500772797527045,0.01294435857805255,0.06588098918083463,10.628530312176315,0.9321267605821968,0.8884624162057931,0.9390041184293934
110_leaf00.png,Healthy,0,0.43033403551008126,0.05466947537365834,0.14003410572775604,0.2798675895275354,0.2027284582204835,9.193711958955486,0.8420271464470405,0.7629500851858227,0.9283805688211119
111_leaf00.png,aculus_olearius,1,0.0012512164604476575,0.11344362574725428,0.02349506464618379,0.12470457389128319,0.7592103433894064,12.41187929552593,0.8871830990145804,0.839665084666836,0.9566235277758223
111_leaf01.png,Healthy,0,0.7874784606547961,0.06921309592188397,0.03991958644457209,0.012923607122343481,0.08299827685238369,4.720062345824768,0.9514236784319011,0.9251676628531967,0.9244149418452273
112_leaf00.png,aculus_olearius,1,0.12832244522534847,0.03676800075469918,0.003065965425343742,0.04212164807433787,0.8283766892290276,8.240003616141117,0.6998700778600049,0.13592627006416813,0.9683517993432941
113_leaf00.png,aculus_olearius,1,0.8171825647504738,0.04560960202147821,0.0,0.042072015161086544,0.02476310802274163,9.993209816264956,0.8869681039725665,0.8329027339517895,0.9387812319042717
114_leaf00.png,Healthy,0,0.8923308270676692,0.01443609022556391,0.0,0.08691729323308271,0.05263157894736842,2.508370343221772,0.9592807480538841,0.9285438073577231,0.9423443487218012
114_leaf01.png,olive_peacock_spot,2,0.20893997445721585,0.7642401021711367,0.008173690932311623,0.0962962962962963,0.010217113665389528,7.230024986883119,0.941709711588783,0.914174128932345,0.9399293164703155
115_full.png,aculus_olearius,1,0.8825708464530468,0.06779033154287831,0.025189849972217078,0.056677162437488424,0.011113169105389887,5.789588366823006,0.9151307480601494,0.8848068850550385,0.934425183108264
116_full.png,Healthy,0,0.47321978247486146,0.020726451877693414,0.004104247896572953,0.09255079006772009,0.30987071619125794,6.671517099854613,0.9293979018269798,0.8956552642360678,0.9359303988840475
117_leaf00.png,olive_peacock_spot,2,0.5577680018522806,0.31118314424635335,0.00949293818013429,0.012271359110905301,0.07270201435517482,5.3499711533025724,0.9461271924244111,0.9058068954471526,0.9378239543411631
118_leaf00.png,aculus_olearius,1,0.2670299727520436,0.07486017496056217,0.0,0.06324394091495769,0.3849132367704001,6.965778142491744,0.9003600434585711,0.8524110795308533,0.9393163654053087
119_leaf00.png,aculus_olearius,1,0.7259786476868327,0.10320284697508897,0.0004908577739599951,0.2294760093262977,0.11829672352435881,13.28358500178215,0.8806120549618194,0.825408162361277,0.9215798103919354
11_leaf00.png,aculus_olearius,1,0.693712316968131,0.0024117140396210162,0.0,0.5422911283376399,0.16106804478897502,5.638663478930636,0.9189191877590792,0.8761786828875073,0.8904336202657984
120_leaf00.png,Healthy,0,0.35793691830403307,0.22220785935884177,0.0,0.01796794208893485,0.203205791106515,10.848486923011402,0.8938448032308108,0.8357464096600181,0.9371552934665415
121_leaf00.png,olive_peacock_spot,2,0.4068458893404189,0.5200062519537355,0.003751172241325414,0.052047514848390125,0.04016880275085964,8.66045516818296,0.9070453496427395,0.8632316649121748,0.9335020928130883
122_leaf00.png,olive_peacock_spot,2,0.02336328626444159,0.8164313222079589,0.11116816431322207,0.01668806161745828,0.023106546854942234,7.950995534898836,0.9498092131856369,0.9158163699645413,0.9401688430231027
123_full.png,aculus_olearius,1,0.2935745937961595,0.0,0.0,0.02843426883308715,0.5491137370753324,7.818192750107779,0.9293569229002961,0.8845008292125627,0.9553783599963741
124_leaf00.png,Healthy,0,0.8304326205867727,0.04508536383225593,0.002486325211337643,0.018067296535720204,0.09133101276313609,10.12674307606768,0.9249141202166516,0.8713154646910723,0.9207546225673329
125_leaf00.png,Healthy,0,0.864247598719317,0.0384204909284952,0.0012806830309498398,0.009391675560298827,0.0712913553895411,7.202186950150736,0.940208936932882,0.900391415495579,0.931643205846377
125_leaf01.png,Healthy,0,0.7920427334684104,0.02928716153987843,0.020261558298029104,0.006999447412046418,0.07386258979554246,8.866258576559101,0.9376983588863699,0.8851320756003779,0.9527323409897315
126_leaf00.png,aculus_olearius,1,0.7917744120182244,0.06403152321142716,0.005294914419406477,0.36670360793005785,0.045560891515823175,10.404784520741446,0.8789661149152421,0.8247784881161924,0.9076230856860719
126_leaf01.png,olive_peacock_spot,2,0.28886028886028886,0.07436007436007436,0.0,0.013299013299013299,0.3592163592163592,7.228144901458198,0.9077501179090746,0.8520301184305928,0.9457026784281872
127_leaf00.png,aculus_olearius,1,0.7604248623131392,0.0936270653029111,0.0,0.01770259638080252,0.06982690794649882,8.722269985520734,0.927911839017011,0.889834787903864,0.9020592472423699
128_full.png,olive_peacock_spot,2,0.4312876052948255,0.5176895306859206,0.01131167268351384,0.02190132370637786,0.025752105896510228,7.818718458407678,0.9430028161304471,0.9096157141277799,0.928746161276655
129_leaf00.png,aculus_olearius,1,0.5148115878893488,0.07547375299499019,0.006425615334349815,0.051078196471357,0.36811152254410806,6.469259901269954,0.6969015489121708,0.24736417156106488,0.9731047796217789
12_leaf00.png,aculus_olearius,1,0.6770833333333334,0.22130102040816327,0.0006377551020408163,0.049107142857142856,0.04060374149659864,4.871720426269743,0.9401054463733804,0.899001939035978,0.9334844888717424
130_leaf00.png,aculus_olearius,1,0.8365835596149099,0.05628239940755369,0.0,0.048136262651197234,0.0540607257467292,6.8728271448281255,0.9347998021589793,0.9129297068693769,0.9221484611415323
131_leaf00.png,aculus_olearius,1,0.8527308192457738,0.08355006501950585,0.0,0.04757260511486779,0.036194191590810575,7.273367319504406,0.8807452882549895,0.8064474262876165,0.9427400717376082
132_leaf00.png,Healthy,0,0.8490346592230751,0.04652244708071645,0.02209816236334031,0.24145150034891835,0.04512677366829495,4.8513464781392885,0.9351398137397529,0.9050092462999599,0.9222306709738113
133_leaf00.png,olive_peacock_spot,2,0.5855836699978737,0.21454390814373803,0.04316393791197108,0.5345524133531788,0.0827131618116096,6.29317479622051,0.9397873127315466,0.8821552718216275,0.8919404697945847
134_leaf00.png,olive_peacock_spot,2,0.9702630575676706,0.0,0.0,0.43080442241707967,0.01677468547464735,1.7245506364843126,0.9647456202407472,0.9421784147348671,0.926397454119674
135_leaf00.png,olive_peacock_spot,2,0.8093590377327402,0.0896358543417367,0.001812489701763058,0.029329378810347667,0.07233481627945296,6.279192821488615,0.9220330369989834,0.871117304420636,0.9317293605097738
136_leaf00.png,aculus_olearius,1,0.35819492322156066,0.03603885929175807,0.019116264493889062,0.26856784706988407,0.455969915387026,5.468955717850988,0.9442276480045044,0.925079945204462,0.9025008386976631
137_leaf00.png,Healthy,0,0.5693842967426097,0.034268499340990397,0.0016945961212577669,0.025230653360948974,0.1980794577292412,6.4670762212265505,0.9233334631587526,0.8873326371554735,0.9282262672462618
138_leaf00.png,olive_peacock_spot,2,0.0377906976744186,0.5440891472868217,0.35497416020671835,0.013727390180878552,0.045542635658914726,13.76261197174578,0.9158194592883732,0.8667222262688076,0.9408433454612355
138_leaf01.png,olive_peacock_spot,2,0.3013986013986014,0.39895104895104894,0.12832167832167832,0.012762237762237762,0.07482517482517483,7.35745419675273,0.9226571987264737,0.8783518473029686,0.952143864467464
139_leaf00.png,Healthy,0,0.6910457963089542,0.021872863978127138,0.0,0.025290498974709502,0.07997265892002735,3.7657869201491745,0.9772067307848564,0.965555956020322,0.9187266340004691
13_leaf00.png,Healthy,0,0.46735024284943333,0.026227738801942794,0.19881273610361574,0.0850512682137075,0.24295736643281166,8.460423952695733,0.8826344009402458,0.7991255373147594,0.9435594434929262
140_leaf00.png,aculus_olearius,1,0.7224358974358974,0.0029914529914529917,0.0,0.08739316239316239,0.13012820512820514,9.534679174360065,0.9265442363223639,0.8992806094987524,0.9157996890597869
141_leaf00.png,olive_peacock_spot,2,0.0017840115653163546,0.014425886622989142,0.0006766940420165483,0.0,0.9651194980160561,1.6097108654172279,0.8001809705906953,0.2577199692582762,0.9751987719524897
142_full.png,aculus_olearius,1,0.8785947227986955,0.061962644530091905,0.0,0.029943670323154464,0.030091906314853246,5.0146830097164115,0.9183236655145246,0.856415508253238,0.941817920926574
143_leaf00.png,olive_peacock_spot,2,0.17207869163308842,0.28750888836217114,0.11471912775539227,0.019909931263332542,0.2645176582128467,5.972563978161,0.9422829038168063,0.9086410128647944,0.9390525704234556
144_leaf00.png,olive_peacock_spot,2,0.015187260395163668,0.8964907107048068,0.03450309643173105,0.006930109112356237,0.03686228251253318,7.323483938245739,0.9199936299444846,0.8568945206855889,0.9505434707819224
145_leaf00.png,Healthy,0,0.11785260482846252,0.006670902160101652,0.23369335027530708,0.11351122405760271,0.45383312155866157,7.4149285576595405,0.8862340758088456,0.7918415309468052,0.9474353229764961
146_leaf00.png,aculus_olearius,1,0.6968275245755139,0.00022341376228775692,0.0,0.06300268096514745,0.04714030384271671,6.615970471924408,0.9322831135831646,0.9039649395260103,0.9152410788249982
147_leaf00.png,olive_peacock_spot,2,0.051279496173469385,0.03665098852040816,0.0001793686224489796,0.0,0.9091796875,2.780746779351628,0.8086225540425911,0.23755399182932177,0.9713305338013777
148_leaf00.png,olive_peacock_spot,2,0.7583521213363394,0.009838081574093051,0.0,0.11600737856118057,0.1287149005943841,5.50088057385758,0.9361845728793697,0.8960017683146275,0.9369360517890706
149_leaf00.png,Healthy,0,0.7849462365591398,0.03435615001311303,0.026488329399423027,0.08025177025963807,0.08130081300813008,5.104594845440678,0.9484980108841367,0.9174327731089653,0.9261144854052995
14_leaf00.png,olive_peacock_spot,2,0.0,0.03218670280612245,0.00466358418367347,0.0,0.058514030612244895,1.4762771808447446,0.7748187545868872,0.23744908466325057,0.9786794709205979
150_leaf00.png,olive_peacock_spot,2,0.4186203787195672,0.2657799819657349,0.23016230838593327,0.23647430117222723,0.06357078449053201,5.40597339962191,0.9298564675836714,0.8948494500666477,0.9106304676281332
151_leaf00.png,Healthy,0,0.4082815734989648,0.005797101449275362,0.0018633540372670807,0.010351966873706004,0.05217391304347826,8.615202494847365,0.9342636334779748,0.8939287166056771,0.9443075089797858
152_leaf00.png,olive_peacock_spot,2,0.4244663382594417,0.4819376026272578,0.02928297755883963,0.02353585112205802,0.053366174055829226,7.640384769378402,0.9467136512302454,0.9209823711014189,0.9250190235658308
153_leaf00.png,Healthy,0,0.5173820793210381,0.0037538762852945976,0.0,0.5201566835319079,0.08911375877264567,6.160935901179936,0.9290261077968222,0.8694498821840264,0.9033539099184584
154_leaf00.png,olive_peacock_spot,2,0.007075095663265306,0.01833545918367347,5.978954081632653e-05,5.978954081632653e-05,0.9680125956632653,2.9136917594737204,0.7723474520100904,0.23222614295446262,0.9737171008538529
155_leaf00.png,Healthy,0,0.45267208208636167,0.007097050021376657,0.0,0.028986746472851647,0.23129542539546816,13.386129190810129,0.8364595459883253,0.7562852792513964,0.9375657256852579
156_leaf00.png,Healthy,0,0.47862176977290527,0.003915426781519186,0.0,0.03320281910728269,0.16711041503523885,8.119077527095534,0.9088805788889502,0.8639771796740092,0.9185894330037712
157_leaf00.png,Healthy,0,0.5836111111111111,0.06902777777777777,0.028055555555555556,0.30486111111111114,0.17069444444444445,7.546878487510736,0.8902625410199577,0.8308271672694665,0.9227657304843149
158_leaf00.png,aculus_olearius,1,0.2501959247648903,0.14420062695924765,0.03154388714733542,0.3179858934169279,0.3593260188087774,9.964816767082528,0.9052387543644317,0.8621953988886631,0.8909062809502144
159_leaf00.png,aculus_olearius,1,0.8493314707643185,0.0031929754540011976,0.0,0.01197365795250449,0.07443624027140291,11.63007777058712,0.9244465527715484,0.8848632596478725,0.9214356493992011
15_leaf00.png,aculus_olearius,1,0.20926718710652228,0.013598589775875095,0.034500125912868294,0.06572651725006295,0.3573407202216066,6.958538749235298,0.9365837445660751,0.911353095836153,0.9307069711300302
15_leaf01.png,aculus_olearius,1,0.009669072586136456,0.28789323164918973,0.08252757728448863,0.007762494893095465,0.4210813019201961,17.469234129922366,0.8775294502684647,0.8266569107613723,0.958487767886241
160_leaf00.png,Healthy,0,0.04840213394105765,0.061247216035634745,0.0014761485471590614,0.0024861449215310507,0.867379706842078,3.2672338295442085,0.7646392595578263,0.15184189554218958,0.980466936304933
161_leaf00.png,Healthy,0,0.7881280569141841,0.06625166740773678,0.0017785682525566918,0.008892841262783458,0.10582481102712317,8.03758019463376,0.9377217060148593,0.9029035213268258,0.9369620172721782
162_leaf00.png,aculus_olearius,1,0.503663500678426,0.0,0.0,0.2265943012211669,0.15617367706919946,6.9604726419714344,0.8991788991027327,0.8447376143953115,0.9312027085716228
163_leaf00.png,Healthy,0,0.6467339854843799,0.1326917008520038,0.07794256863363837,0.11786052382455033,0.07178920795203535,7.698814255350108,0.9097549755516535,0.8652723822905577,0.9319741740092783
164_leaf00.png,aculus_olearius,1,0.18499762620667828,0.001582528881152081,0.0,0.010286437727488527,0.21965500870390883,9.101950134572418,0.9082899017909689,0.8648127849629185,0.9350032094402885
165_leaf00.png,Healthy,0,0.11936412764782454,0.045520886750029584,0.00023667705415959922,0.04642814879097471,0.7873456668376001,6.079592087136631,0.7854920714345702,0.16127237677636724,0.9786237766104313
166_leaf00.png,olive_peacock_spot,2,0.4168409047709561,0.5487549895457138,0.0,0.08154343280745105,0.02566052081353355,8.017791151903815,0.9241176644684685,0.8871701546148761,0.9323872533076513
167_leaf00.png,olive_peacock_spot,2,0.10724677843979492,0.02651147752990624,0.00030021708004249225,0.0,0.8342801718165442,3.541164087659909,0.7382323185724854,0.21096647101621507,0.9788521903549505
168_leaf00.png,Healthy,0,0.9583333333333334,0.01295045045045045,0.0,0.4239864864864865,0.017454954954954954,3.472013087314906,0.9313601182595836,0.8826292598900258,0.9281719806853027
169_leaf00.png,olive_peacock_spot,2,0.11860613810741688,0.043478260869565216,0.011828644501278773,0.030051150895140665,0.5159846547314578,6.695760056350776,0.9485569863253974,0.9293901440906555,0.9104400682896089
169_leaf01.png,olive_peacock_spot,2,0.4084585420144686,0.5306065664997217,0.0011129660545353367,0.08069003895381191,0.04813578185865331,4.783864319701575,0.9459431781275536,0.9221873731807155,0.9280011157061959
16_full.png,Healthy,0,0.783695652173913,0.0546195652173913,0.04782608695652174,0.21983695652173912,0.08233695652173913,6.128119238813023,0.9332830175064659,0.9031330554438866,0.900188747342284
170_leaf00.png,olive_peacock_spot,2,0.9808129260287806,0.0,0.0,0.05150214592274678,0.010350921484473618,3.4855581720442004,0.9443591509964026,0.9093092359390322,0.9540820036910108
171_leaf00.png,olive_peacock_spot,2,0.1945945945945946,0.22684684684684683,0.0,0.02108108108108108,0.41927927927927927,8.054300907151246,0.931501529651912,0.8801800373440074,0.9337897764792822
172_leaf00.png,aculus_olearius,1,0.763261480787254,0.03149015932521087,0.0,0.017994376757263356,0.0232427366447985,9.01597356992102,0.9187974681610411,0.884992791187353,0.9288202330874457
173_leaf00.png,Healthy,0,0.5818459969403366,0.02855685874553799,0.006884242733299337,0.02014278429372769,0.06680265170831208,7.4107325838233375,0.9501286797809907,0.9134750864789286,0.9463304532645115
174_leaf00.png,olive_peacock_spot,2,0.46037099494097805,0.3234026606707888,0.012366498032602586,0.057148210605208916,0.04272062956717257,7.197735165124858,0.9343527829477105,0.8861709840885671,0.9416607521681435
175_leaf00.png,olive_peacock_spot,2,0.07430226677088601,0.018644535380937053,0.00013793737643110027,0.0,0.8858798105660031,1.8191709516248775,0.8466632169859567,0.2184327366240361,0.985964483440361
176_leaf00.png,aculus_olearius,1,0.9058584490348798,0.0027091093802912294,0.0,0.0831357941076871,0.035726379952590585,8.457877843272314,0.9045861365953209,0.8723774307885319,0.9313608262792925
177_leaf00.png,olive_peacock_spot,2,0.669061876247505,0.2998003992015968,0.016766467065868262,0.25748502994011974,0.006786427145708583,2.17630540703688,0.9602521730940362,0.9411559993254419,0.9249472001235957
178_leaf00.png,aculus_olearius,1,0.9766122098022356,0.002235597592433362,0.0,0.3384350816852966,0.018572656921754083,3.241333852444005,0.9147809117099115,0.8708865847627801,0.939842747109743
179_leaf00.png,olive_peacock_spot,2,0.6771141336487285,0.13818253498915828,0.0,0.011433077074709246,0.136802680859452,8.361955486316473,0.9361723304095166,0.8909087497000076,0.9428107008152347
179_leaf01.png,olive_peacock_spot,2,0.8789308176100629,0.055031446540880505,0.0,0.5529350104821803,0.031446540880503145,1.6161458891938836,0.9720836400873796,0.956270840115933,0.8951869607029787
17_leaf00.png,olive_peacock_spot,2,0.5847627065137325,0.10870251499526465,0.0001052299273913501,0.3859833736714722,0.13700936546353784,7.831491535040895,0.8966723598319633,0.8006090287282256,0.923689025481532
180_leaf00.png,aculus_olearius,1,0.7860812704343765,0.07239607659971976,0.0,0.07963568425969174,0.027557216254086876,4.40432308228562,0.9372038624395368,0.9074050020194915,0.9299550038287685
181_leaf00.png,aculus_olearius,1,0.8240495137046862,0.00825228411435308,0.0,0.02726201002063071,0.03875626289419393,8.515457010675739,0.897205328566431,0.8556472793785662,0.9389433450643638
182_leaf00.png,olive_peacock_spot,2,0.01354062186559679,0.9714142427281846,0.0,0.04538615847542628,0.006018054162487462,10.021854102109733,0.9468348568629346,0.9132247942985336,0.9362388559253128
182_leaf01.png,olive_peacock_spot,2,0.9337979094076655,0.0,0.0,0.18312040263259777,0.03368176538908246,1.7776088121519578,0.9647706942807404,0.9392855436056905,0.9351212181322714
183_leaf00.png,Healthy,0,0.6955307262569832,0.0,0.0,0.06815642458100558,0.061452513966480445,2.4887145505839188,0.979276270520029,0.9600299462951936,0.9287301487596831
184_leaf00.png,aculus_olearius,1,0.6695596951735817,0.07472480948348857,0.0,0.03238780694326842,0.03577476714648603,5.898127904145333,0.9324157084043466,0.8997581299445132,0.930030728106127
185_leaf00.png,olive_peacock_spot,2,0.02285800787163185,0.22047056788201203,0.00830413909432983,0.0,0.7361057047705549,1.9456457837533114,0.7361899747479492,0.1939599492889066,0.9823232493456857
186_leaf00.png,aculus_olearius,1,0.8406522441072005,0.0017759121730707135,0.0,0.011624152405553761,0.039554407491120436,8.106083718197363,0.9122992799886793,0.8670896177039837,0.9328002846016136
186_leaf01.png,aculus_olearius,1,0.7655942219304005,0.0006565988181221273,0.0,0.021011162179908074,0.0829940906106369,8.988857946162044,0.8965048065305053,0.8393086859949418,0.932660547067548
187_leaf00.png,olive_peacock_spot,2,0.12230831606451031,0.09690062167762861,0.0,0.00022524551761419947,0.7781782142535364,4.515208242446701,0.7722272129140456,0.17897990873397754,0.9735733857996622
188_leaf00.png,olive_peacock_spot,2,0.5378953961791418,0.38474788600062637,0.00015659254619480113,0.00986533041027247,0.0557469464453492,10.837242304648392,0.9130144721574864,0.8638960138784223,0.9567197092124995
189_leaf00.png,Healthy,0,0.671017101710171,0.0009000900090009,0.0009000900090009,0.036003600360036005,0.0747074707470747,3.268203674622624,0.9732525110089858,0.9496452134087143,0.9197057023008779
18_leaf00.png,aculus_olearius,1,0.0711071107110711,0.016274600433016276,0.00024326757000024327,0.04867784075704868,0.9099180188289099,7.695432592664467,0.7756679707379001,0.1735814961468303,0.9755192966220797
190_leaf00.png,aculus_olearius,1,0.8827150992765892,0.03770971217484993,0.0,0.0136986301369863,0.03555487147914422,7.997550091526614,0.9097179766837586,0.8617510027593037,0.9351493020421859
190_leaf01.png,Healthy,0,0.671017101710171,0.0009000900090009,0.0009000900090009,0.036003600360036005,0.0747074707470747,3.268203674622624,0.9732525110089858,0.9496452134087143,0.9197057023008779
191_leaf00.png,olive_peacock_spot,2,0.9493701550387597,0.014292635658914728,0.0,0.1189437984496124,0.01623062015503876,2.6713707149813755,0.9504763910132111,0.9095484299295034,0.9417689891347746
192_leaf00.png,olive_peacock_spot,2,0.6898666666666666,0.18693333333333334,0.030133333333333335,0.3893333333333333,0.07066666666666667,6.584539302526647,0.9307822926091522,0.8900357170721365,0.8671144113306812
193_leaf00.png,Healthy,0,0.7767722473604827,0.04725992961287079,0.023629964806435394,0.1364169599463717,0.07491201608848667,7.796970748026533,0.9167492903272484,0.8734382924625871,0.914185687991552
194_leaf00.png,aculus_olearius,1,0.18711853873981846,0.015513682668619749,0.0,0.005792662627338704,0.7920855804869388,6.271235680370817,0.7787865917843686,0.21364071023374803,0.9775493925695071
194_leaf01.png,Healthy,0,0.7681681681681681,0.04144144144144144,0.01981981981981982,0.34804804804804806,0.14414414414414414,4.317452401364056,0.9509252035538086,0.9218931139038569,0.8915816493362203
195_leaf00.png,Healthy,0,0.4221061792863359,0.02610966057441253,0.0034812880765883376,0.023933855526544822,0.05526544821583986,5.8253810988865204,0.967135861573444,0.9484862679000139,0.9425124807777693
196_leaf00.png,aculus_olearius,1,0.19627920392269974,0.009085664839919239,0.0,0.013123738102105566,0.19051052783386213,8.4699030526317,0.9039018684000573,0.8516833912383521,0.9462932617856028
197_leaf00.png,Healthy,0,0.7022024367385192,0.0049203373945641985,0.0030459231490159327,0.01780693533270853,0.06138706654170572,8.2718076321593,0.9444299418831258,0.9068112555820167,0.9442924617359709
198_leaf00.png,olive_peacock_spot,2,0.4069188651070184,0.4659034345445495,0.0062220009955201595,0.015181682429069188,0.06222000995520159,5.774292234572239,0.94799874847787,0.9133687558678422,0.9348718630389521
199_leaf00.png,olive_peacock_spot,2,0.0,0.01876876876876877,0.90503003003003,0.15953453453453453,0.049174174174174176,3.6993369743550484,0.9632282947653256,0.9415960129144023,0.8974882866774403
19_leaf00.png,olive_peacock_spot,2,0.0013552295918367347,0.0723453443877551,0.01211734693877551,0.0,0.9095782844387755,1.4167868348184405,0.8271584754887452,0.24575518989751216,0.9790222287105081
1_leaf00.png,Healthy,0,0.43501158626500946,0.49526016431430375,0.0,0.024436486201811672,0.03496945439224774,6.926404189650901,0.9380813016862478,0.8978384297000885,0.9254534962703698
200_leaf00.png,Healthy,0,0.7611087600507829,0.05459162082099027,0.00021159542953872197,0.03237410071942446,0.1608125264494287,13.553195909701921,0.9321443600810043,0.8952825459885457,0.8876277514955336
201_leaf00.png,Healthy,0,0.4229004130335016,0.029371271225332722,0.008031206975676917,0.012391005048187242,0.04015603487838458,6.5373752014602475,0.9485235883975192,0.904741769502696,0.9576124239622167
202_leaf00.png,olive_peacock_spot,2,0.15194420963651734,0.6739222316145393,0.08516483516483517,0.011834319526627219,0.07121724429416737,7.426719243233524,0.9407014082287051,0.898024749774971,0.9522369198021101
203_leaf00.png,olive_peacock_spot,2,0.156855151045701,0.5201394268009295,0.2509682416731216,0.022075910147172733,0.037955073586367155,6.313925531405934,0.9577772430870769,0.9411711418555945,0.9070223154443209
203_leaf01.png,olive_peacock_spot,2,0.0033265617064499745,0.05462163534789233,0.015033011681056373,0.0,0.8871000507872017,3.9619866746284287,0.7782716121124834,0.1884882551125187,0.9657683204741022
203_leaf02.png,olive_peacock_spot,2,0.47770925110132156,0.4856387665198238,0.024317180616740087,0.011277533039647578,0.0074008810572687225,8.063881144903407,0.9221874803183278,0.8790382740472945,0.9458768552490495
204_leaf00.png,aculus_olearius,1,0.7774812343619683,0.08390325271059217,0.0,0.3921601334445371,0.05437864887406172,7.4801730022811075,0.9093238015725029,0.8668701961639728,0.9003745709481323
205_leaf00.png,olive_peacock_spot,2,0.8649214659685864,0.03211169284467714,0.0,0.09947643979057591,0.0237347294938918,2.2868004868383816,0.9611041010761596,0.9360960112422875,0.9362235467042914
206_leaf00.png,aculus_olearius,1,0.0017743080198722497,0.11497515968772179,0.0241305890702626,0.017920511000709724,0.748403122782115,13.744427184032713,0.9049379099282269,0.8729111084777613,0.9504076307136476
207_full.png,Healthy,0,0.43874172185430466,0.002838221381267739,0.000946073793755913,0.016792809839167457,0.05510879848628193,6.394327558981376,0.9399532990197365,0.9067717997455479,0.950134900442307
208_leaf00.png,aculus_olearius,1,0.3417951042611061,0.4270172257479601,0.0,0.01740707162284678,0.08485947416137805,9.365552378246612,0.921670090414658,0.8814095243434985,0.9519280702573196
209_leaf00.png,olive_peacock_spot,2,0.33950883239982765,0.3166738474795347,0.18397242567858682,0.06333476949590694,0.07410598879793193,8.7366570097337,0.9268095293119896,0.8973281862185097,0.9117536589191384
20_leaf00.png,aculus_olearius,1,0.3297160009235742,0.014892634495497575,0.13022396675132764,0.050334795659201105,0.24774878780882012,11.94750272478733,0.8731896527954125,0.8172388829512384,0.9483484164199644
210_leaf00.png,olive_peacock_spot,2,0.15458064516129033,0.6996129032258065,0.07070967741935484,0.014193548387096775,0.04335483870967742,5.20806268135048,0.9543302658342694,0.917632588381796,0.9514311245914121
211_leaf00.png,olive_peacock_spot,2,0.06567164179104477,0.059070842968257306,0.0010300609627916753,0.0,0.8577885221778432,2.9684616462573348,0.75978467191328,0.20379072111471075,0.9765075353352248
212_leaf00.png,aculus_olearius,1,0.8616740088105727,0.0022026431718061676,0.0,0.018722466960352423,0.06519823788546256,5.1241100959182475,0.9381100096240785,0.9011646007766068,0.9333661410017161
213_leaf00.png,aculus_olearius,1,0.1611793463500015,0.02215046624619006,0.0,0.0003017774692941425,0.7998913601110541,4.0888619817105605,0.770053118021077,0.16262435453557697,0.9817544534805226
214_leaf00.png,olive_peacock_spot,2,0.23383273278968328,0.5044566660345154,0.09254693722738479,0.009482268158543524,0.05480750995638157,7.830230686617373,0.9327561560553662,0.8886403912608177,0.9574457523631243
214_leaf01.png,Healthy,0,0.6730418943533698,0.03066180935033394,0.025197328476017,0.2037037037037037,0.08136004857316333,4.729046128627267,0.9531801021559554,0.9293241245370653,0.9001190788201581
215_leaf00.png,aculus_olearius,1,0.5355791067373202,0.02043906131718395,0.0,0.011355034065102196,0.24186222558667675,9.542857206266172,0.9180309687257526,0.887305448010224,0.9540300608012717
216_leaf00.png,Healthy,0,0.9117047769979624,0.0004527960153950645,0.0,0.5435816164817749,0.03463889517772244,2.0963533136607357,0.944567170935879,0.9012595465218884,0.9371601797429668
217_leaf00.png,aculus_olearius,1,0.13546630360789652,0.009360108917631041,0.0002836396641706376,0.040475380077149986,0.8472884048105287,6.500125074822906,0.7340330540273606,0.13105992890994678,0.9726467147435183
218_leaf00.png,olive_peacock_spot,2,0.03043585766628453,0.054195607705621866,0.00011239238429204037,0.0,0.8981949783082699,3.1954370992533017,0.7157282434886159,0.1689930948916278,0.9727173213750965
219_leaf00.png,olive_peacock_spot,2,0.2463867859600826,0.5067676072493691,0.07937600367056664,0.17412250516173433,0.1459050240880936,7.780433741278352,0.940159712899534,0.9034660204060363,0.8999272866986718
21_leaf00.png,aculus_olearius,1,0.7345924453280318,0.02882703777335984,0.0064612326043737576,0.10536779324055666,0.20725646123260438,3.196669028511658,0.9700827509673913,0.9556235748623988,0.9047174376244288
220_leaf00.png,aculus_olearius,1,0.7965982816061722,0.00876731544800982,0.0,0.08644573031737682,0.07311941083640189,9.243838021151632,0.913597467309708,0.8783427193226812,0.9250589703072027
221_leaf00.png,aculus_olearius,1,0.12307692307692308,0.0024390243902439024,0.0,0.023639774859287054,0.5429643527204503,7.466906465500834,0.9274066616124282,0.8858993045702303,0.937976001340864
222_leaf00.png,aculus_olearius,1,0.8272015191075244,0.025634939473059577,0.0,0.026821742226441965,0.0253975789223831,7.3259050860770305,0.9355765856480052,0.9085694538016714,0.9259734319939743
222_leaf01.png,olive_peacock_spot,2,0.00019470404984423675,0.6460280373831776,0.05451713395638629,0.009929906542056074,0.09988317757009346,9.695715669848246,0.9462283558427163,0.8892409391792172,0.947433870419921
223_leaf00.png,aculus_olearius,1,0.7653622745337817,0.13161112809538367,0.0,0.02522164475695506,0.04891470498318557,9.394151462326684,0.904865819944681,0.8611603585273527,0.9266398195203447
224_leaf00.png,Healthy,0,0.8171545016672842,0.008521674694331233,0.0,0.6600592812152649,0.09707298999629492,5.325019258306888,0.8991888233115816,0.8220016253063893,0.8858235926942178
225_leaf00.png,olive_peacock_spot,2,0.938581525712893,0.015110894467462832,0.0,0.36875456982695587,0.014867170363148916,2.482667569011015,0.9483395433559548,0.9114986621643785,0.9391577173960641
226_leaf00.png,aculus_olearius,1,0.6259565350474441,0.07866544230180594,0.016681971227425773,0.3885827976737068,0.13697581879400061,8.590888474654854,0.9077036821601259,0.8592648395904706,0.8990287242754671
227_leaf00.png,Healthy,0,0.06761710794297353,0.0038441955193482687,0.0,0.0,0.894908350305499,2.590223718842494,0.8101943992636698,0.23042239031121783,0.9761117369542649
228_leaf00.png,olive_peacock_spot,2,0.11647972389991372,0.5815358067299397,0.19693701466781707,0.015314926660914581,0.07139775668679896,7.636966148135547,0.9356943044726695,0.9006779205771569,0.944895358812059
229_leaf00.png,Healthy,0,0.7251287161601063,0.009632951336987211,0.00016608536787908985,0.2222222222222222,0.14133864806510546,8.183988574732888,0.924139940328892,0.8725840053705027,0.9230067536708434
22_leaf00.png,olive_peacock_spot,2,0.717632241813602,0.2017632241813602,0.0,0.012594458438287154,0.04785894206549118,7.231687940784997,0.9458680212620604,0.9140283640597595,0.9268534347612354
230_leaf00.png,olive_peacock_spot,2,0.047311033080761414,0.8534466826834226,0.005359452966180004,0.008501201256699316,0.07651081131029384,7.880293498047561,0.9417098658531057,0.8852060103551505,0.9564114687511407
231_leaf00.png,aculus_olearius,1,0.41646234676007005,0.00198482194979568,0.0,0.01780502043199066,0.5757734967892586,5.740906790881258,0.7200739127236391,0.16650275254647134,0.9796151654698292
232_leaf00.png,olive_peacock_spot,2,0.0,0.7024784709094728,0.24280613316530142,0.01606805293005671,0.04557865994538962,12.580974273763953,0.8958839967561891,0.8002466212283115,0.96147568804195
233_leaf00.png,Healthy,0,0.6999500748876685,0.001747378931602596,0.00199700449326011,0.018971542685971045,0.05541687468796805,8.170342057787092,0.9459417273084431,0.9106770717235857,0.9426916465518586
234_leaf00.png,Healthy,0,0.8672467022172327,0.031293853494246425,0.014033118158854897,0.02483861914117317,0.05613247263541959,8.411302135117403,0.9224419798047231,0.8506657401790427,0.9381421837328258
235_leaf00.png,aculus_olearius,1,0.7695366263954733,0.1812203700871693,0.004434928888209206,0.08288729163480654,0.02676250191160728,9.590043455291482,0.8987173020268397,0.8600628873791942,0.9247472276129777
236_leaf00.png,aculus_olearius,1,0.03135339530486844,0.45612100204821177,0.06113124310697968,0.008192847014337482,0.31085552229399716,15.825371361030818,0.9014983304530788,0.8572919656995182,0.9471938696381139
237_leaf00.png,aculus_olearius,1,0.016570839661531785,0.04634953352137123,0.0,0.0,0.8454111520937296,3.5717413151014137,0.7486226611581864,0.19708666911725092,0.9525868704748786
238_leaf00.png,Healthy,0,0.7592880978865406,0.21802002224694106,0.0,0.017797552836484983,0.008676307007786429,5.6196593526164245,0.9454696764299709,0.903426264254685,0.9404773254620583
239_leaf00.png,aculus_olearius,1,0.7679534487652568,0.011637808685779166,0.025972182798751065,0.19514618223105307,0.09608288390576214,6.8653772780238675,0.9094377397254331,0.8514172630966167,0.9248059485955304
23_full.png,olive_peacock_spot,2,0.5605743344301526,0.2189650014956626,0.1073885731379001,0.01525575830092731,0.0864492970385881,6.449834374936474,0.9564214603633818,0.9277953034927586,0.905330569228641
240_full.png,aculus_olearius,1,0.6815286624203821,0.1758515646635281,0.0005538631957906397,0.046247576848518414,0.06729437828856273,8.295021908815041,0.9433665217654242,0.9205712082658996,0.9217586259111858
241_leaf00.png,Healthy,0,0.09963557220225742,0.0006579946348129776,0.0,5.061497190869059e-05,0.8533684263805233,2.7150677999295687,0.7647666185417233,0.1518866990095694,0.9829582909853378
241_leaf01.png,aculus_olearius,1,0.2348630929425376,0.010991129965291169,0.0,0.012533744697261859,0.23119938295410722,7.177754264002788,0.9284799072257909,0.8896488540220514,0.948201644513035
242_leaf00.png,olive_peacock_spot,2,0.002890173410404624,0.9093536521282186,0.054125065685759324,0.027325275880189175,0.015239096163951655,7.343342232977888,0.9496315726447838,0.9164881708857561,0.9423154652746744
243_full.png,aculus_olearius,1,0.8258683729433273,0.010054844606946984,0.0,0.008074344911639244,0.06550883607556368,8.54810840125963,0.9085537331437874,0.8611281178862152,0.9426098739381189
244_full.png,aculus_olearius,1,0.46112641567187024,0.008519538822569126,0.0,0.028211406999285787,0.5127027854300582,7.009568461741305,0.6906303792981432,0.1494054372136158,0.9777844979129475
245_leaf00.png,Healthy,0,0.805547612239062,0.018015441807263367,0.009436659994280812,0.4661138118387189,0.09293680297397769,4.336862301836842,0.9324184513002236,0.8920145861953382,0.886626575885927
246_leaf00.png,Healthy,0,0.9673758865248226,0.00028368794326241134,0.0,0.14212765957446807,0.01276595744680851,2.6934664064832243,0.956563559509191,0.9230533240699639,0.9389071637824384
247_leaf00.png,olive_peacock_spot,2,0.4219710819345189,0.4006980222702343,0.1278045537643344,0.41299650988864883,0.03539970084759847,5.4209514437025845,0.9273486231866015,0.8691665203484478,0.913215879887175
248_leaf00.png,Healthy,0,0.532092247846624,0.0002778549597110308,0.001944984717977216,0.014448457904973604,0.054459572103362046,5.544035486736855,0.9482380995006527,0.9201846313707831,0.9311701659117655
249_leaf00.png,aculus_olearius,1,0.3204658589273974,0.017845402460787075,0.07241476472245703,0.1791114868037945,0.3537146614069691,11.153453242714534,0.8238146710128074,0.7448142660369647,0.9329231088735139
24_leaf00.png,olive_peacock_spot,2,0.014266755142667552,0.5381552753815527,0.19774386197743862,0.072992700729927,0.037491705374917056,3.856740796956868,0.9604708378879705,0.934875911345914,0.942815689778685
24_leaf01.png,Healthy,0,0.04693213628224851,0.02070461251355509,0.0,0.0011348447784530805,0.8752175119158702,3.040720109404551,0.7666330482892759,0.1721659557306357,0.9778619923567123
250_leaf00.png,aculus_olearius,1,0.9198061246970698,0.0,0.0,0.016523463317911435,0.0495703899537343,5.174446473139034,0.9386247406768856,0.9016045171900731,0.933459730108052
251_leaf00.png,olive_peacock_spot,2,0.005779655612244898,0.08693399234693877,0.00546077806122449,5.978954081632653e-05,0.8955476721938775,1.6691140463170442,0.8030411536983514,0.23584171875241938,0.975192003497802
252_leaf00.png,olive_peacock_spot,2,0.7129062647197362,0.22821479039095618,0.0004710315591144607,0.2981629769194536,0.04851625058878945,5.69008872952411,0.9394394559828739,0.908351150997791,0.9202072346010919
253_leaf00.png,olive_peacock_spot,2,0.020208604954367666,0.8504997827031725,0.10126032159930465,0.02325076053889613,0.007388092133854845,7.0753377541080145,0.9334328503829405,0.9009350747475003,0.9486534329587663
254_full.png,Healthy,0,0.9339741968125475,0.019984821654439665,0.0,0.06678472046546927,0.033645332658740194,5.598495913542947,0.9443240517153708,0.9149700134324369,0.922871035137355
255_leaf00.png,olive_peacock_spot,2,0.20937632583792956,0.5901569792108613,0.04285108188375053,0.027577428935086974,0.1041578277471362,10.507808491626788,0.9438308890707212,0.8971790810842971,0.92280071720959
256_leaf00.png,Healthy,0,0.5824652777777778,0.01880787037037037,0.003472222222222222,0.022569444444444444,0.057291666666666664,7.582159189563898,0.9526849444947842,0.9233767660686488,0.9375753528063308
257_leaf00.png,Healthy,0,0.9035346097201767,0.01675257731958763,0.0,0.021170839469808543,0.06737849779086892,11.108411405265562,0.9220572646603131,0.8807165993937076,0.8973104479625841
258_leaf00.png,Healthy,0,0.24175214859994454,0.0002772387025228722,0.0002772387025228722,0.0199611865816468,0.08317161075686166,6.7282795103207285,0.948443927718498,0.9190433146290442,0.9327705750039599
259_full.png,aculus_olearius,1,0.8104227599042808,0.03390055836213773,0.0,0.1381281574049455,0.07351768146769476,6.687392249500559,0.9028674106580379,0.841765479455143,0.9373913435624632
25_leaf00.png,aculus_olearius,1,0.965,0.0036842105263157894,0.0,0.09526315789473684,0.019210526315789473,3.5975230338771786,0.9438196508774205,0.9148112923785836,0.9231121131655343
25_leaf01.png,aculus_olearius,1,0.870722433460076,0.07361216730038023,0.0001520912547528517,0.14250950570342205,0.0311787072243346,4.965554262408562,0.91360565575846,0.8597771635107068,0.9453862954337041
260_full.png,olive_peacock_spot,2,0.37437676132668546,0.4424452633860828,0.10080208107522219,0.3006720138738348,0.06351615001083893,6.182215333960305,0.9331623756390535,0.8982740448615484,0.8810548132983511
261_leaf00.png,Healthy,0,0.8417539417654506,0.010473011854068362,0.04223731154333065,0.28254114397514096,0.05800437334560939,6.095228025238966,0.8738956683406391,0.7967695229235584,0.9359974960518475
262_leaf00.png,aculus_olearius,1,0.8329505741387918,0.020569146280579133,0.0,0.007189216175736395,0.0435346979530704,11.391848935158496,0.8630683462685839,0.7908232946499086,0.9525190817621281
263_full.png,aculus_olearius,1,0.6662246386420899,0.006630420368651372,0.0,0.011006497811961278,0.11152367060071608,8.919929376545163,0.8948977824932149,0.841019039660841,0.9400313721999103
264_leaf00.png,olive_peacock_spot,2,0.8018617021276596,0.047682370820668694,0.0,0.300531914893617,0.04673252279635259,5.328852213962416,0.9259800590557685,0.8831158935667481,0.9100999254215874
265_leaf00.png,olive_peacock_spot,2,0.0050415183867141165,0.7912218268090154,0.19128113879003558,0.02491103202846975,0.006227758007117438,5.788151784083639,0.949137643765752,0.9267042733348941,0.9357796002119336
266_leaf00.png,aculus_olearius,1,0.5790940766550523,0.1505226480836237,0.00017421602787456446,0.05731707317073171,0.1132404181184669,8.439007601143045,0.9132413189927351,0.8782093534983517,0.9208757233999355
267_full.png,olive_peacock_spot,2,0.48827961490163246,0.434282126412725,0.0004185851820845542,0.03892842193386354,0.05253244035161155,5.464584598499508,0.9352600562364095,0.8978745083984261,0.9448114882653658
268_leaf00.png,olive_peacock_spot,2,0.02515367403101772,0.10905069314060853,0.001697487204547208,0.0,0.8602402201589465,3.609736183840571,0.7498425633860599,0.16504915383866978,0.9677533169362287
269_leaf00.png,olive_peacock_spot,2,0.60470560692965,0.1200983261149479,0.0,0.009598501697296032,0.11190448320262203,8.831102428466878,0.899121022652198,0.8195776639391632,0.9522852585102906
26_leaf00.png,olive_peacock_spot,2,0.06656908005855197,0.008354914987051008,0.0005404796757121946,0.00015763990541605674,0.9086138948316631,2.9224395691356895,0.8192262334120064,0.1910361510292018,0.9771566001079104
270_full.png,olive_peacock_spot,2,0.39617981228387944,0.34348756792359625,0.00016466326362588507,0.016960316153466163,0.13205993742795982,7.431976643278761,0.9140011147745836,0.8700903657542202,0.9454912341246368
271_leaf00.png,olive_peacock_spot,2,0.21231326392032593,0.49117247623358984,0.020371208691715707,0.008374830239927569,0.1292440018107741,7.97827348643823,0.9450268090764585,0.9044492616491836,0.9388409276994303
272_leaf00.png,Healthy,0,0.48298253470667263,0.062472010747872814,0.009404388714733543,0.13009404388714735,0.15270935960591134,6.971319752029688,0.9451594938725427,0.9040716245875577,0.9003091662652406
273_leaf00.png,Healthy,0,0.6722206262568228,0.030738293593794888,0.03533467394426889,0.25193909796035624,0.2025280091927607,4.97759437295088,0.9458958774892572,0.9177817869647229,0.9045216680785083
274_full.png,Healthy,0,0.20213447171824972,0.0021344717182497333,0.0,0.24461045891141941,0.3895410885805763,6.197299226261623,0.9368620256970075,0.8991015410815385,0.9140128692758405
275_leaf00.png,olive_peacock_spot,2,0.41620553359683793,0.48300395256916995,0.04426877470355731,0.35098814229249015,0.039525691699604744,3.7657351962861085,0.9596444895195542,0.936017835212331,0.8887211670932321
276_leaf00.png,olive_peacock_spot,2,0.0014375561545372866,0.5663971248876909,0.1523809523809524,0.00862533692722372,0.0747529200359389,10.524574858832544,0.931584081049191,0.8813325781708474,0.9542768298336924
277_full.png,Healthy,0,0.8763206960845246,0.027346177750155375,0.0052827843380981974,0.03853325046612803,0.028899937849596023,6.483603761873719,0.955164312708738,0.9294920127133068,0.9417987064474382
278_leaf00.png,Healthy,0,0.7031448827485912,0.013815669878203964,0.14324668242137792,0.2006907834939102,0.07944010179967279,6.977149013278815,0.9035984394283951,0.8405067891612263,0.9112292816976866
279_leaf00.png,olive_peacock_spot,2,0.35304990757855825,0.4801293900184843,0.0004621072088724584,0.01455637707948244,0.09796672828096119,7.63180413377825,0.9343327547295539,0.9049901255021973,0.9230337310399799
27_full.png,olive_peacock_spot,2,0.06096447362699482,0.14301865460712268,0.0016089055094142715,0.0,0.7921468017567509,4.849458557137895,0.798741274211687,0.21384487190957893,0.9613193938412667
280_leaf00.png,Healthy,0,0.6556603773584906,0.0749475890985325,0.09119496855345911,0.020440251572327043,0.09276729559748427,3.2472581370422855,0.9744112682990693,0.9581174985993866,0.9059273597083567
281_leaf00.png,aculus_olearius,1,0.8879598662207357,0.07060572277963582,0.0,0.013192121887774062,0.016722408026755852,6.779424084224797,0.9246186203103751,0.8841967889778376,0.9402705458971481
282_leaf00.png,olive_peacock_spot,2,0.9655280476339705,0.005954246317768724,0.0,0.31902225007834534,0.012535255405828893,2.341259101950519,0.9570629756408194,0.9265265870800297,0.9247376688389403
283_leaf00.png,olive_peacock_spot,2,0.0006337433104872782,0.14388320345507463,0.00131443056989954,0.0,0.8526429443244766,2.595887753600904,0.7278200685592116,0.15548149975335437,0.9787738473920804
283_leaf01.png,Healthy,0,0.1904949714060343,0.00039439952672056796,0.0,0.010057187931374483,0.37073555511733386,8.326345418298214,0.9321629735189212,0.8919784329578727,0.931371128885854
284_leaf00.png,Healthy,0,0.3029853906415414,0.126402710141859,0.0,0.011221681134871904,0.38958289222951514,7.697364718998838,0.9373315324323214,0.8989393897924152,0.9342311956090751
285_leaf00.png,olive_peacock_spot,2,0.4134419551934827,0.09911744738628649,0.05390359809911745,0.04276985743380855,0.2807875084860828,8.447888570312392,0.9063134352403605,0.8423547821690774,0.9302148245605665
286_full.png,olive_peacock_spot,2,0.3036990332072299,0.34489281210592687,0.23770491803278687,0.017234131988230348,0.05380411937788987,6.384133791063723,0.9417457766162222,0.8972347172801594,0.9489390793042916
287_leaf00.png,olive_peacock_spot,2,0.9640266021765417,0.010278113663845224,0.0,0.5114873035066505,0.011185006045949214,2.033063913302448,0.9507094188868814,0.920321955391634,0.9235513001618307
288_leaf00.png,aculus_olearius,1,0.010236498411577833,0.3885162960348276,0.01788445699494058,0.010824802917990352,0.2993293328626897,12.17767572706859,0.8738506939519324,0.820822496339797,0.9611965210415305
289_full.png,Healthy,0,0.4018475750577367,0.42590454195535027,0.000962278675904542,0.015396458814472672,0.03714395688991532,10.52843114004804,0.9296254208679635,0.8884566794613998,0.9228128612664475
28_leaf00.png,aculus_olearius,1,0.6763147693500452,0.06021449799715726,0.021708231037601756,0.4473446181677219,0.11913683938493345,6.849312942234354,0.9002746641460434,0.8362083621741839,0.9119935532356958
290_leaf00.png,olive_peacock_spot,2,0.05930528674747886,0.04842619944993379,0.0018946725068758276,0.001752062748293776,0.8881124579810533,2.290229276213771,0.8077088687222754,0.21706092520522424,0.9816043523630067
291_leaf00.png,olive_peacock_spot,2,0.5012054001928641,0.40911282545805205,0.0016875602700096432,0.01133076181292189,0.06509161041465766,6.078993254338547,0.946094634460668,0.9107735521340476,0.9384513815231198
292_leaf00.png,aculus_olearius,1,0.8342017119464087,0.0595459620394492,0.00018608113137327876,0.3347599553405285,0.030145143282471157,5.289689414054594,0.9229113154377068,0.8828144252147515,0.9180985560259383
292_leaf01.png,olive_peacock_spot,2,0.3908929627439385,0.07806031933767002,0.004730928444707274,0.026611472501478415,0.244234180958013,3.7410171230443945,0.97484816756267,0.9616901420025622,0.934912208804153
293_full.png,aculus_olearius,1,0.6012145748987854,0.17324561403508773,0.005904183535762483,0.16396761133603238,0.08670715249662618,8.396728823471218,0.9146658814699128,0.8739505464716485,0.9218037763786598
294_leaf00.png,olive_peacock_spot,2,0.20140515222482436,0.5269320843091335,0.0,0.351288056206089,0.1920374707259953,1.0728269727173283,0.9907285762642346,0.9877198425866897,0.8167325132524323
295_leaf00.png,Healthy,0,0.9380630630630631,0.009009009009009009,0.0033783783783783786,0.030968468468468468,0.018018018018018018,4.661655732489554,0.9739966453323101,0.9591562140849179,0.9265498662274121
296_leaf00.png,Healthy,0,0.7134272689598011,0.12018234562784914,0.021135515955242438,0.4448818897637795,0.12101118939079983,6.548447731541609,0.932248873267047,0.8924587375248803,0.8963429476252809
297_leaf00.png,olive_peacock_spot,2,0.0011978917105893627,0.7546717776712986,0.05725922376617154,0.017968375658840442,0.08217537134643028,7.312519611587154,0.9477578089140611,0.9103855067071607,0.9499154240449877
298_leaf00.png,Healthy,0,0.9602539981185324,0.020460959548447788,0.0,0.4757761053621825,0.010818438381937912,2.423869516545813,0.9453406038295005,0.9062571534228746,0.9336214592590867
299_leaf00.png,aculus_olearius,1,0.9052306962400665,0.00865852212074487,0.0,0.04495314909263433,0.05052781401968924,10.947843323255155,0.8774863712944582,0.8238951174195215,0.9362349485613752
29_leaf00.png,olive_peacock_spot,2,0.632287790182527,0.1570086833244728,0.005847953216374269,0.5532518164097111,0.06184653553074606,4.855204842802854,0.9218604653324931,0.8730434071376404,0.9069463201320074
29_leaf01.png,olive_peacock_spot,2,0.9662698412698413,0.003968253968253968,0.0,0.16780045351473924,0.01417233560090703,2.500587351187428,0.9535010756418216,0.9211494425898021,0.9421854114283863
2_leaf00.png,olive_peacock_spot,2,0.17031820552947313,0.30907668231611896,0.1752738654147105,0.022170057381324985,0.107981220657277,9.440928449682492,0.9520211087747348,0.9148950928008399,0.931692055480766
2_leaf01.png,olive_peacock_spot,2,0.3723024957778195,0.014636892475136049,0.0,0.015950459748545694,0.26984424845186716,6.801073102576559,0.9288434825931985,0.8845759240487759,0.9224115027314828
300_leaf00.png,aculus_olearius,1,0.49307661875247266,0.20361334564156666,0.017934854279308982,0.024001054991428194,0.08426744032704735,14.725663243047732,0.8944494772137976,0.8378276707051476,0.9214653790979936
300_leaf01.png,Healthy,0,0.7321169647172547,0.0402368293861769,0.06198646689221846,0.2660705654905752,0.08337361043982601,8.844110255347214,0.8686192610032224,0.7988974223538098,0.9214848469940512
301_leaf00.png,Healthy,0,0.24118316268486917,0.46871444823663255,0.0003792188092529389,0.009859689040576413,0.16875237011755784,9.005631605436005,0.9328459948462013,0.8874795039204375,0.9355721444054196
302_leaf00.png,olive_peacock_spot,2,0.2449438202247191,0.2966292134831461,0.06651685393258427,0.011235955056179775,0.2844943820224719,4.916535575509863,0.9672831497193803,0.951681820126911,0.9315881088633937
303_leaf00.png,Healthy,0,0.19062096658540084,0.0024953391653520724,8.60461781155887e-05,0.08748028108418185,0.7833357235049476,6.353570423081209,0.7070951033371773,0.10814909140413295,0.9820795201097601
304_leaf00.png,Healthy,0,0.6407490331772847,0.002646041115408101,0.004477915733767555,0.02137187054752697,0.04640749033177285,8.528494504044948,0.9376369269857808,0.8937663203538917,0.9500143076347469
305_full.png,Healthy,0,0.8927902621722846,0.010299625468164793,0.0,0.007724719101123595,0.06952247191011236,7.786018537071449,0.9348055281222619,0.9057916757995641,0.9272571300878372
306_leaf00.png,olive_peacock_spot,2,0.0008344923504867872,0.40917941585535467,0.3165507649513213,0.013908205841446454,0.09735744089012517,6.450074741434895,0.9503318678669,0.9230423275257487,0.9423554632140985
307 (1)_leaf00.png,olive_peacock_spot,2,0.0002486325211337643,0.9256588761810045,0.004972650422675286,0.006713078070611636,0.04500248632521134,6.74236153585255,0.9463065588212443,0.914194440297855,0.9626533574172321
308_leaf00.png,olive_peacock_spot,2,0.8089807555238774,0.04989308624376337,0.0021382751247327157,0.7310525065336184,0.040152055119980996,3.055494269974253,0.9358093363483302,0.8906323052820966,0.8953343302191452
309_leaf00.png,aculus_olearius,1,0.06352520131225768,0.44765881300328064,0.0041753653444676405,0.00999105278854757,0.21175067104085893,11.026936492516583,0.8947817108000592,0.8570760103396129,0.9574464558236415
30_leaf00.png,olive_peacock_spot,2,0.5628019323671497,0.28433402346445824,0.05831608005521049,0.26880607315389926,0.06176673567977916,4.596378541499307,0.9650106207473582,0.937097012894907,0.8947572771233033
310_full.png,olive_peacock_spot,2,0.40827067669172934,0.37857142857142856,0.09135338345864662,0.19586466165413532,0.0755639097744361,5.160443890388059,0.9618935466033554,0.9418035027700412,0.8908937179345455
311_leaf00.png,olive_peacock_spot,2,0.6235021260146888,0.26787785079242366,0.059528411287205256,0.12408194820255122,0.03015075376884422,1.975457072273526,0.9658687697017787,0.9426511278092279,0.9340056547352094
312_leaf00.png,Healthy,0,0.6388888888888888,0.007551240560949299,0.001348435814455232,0.014293419633225458,0.032632146709816616,6.723414659068017,0.9536154623561759,0.9193905321171911,0.9491484381385167
313_leaf00.png,olive_peacock_spot,2,0.0,0.03816626453169555,0.3551217372230752,0.023470059223513928,0.03531476200921255,9.387585430429244,0.939696972882183,0.8995204501136007,0.9382457339659354
314_leaf00.png,olive_peacock_spot,2,0.024102641770700362,0.03531015383283931,0.021809212661459573,0.00030290573140916074,0.9151431229580909,1.8506183130375247,0.8204286260549154,0.18123318905690544,0.983822447975612
315_leaf00.png,Healthy,0,0.7872760615037382,0.06319650162223163,0.0016927634363097758,0.19861757652701367,0.08618987163210608,8.86019986426768,0.9168902511993171,0.8512558208865263,0.9160280589304445
316_full.png,Healthy,0,0.7407407407407407,0.026788924847177275,0.06130888169723121,0.21808701905789285,0.10949298813376483,7.4940725902294485,0.9136850519797682,0.8676380270000413,0.9119089272963182
317_leaf00.png,olive_peacock_spot,2,0.2673245614035088,0.6763157894736842,0.030921052631578946,0.016885964912280702,0.013157894736842105,8.495843747554003,0.936713214755367,0.9003180016804313,0.929966120908213
318_leaf00.png,olive_peacock_spot,2,0.4525567404976757,0.46445173639595294,0.0404703308722997,0.07123325129887886,0.031446540880503145,7.5399299164300215,0.910059235058128,0.8444040246250549,0.9383931933883392
319_full.png,Healthy,0,0.6147995889003083,0.016238437821171636,0.00328879753340185,0.01274409044193217,0.05447070914696814,7.342755470590996,0.9328839841212133,0.8950304750315364,0.9460890110326299
31_leaf00.png,olive_peacock_spot,2,0.3444752338067198,0.312781434014548,0.08330446830620021,0.10633875995843436,0.16937997921718045,7.465842955843756,0.9241076063429907,0.8764284854289839,0.9348063558638353
320_leaf00.png,olive_peacock_spot,2,0.3907233911841499,0.5724159115343265,0.0003071724773460298,0.009675933036399938,0.02610966057441253,11.60634068434167,0.9144675586740405,0.8617019638933832,0.9519381921555469
321_leaf00.png,olive_peacock_spot,2,0.23115277223773434,0.11826884722776226,0.0,0.011966493817311527,0.48185081771041083,5.99255244310546,0.93778431101993,0.8928638144975727,0.9479688646384631
321_leaf01.png,Healthy,0,0.7644762524398179,0.04163955757970072,0.019843851659076123,0.3314899154196487,0.1340273259596617,5.618903423304353,0.9515128257143917,0.926190031511172,0.877813140511689
322_leaf00.png,olive_peacock_spot,2,0.47745401269737914,0.10402083672472733,0.15708937001465081,0.07471919257691681,0.1790656031255087,8.22747457468655,0.917904006753784,0.8691950048119351,0.9295087975056224
323_leaf00.png,olive_peacock_spot,2,0.015655496887391367,0.05132208822139585,0.003698148871037331,0.0,0.9233250467404926,1.1406529227334263,0.8393634857027588,0.22194462771035026,0.9805819922899334
324_leaf00.png,olive_peacock_spot,2,0.0,0.6598674145843957,0.1580826109127996,0.012918578956314805,0.03246642869284379,9.232750861641478,0.9354781857864221,0.8755488622028396,0.9463867007082122
325_leaf00.png,Healthy,0,0.9155493295977587,0.013207924754852912,0.0012007204322593557,0.1751050630378227,0.056233740244146485,6.935904803452792,0.9387200041958061,0.8940352475870679,0.9070611182868129
326_full.png,aculus_olearius,1,0.007258955341644311,0.47814423228657094,0.032507495660407136,0.014202303929304086,0.3369102098784914,17.153778645598774,0.9144262991177616,0.8604850401246237,0.9342428996366074
327_full.png,Healthy,0,0.23248169729568205,0.19034812490661884,0.00044822949350067237,0.10727625877782758,0.2625130733602271,6.612616664033553,0.913590385630086,0.8581152141236785,0.9219077908509218
328_leaf00.png,olive_peacock_spot,2,0.18040873854827344,0.32464176650223164,0.1127554615926709,0.041343669250646,0.31454075640122153,15.212346567636619,0.9408604336899449,0.9048805009496921,0.9120162369852773
328_leaf01.png,Healthy,0,0.1665412741882091,0.020313581510126695,0.0014445213518312317,0.004423846639983148,0.7997833217972253,5.833289550728839,0.6686477029089027,0.13163215131582884,0.9750148851560589
329_leaf00.png,olive_peacock_spot,2,0.0038639876352395673,0.7482612055641422,0.19223338485316846,0.008887171561051005,0.04636785162287481,11.602742478933264,0.929106267404481,0.8894073635323807,0.9369100454300578
32_leaf00.png,olive_peacock_spot,2,0.13161559888579388,0.7221448467966574,0.057103064066852366,0.0383008356545961,0.06720055710306407,7.169996771561147,0.9556837306340786,0.9367231782782323,0.9131356894201255
330_leaf00.png,Healthy,0,0.4760343087790111,0.0010090817356205853,0.0010090817356205853,0.019677093844601413,0.04894046417759838,7.843519960157089,0.9459377863328662,0.9139495493189034,0.9442547043785624
331_leaf00.png,Healthy,0,0.7188096753660089,0.10136855506047104,0.06285805219605346,0.17568427753023552,0.07399745385105029,8.480032301597571,0.912407922522324,0.8664855161013468,0.9133831948980651
332_full.png,aculus_olearius,1,0.13673631314467072,0.14784448558582386,0.05739222427929119,0.4072996561756149,0.3507008727849775,5.347914405068569,0.9221079832260324,0.8820308437530646,0.8871169671691934
333_leaf00.png,olive_peacock_spot,2,0.4400647948164147,0.46004319654427644,0.0014398848092152627,0.012419006479481642,0.06839452843772498,7.7836538461536815,0.9306458974091848,0.881502476898083,0.9471472065085665
334_leaf00.png,aculus_olearius,1,0.8916178101727144,0.006655046743780701,0.0,0.37902075740770086,0.054349548407542386,5.321400173125365,0.9174065204912696,0.8654524280007856,0.9245655675388478
335_leaf00.png,olive_peacock_spot,2,0.014805097451274363,0.14074212893553223,0.006184407796101949,0.013493253373313344,0.7869190404797601,8.423316021389386,0.9282226324764931,0.8842971413754135,0.9261165163852716
336_leaf00.png,olive_peacock_spot,2,0.006839378238341969,0.945699481865285,0.013678756476683937,0.010155440414507772,0.018860103626943004,7.758768961189001,0.9402864949858053,0.896921997224502,0.9521729838441744
337_leaf00.png,olive_peacock_spot,2,0.4013019337545472,0.08922075435573425,0.010338885697874785,0.5816580509285851,0.22075435573425234,6.694080525449077,0.9410150133366548,0.8880757798348602,0.8852272397370379
338_leaf00.png,olive_peacock_spot,2,0.011721761211626536,0.12796444928127693,0.010542783294789825,0.0033782251847821157,0.8456219108511314,6.623482026908742,0.69539227504635,0.14685725107110262,0.9620957525921738
338_leaf01.png,aculus_olearius,1,0.62877030162413,0.02303612860457408,0.02320185614849188,0.3007954922108054,0.1319191249585681,7.652565105034585,0.9010639013385789,0.8535304579334995,0.9151826692963952
339_leaf00.png,olive_peacock_spot,2,0.3833659491193738,0.36829745596868885,0.00410958904109589,0.018003913894324854,0.10724070450097847,5.624562249442633,0.9355523141595722,0.8915321384410201,0.9431376897306916
339_leaf01.png,olive_peacock_spot,2,0.4965851509142983,0.15047367261511346,0.004626569729015202,0.011896893588896233,0.14871116986120292,6.8979518527830646,0.934631484816149,0.9026407176272312,0.9319403786588997
33_full.png,olive_peacock_spot,2,0.45893591614700807,0.0030516120472336475,0.0,0.20644818893458936,0.2816770598381319,6.882193647983367,0.8939898881200034,0.8407148108909116,0.9344997779477893
340_full.png,aculus_olearius,1,0.10877710459183673,0.0,0.0,0.0,0.8879743303571429,3.2316587045735936,0.8041164958766102,0.24156693723554098,0.9742425075804501
341_leaf00.png,olive_peacock_spot,2,0.919948767211015,0.04803073967339097,0.0,0.2683317323086776,0.01601024655779699,2.4762721081015737,0.9571253287086676,0.9269403336602046,0.9272530376759656
342_leaf00.png,aculus_olearius,1,0.5967859751643535,0.0019478938397857316,0.0,0.25687850012174335,0.17798879961042124,6.301128766873964,0.9427464458353458,0.9115973588302464,0.9152466198477962
342_leaf01.png,Healthy,0,0.958451906659078,0.004837791690381332,0.0,0.4262948207171315,0.010529311326124075,2.2688007636652228,0.9515733693450392,0.9176811251546422,0.9292674186480964
343_leaf00.png,Healthy,0,0.3191080353710111,0.02883506343713956,0.007304882737408689,0.02114571318723568,0.04498269896193772,4.554464729579242,0.9649318904094882,0.9427271953406486,0.9465469939817417
343_leaf01.png,Healthy,0,0.6784313725490196,0.04470588235294118,0.0645751633986928,0.24496732026143792,0.13071895424836602,5.992038057892913,0.9328056092503577,0.8898472475936993,0.8931638124715258
344_leaf00.png,olive_peacock_spot,2,0.0,0.5326633165829145,0.3938111610685004,0.05593758265009257,0.04390372917217667,8.691928459465652,0.912279768551208,0.8398788085088246,0.9147265063168046
345_full.png,aculus_olearius,1,0.48405496499870365,0.06961368939590355,0.0,0.046149857402126,0.21687840290381125,6.113637191251026,0.9010631830780582,0.8376812775715222,0.9433717240684826
346_leaf00.png,olive_peacock_spot,2,0.051556769971956566,0.0700606409242348,0.021475995302126027,0.0013422497063828767,0.83919369142638,4.198746339472331,0.7527382051147885,0.1837372261921561,0.9745698399937726
347_leaf00.png,olive_peacock_spot,2,0.35113991953509166,0.6144389807778274,0.0,0.011846222619579794,0.021457308895842648,9.945603616575717,0.9370051874695122,0.9025136966423697,0.9396768391343072
348_leaf00.png,Healthy,0,0.8144871440420238,0.030135471385125796,0.013823610727121923,0.2391484655792093,0.10312413602432956,5.128980155791076,0.9606027061711501,0.9224206924122098,0.9033905298397475
349_leaf00.png,aculus_olearius,1,0.4146008198321296,0.1743119266055046,0.006636736287331642,0.05641225844231895,0.16064805777864533,7.773566922888333,0.9202677552629843,0.8897086150728256,0.9257724966805055
349_leaf01.png,olive_peacock_spot,2,0.9186101856258925,0.0038077106139933364,0.0,0.1634935744883389,0.024512137077582104,2.589087605549256,0.9395918386579265,0.9024855370981459,0.9475247728080767
34_full.png,aculus_olearius,1,0.6727700111344798,0.10033403439317085,0.011505629098107139,0.3786960287022145,0.11394284300383521,6.73726474247842,0.8878798399473001,0.8258792334832228,0.9323387897247919
350_leaf00.png,olive_peacock_spot,2,0.8437255821222066,0.0997030786060322,0.0,0.34489764025629005,0.03438037193311455,3.506574592151411,0.9120725581419871,0.8556300109202106,0.9428580509098149
351_leaf00.png,aculus_olearius,1,0.18877665544332212,0.026150392817059484,0.07901234567901234,0.15791245791245792,0.3814814814814815,7.201214251654255,0.8769696376160786,0.8046188266743359,0.9544981810196318
351_leaf01.png,aculus_olearius,1,0.6495726495726496,0.10953666216824112,0.003036437246963563,0.028789923526765633,0.1106612685560054,12.161616781068734,0.8641248696306606,0.8142425800183618,0.949768574525654
352_leaf00.png,olive_peacock_spot,2,0.13013367692059913,0.7841842486712837,0.07553551296505073,0.011596070220647446,0.005636978579481398,8.872819309251565,0.9107413730534523,0.8676668205705589,0.9543864069031582
353_leaf00.png,aculus_olearius,1,0.6624209921470983,0.13282895996935454,0.006224861137713082,0.4278873778969546,0.08092319479027006,12.011611373162182,0.831113516044418,0.7616913362057887,0.90708154581745
354_full.png,Healthy,0,0.8652559233134383,0.026044492674986434,0.0,0.008138903960933261,0.06890938686923494,7.789697476092735,0.9374199892009519,0.8829923939210165,0.9471936917545181
355_full.png,olive_peacock_spot,2,0.8155253178674995,0.0227526210127147,0.0,0.20432745929065357,0.06468882444791434,5.520348176783564,0.9366179651204024,0.899336529648376,0.8970205518905899
356_full.png,aculus_olearius,1,0.27140353242550896,0.014021841714979102,0.0,0.19131724416880141,0.5781313199406768,11.18324195299848,0.8663869501124982,0.8166938252854744,0.9449169941884491
357_leaf00.png,Healthy,0,0.50257328261356,0.0026851644663235625,0.0022376370552696354,0.025061535019019913,0.045871559633027525,8.45441200475509,0.937062794551387,0.9021533473709449,0.9367834286998455
358_leaf00.png,aculus_olearius,1,0.45466023875114786,0.0,0.0,0.024334251606978878,0.32564279155188247,8.97918721429569,0.8822703698276232,0.8177637732160471,0.9390186450205613
359_leaf00.png,aculus_olearius,1,0.9306087696892295,0.013409961685823755,0.0,0.2418050234142188,0.02767134951042997,4.741871291462354,0.927534067287696,0.8980194096173486,0.9204118633928534
35_leaf00.png,aculus_olearius,1,0.02405452358679674,0.18094347186957102,0.0069490845917412804,0.010824535614058533,0.5358813310169718,13.725130016217722,0.8851057359132292,0.838875593487898,0.9593026594211077
360_leaf00.png,aculus_olearius,1,0.8059945504087194,0.00027247956403269756,0.0,0.016485013623978202,0.06880108991825613,7.732898831747097,0.8964698654142469,0.8453760192683455,0.9478325533262046
361_leaf00.png,olive_peacock_spot,2,0.21026842778014487,0.4588836812952706,0.01469961653174265,0.011930123561994035,0.16297400937366852,7.567247951698629,0.9430462680723121,0.8992290969824162,0.9452138408126493
362_leaf00.png,Healthy,0,0.8050778050778051,0.027846027846027847,0.0045045045045045045,0.47542997542997545,0.1208026208026208,3.8592053801513,0.9624077675928759,0.9389995120124202,0.8636951721274362
363_leaf00.png,olive_peacock_spot,2,0.18101851851851852,0.37754629629629627,0.22175925925925927,0.34791666666666665,0.12291666666666666,8.505919936532509,0.927285504002423,0.8842693635248124,0.8827777096926519
364_leaf00.png,Healthy,0,0.912914886625041,0.009201445941505093,0.0,0.06309562931317779,0.021689122576404863,2.736364874079988,0.9602419361550405,0.932376447771554,0.9402930307910389
364_leaf01.png,aculus_olearius,1,0.613552594272753,0.2421321236178055,0.0038276155372838107,0.34264247235611,0.03955202721859938,7.175461655859158,0.8777607264429714,0.8301010071915388,0.9174258644930775
365_leaf00.png,olive_peacock_spot,2,0.17673752089801767,0.4272748984953427,0.09147360878910915,0.012658227848101266,0.06782899450680678,6.014080304422461,0.9555429527471077,0.9097642068087588,0.9438521930701029
365_leaf01.png,olive_peacock_spot,2,0.0,0.9076231350909463,0.05354588187206213,0.015123646024933579,0.02534232577151032,6.260397719367015,0.9428566503909892,0.8956351737366519,0.9628425808404215
366_full.png,aculus_olearius,1,0.003863872789418933,0.3942636350126319,0.12468420270471095,0.006836082627433497,0.2307920939218309,12.046635358178742,0.9027634330909019,0.857457686933748,0.9582232078355877
367_leaf00.png,olive_peacock_spot,2,0.8139450867052023,0.011199421965317919,0.0,0.24313583815028902,0.05455202312138728,2.3647238452987054,0.9660087049592759,0.9359847823878138,0.9147346123181128
368_leaf00.png,Healthy,0,0.6668183887118798,0.02639963586709149,0.0013654984069185253,0.032771961766044605,0.058716431497496585,4.2186056985746445,0.9691384146537941,0.9500979475873867,0.930854515438583
369_leaf00.png,olive_peacock_spot,2,0.5283595113438045,0.39659685863874344,0.017015706806282723,0.008726003490401396,0.032722513089005235,8.476925087903158,0.939348440723399,0.9020115663858216,0.9393144576862064
36_leaf00.png,Healthy,0,0.38319604612850083,0.06128500823723229,0.0009884678747940692,0.02701812191103789,0.2184514003294893,7.086229205376341,0.9521380117659847,0.9342014401441382,0.9166591099684367
370_leaf00.png,aculus_olearius,1,0.5073129962390305,0.239657333890514,0.012954450480568324,0.1832427914751358,0.07960718763058922,7.118807358231168,0.9248533478664009,0.8975475110379751,0.9245173619343198
371_leaf00.png,olive_peacock_spot,2,0.06548016633987633,0.00394303074702118,0.0,0.03281549632630196,0.9224752752580208,3.0534634969026992,0.8227434381227947,0.20001157581559784,0.9795280783739484
372_leaf00.png,Healthy,0,0.7888828039430449,0.06489594742606791,0.04928806133625411,0.01615553121577218,0.0783132530120482,4.66702215121985,0.9497325120886082,0.921807311371637,0.9267968648005347
373_full.png,Healthy,0,0.9360197192155182,0.022719965705712143,0.0019290536919944273,0.020255063765941484,0.02936448397813739,8.799146003692776,0.8845614576281084,0.8048595854986292,0.9423272473704074
374_leaf00.png,aculus_olearius,1,0.7407959140242605,0.08427324962758033,0.0,0.3060225579910619,0.058097467546286446,4.308838430594662,0.9351160806861687,0.8992525805771051,0.9194750762260684
375_leaf00.png,olive_peacock_spot,2,0.958312405826218,0.0035158211953792064,0.0,0.4098442993470618,0.024610748367654443,1.3387516269011805,0.9713815389448892,0.9534111125307969,0.9208492333030924
376_leaf00.png,Healthy,0,0.38599062133645956,0.003223915592028136,0.0008792497069167644,0.031066822977725676,0.17438452520515826,7.410210000695569,0.9539779935156738,0.9245643129755596,0.9416041551468628
377_leaf00.png,olive_peacock_spot,2,0.5425957690108634,0.35334476843910806,0.0,0.03401943967981704,0.08604917095483133,6.402499974636159,0.9466985576941802,0.9239397729774803,0.9140072360531527
378_full.png,Healthy,0,0.781977414150726,0.0,0.0004609356994699239,0.006914035492048859,0.02235538142429131,7.0107748687607625,0.939055173196369,0.9071945594730699,0.9461756390103315
379_full.png,aculus_olearius,1,0.795364238410596,0.10529801324503311,0.0002207505518763797,0.5735099337748344,0.05474613686534217,5.5088641657075605,0.9205277178054787,0.8731207745138058,0.8854998019894695
37_full.png,Healthy,0,0.1127086383601757,0.03997071742313323,0.0,0.023045387994143483,0.8441581259150805,5.901590798659889,0.798270745476009,0.15091255926175567,0.9740591262222099
380_leaf00.png,olive_peacock_spot,2,0.12409473478175768,0.6091211587394794,0.12037580739870817,0.0064591896652965355,0.019769035036210608,9.595386231415436,0.934890970102547,0.8893782767324234,0.9460112580074642
381_leaf00.png,aculus_olearius,1,0.9280753384343732,0.034608593290170686,0.00047086521483225425,0.3577398469688052,0.01718658034137728,6.025437587504701,0.8749236980270789,0.8055285845678455,0.9303427279681105
382_leaf00.png,Healthy,0,0.2948617835389661,0.24238638138372637,0.0010932375449008277,0.13056379821958458,0.15930032797126348,9.00373367482533,0.9031591239945287,0.8636640724406506,0.9296616705418324
383_leaf00.png,aculus_olearius,1,0.028417442430181284,0.4483096521313082,0.026947574718275354,0.007961783439490446,0.16511513963743263,11.98333042254459,0.8785502531616541,0.8271390128333408,0.958193261846324
384_leaf00.png,olive_peacock_spot,2,0.44317148572467724,0.1412984178941626,0.0029096199308965265,0.017094017094017096,0.12165848336061102,7.468103044080484,0.9243272451745862,0.8827346656500846,0.9381910817844011
385_leaf00.png,Healthy,0,0.8845960863020572,0.01655795283492223,0.004014049172102358,0.03562468640240843,0.039136979427997994,2.903392550966545,0.9736753694110418,0.9533791939000436,0.916892029315489
386_leaf00.png,olive_peacock_spot,2,0.6487217305801377,0.1669124877089479,0.14446083251392985,0.1902654867256637,0.03359554244509997,8.823553235540325,0.8572667559556049,0.7475389102754999,0.9323580061666474
387_full.png,Healthy,0,0.9335766423357664,0.0012165450121654502,0.0,0.10121654501216545,0.05425790754257907,6.409730445299737,0.9396147023629601,0.9102229556858706,0.926410343900425
388_leaf00.png,Healthy,0,0.8495032144944477,0.018848626534190532,0.0007305669199298656,0.1125073056691993,0.07700175336060783,7.082308926071127,0.9076945298563428,0.8546101369347796,0.9362811616728383
389_leaf00.png,olive_peacock_spot,2,0.01281771809739722,0.08843789510398047,0.001307930418101757,0.0001743907224135676,0.8932728778828967,1.92254276775386,0.7786619879528855,0.1595672392816338,0.9832654620643224
38_leaf00.png,Healthy,0,0.17744154057771663,0.0032095369096744614,0.0022925263640531865,0.02200825309491059,0.04218248509857864,4.998532482585913,0.9668037625670615,0.9509110745065135,0.9332217973128756
390_leaf00.png,Healthy,0,0.540066657006231,0.041733082162005504,0.14505144182002608,0.23112592377916244,0.1773655991885234,7.396215344105747,0.8980751445612031,0.8449539661398601,0.923796814575553
391_leaf00.png,olive_peacock_spot,2,0.5089403350272915,0.4225484660267269,0.013739883305100696,0.012987012987012988,0.031055900621118012,6.700085294552343,0.9336692616001283,0.8865622399085852,0.9357315975973528
392_full.png,aculus_olearius,1,0.7812900469884665,0.020717642033319095,0.012387868432293891,0.45706962836394704,0.11341307133703546,5.654782074954747,0.9400369881243145,0.8988623158767483,0.8960337018921638
393_leaf00.png,olive_peacock_spot,2,0.8632134774955997,0.033442293185818456,0.0,0.37666582851395525,0.03821976364093538,3.5774830035928984,0.9481140951625199,0.9115960537029607,0.9081840620917644
394_leaf00.png,aculus_olearius,1,0.5634257222466638,0.09928141956298578,0.014078310602727673,0.30854964070978147,0.11526616805983282,6.6995169208592795,0.8520854465001132,0.7647094708364305,0.9324240520722895
395_leaf00.png,Healthy,0,0.8749515316013959,0.042846064366033346,0.0,0.3702016285381931,0.04623885226832106,6.733272629506994,0.8856471513666012,0.7826969671323664,0.9430445260607732
396_leaf00.png,Healthy,0,0.8331103678929765,0.015384615384615385,0.0013377926421404682,0.026421404682274247,0.01137123745819398,4.731759457404803,0.9546676016496308,0.9336545826863086,0.9307962757225949
396_leaf01.png,Healthy,0,0.668678629690049,0.02267536704730832,0.0,0.0464926590538336,0.058564437194127246,6.611677345998633,0.9135950194471507,0.8686597793580713,0.9353411098614468
397_full.png,olive_peacock_spot,2,0.02796157525510204,0.039361447704081634,1.992984693877551e-05,0.00023915816326530612,0.9311025191326531,2.224849067774751,0.8373896405377517,0.27223348144525944,0.9639848096556447
398_leaf00.png,olive_peacock_spot,2,0.051762114537444934,0.8588105726872247,0.05991189427312775,0.03325991189427313,0.01145374449339207,7.6897003023352735,0.9364532718735186,0.9027077268309894,0.9442140276607757
399_leaf00.png,Healthy,0,0.32886723507917176,0.00243605359317905,0.0032480714575720666,0.020300446609825416,0.23670320747056436,6.5482580018898675,0.9664731622662881,0.9444659378948363,0.9298693007360213
39_leaf00.png,olive_peacock_spot,2,0.13315508021390374,0.718716577540107,0.03279857397504456,0.00873440285204991,0.043493761140819966,8.849018587255358,0.9279797026123281,0.8793187321183156,0.9469520899719458
3_leaf00.png,Healthy,0,0.6546035125066525,0.009579563597658328,0.00026609898882384245,0.016764236295902075,0.10750399148483236,4.85933165522151,0.9468923555982067,0.9180557681645237,0.9356498078197902
400_full.png,aculus_olearius,1,0.9404603068712475,0.00066711140760507,0.0,0.00867244829886591,0.03885923949299533,8.019740851669933,0.9246889252779767,0.8710011995191694,0.9308602798096774
401_leaf00.png,aculus_olearius,1,0.6445392175041721,0.006489894307435564,0.0,0.011681809753384016,0.149452994622659,14.984692816415581,0.9189197559366451,0.88030808525924,0.9069325041879386
402_leaf00.png,olive_peacock_spot,2,0.2451948051948052,0.00017316017316017316,0.0,0.10268398268398268,0.3901298701298701,6.131270454024893,0.9173645911115222,0.8759391493079798,0.9225587913600319
402_leaf01.png,Healthy,0,0.045522836538461536,0.008463541666666666,0.09334935897435898,0.025691105769230768,0.8191356169871795,3.3434736034375527,0.7140607360340092,0.13160312536486812,0.9874996740374544
403_leaf00.png,aculus_olearius,1,0.7033136094674556,0.025207100591715978,0.0,0.02757396449704142,0.1340828402366864,10.639345219374132,0.8679884671498683,0.8220372210784994,0.9355002775145767
404_leaf00.png,aculus_olearius,1,0.00354421407052986,0.30303030303030304,0.011341485025695552,0.04873294346978557,0.4855573276625908,11.172190189459247,0.9095407759732564,0.8754072561256783,0.9513468218012703
405_leaf00.png,aculus_olearius,1,0.7541725967136758,0.1173502393582611,0.0,0.01759606676154742,0.055505240005175316,9.814535166429232,0.8893044200408512,0.8362279368260656,0.9402063537621949
406_full.png,olive_peacock_spot,2,0.8698727015558698,0.042432814710042434,0.00023573785950023574,0.22418670438472418,0.026874115983026876,2.954288832211004,0.9420324880003216,0.9078769483678013,0.941709811437193
407_leaf00.png,aculus_olearius,1,0.6282544216192464,0.18092936394595188,0.0,0.1062287158079754,0.061628034713830604,10.329608369736073,0.873678697029941,0.8088641282047698,0.9207078025653208
407_leaf01.png,olive_peacock_spot,2,0.04605809128630706,0.04778699861687413,9.220839096357768e-05,0.010396496081143384,0.8973029045643154,2.745853372178443,0.7939696379246846,0.15776414284893803,0.9822848278331919
407_leaf02.png,olive_peacock_spot,2,0.13391984359726294,0.5486314760508308,0.15664711632453568,0.010508308895405669,0.13318670576735092,8.411831919728707,0.9426926436153376,0.9122906963695917,0.9443549698402468
408_leaf00.png,olive_peacock_spot,2,0.005188421627525942,0.976788640087384,0.0010922992900054614,0.01119606772255598,0.010376843255051884,7.811461129380897,0.9488720677734658,0.9202191203799144,0.9419724303162615
409_full.png,olive_peacock_spot,2,3.985969387755102e-05,0.09036192602040816,0.005361128826530612,0.0,0.9025231186224489,1.750749678967829,0.7603009865174875,0.2650256145777696,0.9634438528849851
40_full.png,olive_peacock_spot,2,0.05347871235721703,0.3099688473520249,0.11396677050882659,0.021806853582554516,0.23260643821391486,6.700523724494836,0.9499634524535242,0.9157401225316395,0.9346171869862419
410_leaf00.png,Healthy,0,0.8408765103420028,0.03379070243702642,0.0030718820397296746,0.010034814663116936,0.09215646119189023,7.747910392166368,0.935906004021602,0.8962316714770324,0.925704343616743
411_leaf00.png,olive_peacock_spot,2,0.0033208800332088003,0.23453715234537154,0.48650892486508923,0.048152760481527605,0.06496471564964716,8.697120864989419,0.9306217269486494,0.8967214586270174,0.9260476367618542
412_leaf00.png,aculus_olearius,1,0.8533846647417388,0.03657362848893166,0.0,0.2640359319858839,0.06480590311196663,5.944487205454642,0.9439575705104747,0.925152129125433,0.8936892320924035
413_leaf00.png,olive_peacock_spot,2,0.002568218298555377,0.7463884430176565,0.07576243980738363,0.026324237560192615,0.13643659711075443,9.698628058501535,0.9565659952711016,0.9301149128565569,0.9181399060757233
414_full.png,aculus_olearius,1,0.3234504963777837,0.0,0.0,0.014086396565602361,0.2691172524818889,7.955005810102433,0.9025029674373699,0.8428905033429991,0.9484286775348831
415_leaf00.png,Healthy,0,0.8739058433877455,0.01726993139342323,0.0,0.021291696238467,0.032410693162999764,6.021820359309557,0.9386678549015278,0.9093045931602259,0.9187906104453089
416_leaf00.png,aculus_olearius,1,0.7695329550414666,0.12221737232649497,0.0,0.0257529463116543,0.06372762985595809,7.096907284386531,0.9332721761889845,0.9010709497609148,0.9253931263196051
417_leaf00.png,aculus_olearius,1,0.9118544345173241,0.02876443669644803,0.007626933972543038,0.1851165831335803,0.03595554587056003,8.956128833906591,0.8716219513605707,0.8075029170569668,0.928536719596218
418_leaf00.png,olive_peacock_spot,2,0.27241379310344827,0.4002463054187192,0.030049261083743842,0.015517241379310345,0.04211822660098522,8.589925831060036,0.9462012820075492,0.9121897722022636,0.9397338565152583
418_leaf01.png,Healthy,0,0.3621437422552664,0.0024783147459727386,0.004337050805452293,0.0523543990086741,0.07125154894671623,7.675039078238948,0.9547467453547811,0.9283654119505063,0.9368355631597529
419_full.png,Healthy,0,0.7511544381734223,0.009748589020010261,0.0,0.055926115956900974,0.02616726526423807,4.395151653279404,0.9741453208851709,0.9571082722451936,0.9312609020211498
41_leaf00.png,Healthy,0,0.7801155115511551,0.04744224422442244,0.018358085808580858,0.2898102310231023,0.11262376237623763,7.3508792875547995,0.9257144018379371,0.888661330424586,0.9012716616533945
420_leaf00.png,olive_peacock_spot,2,0.0016144463047117915,0.010424140955114406,0.0037072470700789287,0.0,0.3285099258550586,2.194403935470362,0.741169024587608,0.236903942598804,0.9809189292007141
421_leaf00.png,Healthy,0,0.8775189740905522,0.032190526040303584,0.0,0.022245485475006543,0.05286574195236849,9.525893545586348,0.8934358795366409,0.8384091450860359,0.9400330279966913
421_leaf01.png,olive_peacock_spot,2,0.00047405721870629787,0.02028964896062955,0.015193533859536847,0.0,0.9357889497262319,1.9361202365130274,0.7444865105903802,0.21492715213687624,0.9771195467471994
422_leaf00.png,aculus_olearius,1,0.8570540708514606,0.01678060907395898,0.0,0.036047234307022995,0.09260410192666252,7.837443991480542,0.9259830997537746,0.895702658969632,0.9192274183126069
423_leaf00.png,Healthy,0,0.7442872687704026,0.03373231773667029,0.05067620083942173,0.24156692056583243,0.10959117052697032,8.327543219771325,0.9074395769285457,0.8611457660634549,0.9167832229452525
424_leaf00.png,aculus_olearius,1,0.5299897645854658,0.20368474923234392,0.0,0.13490276356192427,0.0931422722620266,6.436358632794146,0.9276282411315221,0.8950495699638716,0.919882466318604
425_full.png,Healthy,0,0.7199110828834551,0.08367735789139409,0.05827246744998412,0.08828199428389966,0.10146078120038107,9.19990797500417,0.915375646389238,0.8663087160355345,0.9265956798466368
426_leaf00.png,olive_peacock_spot,2,0.2535910159310525,0.6790284669626534,0.0005223295899712719,0.017236876469051973,0.04936014625228519,7.342600661340602,0.9471787419223394,0.9171669708932639,0.93507864139403
427_leaf00.png,Healthy,0,0.7875387920744807,0.031272380042969686,0.01456194795894008,0.06135115779422296,0.1181666268799236,6.607549038932463,0.9407457126717778,0.91038918885163,0.9118242505260238
428_leaf00.png,Healthy,0,0.894297635605007,0.00602688919796013,0.0,0.009503940658321743,0.07093184979137691,6.156867425307382,0.9496892818188019,0.9086261136191228,0.95220702561907
429_leaf00.png,olive_peacock_spot,2,0.055824595699306916,0.07881642082814999,0.007797227652390261,6.664297138795096e-05,0.8444775191043185,3.0850424552366738,0.7977755422185763,0.21308351463793035,0.9778808873537712
42_full.png,aculus_olearius,1,0.7848618784530387,0.0032044198895027623,0.0,0.009502762430939227,0.08795580110497238,9.624075130224321,0.875614994736322,0.8097676766922701,0.9498081270989466
430_leaf00.png,olive_peacock_spot,2,0.23183289202706678,0.7355104442483084,0.009120329508679022,0.1312150632538982,0.015592821418064137,7.5072523921605026,0.9468415929647982,0.9240440078048064,0.9246265814768112
430_leaf01.png,olive_peacock_spot,2,0.2449615624350717,0.7099522127571162,0.0010388531061707874,0.023685850820693955,0.033451070018699354,8.533852951321764,0.932737995478246,0.8972303496132161,0.9497264729621102
431_full.png,aculus_olearius,1,0.6247326707761983,0.19914454648383445,0.0,0.1275632154988049,0.09045162913574034,9.363110305349881,0.8820510357635801,0.8327167040222859,0.9368745301670934
432_leaf00.png,aculus_olearius,1,0.003856591915440651,0.43608055992001143,0.0724182259677189,0.009855734895014998,0.38151692615340665,15.202423919722502,0.8971814945847677,0.8444711384907599,0.946559840705864
433_leaf00.png,olive_peacock_spot,2,0.6622239146991622,0.011805026656511805,0.0,0.024752475247524754,0.09291698400609291,6.744158102185219,0.9194188506056205,0.8858712383765096,0.9312847749476059
434_leaf00.png,aculus_olearius,1,0.6326440827100748,0.26286845578530577,0.004399472063352398,0.025956885173779146,0.03310602727672679,10.229694533901604,0.8749741260017356,0.8085777141214934,0.9411297313463409
435_leaf00.png,Healthy,0,0.3148716292588406,0.00016147263038914905,0.0,0.009849830453738091,0.21718068787340547,9.540350002970971,0.9218436782719371,0.8681562800056024,0.9408163132763727
435_leaf01.png,aculus_olearius,1,0.5132052821128451,0.006602641056422569,0.004201680672268907,0.022809123649459785,0.05582232893157263,4.79224562367194,0.9729058481505909,0.9618340125472058,0.9107950660549329
436_full.png,olive_peacock_spot,2,0.01016260162601626,0.6507191994996873,0.2320200125078174,0.021888680425265792,0.047217010631644775,12.430803571428134,0.9069017163221534,0.8643898346026112,0.9429796455314753
437_leaf00.png,olive_peacock_spot,2,0.6820311036162638,0.1830616451189807,0.0016863406408094434,0.5207045156454937,0.06089563425145213,6.8672182761512826,0.9151297754842411,0.8669117600425514,0.8928009496762105
438_leaf00.png,Healthy,0,0.83209330384074,0.06414639050874724,0.001407601045646491,0.23989543535089483,0.04082043032374824,5.420869283380732,0.9311013547070479,0.8942146761252857,0.913583281060049
439_leaf00.png,olive_peacock_spot,2,0.17900485436893204,0.6365291262135923,0.04824029126213592,0.027609223300970875,0.10527912621359223,6.334076460007825,0.9573649768953816,0.9281025973215365,0.9316272518009634
43_leaf00.png,olive_peacock_spot,2,0.4480394257553032,0.496893079065781,0.0,0.018427255196057424,0.03878294407542318,7.500872557111679,0.942324939700434,0.899714217516365,0.9397403668988381
440_leaf00.png,Healthy,0,0.942652329749104,0.004838709677419355,0.001075268817204301,0.02974910394265233,0.04032258064516129,6.288431011417902,0.9381048148502631,0.8821209891442343,0.9302112565264933
441_full.png,Healthy,0,0.18452189011534167,0.004440034726528587,0.028748604737690687,0.07178469552275828,0.7561453553268015,6.396400567168849,0.6657991729321365,0.11969345781276682,0.9860256372829745
442_leaf00.png,olive_peacock_spot,2,0.30563002680965146,0.4847520107238606,0.012064343163538873,0.012734584450402145,0.07439678284182305,6.417641795852396,0.9282290558823552,0.8737198921456919,0.9427680100786463
443_leaf00.png,Healthy,0,0.3343949044585987,0.12665360117589416,0.0,0.012738853503184714,0.3684468397844194,8.350811847246437,0.9434814352473099,0.9122238742459341,0.9262380817585042
444_leaf00.png,aculus_olearius,1,0.662948528423599,0.02634054562558796,0.0,0.17013842225507325,0.10818438381937912,6.513073908418032,0.9037240478063943,0.8422214009723831,0.9352358972350083
445_leaf00.png,olive_peacock_spot,2,0.5738688827331486,0.27516158818097874,0.006001846722068329,0.016158818097876268,0.06740535549399815,3.280439901037985,0.9691637207362239,0.9522818371990478,0.9359754855448456
446_full.png,olive_peacock_spot,2,0.4196391963919639,0.4956949569495695,0.0002050020500205002,0.010455104551045511,0.05555555555555555,7.573869738478175,0.9397621469823346,0.8959676005869842,0.9375492667741536
447_leaf00.png,Healthy,0,0.6020408163265306,0.03231292517006803,0.09387755102040816,0.6010204081632653,0.2193877551020408,6.287555691472736,0.9139070823880384,0.7996493835634908,0.8235338830075873
448_leaf00.png,aculus_olearius,1,0.5033906323923671,0.04084529254060874,0.00023655574830468382,0.13830626084213846,0.20548809336066867,8.720797961517997,0.8507563047017674,0.7368785029808385,0.9502165145887307
449_full.png,aculus_olearius,1,0.7886587962066963,0.08457518869750338,0.008709115540932844,0.24811302496613122,0.05496419585833172,7.876275749606279,0.909517055604578,0.8801904474164847,0.9077752576804403
44_leaf00.png,olive_peacock_spot,2,0.21170967255168252,0.6954881545193904,0.00467783310698657,0.01041195110909914,0.0541723253357477,9.26325648187852,0.9112115674239637,0.8583354424042355,0.951355710926402
44_leaf01.png,aculus_olearius,1,0.31628329297820823,0.00423728813559322,0.009382566585956417,0.026634382566585957,0.39285714285714285,7.7162775359365625,0.9463000229026566,0.9262767493645411,0.9264765431284082
450_leaf00.png,Healthy,0,0.5431034482758621,0.0,0.0,0.07655172413793103,0.05448275862068966,5.803384778799306,0.9588810857792335,0.9359459677994495,0.9293188249768658
451_full.png,olive_peacock_spot,2,0.2350756168745025,0.4921729901830724,0.02042982223401433,0.025470947200849033,0.09710798620323693,6.710070219446739,0.953082960326832,0.9180767844657151,0.9403845059795278
452_leaf00.png,Healthy,0,0.5506628787878788,0.019412878787878788,0.010416666666666666,0.03172348484848485,0.03006628787878788,6.925242939103761,0.9429709121243703,0.9076709296482242,0.9486034902477237
453_leaf00.png,olive_peacock_spot,2,0.010347572300344918,0.8224993366940833,0.09074024940302468,0.01804192093393473,0.026532236667551074,8.344115509259698,0.9443346131130765,0.918475914881216,0.9201333030610717
453_leaf01.png,olive_peacock_spot,2,0.6178616352201258,0.03119496855345912,0.009056603773584906,0.5084276729559748,0.16327044025157234,5.910394657604214,0.9365491609483435,0.8995110007550147,0.8727374268163418
453_leaf02.png,olive_peacock_spot,2,0.03456356180433509,0.9099785198203476,0.007225151337629369,0.016793595000976373,0.019332161687170474,8.70412695735396,0.9355349608511143,0.8903192089912169,0.950540412543555
454_leaf00.png,olive_peacock_spot,2,0.42734569609742595,0.3016883476335455,0.11680044284528093,0.013285358427899253,0.09521173539994464,6.859680587481488,0.9523981363686428,0.9219501016143643,0.9423273087560715
455_leaf00.png,Healthy,0,0.2575790152655343,0.040851429800043,0.2096323371317996,0.1118039131369598,0.33304665663298216,6.886027011270029,0.9371552657320488,0.8994043723226457,0.9303528525204902
456_leaf00.png,olive_peacock_spot,2,0.37264884740489324,0.5017677839060953,0.04794229953330505,0.2952906236741621,0.02899165605996323,9.91492199026872,0.8996506048382508,0.845714336164936,0.9380330337465064
457_leaf00.png,olive_peacock_spot,2,0.9154822815993936,0.013644115974985787,0.0,0.4009854083759712,0.027288231949971573,2.975096273417918,0.930182773708979,0.8854766199065205,0.943021783587761
458_full.png,olive_peacock_spot,2,0.6140906392242232,0.22501484266772215,0.053037799327132394,0.25747080942014644,0.061745497724124285,7.6099969998346015,0.902969861627782,0.8649678976444015,0.8987318597594136
459_leaf00.png,Healthy,0,0.8964019851116626,0.02620967741935484,0.0015508684863523574,0.006823821339950372,0.05536600496277916,9.876845708531537,0.9185119287879211,0.8639447506940389,0.9261806924741584
45_leaf00.png,aculus_olearius,1,0.7604182924925862,0.011393788044326518,0.0,0.016232245980958328,0.07788356485094428,10.05963688942261,0.9047903422241631,0.8637422117687399,0.9270889733382606
460_leaf00.png,olive_peacock_spot,2,0.012292891501870658,0.9045964724746125,0.06386958845537145,0.021111704970603957,0.009620523784072688,7.856689299555449,0.9425875087867305,0.9178942939101266,0.9305861484788769
461_full.png,Healthy,0,0.5964424680377988,0.042245692051139525,0.011117287381878822,0.03446359088382435,0.07281823235130629,4.007958952811832,0.9738461037322567,0.9591135808053528,0.9257751505731723
462_leaf00.png,Healthy,0,0.834399269072636,0.005710370031978072,0.0,0.5877112836911832,0.09707629054362722,4.30253799303434,0.9438696136869917,0.9041536272746159,0.8818041961797812
463_leaf00.png,aculus_olearius,1,0.8118920400054802,0.07439375256884505,0.0013700506918755994,0.05521304288258665,0.018084669132757913,9.642009677706596,0.8931011136951114,0.8453618573316755,0.9339623781961247
463_leaf01.png,Healthy,0,0.7006109979633401,0.08591001666358082,0.020736900573967782,0.02777263469727828,0.07331975560081466,7.959750636629095,0.9226606400387691,0.8855583680406608,0.9287777794018608
464_leaf00.png,olive_peacock_spot,2,0.9032042723631508,0.001557632398753894,0.0,0.397196261682243,0.019359145527369826,2.367344505929285,0.9400586265141619,0.9003635628101047,0.9424673937601107
465_leaf00.png,Healthy,0,0.7070707070707071,0.004253056884635832,0.0,0.027910685805422646,0.08133971291866028,6.638652427597352,0.9484649923600861,0.9191429603846595,0.9107110840497469
466_leaf00.png,olive_peacock_spot,2,0.8562929061784897,0.05217391304347826,0.0,0.47620137299771165,0.06109839816933638,4.1628257018139525,0.9436003239038917,0.9016181057681785,0.9057042170352086
466_leaf01.png,aculus_olearius,1,0.12483688560243585,0.28345657532260404,0.0,0.006089604175728578,0.24575902566333188,9.93508596306728,0.9086773509461681,0.8541962240431679,0.9665500984495197
467_leaf00.png,olive_peacock_spot,2,0.07348148148148148,0.6562962962962963,0.15437037037037038,0.021037037037037038,0.0951111111111111,6.250094661010176,0.9509237064984705,0.9259857636960833,0.940226183717889
468_full.png,aculus_olearius,1,0.9133480825958702,0.05328171091445428,0.0,0.036135693215339236,0.020833333333333332,9.11563625967787,0.9134926506186941,0.8817854380447953,0.9227862539180496
469_leaf00.png,olive_peacock_spot,2,0.5164444444444445,0.2574814814814815,0.12962962962962962,0.4414814814814815,0.06844444444444445,7.404573050762061,0.8995253120039771,0.7858176106374334,0.9053160757719817
46_leaf00.png,aculus_olearius,1,0.2830188679245283,0.3390236597783768,0.01946690625935909,0.5962863132674453,0.2165318957771788,7.006952103883828,0.9048621759721391,0.814620532043812,0.8323492127623451
470_leaf00.png,aculus_olearius,1,0.08241525423728814,0.03784427966101695,0.006382415254237288,0.010513771186440679,0.8354078389830508,5.048715681080953,0.7579972467376662,0.16866758176021596,0.9730864787758731
471_leaf00.png,Healthy,0,0.6981969486823856,0.029680998613037447,0.019972260748959778,0.4449375866851595,0.1420249653259362,5.529241556056595,0.9368177696490819,0.9007128825899676,0.8852001148322232
472_leaf00.png,olive_peacock_spot,2,0.9589463692453726,0.0028476506881822496,0.0,0.29829140958709066,0.011627906976744186,2.966977529197231,0.9474348746157646,0.9064422313488221,0.9287012065535908
473_leaf00.png,olive_peacock_spot,2,0.0,0.7882882882882883,0.12422949265054528,0.01683262209577999,0.05950687529634898,9.184490617780181,0.9457155628699323,0.908538549033406,0.9371549442664839
474_leaf00.png,olive_peacock_spot,2,0.18360298127613162,0.2632248682057808,0.11888747500454463,0.011270678058534812,0.24104708234866387,7.091326044042873,0.9257989203417207,0.8813426640761546,0.9435689264257285
474_leaf01.png,olive_peacock_spot,2,0.2868217054263566,0.45825027685492803,0.09545957918050942,0.34219269102990035,0.11251384274640089,3.6412859059628806,0.9450565714661652,0.9000319746266751,0.932440559719794
475_full.png,olive_peacock_spot,2,0.8258359872611465,0.08160828025477707,0.0,0.2002388535031847,0.017914012738853503,2.986397756325674,0.9362895926817085,0.890751312682839,0.9503650364502844
476_leaf00.png,Healthy,0,0.8319838056680162,0.0199055330634278,0.00033738191632928474,0.17577597840755735,0.08738191632928476,2.2337072548922774,0.9652341379044812,0.9360243473670009,0.9345822833006341
477_leaf00.png,aculus_olearius,1,0.4497347299687117,0.0019045027887362263,0.03251258332199701,0.27642497619371514,0.21833764113726023,6.726724850426406,0.8982767430652541,0.8432650917965268,0.922436868303455
478_leaf00.png,Healthy,0,0.8084935897435898,0.08920940170940171,0.006677350427350427,0.013888888888888888,0.06917735042735043,4.8801048101198985,0.9496931548709272,0.9202064036335275,0.9302646723265527
479_leaf00.png,aculus_olearius,1,0.7854031658344842,0.10591734834802932,0.0,0.11186656751301392,0.035270370763837246,8.414893705196654,0.8641026682175499,0.8023401712475213,0.9389370027885411
47_leaf00.png,aculus_olearius,1,0.8852808425275828,0.00037612838515546637,0.0,0.009277833500501504,0.05027582748244734,9.611434941344378,0.8920001757861955,0.83238827897487,0.9486147408002314
47_leaf01.png,aculus_olearius,1,0.1349778125815714,0.004802923518663535,0.0,0.09350039154267815,0.8570869224745498,7.195072088209142,0.8104063738254477,0.17759591677015152,0.9753236037640388
480_leaf00.png,Healthy,0,0.9060668734918993,0.05928990003447087,0.0,0.011375387797311272,0.022750775594622543,7.430323472524413,0.9242928608321668,0.8765505406967663,0.9450488060232887
481_leaf00.png,aculus_olearius,1,0.7935089369708372,0.04068673565380997,0.0,0.018579492003762934,0.019285042333019756,6.704488752641311,0.9348703785327294,0.9056759437686248,0.9301425892490154
482_leaf00.png,aculus_olearius,1,0.5790940766550523,0.1505226480836237,0.00017421602787456446,0.05731707317073171,0.1132404181184669,8.439007601143045,0.9132413189927351,0.8782093534983517,0.9208757233999355
483_leaf00.png,aculus_olearius,1,0.7421850331544048,0.19955794126934007,0.0058414903694347965,0.01484054310072624,0.038838017050836754,8.794105735170726,0.9066735372173589,0.8650363416855998,0.9203228544692148
484_leaf00.png,olive_peacock_spot,2,0.1549920760697306,0.3600633914421553,0.3492868462757528,0.03708399366085578,0.11568938193343899,5.768017251312248,0.9545392437369811,0.9304525065247026,0.9209557268136135
485_full.png,Healthy,0,0.8280736357659435,0.015450361604207758,0.012163050624589087,0.15877712031558186,0.06673241288625904,4.213597995251837,0.9563651859526171,0.9339687032631157,0.9034466088596089
486_leaf00.png,aculus_olearius,1,0.015293664053463565,0.12260634879835497,0.2455982521526796,0.00873923660197918,0.4822002313327336,16.667848917765824,0.8941276728839542,0.8126547176600266,0.9661093007452652
487_leaf00.png,aculus_olearius,1,0.7734056987788331,0.09457259158751696,0.01723202170963365,0.3130257801899593,0.04328358208955224,8.475284010206144,0.871490778940549,0.8261387145426743,0.9153411765704085
488_leaf00.png,aculus_olearius,1,0.13826338576681244,4.351326066618802e-05,0.0,4.351326066618802e-05,0.8500097904836499,4.702472065490532,0.7675146717252379,0.19497264906047246,0.9769381931638671
489_full.png,Healthy,0,0.18214637348211354,0.0,0.0,0.01706596652445028,0.07778142435182146,6.979016507430732,0.9543472177008712,0.929312819747192,0.9226659120397676
48_leaf00.png,olive_peacock_spot,2,0.556639796351294,0.4034789987271956,0.0019092066185829445,0.0515485787017395,0.026516758591429785,5.689792291097095,0.9320447964398499,0.898830046325893,0.9332698514161712
490_leaf00.png,aculus_olearius,1,0.019485240657263342,0.2813726915806311,0.01614075905191217,0.009888032572342591,0.44103533517522175,14.679368347459091,0.900574670841573,0.8520936854649618,0.9591245483570255
491_leaf00.png,olive_peacock_spot,2,0.241969737191399,0.593310326519777,0.05946376426864879,0.009556676400318556,0.0326519777010884,10.711826883219423,0.9086757749174125,0.8404091425729072,0.9573257186797779
491_leaf01.png,olive_peacock_spot,2,0.687682894386805,0.0444267092311785,0.0,0.575685022612397,0.14604948124501196,6.4536726297969,0.9340787602527111,0.8284145493767965,0.8510048674984376
492_leaf00.png,olive_peacock_spot,2,0.263745854424856,0.6790015709547914,0.037004712864374234,0.02600802932448944,0.011694885669401292,8.508680414645802,0.9303281846436449,0.8787658610099643,0.9440050178755482
493_leaf00.png,Healthy,0,0.9809370385286615,0.00724929520741039,0.0,0.13746811652570814,0.006712310377231843,6.154146351538069,0.9062809143761174,0.8420737711209815,0.9406711066915412
493_leaf01.png,aculus_olearius,1,0.2682596378864392,0.05082727757934064,0.0,0.005624666420330911,0.6303731986697869,5.889266591855806,0.7473180036460453,0.1854205927163842,0.9776122101578634
494_leaf00.png,Healthy,0,0.7860424028268551,0.036925795053003536,0.0022968197879858657,0.09911660777385159,0.08586572438162544,8.702634121516613,0.9198193897706537,0.8800071967882559,0.9200080304546514
495_leaf00.png,olive_peacock_spot,2,0.0013028663058729205,0.571858087793145,0.3090799759470836,0.028863499699338546,0.07947484465824814,14.067938524150168,0.8901041848352834,0.7917687400733989,0.9571341992328771
496_leaf00.png,aculus_olearius,1,0.6013427109974424,0.04283887468030691,0.0,0.03548593350383632,0.18190537084398978,9.156229980781289,0.9107436499127519,0.8678766476396287,0.9340383523136158
496_leaf01.png,Healthy,0,0.37369057211925866,0.04452054794520548,0.025382755842062853,0.025181305398871878,0.10999194198227236,15.328811314970489,0.9296306711035417,0.8909858470133514,0.9107514971952537
497_leaf00.png,olive_peacock_spot,2,0.8880658436213992,0.014266117969821674,0.0,0.4024691358024691,0.03731138545953361,3.389668380287565,0.950524384542437,0.9179353001565359,0.9054250392805254
498_leaf00.png,olive_peacock_spot,2,0.01797771599389594,0.08215398122791981,4.1808641846269625e-05,0.0,0.8964818027886364,2.1918282727889444,0.7903618914409621,0.18682702746954222,0.9705958345303329
499_leaf00.png,olive_peacock_spot,2,0.6033898305084746,0.29966101694915254,0.0,0.023389830508474575,0.03593220338983051,5.294764150054542,0.9575776399230902,0.9340970319499979,0.9099625659886116
499_leaf01.png,olive_peacock_spot,2,0.33917294764717865,0.46964758606640866,0.020778162558565898,0.24913424322672642,0.09238134039519251,10.066915777607758,0.8823328482557642,0.7811995406573149,0.9315313039182042
49_leaf00.png,Healthy,0,0.8125331917153479,0.06160382368560807,0.006372809346787042,0.3110285006195787,0.09222871304655691,7.253769818120287,0.9170637774690357,0.8767171546686748,0.9044226167452384
4_leaf00.png,olive_peacock_spot,2,0.2564734895191122,0.19802712700369915,0.016029593094944512,0.01405672009864365,0.36769420468557334,5.9524808522062465,0.9528184802335978,0.9126261776358245,0.9455838446281661
500_leaf00.png,aculus_olearius,1,0.7568537022802972,0.04201895977453241,0.0,0.031001793492185497,0.08685626441199078,7.429802610505876,0.9416763728177127,0.9153295822774212,0.91794986115478
501_leaf00.png,aculus_olearius,1,0.8468137254901961,0.0,0.0,0.4513888888888889,0.10294117647058823,2.3274161294389852,0.9663007386346039,0.9461946659515543,0.8993310382680574
501_leaf01.png,olive_peacock_spot,2,0.002590880102040816,0.11122847576530612,0.0009367028061224489,0.0,0.8806202168367347,2.0883737528298685,0.7304048395518847,0.22108483754427855,0.9685133961306315
502_leaf00.png,aculus_olearius,1,0.016795676938805317,0.3132758872498905,0.11435665254856141,0.09186505038703081,0.40806192493062654,11.275466031099697,0.8949656316217661,0.8493380186542046,0.9602154809513366
503_full.png,olive_peacock_spot,2,0.8406697272481771,0.0,0.0,0.3899540912773427,0.014582770726438023,2.058129424156671,0.9514344025555822,0.9181897102985149,0.9412064698353148
504_leaf00.png,Healthy,0,0.7082683307332294,0.00078003120124805,0.0,0.02262090483619345,0.07722308892355695,3.7390406554998292,0.9821101604317117,0.9704764180860556,0.91211568143475
505_leaf00.png,aculus_olearius,1,0.4995260663507109,0.09549763033175356,0.0990521327014218,0.44075829383886256,0.1334123222748815,5.695875733011276,0.9084942810960561,0.8629290636180338,0.8749880251304094
506_full.png,aculus_olearius,1,0.7438833940655908,0.22141245878882526,0.0,0.017699115044247787,0.012319972236682283,5.882156281795125,0.9213215463558867,0.8765846939511536,0.9435148426215298
507_leaf00.png,olive_peacock_spot,2,0.028668230388324212,0.7972374250716706,0.1125879593432369,0.008861089392754757,0.025280166796976804,7.147128800209149,0.9495465713383386,0.9171071950622596,0.942580089062383
508_full.png,aculus_olearius,1,0.8247503426669277,0.005091051497943999,0.012140199725866458,0.21460740160563932,0.08596044644605444,5.457883685985498,0.9314409508758436,0.8911084255414211,0.9172010671315204
509_leaf00.png,aculus_olearius,1,0.7932388834338617,0.060457287137045866,0.00028054425585636136,0.44003366531070276,0.05947538224154861,7.514452290488304,0.889249809778791,0.8319434484150697,0.9052398968641767
50_leaf00.png,aculus_olearius,1,0.034272361417629495,0.19317149162663896,0.005062962482149812,0.009866285862650915,0.5059067895625081,14.748505714806868,0.8854517810625573,0.8334082745559662,0.9588245175102296
510_leaf00.png,aculus_olearius,1,0.22802734375,0.0035400390625,0.0,0.05029296875,0.4698486328125,9.307753225902086,0.8887557996833194,0.8255163844439999,0.9409551154172815
511_leaf00.png,olive_peacock_spot,2,0.627181385510312,0.0921910805570245,0.00035254715318173806,0.022739291380222106,0.12691697514542571,6.27443359199484,0.9302005788927247,0.8776529835812388,0.9421642266240333
512_leaf00.png,olive_peacock_spot,2,0.32203009207275995,0.28856950370536716,0.0159443072086234,0.012800359308331462,0.10532225465977993,7.715674513596268,0.9447328302445931,0.9036002376608561,0.9402873617516531
513_leaf00.png,olive_peacock_spot,2,0.6487217305801377,0.1669124877089479,0.14446083251392985,0.1902654867256637,0.03359554244509997,8.823553235540325,0.8572667559556049,0.7475389102754999,0.9323580061666474
514_leaf00.png,Healthy,0,0.6955307262569832,0.0,0.0,0.06815642458100558,0.061452513966480445,2.4887145505839188,0.979276270520029,0.9600299462951936,0.9287301487596831
515_full.png,Healthy,0,0.2976721149083705,0.0014858841010401188,0.0,0.037518573551263,0.2750123823675087,9.696858441116797,0.8855620785010268,0.830372972530026,0.9426975385092684
516_leaf00.png,aculus_olearius,1,0.6230013202288397,0.2119700748129676,0.03975355728326243,0.24834971395041808,0.04239401496259352,8.939437017907998,0.8964716978830736,0.8536630785763382,0.912539406022448
517_leaf00.png,aculus_olearius,1,0.4747581354441513,0.13773087071240106,0.0007036059806508355,0.021284080914687774,0.0891820580474934,6.601793015412334,0.9161019584344536,0.8788352808586649,0.9320870559064576
518_leaf00.png,olive_peacock_spot,2,0.09141681363903587,0.078777189888301,0.0,0.040858318636096416,0.6516754850088183,5.492422680524339,0.9523566615717056,0.9255120231339293,0.9303421051762537
519_leaf00.png,olive_peacock_spot,2,0.36061381074168797,0.2237851662404092,0.0006393861892583121,0.030264279624893437,0.18052003410059675,7.636893136868204,0.9344386504661149,0.8971473291531955,0.9295150102689698
51_leaf00.png,olive_peacock_spot,2,0.026845637583892617,0.06618071914307302,0.0013111693853060137,0.0,0.9024623316591849,1.8888448747902107,0.8281756945568596,0.2127660367264819,0.977502603892827
520_leaf00.png,olive_peacock_spot,2,0.6738135389062876,0.16188870151770657,0.01927246446639364,0.02914960250542038,0.046735726331004576,6.19793834660448,0.9399180479685709,0.909581684619186,0.9307838479381055
521_leaf00.png,Healthy,0,0.8052338697548503,0.0168446382914724,0.030681305459467588,0.27507895924199127,0.10347420664761618,7.41301010961456,0.8960934578019522,0.8287952973047612,0.9099649533796559
522_leaf00.png,olive_peacock_spot,2,0.4956238201475888,0.2792174360734512,0.13420284880727648,0.2946627767290201,0.04564956238201476,5.953678246048196,0.9328523961310731,0.8760302277050046,0.929166564102904
522_leaf01.png,olive_peacock_spot,2,0.22121658598189856,0.6908019364344349,0.0246263944432751,0.007156388128814986,0.03304567459482214,6.32251006214824,0.9444724768105949,0.8987037043460879,0.954490408432003
523_leaf00.png,olive_peacock_spot,2,0.01178157749586321,0.09575289575289575,0.009862107004964147,0.011715388858246,0.8817429674572532,3.5186844302657176,0.7128688047627725,0.13919021843775015,0.9779964525232637
524_leaf00.png,olive_peacock_spot,2,0.4373703857320614,0.46184155951887185,0.05184570717544587,0.023849025300705103,0.03214433844877644,6.630140228737084,0.934213998340935,0.895308363693149,0.9376793512065907
525_leaf00.png,Healthy,0,0.6028812177222072,0.03587931503125849,0.0021745039412883935,0.025550421310138623,0.04430551780375102,6.715955507332151,0.9538260943404464,0.9193720410625685,0.9431218317130472
526_leaf00.png,olive_peacock_spot,2,0.643147316655976,0.28714988240324996,0.014111610006414367,0.6134274107333761,0.04254864229206756,3.5679583169072586,0.943821839798021,0.8956579483287747,0.9046948589089803
527_leaf00.png,Healthy,0,0.7971656333038086,0.012400354295837024,0.009521700620017715,0.020150575730735164,0.11736049601417184,7.646644081485472,0.9401333737399657,0.9041076623182236,0.923687082439635
528_leaf00.png,aculus_olearius,1,0.8246503496503497,0.0022727272727272726,0.003321678321678322,0.5506993006993007,0.10594405594405594,4.059387373869805,0.9257766769938759,0.8752877895242261,0.9141333648747776
529_leaf00.png,Healthy,0,0.5501432664756447,0.022141182599635323,0.0007814535035165407,0.026048450117218024,0.06043240427194582,5.839994222507822,0.9523685651113836,0.9158077840691279,0.9492250216522183
52_leaf00.png,olive_peacock_spot,2,0.14945523448602557,0.7342491710090004,0.0,0.017290383704405495,0.06608242539081004,8.510647687843507,0.9447741747484889,0.9079289214106212,0.9369229402031234
530_leaf00.png,olive_peacock_spot,2,0.05229500891265597,0.06570855614973262,0.00011140819964349375,0.0,0.8786319073083779,1.9822322415944686,0.8125060019883489,0.2037091161184927,0.9810443174342283
531_leaf00.png,olive_peacock_spot,2,0.0024677296886864084,0.8189066059225513,0.01765375854214123,0.010250569476082005,0.019741837509491267,9.528638035500308,0.9368288113789732,0.8877146659095592,0.9551248320858492
532_leaf00.png,Healthy,0,0.5783558124598587,0.013808606294155427,0.002569043031470777,0.024084778420038536,0.027938342967244702,5.821093317457944,0.954585360295749,0.9307104122014824,0.9409856637985053
533_leaf00.png,olive_peacock_spot,2,0.0033560530048783862,0.019928727121752067,0.00425561360412414,0.0,0.9551949624606442,2.986351241082852,0.7136085710265039,0.17756634414689046,0.9777560582357898
534_leaf00.png,olive_peacock_spot,2,0.06936935139556691,0.04205654090936297,0.0016359755002693375,0.00043892025616982226,0.8818905492488478,2.590303433377501,0.7925975243334553,0.239142324587461,0.980047842894731
535_leaf00.png,aculus_olearius,1,0.8714011516314779,0.01675100331530274,0.00034897923573547375,0.16977839818530796,0.06857441982202059,6.512072177525594,0.9227870791303947,0.8769937915162217,0.9087586224304405
536_leaf00.png,Healthy,0,0.9171102661596958,0.007984790874524715,0.0,0.21197718631178708,0.05779467680608365,6.324159473637566,0.9254812229649048,0.8876189436243049,0.9124130968936603
537_leaf00.png,Healthy,0,0.5882105263157895,0.004421052631578947,0.00568421052631579,0.014736842105263158,0.3065263157894737,8.42699212963882,0.9354818984517098,0.8997524402240622,0.9340848632785668
538_full.png,olive_peacock_spot,2,0.0,0.19798835362625727,0.41291688724192693,0.011646373742721016,0.03308628904182107,7.329407226412292,0.9448624572982354,0.9192250692187254,0.9434865348449331
539_leaf00.png,Healthy,0,0.3812137846904544,0.003354681305275999,0.004574565416285453,0.021347971942665446,0.053979871912168347,7.662864766465259,0.9533805746270536,0.9260033711016397,0.9378258921628649
53_leaf00.png,aculus_olearius,1,0.5068993506493507,0.32508116883116883,0.0,0.017045454545454544,0.05073051948051948,9.927642754238372,0.9258640822614324,0.8942063931672765,0.9125107400935937
540_leaf00.png,Healthy,0,0.688026363969242,0.022702306847308677,0.0010984987184181618,0.027828634199926768,0.05126327352618089,5.872300123050159,0.9622310708907901,0.9382680859799346,0.9319759341556633
541_leaf00.png,olive_peacock_spot,2,0.8605647517039922,0.11587147030185005,0.0,0.278286270691334,0.014021421616358325,3.249130930399016,0.9282444774359448,0.8826823231697773,0.9369333945120302
542_leaf00.png,aculus_olearius,1,0.6448317307692307,0.009014423076923076,0.0,0.8016826923076923,0.14903846153846154,3.4625465333597645,0.9367393249924169,0.9017792387374467,0.8518360171599366
543_full.png,olive_peacock_spot,2,0.5693759382371864,0.35470726999785546,0.010508256487239975,0.02830795625134034,0.03259704053184645,6.25641217378623,0.9386412917999779,0.8999735543735453,0.9399906527386829
544_leaf00.png,olive_peacock_spot,2,0.1328754852194685,0.2648551806509406,0.5040310540459839,0.44311734846222756,0.0692744102717229,8.60075092903645,0.9152964943002719,0.8361596930673812,0.89223480388415
545_leaf00.png,olive_peacock_spot,2,0.5763505602943636,0.1448402742933601,0.018732229469811006,0.013547415955845458,0.10185649774209735,7.150673515352894,0.9205386503169453,0.872695970090322,0.9437815899422056
546_leaf00.png,aculus_olearius,1,0.14694929819535948,0.0002864508736751647,0.0,0.009452878831280435,0.26009739329704956,8.091119601514112,0.9143138092108998,0.8529998416077493,0.9557307770419148
547_full.png,Healthy,0,0.39978720574544485,0.0006649820454847719,0.0,0.011437691182338077,0.2871392472403245,8.567906321289948,0.9079889681241784,0.8415792981228727,0.9542052315570118
548_leaf00.png,Healthy,0,0.7460583696746058,0.012411942301241194,0.0010063737001006373,0.02146930560214693,0.03555853740355586,5.548849157634678,0.9599778514205353,0.9328797144771233,0.934419423567468
549_leaf00.png,Healthy,0,0.7753222836095764,0.0886024145692654,0.08737466748516472,0.04788213627992634,0.03314917127071823,6.04718593197873,0.9417643207130466,0.8932771565895535,0.9471064761528823
54_leaf00.png,olive_peacock_spot,2,0.10378974015337651,0.04355595264686174,7.445461990916536e-05,0.00037227309954582683,0.8377633832179286,3.111285091606505,0.7735873565546822,0.20673855435713512,0.9814903642555757
550_leaf00.png,olive_peacock_spot,2,0.2398822663723326,0.6060338484179544,0.022958057395143488,0.008094186902133923,0.05518763796909492,8.920882825793125,0.9213694148232336,0.8572724514011645,0.9570063325507925
551_leaf00.png,aculus_olearius,1,0.7542952152226122,0.10216146314428229,0.00018474043968224645,0.058008498060225386,0.0807315721411417,9.072275945993887,0.9160040485216365,0.882851751842535,0.9223009128238681
552_full.png,olive_peacock_spot,2,0.22352264006139677,0.6391020721412126,0.05314658480429777,0.01170376055257099,0.04547198772064467,7.193808907229533,0.9328528550744923,0.8891281867740076,0.9473670842984524
553_leaf00.png,olive_peacock_spot,2,0.755011135857461,0.019302152932442463,0.0,0.3021529324424647,0.034521158129175944,2.081888658360873,0.9637015178908168,0.9399862900516384,0.9228601820949924
553_leaf01.png,Healthy,0,0.7110428628655361,0.08545867271998932,0.10054746962211243,0.3486446788623314,0.0655628254773668,7.994592908739734,0.8857087927850831,0.8287967863899253,0.9229595428709321
554_leaf00.png,Healthy,0,0.2210144927536232,0.002818035426731079,0.004428341384863124,0.043478260869565216,0.04066022544283414,5.274466655409918,0.9654466224869498,0.9448588335496282,0.9351083322929682
555_full.png,olive_peacock_spot,2,0.6329167104295768,0.12110072471379058,0.1786577040226867,0.31635332423064805,0.05146518222875748,6.543829768885699,0.8726665307333372,0.7235038789394735,0.9357675907436414
556_leaf00.png,olive_peacock_spot,2,0.0,0.3610341643582641,0.1505078485687904,0.016158818097876268,0.021929824561403508,9.586006027324483,0.9487882834774362,0.9050538056621809,0.9387534119492462
557_leaf00.png,aculus_olearius,1,0.8699161259692989,0.025478714986548506,0.0001582528881152081,0.06345940813419845,0.016458300363981642,8.43878095822647,0.9048944787242826,0.8661827489962606,0.9230001655292419
557_leaf01.png,Healthy,0,0.8676492934204528,0.032213949247834675,0.010484728764625436,0.01215620726333384,0.05667831636529403,8.193472928581386,0.9265121795471626,0.8611018304873118,0.9367910257874819
558_leaf00.png,Healthy,0,0.3712596970816402,0.10281984977219555,0.05873660879202069,0.27016377293436766,0.2878955793621475,9.67154848745269,0.8820991021948116,0.8242467822917693,0.9273979173233542
559_full.png,aculus_olearius,1,0.014714522245366662,0.07485445708486888,0.0010949100037387172,0.0,0.8695721839448807,3.170243433696351,0.75796652169004,0.2090455833799547,0.9568803000942344
55_leaf00.png,olive_peacock_spot,2,0.007374043367346939,0.06654575892857142,0.0012555803571428572,0.0,0.9219746492346939,2.1485739884950252,0.7970581819774754,0.25506065629508373,0.9675538581112197
560_leaf00.png,olive_peacock_spot,2,0.44853333333333334,0.31066666666666665,0.04053333333333333,0.08826666666666666,0.04906666666666667,6.812814510074325,0.9451897543299727,0.9184515341998103,0.9068740555411947
561_leaf00.png,Healthy,0,0.17307328873266054,0.007446044525078429,0.0013229013115621574,0.09487092262917186,0.8132441319877537,6.777662257124336,0.8100335504327167,0.22550381916377804,0.9789207667469094
561_leaf01.png,olive_peacock_spot,2,0.22021730694606131,0.6688009313154831,0.03919285991462942,0.00795498641831587,0.030849825378346914,7.400584923517387,0.9410259427095724,0.8903389430306512,0.9471805997665803
562_leaf00.png,olive_peacock_spot,2,0.009019843656043296,0.6430146321908198,0.1986370014030868,0.010422930446983364,0.08077771096412106,8.183175577060563,0.9367995393781181,0.8935834897170403,0.9473598646901319
562_leaf01.png,Healthy,0,0.49933193357510974,0.1473563657186486,0.0003817522427944264,0.07825920977285741,0.05401794235541134,7.391524053136118,0.930353223087244,0.8861804378877419,0.9146027184619544
563_leaf00.png,Healthy,0,0.6108078602620087,0.003002183406113537,0.004093886462882096,0.016648471615720525,0.036299126637554587,6.858876512402007,0.949520790901538,0.9181383399429455,0.9405133168363344
564_leaf00.png,aculus_olearius,1,0.3821720165529583,0.06319203668493457,0.0,0.009506766580919361,0.22737948775304775,11.069405362179086,0.8869357512905074,0.8116777286562223,0.9443605479259454
565_leaf00.png,olive_peacock_spot,2,0.017047419492646012,0.07569623858250096,0.01631507211587363,0.0,0.8785727363346014,2.2651151213762546,0.7298856304631256,0.2054259172931112,0.9704218239616008
566_leaf00.png,Healthy,0,0.7227842003853564,0.002890173410404624,0.0024084778420038534,0.022157996146435453,0.041666666666666664,7.315724951156611,0.9469623072748342,0.9096924319215605,0.9494685714034713
567_leaf00.png,aculus_olearius,1,0.12719395076719284,0.007589137873937521,0.007037200574014792,0.0009934871398609118,0.8518876255657357,4.959678802963025,0.7739744636741585,0.17094207305606862,0.9753859180301203
568_leaf00.png,aculus_olearius,1,0.7045365662886195,0.03187328901055925,0.00019554165037152912,0.1597575283535393,0.09131795072350411,6.7163570240098345,0.924505045677428,0.8899055544896396,0.9241044190961433
569_full.png,Healthy,0,0.09347368421052632,0.0,0.0,0.023578947368421053,0.06821052631578947,3.9588897196511725,0.9687211272208764,0.9455090167279954,0.9293569283647598
56_leaf00.png,olive_peacock_spot,2,0.13423831070889894,0.28054298642533937,0.14328808446455504,0.012066365007541479,0.2997737556561086,8.25054939619844,0.9272505279715819,0.8874048287448124,0.9408043222254698
570_leaf00.png,olive_peacock_spot,2,0.5575291099269785,0.1294651667653444,0.00789421748569173,0.35938425103611604,0.08999407933688573,5.845862389885111,0.9347385363801208,0.892620780115732,0.9340813543810919
571_leaf00.png,aculus_olearius,1,0.7850467289719626,0.07721406319537161,0.00022251891410769915,0.07343124165554073,0.07654650645304852,7.580720342207033,0.9301864371084685,0.9032572271798687,0.9172919362206706
572_leaf00.png,Healthy,0,0.5652017937219731,0.03766816143497758,0.0010762331838565023,0.03336322869955157,0.2430493273542601,6.048009799814945,0.9216025765711302,0.8817109282176525,0.9426834937378156
573_leaf00.png,olive_peacock_spot,2,0.5808823529411765,0.0,0.0,0.09313725490196079,0.1315359477124183,2.0527707051257718,0.9659195927359401,0.9435408645414985,0.9264476535401743
574_leaf00.png,aculus_olearius,1,0.5373378520509524,0.002337267734018932,0.0,0.022204043473179853,0.16033656655369874,10.193934910545563,0.8795849817680252,0.820295169008844,0.940880850650023
575_leaf00.png,Healthy,0,0.5834230355220668,0.12809472551130247,0.14555675158473866,0.2656380815691903,0.06291113503169478,8.331292112826327,0.8879815964666048,0.8147252683323266,0.9329101360975596
576_leaf00.png,olive_peacock_spot,2,0.07692307692307693,0.4995475113122172,0.23239819004524886,0.020452488687782804,0.08995475113122171,8.306087282705239,0.9359100803714154,0.8826198164893602,0.9514937575971825
577_leaf00.png,olive_peacock_spot,2,0.033940758783923525,0.027667348392582208,0.0031481949582921618,0.033366270652848314,0.9087942643104994,2.7311015860293577,0.8022323512428577,0.15916935631476387,0.9857450485454898
578_leaf00.png,olive_peacock_spot,2,0.4793568013906997,0.4017818339852238,0.05845284658843981,0.08061712299000434,0.03780964797913951,7.4709268861906635,0.9322617130763936,0.9010215586295224,0.9153385925335111
579_leaf00.png,olive_peacock_spot,2,0.0,0.08766564729867482,0.6740570846075433,0.009174311926605505,0.030071355759429153,5.604605896773916,0.9497396490107215,0.9163137566077144,0.9370401810598097
57_leaf00.png,olive_peacock_spot,2,0.07734517899137706,0.38881630519989546,0.42592108701332637,0.06036059576691926,0.05278285863600732,5.149365562885965,0.9533232592073484,0.9182098655700611,0.9362409283916819
580_leaf00.png,olive_peacock_spot,2,0.5226415094339623,0.43443396226415093,0.0002358490566037736,0.03820754716981132,0.019575471698113207,5.660289941692333,0.9350093068304887,0.905824041055383,0.9306812522097843
581_leaf00.png,olive_peacock_spot,2,0.1456876456876457,0.45551670551670553,0.2270784770784771,0.008935508935508936,0.054778554778554776,8.547433590545351,0.9325903769501459,0.8897996609766968,0.9447438354863571
582_leaf00.png,Healthy,0,0.5443116560608412,0.05354648455688344,0.20456309172745615,0.053701691758497594,0.16777898494490145,9.531800528507143,0.9145028237791724,0.862971117884858,0.9361204067805966
583_leaf00.png,Healthy,0,0.4817888427846934,0.007837713231904103,0.0027662517289073307,0.01913324112494237,0.05693868142000922,8.438580788688178,0.9440336145191179,0.90575572292669,0.9490888469843
584_leaf00.png,olive_peacock_spot,2,0.629222309505106,0.020620581304006284,0.0,0.055970149253731345,0.15475255302435192,5.554638199277543,0.9318257738591113,0.8901814172173423,0.9345997987621881
585_full.png,aculus_olearius,1,0.6940824233885171,0.06692497358224728,0.02676998943289891,0.49154631912645297,0.09897851356111306,7.076271093552818,0.9150669235839364,0.8760113667969232,0.8918825787413023
586_leaf00.png,olive_peacock_spot,2,0.0048284625158831005,0.802287166454892,0.18144853875476494,0.016264294790343074,0.00457433290978399,7.109983366837431,0.939696784628473,0.9140375482582145,0.9344334557485414
587_leaf00.png,olive_peacock_spot,2,0.6402862985685072,0.2280163599182004,0.015132924335378323,0.031492842535787324,0.05889570552147239,8.276165254390587,0.933469313396754,0.8958274763118708,0.9360739333936565
588_leaf00.png,olive_peacock_spot,2,0.1511627906976744,0.36593707250341995,0.35636114911080713,0.02302781577747378,0.09781121751025992,7.83259925003097,0.9384775702502356,0.9045133138043662,0.928315826684327
589_leaf00.png,olive_peacock_spot,2,0.19245524296675193,0.7842071611253197,0.004475703324808184,0.017103580562659846,0.011029411764705883,9.5862373127068,0.9158295159922978,0.8670429580326524,0.9553320170028552
58_leaf00.png,aculus_olearius,1,0.6936840495488606,0.11117907936993424,0.04113778865269919,0.1374827955344854,0.06438293317020952,9.664853508236426,0.8986811916786179,0.858620311578012,0.9214181601612159
590_leaf00.png,olive_peacock_spot,2,0.5813792146524213,0.09768280838074095,0.03454974330512002,0.2838906618565284,0.1805189399195227,8.481244845730417,0.8837609838596141,0.8160335873153709,0.9252434435379548
591_full.png,Healthy,0,0.8351241200444609,0.07021118932938125,0.013894034827713968,0.09985179696183771,0.0633567988143757,6.379591104292568,0.9292145526542174,0.8855563387935209,0.9350123359040975
592_leaf00.png,Healthy,0,0.8211324330727315,0.0,0.0,0.5726131248519308,0.11727078891257996,4.292074033606155,0.9447062748436417,0.9086054900305229,0.8820763151602058
593_leaf00.png,olive_peacock_spot,2,0.3259935553168636,0.3968850698174006,0.034013605442176874,0.010741138560687433,0.0682062298603652,8.579655247317787,0.9347647234395924,0.880432309956573,0.9432189801609325
594_leaf00.png,Healthy,0,0.7965931863727455,0.026219104876419506,0.00016700066800267202,0.03373413493653975,0.10487641950567803,8.26750504013247,0.9282219860164991,0.8734863093321157,0.9206101502416957
595_leaf00.png,Healthy,0,0.14765534168712052,0.0003875468285751195,0.0,0.02958274124790079,0.7062395039400594,8.729735931109037,0.8927570738795475,0.836850855390617,0.9509080846078202
596_leaf00.png,olive_peacock_spot,2,0.681327469012395,0.00039984006397441024,0.0,0.3258696521391443,0.11115553778488604,2.7079363609879645,0.9632151220614412,0.9409635118061268,0.9086223266729707
597_leaf00.png,olive_peacock_spot,2,0.0965995235001083,0.1236733809833225,0.016677496209659953,0.3610569633961447,0.7026207494043751,4.853345727735655,0.9213596626610249,0.884738455257712,0.9137092546474099
597_leaf01.png,olive_peacock_spot,2,0.2213953488372093,0.46852713178294575,0.2303875968992248,0.14635658914728683,0.05178294573643411,6.427819349108889,0.9492918595000467,0.9281715202981552,0.9232251704228731
598_leaf00.png,olive_peacock_spot,2,3.985969387755102e-05,0.056919642857142856,0.00625797193877551,3.985969387755102e-05,0.9255620216836735,1.0658595373730724,0.8435098140998584,0.2498260525414999,0.9724021462282103
599_leaf00.png,Healthy,0,0.12321307011572498,0.0026094849103698663,0.0,0.02064896755162242,0.5484456546403449,10.855174225174455,0.8707183354073149,0.8153140136109731,0.9349028728360104
59_leaf00.png,olive_peacock_spot,2,0.043666294642857144,0.012934470663265306,0.0005381058673469387,7.971938775510203e-05,0.9250837053571429,3.0470915653688246,0.7710151048277812,0.3387611954154574,0.9691529988063602
5_leaf00.png,olive_peacock_spot,2,0.11514484781811514,0.83003300330033,0.03832049871653832,0.010451045104510451,0.0033003300330033004,10.679177711960678,0.9282872782554327,0.8822387952514742,0.9471360978741671
600_leaf00.png,olive_peacock_spot,2,0.25665494726268206,0.5215971873430437,0.08362631843294827,0.45781014565544953,0.09819186338523356,3.041214588629472,0.9488512341123566,0.9075772809517159,0.9229220634337689
601_leaf00.png,Healthy,0,0.841901728844404,0.040718835304822565,0.010236578707916288,0.011146496815286623,0.06528662420382166,8.062854910849985,0.9382408795982258,0.9062609795012081,0.9168272869325247
602_leaf00.png,aculus_olearius,1,0.7757300822228523,0.03997731783385313,0.0,0.07910405443719876,0.10632265381343918,7.657382399320339,0.9440764457690484,0.9216794577230504,0.8984821739516451
603_full.png,Healthy,0,0.5824263339527476,0.020971595434032386,0.005309264666843642,0.016193257233873107,0.053092646668436425,6.492177195990413,0.9525628547731835,0.9176350592885646,0.9492645239329423
604_leaf00.png,Healthy,0,0.2192843799396465,0.15634430234229055,0.00014369880729989942,0.12343727547061359,0.39445322603822386,7.835677453975568,0.9128162167763172,0.8523992923372667,0.9276791347620679
605_leaf00.png,Healthy,0,0.27073446327683615,0.04293785310734463,0.21966101694915255,0.11661016949152542,0.29988700564971754,6.268076856044103,0.9396723745718216,0.9042649281249278,0.9295981144473847
606_leaf00.png,aculus_olearius,1,0.6359694404294859,0.05162089613875697,0.046252322940326246,0.014453850918851952,0.18996489779062564,6.817737788457778,0.9367683968732415,0.8963805516808948,0.938130741770035
607_leaf00.png,aculus_olearius,1,0.008237466268995882,0.42962647351228517,0.04630024144297685,0.011504047720494247,0.3410026984803295,13.258898814354481,0.8911444384299816,0.8463172364153281,0.9507641958751998
608_leaf00.png,Healthy,0,0.5530939648586708,0.03132161955691368,0.004201680672268907,0.024446142093200916,0.0718105423987777,6.160504038628091,0.9634042747817997,0.9409112939649893,0.9283866771786708
609_full.png,aculus_olearius,1,0.7800335257962376,0.11771279567889738,0.00018625442354255913,0.6524492456695846,0.05624883590985286,8.49524874195949,0.916155027687935,0.8544078542238889,0.8536953849127151
60_leaf00.png,olive_peacock_spot,2,0.5511130015596201,0.012476960158797675,0.0,0.015879767474833405,0.11215085779101092,7.021854464448644,0.9038592040557998,0.8495593973447193,0.9371579549291938
610_leaf00.png,aculus_olearius,1,0.3659828827604945,0.16437983969569353,0.0,0.013585110718652357,0.09061268849341123,11.511225437052767,0.8921164918366795,0.8446069135262729,0.9332901500634032
611_full.png,olive_peacock_spot,2,0.3697744576928602,0.3381698031891969,0.009625053871570177,0.008906766269214193,0.08159747162763971,9.039842638072601,0.9212103551827483,0.8519152790989879,0.9514477067935518
612_leaf00.png,olive_peacock_spot,2,0.3902439024390244,0.4477179425259599,0.11808741849794735,0.39459067858005314,0.03404974643805844,3.5119289178244038,0.9492294108714185,0.91017184342549,0.9159060489032589
613_leaf00.png,Healthy,0,0.3620105009844673,0.008039816232771823,0.0,0.0012579304309779042,0.6104244147888864,5.655230605091258,0.6996176218222975,0.14991824460029202,0.9760717183947762
614_leaf00.png,olive_peacock_spot,2,0.3869641808573106,0.4914856136230182,0.056664709336465065,0.015267175572519083,0.031708749266001174,5.013859368341939,0.9511248786794979,0.9261743178571662,0.9403514520160468
615_leaf00.png,Healthy,0,0.7270522026004269,0.007083252474286823,0.05016495245488065,0.2961381719386765,0.14603143799728313,8.253387958322133,0.8841381974999328,0.7786222281715144,0.9390695048318979
616_leaf00.png,olive_peacock_spot,2,0.0902279113331252,0.7364970340305963,0.012488292226038089,0.01966906025600999,0.05338744926631283,6.511013831196395,0.9630793777190486,0.9299464568099929,0.9427686425026147
617_leaf00.png,Healthy,0,0.3271697484591038,0.1707479593536565,0.0004997501249375312,0.05747126436781609,0.1924037981009495,9.36659084123447,0.9143263062201348,0.8728479593519579,0.9191033391859111
618_leaf00.png,Healthy,0,0.660874009711219,0.07538972655251724,0.03807820086889854,0.2652696141068234,0.11960132890365449,5.853629529597162,0.9436115125533742,0.9128817279477459,0.9013335890778026
619_leaf00.png,olive_peacock_spot,2,0.8200743494423792,0.11702602230483271,0.0,0.09903345724907063,0.04728624535315985,6.03594833392984,0.9021075687579299,0.84760399636548,0.939791186480257
61_leaf00.png,olive_peacock_spot,2,0.25384911470361815,0.5188606620477291,0.027328714395688992,0.014049268668206313,0.0619707467282525,7.859776290215871,0.9360181266401466,0.8898066008432561,0.953105498295832
620_full.png,olive_peacock_spot,2,0.46591661151555264,0.4769468343260534,0.00044120891242003087,0.03926759320538275,0.03485550408118244,5.87631420281104,0.9378659000725282,0.9015806665924853,0.9412061720459715
621_leaf00.png,olive_peacock_spot,2,0.8849922640536358,0.02320783909231563,0.0,0.25244971634863334,0.021144920061887573,2.8554111041622265,0.9488667288910606,0.9116459751632462,0.9361865280118837
622_leaf00.png,Healthy,0,0.14842776007757308,0.07958165950962737,0.0,0.00051946252943621,0.7573071062474027,7.2158398986103105,0.7646120018216019,0.15410892095705386,0.9734474954652552
623_leaf00.png,Healthy,0,0.4321148825065274,0.25413402959094866,0.0,0.06614447345517842,0.1477371627502176,6.793244863485109,0.9365098870307154,0.9018277769264842,0.9146941531129011
623_leaf01.png,olive_peacock_spot,2,0.02902902902902903,0.5457957957957958,0.16341341341341342,0.07957957957957958,0.17667667667667666,6.883300275957055,0.9450895916489701,0.9140788912666291,0.9371589333845178
623_leaf02.png,Healthy,0,0.37016021361815754,0.002336448598130841,0.0013351134846461949,0.020026702269692925,0.07777036048064086,6.461966111901695,0.9579390360055355,0.9333757185692082,0.9370680881400254
624_full.png,olive_peacock_spot,2,0.418702023726448,0.49499883693882296,0.029541753896254942,0.0783903233310072,0.03861363107699465,5.446471100944602,0.9345136982880845,0.9065397667153962,0.9301676994777539
625_leaf00.png,aculus_olearius,1,0.0002650762094102054,0.563949635520212,0.14884029158383036,0.006759443339960238,0.175480450629556,10.94139935423943,0.9057638662595062,0.8371489850194413,0.9477466308132776
626_leaf00.png,olive_peacock_spot,2,0.16696298690803296,0.28430580248909004,0.06933893647971553,0.007919831905608535,0.28446743171165345,9.095491219081469,0.9174151081781291,0.8677796680395844,0.9363913631928065
627_full.png,Healthy,0,0.3842055781886556,0.0021936696960200563,0.00031338138514572234,0.013162018176120338,0.04920087746787841,10.17501776818846,0.9521757624983571,0.926360604951115,0.9309024892448072
628_leaf00.png,olive_peacock_spot,2,0.27377572746628814,0.3954932576295245,0.17068843151171043,0.05021291696238467,0.09634492547906316,5.397487379739656,0.9303186007828761,0.8793114887913869,0.9494785013506437
629_leaf00.png,olive_peacock_spot,2,0.29946848899012907,0.25299924069855734,0.001366742596810934,0.00683371298405467,0.18891419893697797,7.896568262092551,0.9190005189546189,0.8613031625552107,0.9463174537430226
62_leaf00.png,Healthy,0,0.06912827215626476,0.09163852884580474,0.0,0.0028682423846349346,0.8132011763424464,7.20955954820695,0.7722627205736303,0.17446170086376084,0.9724120792632107
630_leaf00.png,olive_peacock_spot,2,0.61677973141354,0.02436660667312751,0.0,0.135123909732798,0.11754118787207532,7.078203174594977,0.9102986676347089,0.8478358072479202,0.9325801685289696
631_leaf00.png,aculus_olearius,1,0.9249619739732973,0.025181679905357444,0.01605543349670441,0.06861585262802096,0.02501267534223424,7.346424150895123,0.9053291695070635,0.8732740115364874,0.9297317165571806
632_full.png,olive_peacock_spot,2,0.3041217257318952,0.06837442218798151,0.0,0.007126348228043144,0.4112095531587057,6.15108422637758,0.9475056701608453,0.8894028193364613,0.9393881328648048
633_leaf00.png,aculus_olearius,1,0.09227436522318731,0.006103022349976046,0.00014580599470932534,0.04803266054281489,0.8981232685538129,6.634870810819966,0.7385203463778688,0.1708063611023723,0.9728717383740753
634_leaf00.png,olive_peacock_spot,2,0.7604535790219702,0.18072289156626506,0.0,0.1215450035435861,0.03260099220411056,2.609158140230883,0.9636837508791125,0.9371155792453315,0.9277937044787108
634_leaf01.png,aculus_olearius,1,0.6321002039032916,0.026507427905621904,0.0026216137489076608,0.09933003204194582,0.12904165452956598,5.0366098060471955,0.9453719547761015,0.9244968492529765,0.9140313913905878
634_leaf02.png,olive_peacock_spot,2,0.9489720998531571,0.013582966226138032,0.0,0.046622613803230545,0.013582966226138032,2.4159542482049527,0.9633488481859331,0.938249431441017,0.9319604629984753
635_leaf00.png,olive_peacock_spot,2,0.004601547793348672,0.0012549675800041832,0.0,0.00836645053336122,0.924701945199749,5.675752976250752,0.941140631209465,0.8983190455741138,0.9439587094678643
636_leaf00.png,Healthy,0,0.001154068090017311,0.005049047893825736,0.0,0.01413733410271206,0.9708597807270629,8.01246644742733,0.9157294340128785,0.8539001546075115,0.939049448806345
637_leaf00.png,aculus_olearius,1,0.31952234485254205,0.24407454315180024,0.0012665098606839153,0.03980459562149448,0.16175140220734577,10.849685562392981,0.9170176565869851,0.8813370205352622,0.9171847399154353
637_leaf01.png,aculus_olearius,1,0.03070187219640603,0.024470171103172258,2.6860780574283487e-05,0.00016116468344570093,0.867065996937871,4.529660487642808,0.7637431968229975,0.2264852398951242,0.9814152252235682
638_leaf00.png,olive_peacock_spot,2,0.7184684684684685,0.13493038493038492,0.0006142506142506142,0.48423423423423423,0.06592956592956593,7.30953846914741,0.924665119252771,0.8848439843497053,0.8865369104130196
639_leaf00.png,olive_peacock_spot,2,0.40862377122430743,0.5580875781948168,0.0,0.012287756925826631,0.01943699731903485,8.561085384049909,0.9384975073637298,0.9040530872352318,0.9451253164410551
63_leaf00.png,olive_peacock_spot,2,0.02865583456425406,0.8493353028064993,0.01654357459379616,0.018020679468242245,0.049039881831610045,7.611414695664243,0.9494895656589899,0.9261659702891639,0.932668206511509
640_full.png,Healthy,0,0.6464585834333734,0.020108043217286913,0.001800720288115246,0.026710684273709484,0.048619447779111646,4.52123047175056,0.9613034426883472,0.925185706868925,0.9385709609580903
641_full.png,olive_peacock_spot,2,0.9402725427660191,0.012177442737025224,0.0,0.36561322122354306,0.030733545955349377,2.3247797976555025,0.9506361212884857,0.9212588246783884,0.9286260557187578
642_leaf00.png,olive_peacock_spot,2,0.2593525179856115,0.587410071942446,0.0017985611510791368,0.13345323741007195,0.10719424460431655,3.3007739919009556,0.9631472103329819,0.9390272664314144,0.9254229238940712
643_full.png,olive_peacock_spot,2,0.08197400751946475,0.01900589123419876,0.0,0.0724414577104118,0.8921815329050593,7.622776122996565,0.7712471785422041,0.17112105933289823,0.9865084628826944
644_leaf00.png,aculus_olearius,1,0.8055427251732101,0.011316397228637413,0.0,0.015935334872979216,0.028868360277136258,7.5955915416354545,0.93424302238893,0.90573385397357,0.9266090802351585
645_leaf00.png,olive_peacock_spot,2,0.000291332847778587,0.6882738528769119,0.05214857975236708,0.006117989803350328,0.11260014566642389,12.735241306767271,0.9101033805777209,0.8546951482501105,0.9530365412657094
646_full.png,olive_peacock_spot,2,0.36796046535570887,0.4598991042932153,0.0058684237619684955,0.17008133429424482,0.09904252033357357,9.392198139172642,0.8751942378211504,0.7970559631106535,0.9584355255689295
647_leaf00.png,aculus_olearius,1,0.11150342489937151,0.00018831061836499304,0.0,0.01191064661158581,0.8790810441823789,5.6923196041955695,0.7972192894204535,0.20288878059186755,0.9723653890350072
648_leaf00.png,Healthy,0,0.5945891378962245,0.06844336765596608,0.0,0.012113870381586917,0.04663840096910963,10.077779600543,0.9294542893676769,0.8925491141508298,0.9189480516614592
649_leaf00.png,olive_peacock_spot,2,0.1472176567269312,0.5736088283634656,0.15637473585348674,0.011270251232683728,0.07302183611176333,7.0090034396820275,0.9441480661728341,0.9078240028402673,0.9389843009386979
64_leaf00.png,olive_peacock_spot,2,0.5932988286570416,0.17733587578316534,0.07654590029964588,0.4099700354126941,0.09697630073549442,6.502147310286528,0.9471022042987398,0.917547943668158,0.8720881787081557
650_leaf00.png,olive_peacock_spot,2,0.0066906845084920225,0.6873391662377767,0.14668039114770973,0.01080802882141019,0.049408131755018014,8.982872924523175,0.9480272013914872,0.9162954051456733,0.9476099176273789
651_leaf00.png,aculus_olearius,1,0.8138176276352552,0.10566421132842266,0.0,0.5742951485902972,0.042926085852171704,4.506396502633393,0.9388855542796716,0.9043318182711987,0.8872732598078727
652_full.png,olive_peacock_spot,2,0.0030386740331491712,0.10093497662558436,0.00786230344241394,0.00040373990650233746,0.883892902677433,5.396375475207343,0.7170592059446428,0.16903630286240398,0.9536664730084093
653_leaf00.png,olive_peacock_spot,2,0.0013999066728884741,0.009216052263182454,0.00011665888940737284,0.09484367708819412,0.9685020998600093,7.477522765746343,0.8800794691813091,0.8194749984058818,0.9563849189273665
654_leaf00.png,Healthy,0,0.5603526220614828,0.00406871609403255,0.008363471971066908,0.01740506329113924,0.31306509945750455,8.277779066093295,0.9391288654346999,0.9059131493189316,0.9291626205961108
655_leaf00.png,Healthy,0,0.6112204724409449,0.001968503937007874,0.0,0.030183727034120734,0.07611548556430446,6.132835485867224,0.9608370316263202,0.9315238964345034,0.9318175180762004
656_leaf00.png,olive_peacock_spot,2,0.2878286449715021,0.38757124471410187,0.09817981246552675,0.007446221731936017,0.1083838940981798,11.678297228687669,0.870471879124374,0.7715886270893333,0.9604309046914128
657_leaf00.png,aculus_olearius,1,0.8575067934782609,0.05723505434782609,0.0,0.016644021739130436,0.036005434782608696,8.00915276855811,0.9134320989560739,0.8746767748131504,0.9332128379519814
658_leaf00.png,olive_peacock_spot,2,0.47433116413593635,0.46529284164859,0.024222704266088215,0.12979031091829357,0.01843817787418655,6.432236666656861,0.926472887111371,0.879029402463968,0.926623947564428
659_leaf00.png,Healthy,0,0.5025268477574226,0.008843967150979154,0.0015792798483891346,0.01958307012002527,0.08370183196462413,7.838288422043408,0.956747838358908,0.9297117167628074,0.9376546117634118
65_leaf00.png,olive_peacock_spot,2,0.5811038804531212,0.35116895637503015,0.00048204386599180526,0.1913714147987467,0.04940949626416004,8.091526009765508,0.9365414736146878,0.9098857378498224,0.9252336159682685
660_leaf00.png,aculus_olearius,1,0.00017580872011251758,0.15172292545710267,0.01881153305203938,0.05959915611814346,0.6954992967651196,13.499682772384002,0.9123322080115707,0.8735708105354538,0.9379340708665488
661_full.png,Healthy,0,0.21180237877401648,0.012808783165599268,0.00960658737419945,0.1262580054894785,0.07410795974382434,2.4528960924659353,0.968816339795799,0.9499362870486452,0.9195101586715633
662_leaf00.png,olive_peacock_spot,2,0.7037691401648999,0.254416961130742,0.010011778563015312,0.024734982332155476,0.013545347467608953,4.252127608114584,0.9723640342088613,0.9605838574068377,0.9252204236608337
663_leaf00.png,olive_peacock_spot,2,0.12585231394167998,0.05493495817012428,7.253735673872045e-05,0.002466270129116495,0.7800667343681996,4.407063156195527,0.7398491470105837,0.1454995893695674,0.9776287588872643
664_leaf00.png,olive_peacock_spot,2,0.7233333333333334,0.22305555555555556,0.0002777777777777778,0.5136111111111111,0.03222222222222222,3.265848608329102,0.9555280673143831,0.920706336350717,0.9110241826687316
665_leaf00.png,Healthy,0,0.19485420240137222,0.001646655231560892,0.0,0.007066895368782161,0.7620583190394511,5.866525348497469,0.7060606255157172,0.15562167943336358,0.9776889899333002
666_leaf00.png,olive_peacock_spot,2,0.0,0.40768526989935955,0.27008234217749316,0.01848124428179323,0.2442817932296432,10.390063827790186,0.937920001606761,0.8827564601605369,0.9473259703590591
667_leaf00.png,Healthy,0,0.6809656130600903,0.0187565126780132,0.03924973949287947,0.5845779784647447,0.13042723167766584,5.8986743110489,0.9388374920205489,0.8789236665824436,0.8980748247754162
667_leaf01.png,aculus_olearius,1,0.958904109589041,0.01554267650158061,0.0,0.010800842992623814,0.01738672286617492,4.817464947344862,0.9426157660026987,0.9181185035543538,0.9334626594285448
668_leaf00.png,olive_peacock_spot,2,0.7458536585365854,0.17170731707317075,0.0,0.017804878048780486,0.05658536585365854,5.720067373275515,0.9472343380165456,0.9120058758300812,0.9356119434654342
669_leaf00.png,olive_peacock_spot,2,0.0021324487619950243,0.5652173913043478,0.2670299727520436,0.014216325079966828,0.13268570074635708,13.442483200161321,0.895098767543224,0.821513076648744,0.9368803312428389
669_leaf01.png,Healthy,0,0.451605504587156,0.0011467889908256881,0.0,0.016972477064220184,0.06284403669724771,6.179366513119444,0.9361117801989375,0.9031041453916779,0.9383552084833753
66_leaf00.png,olive_peacock_spot,2,0.7676243513479306,0.15074041260599924,0.00025313251487153526,0.4531072016200481,0.033793190735349955,5.447747846982777,0.8915460907873826,0.8045516068464342,0.9279360337609842
670_leaf00.png,Healthy,0,0.6931208583149259,0.0,0.0,0.37283054591353737,0.15194067529189018,5.720499734043234,0.9262795534152352,0.8642278236525288,0.9144807589930221
671_leaf00.png,olive_peacock_spot,2,0.41975308641975306,0.2564953012714207,0.036299981573613416,0.010318776487930717,0.1332227750138198,7.878765968270563,0.924615469531423,0.8852261468638952,0.9474450248877159
672_leaf00.png,olive_peacock_spot,2,0.20232333010648595,0.7463697967086157,0.03436592449177154,0.17981606969990319,0.008228460793804453,4.486994437737076,0.9504247176851577,0.9115249326279945,0.9267610025273585
673_full.png,aculus_olearius,1,0.6896487641702286,0.1261847240289909,0.025459951681843524,0.21743170414421112,0.04051291581490429,6.800802209034565,0.9139305583580846,0.8823723978710569,0.9150093047120884
674_leaf00.png,Healthy,0,0.7400173611111112,0.04383680555555555,0.041666666666666664,0.48828125,0.09288194444444445,3.548410727692186,0.9636751185319099,0.9401033522785677,0.8710275214056709
675_leaf00.png,olive_peacock_spot,2,0.9581522981934598,0.0029727875600274413,0.0,0.4829636405213812,0.017836725360164646,2.378895232635973,0.9476358137807226,0.9034751993916089,0.9365930852597959
676_leaf00.png,Healthy,0,0.7798970632758099,0.025734181047532546,0.07886769603390857,0.28701180744777477,0.08113835906751438,6.8188434199998,0.9039542987692947,0.839957025598261,0.9117345670921638
677_leaf00.png,olive_peacock_spot,2,0.00388755980861244,0.8720095693779905,0.09195574162679426,0.03977272727272727,0.025867224880382775,11.053983588950945,0.9161274396032315,0.8580593538912941,0.9497384943826312
678_full.png,Healthy,0,0.4229004130335016,0.029371271225332722,0.008031206975676917,0.012391005048187242,0.04015603487838458,6.5373752014602475,0.9485235883975192,0.904741769502696,0.9576124239622167
679_leaf00.png,Healthy,0,0.760118235561619,0.03751705320600273,0.07389722601182355,0.5393360618462938,0.082537517053206,4.979892461468802,0.9311172089591635,0.8910229485042486,0.8818913638215812
67_leaf00.png,olive_peacock_spot,2,0.29907502569373073,0.29907502569373073,0.0005138746145940391,0.015416238437821172,0.13386433710174717,6.421233615039519,0.9489940239611538,0.9142145044803712,0.9274955230356203
680_leaf00.png,olive_peacock_spot,2,0.0,0.6410835214446953,0.14221218961625282,0.009439770162117792,0.0658731787399959,8.884654879543906,0.9424313199408049,0.8934455047376791,0.9434494907807349
681_full.png,aculus_olearius,1,0.8120390671716166,0.009966115208291808,0.0,0.015746462029101058,0.06298584811640423,8.912044929648047,0.9197827815577809,0.8910416509913539,0.9330795730779071
682_leaf00.png,olive_peacock_spot,2,0.06925858951175407,0.07228106432446396,5.1666236114699044e-05,0.005218289847584603,0.8563420304830793,5.443983667759927,0.7513963451308203,0.1714521426756221,0.969206433708936
683_leaf00.png,Healthy,0,0.6575342465753424,0.03664383561643836,0.00034246575342465754,0.11952054794520547,0.09828767123287671,2.817597744513428,0.9598221084070296,0.9360326835417526,0.9280402031638438
683_leaf01.png,olive_peacock_spot,2,0.3860605191452746,0.08934461494335293,0.051340886275634594,0.02997275204359673,0.3384483005879822,9.112630115861252,0.9119677154374556,0.8509661062819505,0.9288135949006366
684_leaf00.png,Healthy,0,0.9020248203788374,0.007838014369693011,0.002612671456564337,0.011757021554539516,0.02612671456564337,9.031304577280887,0.9463525470175098,0.9009815358042248,0.9482644190093351
685_leaf00.png,olive_peacock_spot,2,0.7499721448467966,0.13682451253481895,0.04044568245125348,0.2806685236768802,0.05392757660167131,7.58770899701708,0.892321458528513,0.8113962708872071,0.9216090049414174
686_full.png,olive_peacock_spot,2,0.0006816632583503749,0.5306748466257669,0.2951601908657123,0.018064076346284937,0.13780958872983412,14.647311237792314,0.9004701124865626,0.812965329965568,0.9526661828341725
687_leaf00.png,olive_peacock_spot,2,0.0,0.7524154589371981,0.18840579710144928,0.017874396135265702,0.030917874396135265,4.655397733860619,0.9488850955238006,0.9105865668011505,0.9579993889445915
688_leaf00.png,olive_peacock_spot,2,0.7267497603068073,0.030441035474592523,0.0,0.020853307766059443,0.1493288590604027,5.658759173512377,0.9477209018436524,0.9095995296641889,0.9224135734847666
689_leaf00.png,Healthy,0,0.6379641124026634,0.13565060376932625,0.021442275138246248,0.26610991987360344,0.07527367114321183,7.103711372872568,0.8810715699272497,0.8110160634884716,0.9398675315679016
689_leaf01.png,Healthy,0,0.9068833652007648,0.0,0.0,0.012237093690248566,0.07648183556405354,6.844631751458648,0.9250725215027022,0.8872969092160595,0.9325680832822268
68_leaf00.png,olive_peacock_spot,2,2.2180326050792947e-05,0.030453587667738716,0.057846290340468,0.0,0.8766552068315404,1.687914583520533,0.7261016612346729,0.14686554881146122,0.9807104329868619
690_leaf00.png,aculus_olearius,1,0.7250910294604436,0.1299238662694472,0.0,0.008606421714664018,0.06190003310162198,7.871938327762832,0.9166537739555868,0.8719325517387266,0.9287467666159385
69_leaf00.png,Healthy,0,0.46735024284943333,0.026227738801942794,0.19881273610361574,0.0850512682137075,0.24295736643281166,8.460423952695733,0.8826344009402458,0.7991255373147594,0.9435594434929262
6_leaf00.png,olive_peacock_spot,2,0.024283448912451776,0.20013727485739982,0.0005443658138268917,0.00033135310406854273,0.7690705545430877,4.584450325706351,0.7020991320458589,0.18549414216835605,0.9739365092940824
70_leaf00.png,aculus_olearius,1,0.5395920815836832,0.0016496700659868026,0.0,0.00644871025794841,0.11727654469106179,11.192648290775217,0.9107600879395261,0.8590349592793408,0.9436827064207425
71_leaf00.png,Healthy,0,0.894908350305499,0.048472505091649694,0.003054989816700611,0.020773930753564155,0.03890020366598778,6.188011395917342,0.9369776187811641,0.8958529895706686,0.9359137866323914
72_leaf00.png,aculus_olearius,1,0.8332919254658385,0.0,0.0,0.10409937888198757,0.056645962732919254,4.011262712656583,0.9459726278271039,0.9121903533706128,0.9337661468395706
73_leaf00.png,olive_peacock_spot,2,0.20078740157480315,0.7195975503062118,0.0030621172353455816,0.049868766404199474,0.05249343832020997,3.059555408486214,0.9665707774555072,0.9491489609632356,0.9338275057676294
74_leaf00.png,olive_peacock_spot,2,0.0,0.664714494875549,0.25494143484626647,0.00951683748169839,0.021046852122986823,9.726473840225733,0.9332971086508557,0.8826002613237588,0.9508960768255027
75_leaf00.png,Healthy,0,0.6887661141804788,0.02394106813996317,0.0050644567219152855,0.035451197053407,0.03591160220994475,4.018076991921239,0.9680838903045401,0.9494351220805735,0.9196782569785533
76_leaf00.png,Healthy,0,0.3255284552845528,0.0022764227642276423,0.002926829268292683,0.01886178861788618,0.07447154471544716,7.574667970844581,0.9548103465423814,0.9319704224473582,0.9439470464843291
77_leaf00.png,Healthy,0,0.376514131897712,0.004037685060565276,0.0,0.02220726783310902,0.06493943472409153,4.390809792785606,0.9618236100430378,0.9324822442256525,0.9444340961556522
78_leaf00.png,olive_peacock_spot,2,0.34578833693304534,0.46781857451403885,0.00043196544276457883,0.014038876889848811,0.0898488120950324,7.318205114919229,0.938023848173527,0.9010086048838439,0.9425828415441068
79_leaf00.png,olive_peacock_spot,2,0.1421628189550425,0.3025516403402187,0.11695018226002431,0.014277035236938032,0.16281895504252733,4.251170037262847,0.9578043113529362,0.9289064683804106,0.9466284810745245
7_leaf00.png,Healthy,0,0.36577097562191535,0.002343087890722369,0.0,0.025973378533326687,0.6122438805523706,7.333676868255033,0.7179218763141665,0.15096004500739604,0.976670582597684
80_leaf00.png,aculus_olearius,1,0.02344343204252088,0.07697418375094912,0.0,0.0,0.7538439635535308,2.9553793361083702,0.7314716842325888,0.20078098964705693,0.9608257548942798
81_leaf00.png,aculus_olearius,1,0.7284633831396421,0.12248662608374838,0.0,0.13604501014572956,0.0458402508762221,8.815948967116835,0.8573171622769102,0.7739878971714365,0.9395204051340429
82_leaf00.png,aculus_olearius,1,0.7171767028627838,0.11895360315893386,0.07683448502796973,0.025172754195459033,0.012010529779532741,9.131733205958955,0.9134536841708936,0.8695186565952873,0.9304070741227252
82_leaf01.png,olive_peacock_spot,2,0.6752498729459597,0.07741826190072844,0.009994917838387261,0.41656784685753007,0.06691512790106725,4.577281158237607,0.9251694875238597,0.8725322690392492,0.9339211039903157
83_leaf00.png,aculus_olearius,1,0.2839238743617515,0.5118366083861984,0.016091598328949405,0.4516478415596472,0.11774717623394708,8.19638015390682,0.9091564754557733,0.8619356649759795,0.9021165582776303
84_leaf00.png,Healthy,0,0.6551889048302247,0.03825920612147298,0.0014347202295552368,0.028694404591104734,0.06934481109516978,4.665688200944339,0.9701883054195654,0.9521574742166539,0.9271559870858286
85_leaf00.png,aculus_olearius,1,0.8975441889566713,0.004066948224620679,0.0,0.2890661661191929,0.0333176912247771,5.627046670686092,0.9143825380929321,0.8647290618875647,0.9253787523305472
86_leaf00.png,olive_peacock_spot,2,0.4443550010062387,0.4578385993157577,0.01388609378144496,0.011672368685852284,0.05192191587844637,9.985011719848096,0.9221541640045945,0.8930559329754229,0.922371908861251
87_leaf00.png,aculus_olearius,1,0.9389823199655024,0.0010780508840017248,0.0,0.15998275118585598,0.02328589909443726,3.048829772509171,0.9341455720308152,0.8958056375544972,0.9402436151304506
88_leaf00.png,Healthy,0,0.874207492795389,0.03011527377521614,0.01484149855907781,0.18804034582132564,0.05634005763688761,9.467038855038158,0.9069299096311191,0.8546102156585116,0.9083435660737105
89_leaf00.png,olive_peacock_spot,2,0.9090425531914894,0.002925531914893617,0.0,0.09707446808510638,0.026861702127659575,2.492600271826533,0.9507752724927067,0.9163816176387289,0.9447235326087222
8_leaf00.png,Healthy,0,0.6468921551266159,0.0,0.0,0.06782362316274128,0.10678236231627412,5.9954868891329065,0.9257168628137704,0.8770830460816201,0.9307082908887614
90_leaf00.png,olive_peacock_spot,2,0.0,0.24757192596664834,0.11471504489646325,0.005864027854132307,0.04086494410848451,9.824423980958159,0.9393144417373647,0.884417990811478,0.9560643473093542
91_leaf00.png,olive_peacock_spot,2,0.7675295300326715,0.0,0.0,0.41593365167127416,0.031414928373963306,2.440272254124109,0.9461738389114565,0.9114726346860151,0.9378784230212105
92_leaf00.png,olive_peacock_spot,2,0.0,0.14018430605975984,0.35185702317788325,0.007819044959508517,0.04579726333426417,7.871001319637701,0.9512331740343039,0.9234946066451981,0.9407998912573108
93_leaf00.png,olive_peacock_spot,2,0.28435440566268,0.44886502318769833,0.07761776909934098,0.4049304369050525,0.14083475713937027,3.6867965645208796,0.9480366299843074,0.907724087712671,0.9233172849279404
94_leaf00.png,olive_peacock_spot,2,0.16798029556650246,0.6972906403940887,0.06921182266009852,0.01083743842364532,0.035467980295566505,5.304708402419173,0.9513113809188797,0.9134407129179389,0.9533367583828294
95_leaf00.png,olive_peacock_spot,2,0.1955953714072415,0.7006345651362449,0.005785740948114969,0.017170586039567004,0.06961552818215752,8.778644331136936,0.9262279821900914,0.8847874504731128,0.9397797599331832
96_leaf00.png,olive_peacock_spot,2,0.5090579710144928,0.33462732919254656,0.05201863354037267,0.014233954451345756,0.036490683229813664,5.710858623373354,0.9461902459823879,0.9169462382841229,0.928670382074422
97_leaf00.png,Healthy,0,0.5653645032297755,0.029836973239003382,0.0030759766225776685,0.032605352199323284,0.026760996616425715,6.257886032129222,0.9570127698538833,0.9279450744747971,0.9458780741094199
98_leaf00.png,aculus_olearius,1,0.6836038579157845,0.042107739355445775,0.0,0.031992472359444836,0.06657257115972712,7.060371848376992,0.9379138656190743,0.9086897276222914,0.9301218754925027
99_leaf00.png,olive_peacock_spot,2,0.6699029126213593,0.0837179691230304,0.0001591596371160274,0.016075123348718766,0.11761897182874423,8.12500036233865,0.913971119026877,0.8667636815422833,0.940497025271517
9_leaf00.png,aculus_olearius,1,0.6736392262708052,0.13450292397660818,0.0002249212775528565,0.07849752586594692,0.07152496626180836,7.905202659711469,0.9310036632263552,0.9040216808739765,0.9245077885171995
A-13_leaf00.png,aculus_olearius,1,0.2865158371040724,0.485972850678733,0.05755656108597285,0.15945701357466063,0.08072398190045249,11.33761877465685,0.9170784579286259,0.8800980460868694,0.8990921671675242
A-13_leaf01.png,aculus_olearius,1,0.6138358286009292,0.035105833763551884,0.011357769747031492,0.03329891584925142,0.18895198760970572,14.167992494513673,0.9344203214998187,0.9127077890930531,0.8867509423532721
A-15_leaf00.png,aculus_olearius,1,0.1580597435536142,0.043116809919684376,0.0,0.0014794983795970128,0.7794490629843596,5.9483941235169056,0.7785810658391007,0.19333397478589806,0.9725984003593885
A-15_leaf01.png,Healthy,0,0.2658199138126559,0.0029485144023588114,0.0038557496030845995,0.015649807212519847,0.04513495123610796,6.729342340592537,0.9334304903513437,0.9027484443770867,0.9411545304963989
A-17_leaf00.png,Healthy,0,0.2978723404255319,0.007815892314372557,0.0019539730785931393,0.013677811550151976,0.10138949196699956,8.364700610323299,0.9358182046564663,0.8996721993223885,0.9409729793397178
A119_leaf00.png,Healthy,0,0.6357841053973651,0.016574585635359115,0.05397365065873353,0.64598385040374,0.21121971950701232,5.24611006656877,0.9244432896031828,0.8475642263576771,0.8132143413601911
A132_leaf00.png,olive_peacock_spot,2,0.7291471415182755,0.13339581380818494,0.00937207122774133,0.03686348016244923,0.07778819119025304,2.754779203419864,0.9593682757693951,0.9300578036739893,0.9438061350943294
A132_leaf01.png,aculus_olearius,1,0.0,0.34737272541402575,0.013085258638315273,0.02801063177264363,0.23676139848701697,7.4856726258110635,0.9291703471411384,0.8956410839086756,0.9513338082008894
A136_leaf00.png,olive_peacock_spot,2,0.12802008158142453,0.6928145591465328,0.05396925007844368,0.03922183871979919,0.09883903357389394,8.454503065023697,0.9568052899516034,0.9298203205631057,0.9135616982290206
A139_leaf00.png,olive_peacock_spot,2,0.07046614779479454,0.0025943593606159512,0.0,0.005732697296844925,0.9166666666666666,3.599041278722607,0.8161374749245862,0.2261551369535257,0.9738450662985589
A13_leaf00.png,Healthy,0,0.7423672103722292,0.026767043078209953,0.005018820577164366,0.5165202843998327,0.07528230865746549,2.5791988363126928,0.9667771157176275,0.9465282257714633,0.8846835458827819
A140_leaf00.png,Healthy,0,0.838884585592564,0.036147689129873484,0.0010327911179963851,0.017557449005938548,0.052672347017815646,7.382832473925983,0.9521753858226559,0.9146601672060389,0.9424855386769406
A143_leaf00.png,aculus_olearius,1,0.33954451345755693,0.006211180124223602,0.014304536043666478,0.10766045548654245,0.36100131752305664,9.765177103956134,0.9112977058205911,0.8837502449431998,0.9281613831095696
A146_leaf00.png,aculus_olearius,1,0.4283244680851064,0.0026595744680851063,0.03962765957446809,0.12446808510638298,0.2702127659574468,8.768034734159098,0.9002022663313066,0.8395522487337522,0.9287907582753991
A151_leaf00.png,Healthy,0,0.747643362136685,0.0624509033778476,0.05734485467399843,0.022584446190102123,0.09956794972505892,7.671134832425395,0.929506202510899,0.8919128086560824,0.9251226871755047
A153_leaf00.png,Healthy,0,0.8593146096366916,0.011337284205101777,0.0023189899510435456,0.022416902860087608,0.004122648801855192,3.8131396185586475,0.9506707552126721,0.9147926229297084,0.9465312980828433
A153_leaf01.png,aculus_olearius,1,0.6564429012345679,0.0,0.0,0.013695987654320988,0.11477623456790123,7.293449403735138,0.9327868929870227,0.8893670834509765,0.9338588596375725
A15_leaf00.png,olive_peacock_spot,2,0.8415730337078652,0.0,0.0,0.054307116104868915,0.07528089887640449,2.708705606250747,0.9640295427779816,0.9402438461324302,0.9317990871526708
A23_leaf00.png,olive_peacock_spot,2,0.6506801936822688,0.16878026285450773,0.0,0.017754207977864884,0.1388056260087618,10.037283846791349,0.9423767477692907,0.9045144255661035,0.9256756834427436
A24_leaf00.png,aculus_olearius,1,0.06974789915966387,0.4500840336134454,0.0,0.015798319327731094,0.2653781512605042,13.175077757905033,0.908412711524549,0.8711575399970604,0.9426903302173653
A258_leaf00.png,olive_peacock_spot,2,0.05496688741721854,0.3673841059602649,0.3475165562913907,0.009437086092715232,0.054304635761589407,9.720700469735789,0.9179294770633806,0.8713149128280768,0.9477464223783473
A261_leaf00.png,olive_peacock_spot,2,0.906832298136646,0.023957409050576754,0.0,0.12444543034605146,0.03039041703637977,3.0836952795950716,0.9436585287213943,0.9015870207087979,0.9426372843408195
A263_leaf00.png,Healthy,0,0.7945273631840796,0.11840796019900497,0.0,0.8293532338308458,0.04776119402985075,1.8884081659569485,0.9680462295660266,0.9434568788322566,0.8534839753758595
A263_leaf01.png,aculus_olearius,1,0.47703842549203374,0.07966260543580131,0.00015620118712902218,0.012496094970321775,0.1493283348953452,10.22100166385954,0.9069823770597721,0.8649293276519457,0.9306088768473773
A264_leaf00.png,olive_peacock_spot,2,0.26786119301428896,0.6459514629167612,0.009752778407802223,0.05692900884554321,0.04264005443411204,7.550267781957349,0.9404123882031428,0.9028783581359288,0.9383191790631942
A266_leaf00.png,olive_peacock_spot,2,0.460042126130591,0.49956634865568084,0.0,0.009292528806839302,0.02031966299095527,9.892048176203657,0.9074926387290932,0.8300995160939315,0.9575577664261119
A268_leaf00.png,olive_peacock_spot,2,0.10258455250105925,0.10956309348752585,0.00014954016399571318,0.004860055329860678,0.7807491962216185,5.237934321926418,0.7586655956380688,0.18572500658198832,0.9754399801514588
A269_leaf00.png,Healthy,0,0.5839727195225917,0.0008525149190110827,0.0017050298380221654,0.01875532821824382,0.09178743961352658,6.521425319437775,0.947915625588656,0.9205032644011631,0.9342832468051381
A271_leaf00.png,olive_peacock_spot,2,0.3320388349514563,0.2865695792880259,0.18867313915857606,0.10469255663430421,0.09838187702265372,8.945046565970072,0.911764700502589,0.8672180016029476,0.9284640027166875
A27_leaf00.png,aculus_olearius,1,0.6075815011372252,0.3185746777862017,0.0034874905231235785,0.01910538286580743,0.029112964366944653,8.826517755687775,0.9080453931652392,0.8604206434024748,0.9303226711917703
A283_leaf00.png,aculus_olearius,1,0.7830348973990328,0.1627238269507254,0.0,0.007842112142203634,0.018428963534178538,9.560575528072375,0.8932921672704374,0.8389030975922578,0.939724795606846
A285_leaf00.png,Healthy,0,0.7762460233297985,0.021208907741251327,0.0014846235418875928,0.6485683987274655,0.11177094379639449,5.249460205779366,0.9084113531839892,0.8477538933717466,0.8743571285252904
A286_leaf00.png,aculus_olearius,1,0.7442721909726986,0.14336671697077788,0.0,0.10481547537385101,0.031965976128412676,6.1129082561792165,0.9020872187883471,0.8455055392794274,0.93751123646522
A288_leaf00.png,aculus_olearius,1,0.2571961068544212,0.015738248084489544,0.0,0.1358459308345413,0.4752536757092566,7.381978237569438,0.9227664712609376,0.8913605081404955,0.9312963729779052
A294_leaf00.png,olive_peacock_spot,2,0.12651787241320336,0.02020266803488969,0.0,0.0181075765349752,0.8417350778176843,2.386325193452693,0.7926757175133892,0.19188358673149564,0.9880040237885297
A296_leaf00.png,Healthy,0,0.9006606312698802,0.011255199412772204,0.004404208465867384,0.055786640567653534,0.04110594568142892,6.328660672616652,0.9455878928187784,0.9120616063179399,0.9457276531133899
A29_leaf00.png,olive_peacock_spot,2,0.07958034800409416,0.05962128966223132,0.0,0.01714431934493347,0.7054759467758445,5.796896921497023,0.9456501328368374,0.9126952208631324,0.9321626621996661
A300_leaf00.png,olive_peacock_spot,2,0.3630584816563749,0.5308754086451144,0.04885579367962223,0.27588085724664,0.02451870686523792,7.9890953007192556,0.9201881725930561,0.8795002681735304,0.9307486700407005
A301_leaf00.png,Healthy,0,0.5730713943459511,0.14422616195495927,0.0,0.03018687110685194,0.19837086727359846,8.775485099179194,0.9210284187049904,0.8675743392801405,0.9174977338170314
A302_leaf00.png,olive_peacock_spot,2,0.9400811649558367,0.01360706612556696,0.0,0.13583194079732633,0.021007400334208642,3.01689255169121,0.942423185765755,0.90632637679075,0.941543418512738
A306_leaf00.png,aculus_olearius,1,0.958041958041958,0.015124410473247682,0.0,0.04504797528053342,0.013172873637989918,4.75313866923098,0.9247758948022273,0.8684346196300523,0.9389942771018455
A307_leaf00.png,Healthy,0,0.6185216652506372,0.05862361937128292,0.002973661852166525,0.1748088360237893,0.16652506372132542,7.387725836712566,0.9335129338638457,0.8998546354736487,0.9076525124856231
A307_leaf01.png,aculus_olearius,1,0.9647212543554007,0.012630662020905924,0.0,0.012412891986062718,0.013719512195121951,5.763039486232497,0.9304167298991222,0.9014372168673077,0.9339446206023546
A318_leaf00.png,aculus_olearius,1,0.6421962687699074,0.30926740482329745,0.0006067040800849386,0.013499165781889883,0.02093129076293038,6.170043603850537,0.9152530999630545,0.8594183595114806,0.936436879047736
A323_leaf00.png,aculus_olearius,1,0.42401215805471126,0.11723838471558837,0.05340859748154581,0.2965696917064698,0.2114633087277464,7.565622681031552,0.9360473934040691,0.9008104423683662,0.8881924725693423
A324_leaf00.png,olive_peacock_spot,2,0.2338284619070436,0.45543842836607573,0.21969333972208913,0.2110685194058457,0.05486344034499281,5.1832786624479485,0.9459984351104669,0.908209628099091,0.9317710259040308
A344_leaf00.png,olive_peacock_spot,2,0.681605814154698,0.07181173213358713,0.01038241910365115,0.3639037895829728,0.05710330507008133,4.725501911699396,0.9261230034049115,0.8757057593283936,0.9368995377961075
A345_leaf00.png,Healthy,0,0.47193287037037035,0.024305555555555556,0.008969907407407407,0.017939814814814815,0.041087962962962965,6.999025716271176,0.9516210989173448,0.9239171939122102,0.9418306147103349
A352_leaf00.png,olive_peacock_spot,2,0.1441186271242919,0.029490169943352216,0.0,0.017494168610463177,0.6606131289570143,6.798942233412745,0.9226529873582602,0.8731380492397416,0.9419037424944995
A356_leaf00.png,Healthy,0,0.8664252236898168,0.04409884959522795,0.0293992330634853,0.26203664252236897,0.04750745632722625,5.909262031821939,0.9305619658179356,0.8992627157216763,0.915331563701594
A365_leaf00.png,olive_peacock_spot,2,0.0038182512409316535,0.7575410462008401,0.08858342878961435,0.012600229095074456,0.11798396334478808,6.893006698194863,0.9642210568531268,0.9406274753919955,0.9244830748270576
A368_leaf00.png,olive_peacock_spot,2,0.7257191683281117,0.0,0.0,0.023924807747080605,0.12446596411278837,5.2119622167596935,0.9479288440793898,0.9219464785607513,0.8965901130728209
A369_leaf00.png,olive_peacock_spot,2,0.1714008254430687,0.8048069919883467,0.014081087642631707,0.011410536537994658,0.003641660597232338,8.314701072305189,0.9419126661942253,0.9099565018825659,0.9379701361602075
A36_leaf00.png,olive_peacock_spot,2,0.7909364046069104,0.049198798197295945,0.0,0.3745618427641462,0.0828743114672008,4.906188311819997,0.9038598737670331,0.8319694566318697,0.9345795143897117
A375_leaf00.png,aculus_olearius,1,0.14029416047764673,0.008620940731032475,0.0,0.0,0.8398136012814912,4.426436279280562,0.783517893944653,0.16191300291400154,0.9765271439906139
A379_leaf00.png,Healthy,0,0.7093672456575683,0.038461538461538464,0.06792803970223325,0.2022332506203474,0.12127791563275435,4.586517445888236,0.9451481138002399,0.9157575067309518,0.8928668588030432
A380_leaf00.png,Healthy,0,0.568662927447078,0.08612267052650624,0.0036185996019540436,0.056269223810385384,0.1080151981183282,7.979353527802824,0.9259364578671154,0.8823379080276432,0.9145191550550644
A382_leaf00.png,olive_peacock_spot,2,0.27788006312467123,0.4942135718043135,0.029458179905312992,0.24460810099947397,0.14505523408732246,5.892199860282021,0.9007470232266964,0.8387841208732112,0.957725158492394
A386_leaf00.png,aculus_olearius,1,0.15067171093267448,0.08913681284743669,0.0,0.00030883261272390367,0.74208616429895,6.173955617302097,0.8140840951429583,0.24730674329414157,0.9732987926863483
A389_leaf00.png,aculus_olearius,1,0.7514531210513015,0.136340662117766,0.0,0.1709628506444276,0.029188779378316907,7.503328987683207,0.8854404207427183,0.8325760610842082,0.9358438742315545
A391_leaf00.png,olive_peacock_spot,2,0.03877649325626204,0.8458574181117534,0.078757225433526,0.021435452793834298,0.015173410404624277,8.10727271030848,0.938587338124125,0.9083172895609739,0.9384813142800338
A393_leaf00.png,Healthy,0,0.18622848200312989,0.0012519561815336462,0.0017214397496087637,0.25586854460093894,0.41987480438184666,8.173605801841095,0.9141598286591901,0.8626669350862886,0.9137738881523524
A395_leaf00.png,Healthy,0,0.8189290161892901,0.009464508094645082,0.007471980074719801,0.033623910336239106,0.11183063511830635,6.15351058282906,0.9479121923056792,0.9146370284295325,0.9217833992791165
A396_leaf00.png,olive_peacock_spot,2,0.1604859335038363,0.7790920716112532,0.012468030690537084,0.026214833759590793,0.02877237851662404,6.965926520228495,0.9512646053681605,0.9307095770630248,0.9041225340726378
A39_leaf00.png,olive_peacock_spot,2,0.9470319634703196,0.0,0.0,0.1939117199391172,0.0273972602739726,2.3106720007768287,0.9553342987413311,0.9277423225555916,0.9373122094761375
A401_leaf00.png,olive_peacock_spot,2,0.0,0.7428426653154294,0.19280466176843172,0.0177349885989359,0.036230048137826196,4.6647175406035934,0.9506823504605495,0.9145146507209991,0.9568071537811911
A406_leaf00.png,olive_peacock_spot,2,0.7904075408927086,0.10923204879401165,0.0,0.2564457998336568,0.05267535347934572,3.147349645705087,0.9494815293596645,0.9167575518945505,0.9168284627734988
A407_leaf00.png,aculus_olearius,1,0.7201798041419168,0.05056991491411141,0.0,0.019746347728367315,0.10499277572644083,6.391874117704907,0.9244775686243526,0.8684922968422925,0.9326893751177003
A409_leaf00.png,olive_peacock_spot,2,0.10668538340059659,0.32654851728373396,0.10686085278118969,0.012809264783295315,0.22319705211440605,8.732138690246552,0.939446542942038,0.8788268427088678,0.9527686675504242
A410_leaf00.png,olive_peacock_spot,2,0.3694664416461119,0.6022328962741789,0.00012981955082435416,0.06413085810723095,0.019602752174477475,12.458255898512846,0.8894093978221049,0.8357555743144851,0.9332066765668349
A418_leaf00.png,olive_peacock_spot,2,0.9176820208023774,0.03922734026745914,0.0,0.31679049034175333,0.02823179791976226,2.5786079070296335,0.955146019143261,0.9229568436586881,0.9262285805064102
A419_leaf00.png,aculus_olearius,1,0.6441213653603034,0.11525495153813738,0.0014749262536873156,0.06342182890855458,0.0777496839443742,6.068612700771798,0.9326641712749918,0.8992390740350369,0.9309675268332905
A424_leaf00.png,aculus_olearius,1,0.03110833203063936,0.44176957949038614,0.06268563389088636,0.008910426762544943,0.32843520400187587,14.416514559859262,0.9037400284254286,0.8594705649008278,0.949656381555104
A429_leaf00.png,Healthy,0,0.7201565557729941,0.006429969247973162,0.0,0.020128599384959464,0.07408442829186469,6.551561399395792,0.9502514017396212,0.9223548822762648,0.9108777023686553
A429_leaf01.png,aculus_olearius,1,0.6016194331983805,0.0,0.0,0.06380566801619433,0.14834008097165993,5.568657223151323,0.9343007570044034,0.8699406037195688,0.9323040847495333
A430_leaf00.png,Healthy,0,0.01594022415940224,0.0,0.0,0.4767123287671233,0.7397260273972602,5.215127834938638,0.9541227393971689,0.9141391583337285,0.8908247950494008
A431_leaf00.png,aculus_olearius,1,0.21247520387921534,0.0037469693630152083,0.00044081992506061276,0.01454705752700022,0.49614282565571965,6.587841613016247,0.9377589015964418,0.9024046544394901,0.9395152296215677
A432_leaf00.png,aculus_olearius,1,0.31832374691865245,0.0,0.0,0.015447822514379622,0.3280197206244864,7.554016516489148,0.9142856748164916,0.8698431617093423,0.9293390254623917
A440_leaf00.png,Healthy,0,0.6147995889003083,0.016238437821171636,0.00328879753340185,0.01274409044193217,0.05447070914696814,7.342755470590996,0.9328839841212133,0.8950304750315364,0.9460890110326299
A441_leaf00.png,Healthy,0,0.1471030850263356,0.0,0.0018811136192626034,0.020316027088036117,0.2178329571106095,6.24427110659705,0.9641891218207154,0.9407628465689029,0.9376935979092847
A443_leaf00.png,Healthy,0,0.6387481910274964,0.03328509406657019,0.0,0.011034732272069464,0.06295224312590449,10.318596893741702,0.924258215200089,0.8813093758155872,0.9345078470178299
A446_leaf00.png,olive_peacock_spot,2,0.6188514035539532,0.25624517125933555,0.01931496265773886,0.5742982230234355,0.08601596703579706,5.285197635884199,0.9517207465431285,0.910398042714739,0.8678922870505418
A449_leaf00.png,Healthy,0,0.2361270570225794,0.011863758132414848,0.003827018752391887,0.017604286261002678,0.0574052812858783,4.267292936060192,0.9624102024077854,0.9425755308293926,0.9388553513413007
A453_leaf00.png,Healthy,0,0.6066982290022795,0.030334911450113976,0.09345958267578468,0.1213396458004559,0.156233561283535,7.633631045984976,0.921374112737963,0.8781410777440747,0.9294896622993174
A458_leaf00.png,aculus_olearius,1,0.02192795101808344,0.3747686173999715,0.014666097109497366,0.012530257724619109,0.3754805638615976,11.338951184992336,0.8946509323199949,0.8491675460309087,0.9600070695267543
A459_leaf00.png,olive_peacock_spot,2,0.9620413327709827,0.00042176296921130323,0.0,0.38422606495149725,0.021931674398987768,1.8309891523011241,0.9648783267227573,0.9460805986486689,0.9195774805338386
A45_leaf00.png,Healthy,0,0.8623235969806367,0.0047587791270101735,0.0,0.019691499835904167,0.06120774532326879,8.053782762673713,0.9092514355175935,0.8706927132281584,0.9360740447997125
A460_leaf00.png,aculus_olearius,1,0.14276118507856544,0.0036463955859421856,0.0006717044500419815,0.00023989444644356483,0.7908840110351445,4.392553435007986,0.6905729780254042,0.13021036177213868,0.9695443285725125
A463_leaf00.png,aculus_olearius,1,0.940989847715736,0.024111675126903553,0.0,0.33534263959390864,0.02284263959390863,2.280858900562613,0.9524471349429151,0.9276395480552714,0.9283712902536724
A464_leaf00.png,aculus_olearius,1,0.42201564113914714,0.021543455806404013,0.0,0.05120259701933009,0.30323151837096063,7.204179360602304,0.909323922630584,0.8565904491501615,0.9372064254453951
A466_leaf00.png,olive_peacock_spot,2,0.0,0.8058617908039796,0.10648023662274805,0.010486689970422156,0.01720892713094918,9.069088995118394,0.9526509704313437,0.9166881486346862,0.935917397574139
A467_leaf00.png,olive_peacock_spot,2,0.9065126050420168,0.0024509803921568627,0.0,0.08683473389355742,0.04131652661064426,2.9577059588063954,0.9613687519371712,0.9348176967975096,0.9196089730467969
A467_leaf01.png,olive_peacock_spot,2,0.46526960207205087,0.4509065222510007,0.0014127619496114904,0.012008476571697669,0.05957146220861785,7.2427182131043555,0.9428859722261211,0.9080503267922619,0.9339948127392649
A474_leaf00.png,Healthy,0,0.4802167131833853,0.4452470858643901,0.0,0.07387949433590543,0.03283533081595797,7.32800443176569,0.9208054903177918,0.8689975767704885,0.9239083230937388
A476_leaf00.png,olive_peacock_spot,2,0.4570225088850862,0.0009214163485586416,0.0,0.01974463604054232,0.16717125180992498,7.875746100872082,0.8984926163995907,0.840207931713308,0.9389567351329478
A476_leaf01.png,Healthy,0,0.02468265162200282,0.003526093088857546,0.003173483779971791,0.02468265162200282,0.06241184767277856,4.325452570213947,0.9610335417197872,0.935545986698759,0.922582410856913
A477_leaf00.png,Healthy,0,0.8007679180887372,0.0,0.0,0.2593856655290102,0.06591296928327645,4.838662944480917,0.937897921260961,0.8976014984223142,0.919850426832463
A481_leaf00.png,Healthy,0,0.09713943899677413,0.0,0.0,0.05906983699715867,0.8805785212245508,6.5934922865316725,0.8023859776645159,0.24180074342720598,0.9720238497201161
A488_leaf00.png,olive_peacock_spot,2,0.14045873729013952,0.8328209978718373,0.013005438637975882,0.011350200993142587,0.009222038306928353,8.14447507616343,0.9421853701593901,0.9079306887686331,0.9339168778703174
A48_leaf00.png,olive_peacock_spot,2,0.0017756255044390637,0.9020177562550444,0.05004035512510089,0.009362389023405972,0.03066989507667474,9.853964104182356,0.9243352819265633,0.8688955737682001,0.9555161449156875
A492_leaf00.png,aculus_olearius,1,0.6610413962209721,0.03836722919371124,0.0,0.2342420308668686,0.15144958892254434,6.655699426200138,0.894690310174267,0.8505753625683258,0.9391638825267363
A493_leaf00.png,Healthy,0,0.7270004278990159,0.025673940949935817,0.004278990158322636,0.5207531022678648,0.07702182284980745,2.4810858242917435,0.9667228108834818,0.9476629778677937,0.8854793076181458
A496_leaf00.png,Healthy,0,0.6103509815585961,0.00892325996430696,0.016260162601626018,0.4037279397184216,0.17152488598056712,5.959521910264513,0.9186930935229062,0.8755743981386002,0.9002275696185379
A497_leaf00.png,olive_peacock_spot,2,0.23985557083906464,0.6062585969738652,0.000687757909215956,0.013067400275103164,0.0811554332874828,8.946788509729297,0.924986825586732,0.8762145015215409,0.9483606980444553
A502_leaf00.png,aculus_olearius,1,0.7182103610675039,0.10832025117739404,0.003728414442700157,0.027864992150706435,0.1108712715855573,12.62951591899228,0.9240396685759551,0.888652353203154,0.9007901693159707
A502_leaf01.png,olive_peacock_spot,2,0.024710070042484787,0.07853944195659662,0.007899873693879894,0.0,0.8637731082787921,2.230827227622687,0.7134532478217366,0.1897590661679161,0.9777242238088016
A504_leaf00.png,aculus_olearius,1,0.11383897956384584,0.38266355781099987,0.0001371553970648745,0.007543546838568098,0.31422301467562747,13.328654331687389,0.899440033771008,0.8453213093040106,0.9575593005080096
A506_leaf00.png,Healthy,0,0.5182736234671796,0.12322673719644145,0.051334455397932195,0.32988699206540034,0.19968742486174562,8.816772699075944,0.8743450165414857,0.8048143219678175,0.9323427509748646
A508_leaf00.png,Healthy,0,0.3823424706301175,0.006407974368102528,0.008187967248131008,0.021715913136347454,0.2032751868992524,5.385813639011912,0.960335594585491,0.9374800040678485,0.9296236753453057
A510_leaf00.png,olive_peacock_spot,2,0.0,0.10194758355373888,0.6530415965376293,0.015388314498677566,0.026929550372685743,5.849257051475172,0.9453865718892228,0.9112212556441329,0.9379818415969849
A515_leaf00.png,olive_peacock_spot,2,0.0,0.5379596678529063,0.19395017793594305,0.013641755634638196,0.018386714116251483,4.5416910188531325,0.9731644742930355,0.9629404384590035,0.9235612259508682
A516_leaf00.png,olive_peacock_spot,2,0.6068800588668138,0.04359823399558499,0.0001839587932303164,0.013061074319352465,0.07597498160412068,7.303726418991055,0.9299085169676794,0.884087850704042,0.9415347794522979
A517_leaf00.png,olive_peacock_spot,2,0.0888847652625719,0.750788643533123,0.037298200037112636,0.01595843384672481,0.07422527370569679,7.991262969917012,0.9355954256298948,0.8838959917459345,0.9516088291550244
A517_leaf01.png,aculus_olearius,1,0.3288135593220339,0.27597208374875376,0.015154536390827518,0.39641076769690925,0.21535393818544366,7.335582158872327,0.9180338565798674,0.8766786922235099,0.8974215269477211
A518_leaf00.png,olive_peacock_spot,2,0.07859661979572208,0.15247561031466128,0.0,0.009801676361471168,0.7653551962625383,3.9684358069719954,0.7778679603365173,0.17156450157467606,0.9776250077095147
A51_leaf00.png,olive_peacock_spot,2,0.0,0.7271534761696545,0.21469173589855706,0.008890832240198222,0.05057571782538989,12.243660565726405,0.905517645966279,0.8550599389799869,0.9459607209225458
A523_leaf00.png,olive_peacock_spot,2,0.0,0.8530751708428246,0.04305239179954442,0.012528473804100227,0.07676537585421413,7.762966973180974,0.948866987689934,0.9065673921816617,0.9490861282880227
A526_leaf00.png,aculus_olearius,1,0.8595067124570714,0.02653762098033094,0.0,0.006088042460193568,0.046050577583515453,10.005564391589463,0.9080508124516046,0.8632924159657281,0.9370550961244329
A528_leaf00.png,olive_peacock_spot,2,0.7331912102328633,0.10954411282387667,0.00016398819285011479,0.02705805182026894,0.04640865857658249,7.857876004402989,0.9195779474076735,0.8692579155718549,0.9233248474827196
A532_leaf00.png,aculus_olearius,1,0.22591718515340056,0.00042909246942716153,0.0,0.020810984767217336,0.3776013730959022,4.668381329334011,0.9343176351886355,0.9006742875131928,0.9409524718265353
A536_leaf00.png,Healthy,0,0.8878963823135329,0.012728896828941492,0.00044662795891022776,0.07927646270656544,0.07414024117909782,7.195971390453225,0.9435256872690718,0.9047327484348676,0.9114980518095799
A536_leaf01.png,Healthy,0,0.733044733044733,0.005483405483405483,0.0,0.017027417027417027,0.06926406926406926,6.8655960400716385,0.9497146981189251,0.9216505496435663,0.930961992401436
A537_leaf00.png,olive_peacock_spot,2,0.5103734439834025,0.3482883817427386,0.0031120331950207467,0.025933609958506226,0.07442946058091286,5.157466552505699,0.9483315841872357,0.9160266426500611,0.9307565275370566
A538_leaf00.png,aculus_olearius,1,0.8165601308161141,0.0019325107774639512,0.0,0.03002824438828601,0.027947078935632527,9.44422917493983,0.9044376536752485,0.8560547239015872,0.9157592198523319
A539_leaf00.png,aculus_olearius,1,0.2579870729455217,0.018282548476454295,0.054293628808864264,0.11449676823638043,0.4457987072945522,9.048595611062378,0.914512240532386,0.8818400189172122,0.9253274045699746
A540_leaf00.png,aculus_olearius,1,0.8184847811597423,0.06309708953565875,0.0,0.4556765163297045,0.059320151077538325,3.7547607694336316,0.9375348495993383,0.9016813915893332,0.9092781362556104
A541_leaf00.png,olive_peacock_spot,2,0.1481103166496425,0.5893769152196119,0.20429009193054137,0.038231431489858456,0.0452356632131913,6.8297237293501425,0.9096700598769208,0.8555444662268623,0.9601824898348048
A542_leaf00.png,olive_peacock_spot,2,0.30905446040761775,0.6408286000668226,0.028733711994654194,0.031239558970932176,0.006348145673237555,7.492807891956174,0.9263953151623328,0.8722273634295576,0.9465228484048026
A544_leaf00.png,Healthy,0,0.3461300309597523,0.0006191950464396285,0.0,0.050464396284829724,0.04024767801857585,10.30288527212346,0.9530205131284137,0.928761236547107,0.9311754401556669
A546_leaf00.png,Healthy,0,0.9130725509862923,0.022066198595787363,0.0,0.017051153460381142,0.04513540621865597,2.9080857442148678,0.9620137325729937,0.9354738422864088,0.944762459079115
A551_leaf00.png,Healthy,0,0.8324209245742092,0.02159367396593674,0.006082725060827251,0.3880778588807786,0.09854014598540146,4.017631134033409,0.949958428797009,0.9228250479542627,0.8853289126159529
A555_leaf00.png,olive_peacock_spot,2,0.4011510791366906,0.4623021582733813,0.08489208633093526,0.07625899280575539,0.04287769784172662,10.43275970270799,0.8972756265826616,0.8533636748782515,0.9350182443561061
A555_leaf01.png,Healthy,0,0.44577238672850517,0.04334641455583304,0.22832679272208348,0.05886550124866215,0.2584730645736711,7.824154808525506,0.9375591519179717,0.8814901606111895,0.9440713833063373
A557_leaf00.png,olive_peacock_spot,2,0.5262679099385945,0.3293154423470548,0.03707073004321128,0.07095747100295656,0.06777348191949056,7.72743100344638,0.9359366314837669,0.9033628519718844,0.9142814046373472
A560_leaf00.png,olive_peacock_spot,2,0.43566322478157266,0.0,0.0,0.2565528196981732,0.164813343923749,2.168556203095224,0.9661355627083931,0.942254000593213,0.9166310865392756
A561_leaf00.png,aculus_olearius,1,0.8996966249525976,0.005498672734167614,0.0,0.4835987864998104,0.04920364050056883,9.1226011812967,0.8338765870804422,0.7209104501617684,0.9235650999319893
A562_leaf00.png,aculus_olearius,1,0.35705329153605014,0.003970741901776384,0.0,0.05245559038662487,0.21149425287356322,8.765440071337052,0.8663506691167523,0.7989984534275771,0.9423796821017717
A563_leaf00.png,Healthy,0,0.7023346303501945,0.04109922178988327,0.004134241245136187,0.3438715953307393,0.0622568093385214,4.80763107243579,0.9464375415334103,0.912202322940664,0.9042151866254713
A564_leaf00.png,aculus_olearius,1,0.828410008071025,0.052138821630347054,0.00016142050040355126,0.32090395480225986,0.02824858757062147,5.857160294697289,0.9117382764984167,0.8662646071499935,0.9208776548902105
A565_leaf00.png,aculus_olearius,1,0.13595877806404122,0.005594405594405594,0.0,0.005999263894000736,0.8410379094589621,4.15294211855146,0.8139136526572845,0.18791667126988834,0.9774905497312306
A567_leaf00.png,olive_peacock_spot,2,0.7677368212445501,0.07550535077288942,0.0,0.01466508125247721,0.08977407847800238,5.359413815543395,0.9400899501153143,0.892014767510681,0.9398858762311161
A568_leaf00.png,aculus_olearius,1,0.8136575938154292,0.05604767273312933,0.0006442261233693026,0.461426960863263,0.08020615235947817,6.589956539273038,0.9186575567012151,0.8678370861258675,0.9010399156831889
A571_leaf00.png,olive_peacock_spot,2,0.02914798206278027,0.41591928251121074,0.4484304932735426,0.04035874439461883,0.023542600896860985,2.1912693199045474,0.9838250559857483,0.9782975312534843,0.876279612390648
A572_leaf00.png,olive_peacock_spot,2,0.014497878359264497,0.9335219236209336,0.0,0.042432814710042434,0.036775106082036775,3.441522549430208,0.9668261262786148,0.9383016341324388,0.9282715494015691
A573_leaf00.png,Healthy,0,0.6487635848165065,0.06000945030713498,0.1113561190738699,0.008977791778232793,0.13797448417073555,9.646586152570514,0.9208043634893472,0.8661311344955992,0.9454655649966583
A580_leaf00.png,olive_peacock_spot,2,0.8074003795066413,0.028146742567994938,0.0,0.23023402909550916,0.030676786843769767,2.577552504703129,0.9579996055060365,0.929798060321707,0.9296438460346659
A582_leaf00.png,Healthy,0,0.7905964912280702,0.022877192982456142,0.003929824561403509,0.3585964912280702,0.12028070175438596,6.849307280690655,0.9091273847150779,0.8495116528314663,0.9269888820430738
A589_leaf00.png,olive_peacock_spot,2,0.06722444222444222,0.0019355644355644355,2.0812520812520813e-05,0.0,0.9123792873792874,2.9213554514596476,0.8388047263757976,0.2689504691146529,0.9761064359315387
A596_leaf00.png,olive_peacock_spot,2,0.06719108489019994,0.05539167486070141,0.0,0.008521796132415601,0.7509013438216978,8.30389119255829,0.9181769172101326,0.8692324032087059,0.9382578746039907
A597_leaf00.png,aculus_olearius,1,0.6340053133302078,0.19346772933270823,0.0,0.018127832473824036,0.0875136740115643,7.673677544922612,0.9163375792749856,0.8645267564701027,0.929404778230453
A598_leaf00.png,Healthy,0,0.8389776357827476,0.018210862619808307,0.0019169329073482429,0.13354632587859425,0.07412140575079872,2.651580087019255,0.9598654673340845,0.9321242039086971,0.9317914924870425
A599_leaf00.png,olive_peacock_spot,2,0.15880192144673635,0.8036168409155129,0.015823679005368747,0.06301215032495056,0.01610624470189319,7.566336397873862,0.9449809273364358,0.9222001374963552,0.9300284424721517
A608_leaf00.png,olive_peacock_spot,2,0.6244326777609682,0.3548915784165406,0.0006303580433686334,0.17498739283913262,0.012607160867372668,10.80217030974137,0.8901172394251726,0.8321385544498423,0.9413466782342637
A609_leaf00.png,aculus_olearius,1,0.31496062992125984,0.19502249718785153,0.005764904386951631,0.01827896512935883,0.14679415073115862,20.286875581553,0.8985563097894245,0.8440958541085202,0.9146300652663698
A612_leaf00.png,olive_peacock_spot,2,0.0008276775368316504,0.7502069193842079,0.05859956960768085,0.011090878993544115,0.047839761628869396,9.179344161344924,0.9283485083390228,0.8711188186165658,0.9572166777953492
A612_leaf01.png,Healthy,0,0.24632463246324632,0.013201320132013201,0.006600660066006601,0.0213021302130213,0.07530753075307531,5.751890457372932,0.9548716227146945,0.9265006569156559,0.9480819556199932
A615_leaf00.png,olive_peacock_spot,2,0.12320534223706177,0.743906510851419,0.0,0.014190317195325543,0.07111853088480802,10.896568941477696,0.9225449131746357,0.8722981747458114,0.9431262246789923
A616_leaf00.png,olive_peacock_spot,2,0.03761031907671419,0.2047522063815343,0.0006788866259334691,0.009368635437881873,0.7090291921249151,9.162352917624235,0.910597252294154,0.8441900397556533,0.9577182611974757
A628_leaf00.png,Healthy,0,0.560106265220279,0.03187956608368386,0.025016603940668587,0.23201239760903256,0.1162275846800974,5.863624577331672,0.9317305131477712,0.9024178629398402,0.9128797247547944
A630_leaf00.png,olive_peacock_spot,2,0.40931914038963646,0.2078730668808998,0.0,0.016469170516167905,0.12934324161478208,6.419322051431703,0.9325414878288386,0.8918979497136087,0.9356403406064768
A633_leaf00.png,olive_peacock_spot,2,0.3131561313379495,0.6189412553048916,0.0040205494750949295,0.01206164842528479,0.043779316506589235,7.059430582771082,0.9389280391783372,0.9038814591080742,0.9439535996205702
A634_leaf00.png,Healthy,0,0.6167192429022083,0.016035751840168245,0.0034174553101997897,0.03259726603575184,0.1332807570977918,5.7711358107401765,0.9474183821456789,0.9181325587705766,0.9202976545359418
A635_leaf00.png,aculus_olearius,1,0.08808319123361194,0.0037458418360215807,0.0,0.03648002683588181,0.8182707628658485,6.481683773888983,0.6839412362710833,0.20128417155414985,0.977400373178825
A637_leaf00.png,olive_peacock_spot,2,0.15811628518810839,0.43357011312812416,0.35780057879505395,0.01762694027887398,0.019205472244146277,7.286164174621032,0.9461656971020591,0.9171058122485416,0.9356979645445407
A645_leaf00.png,olive_peacock_spot,2,0.11794475138121548,0.007580110497237569,0.00013259668508287293,0.0037790055248618786,0.8708950276243094,4.5328907380044265,0.7975126978182215,0.20984152503127412,0.9765296581371865
A647_leaf00.png,aculus_olearius,1,0.4460721479582494,0.09412195568577184,0.097784288591833,0.20271012635048527,0.16334004761032778,9.90486319355236,0.9130783940181152,0.8786271948864913,0.9149101487801746
A663_leaf00.png,olive_peacock_spot,2,0.06154856181527225,0.013458618850272865,0.00016412949817405932,2.0516187271757415e-05,0.9145911123876739,2.499570266188579,0.7459060219942948,0.24343090268012554,0.9775635486807875
A664_leaf00.png,Healthy,0,0.6723981900452489,0.0,0.0,0.3212669683257919,0.16108597285067874,5.078930479142244,0.9352990312668703,0.8811805205720766,0.9185077189812715
A665_leaf00.png,aculus_olearius,1,0.6550465413396606,0.08158423069903267,0.0007300602299689724,0.2036868041613433,0.07063332724949808,9.27176283802558,0.8997558527227235,0.8616970695825042,0.9159377590856489
A666_leaf00.png,olive_peacock_spot,2,0.2933395219308424,0.05569737758180553,0.18090044093757252,0.018565792527268508,0.1750986307728011,12.423655034624769,0.8944821501549702,0.8170025947434495,0.9501349822414782
A669_leaf00.png,olive_peacock_spot,2,0.4478496008241051,0.36698429049703835,0.0,0.024208086531032708,0.12258562966778264,6.356210332960252,0.9433887635701704,0.9148400089032404,0.9234133369134055
A670_leaf00.png,Healthy,0,0.8049777117384844,0.005572065378900446,0.0,0.17570579494799404,0.11961367013372957,5.029639268176979,0.9621717946002002,0.9418524585362926,0.8943451723448397
A671_leaf00.png,Healthy,0,0.6258680555555556,0.007595486111111111,0.0,0.016059027777777776,0.2265625,6.233566576854829,0.9428440355303952,0.9016695641004927,0.9437131716397219
A672_leaf00.png,aculus_olearius,1,0.03126262986472672,0.013741292822670757,0.0,0.0007369897534650405,0.8884054870075838,4.022633175812552,0.7861258484563146,0.18957405772293062,0.977128328610894
A673 - Kopya_leaf00.png,olive_peacock_spot,2,0.00033829499323410016,0.7357916102841678,0.11028416779431664,0.02503382949932341,0.02943166441136671,6.503894417373599,0.967098954115237,0.9347801001040064,0.9351340932701007
A673_leaf00.png,olive_peacock_spot,2,0.03562460765850596,0.1457940991839297,0.10938480853735091,0.011142498430634024,0.43141870684243566,7.627078239453557,0.9176459893465876,0.8638864878534351,0.9538443852289102
A674 - Kopya_leaf00.png,aculus_olearius,1,0.8218821729150727,0.03228768171384851,0.0,0.02218821729150727,0.08416220351951033,8.498921045651574,0.9133073184514428,0.8621641477060273,0.9308176497696938
A674_leaf00.png,aculus_olearius,1,0.06974841480875435,0.4753528328901616,0.013908774800572715,0.011045203518101862,0.3217426876661894,14.522951128105035,0.920335220587146,0.8886899695237268,0.9343435055844227
A678_leaf00.png,olive_peacock_spot,2,0.27275353943946834,0.31291534238659346,0.2207454492921121,0.024270442068766253,0.1566021381103727,6.217312284951815,0.954052321334423,0.9246040815056871,0.9292353291500148
A679_leaf00.png,Healthy,0,0.8221499883909914,0.04550731367541212,0.032273043882052474,0.4032969584397492,0.08103087996285117,4.900116419454896,0.9412879774745643,0.9014845163165938,0.8939215091686518
A682_leaf00.png,aculus_olearius,1,0.12564190345771997,0.0013693940431359123,0.0,0.013693940431359124,0.328312221841835,4.334348485858576,0.9610490311471591,0.936412831099377,0.921892036370863
A683_leaf00.png,Healthy,0,0.7089877835951134,0.1143106457242583,0.06980802792321117,0.0549738219895288,0.08987783595113438,3.013218572182196,0.9712508540248801,0.9497414568689418,0.9153235370122885
A684_leaf00.png,olive_peacock_spot,2,0.9109364767518009,0.0034926871862038856,0.0,0.15389652914210872,0.026413446845666884,2.8631710876830536,0.9356674541139427,0.8958922686791793,0.9467361299650616
A685_leaf00.png,olive_peacock_spot,2,0.021425932766900628,0.7753971185814554,0.12560029553010713,0.03140007388252678,0.05282600664942741,3.1938078202132347,0.9608082760271562,0.9402415280703381,0.9438072066487897
A688_leaf00.png,Healthy,0,0.37016021361815754,0.002336448598130841,0.0013351134846461949,0.020026702269692925,0.07777036048064086,6.461966111901695,0.9579390360055355,0.9333757185692082,0.9370680881400254
A689_leaf00.png,aculus_olearius,1,0.12250404749055585,0.005612520237452779,0.0,0.010820291419320022,0.8476254722072315,6.407833488474671,0.7947959282619094,0.174954101803104,0.9704788087203849
A6_leaf00.png,Healthy,0,0.09013748062310996,0.01245203425580036,0.0,0.0,0.8527610480038627,2.1754237461628385,0.7980395710117655,0.17302011917636306,0.9829740634083912
A706_leaf00.png,Healthy,0,0.8639226270805218,0.011246063877642825,0.0,0.011695906432748537,0.07759784075573549,5.0730677921392004,0.9526680475878014,0.9052593736057108,0.9456899713018141
A707_leaf00.png,olive_peacock_spot,2,0.534200113058225,0.38524590163934425,0.0002826455624646693,0.011305822498586773,0.0570944036178632,6.810465694125063,0.9505447749285876,0.9227145991195445,0.9185634814129972
A710_leaf00.png,aculus_olearius,1,0.45280989513310027,0.0,0.0,0.033207851573003495,0.21040602312449583,7.060952858635558,0.8985046072340788,0.8422205419708412,0.9395504689851425
A711_leaf00.png,Healthy,0,0.3255284552845528,0.0022764227642276423,0.002926829268292683,0.01886178861788618,0.07447154471544716,7.574667970844581,0.9548103465423814,0.9319704224473582,0.9439470464843291
A712_leaf00.png,Healthy,0,0.044432020871602376,0.010781886430796262,0.0003993291270665282,0.03066847695870937,0.9105768974789021,3.1129896691774466,0.7984020572184323,0.19269024372297316,0.9780796467295716
A718_leaf00.png,aculus_olearius,1,0.5091275941583397,0.0595695618754804,0.0,0.044581091468101464,0.06994619523443504,11.781993156869188,0.8571487020019132,0.7816013760287408,0.9453442850209534
A724_leaf00.png,aculus_olearius,1,0.7081174438687392,0.06217616580310881,0.00017271157167530224,0.2474956822107081,0.0689119170984456,6.24408373214745,0.9212616920562156,0.8769275254285981,0.9180798084114318
A727_leaf00.png,olive_peacock_spot,2,0.46765860715023766,0.1492043810704691,0.0047530481504443065,0.014672452986154164,0.2157470551766894,7.226780605308541,0.9280310181574889,0.8955846499842122,0.9248819014703396
A731_leaf00.png,aculus_olearius,1,0.47234273318872017,0.02752169197396963,0.0,0.007321041214750542,0.11550976138828634,10.238271274359821,0.8944339897240599,0.8440840225404508,0.9278869629624186
A732_leaf00.png,olive_peacock_spot,2,0.055831041788757155,0.0476941802281026,0.005116530676644277,0.0,0.8602758869404499,2.291876604255025,0.7142548775992986,0.15527234541371537,0.9802359143761792
A733_leaf00.png,Healthy,0,0.006762328880092363,0.00016493485073396007,0.0,0.10225960745505526,0.9492000659739402,8.62984247683186,0.921474848395908,0.8718659650748585,0.9358124585117986
A738_leaf00.png,Healthy,0,0.7777777777777778,0.007936507936507936,0.0013683634373289546,0.016420361247947456,0.06321839080459771,6.855181290781112,0.9505359035307611,0.9185977496569278,0.9406079940541988
A744_leaf00.png,aculus_olearius,1,0.27068077027393544,0.0010848928668294006,0.0,0.058855438025494984,0.3105505831299159,4.079457455627928,0.9504813703728,0.9201249783054612,0.9245110653256153
A745_leaf00.png,aculus_olearius,1,0.11611384028257074,0.0010352807437781658,0.0,0.03930006901871625,0.8764361982867118,10.131970447285408,0.7480395175914085,0.11861412430986387,0.9605671922750889
A748_leaf00.png,olive_peacock_spot,2,0.7606493893357165,0.19377420315758118,0.0,0.23324396782841822,0.021894548704200177,4.430574663894466,0.9276393105923098,0.857691361005496,0.9415612580335595
A749_leaf00.png,Healthy,0,0.7377919320594479,0.03442523506217774,0.041097967849560206,0.20094024871094934,0.11813770094024871,9.881816634466542,0.8984494864150311,0.8547829938405108,0.8975495005468338
A750_leaf00.png,aculus_olearius,1,0.1798719929375414,0.349150297947473,0.007503862282056941,0.011917898918561024,0.20370779077466342,10.767267028835938,0.928476888521051,0.9032547220344374,0.9485032587729101
A754_leaf00.png,aculus_olearius,1,0.16420324194215652,0.026552333671819174,0.0,0.0012787242844785438,0.7073601865433073,7.110234195868704,0.7396015694323489,0.17790372215937783,0.9759431381466092
A756_leaf00.png,Healthy,0,0.4930010242403551,0.3311710481392967,0.0,0.01604643222942984,0.024581768521679755,5.484748707175087,0.9591719452788714,0.9358999695088562,0.9241436718955289
A757_leaf00.png,olive_peacock_spot,2,0.22511951325510648,0.03824424163407214,0.0,0.01282051282051282,0.5415036940460669,5.458129419627377,0.9417777895466495,0.9015326072864603,0.9341098964464121
A759_leaf00.png,Healthy,0,0.7617790682328098,0.08499406097400027,0.038009766398310676,0.22687079318991685,0.09462848092912762,8.97692241565456,0.9050642532810773,0.8394121997806739,0.9344126446193247
A760_leaf00.png,olive_peacock_spot,2,0.3122257053291536,0.25391849529780564,0.20877742946708464,0.14461859979101357,0.12978056426332288,9.827458794831927,0.933728937683191,0.8970500807411659,0.9145236375699337
A761_leaf00.png,Healthy,0,0.9538364581692138,0.008035292264061761,0.0,0.13801796124153143,0.01150149677012762,3.8678573512018843,0.9175119320463665,0.8624146021219066,0.9535987849919447
A763_leaf00.png,aculus_olearius,1,0.6558596073765616,0.19928613920285546,0.003569303985722784,0.3316478286734087,0.03420582986317668,9.061287070881951,0.8774651157900788,0.8281101322423201,0.905716317590552
A767_leaf00.png,olive_peacock_spot,2,0.43457457873933847,0.5231953401289786,0.0,0.014146037029332224,0.028084044102350738,8.888235647397735,0.9352348372154138,0.8972257596235541,0.9503833040642532
A769_leaf00.png,Healthy,0,0.8081241743725232,0.04260237780713342,0.02443857331571995,0.04227212681638045,0.08586525759577279,4.4089158623952525,0.9600555085655549,0.9345937037235743,0.9188803047245483
A772_leaf00.png,Healthy,0,0.7641112047177759,0.04161752316764954,0.0704296545914069,0.2392586352148273,0.08660488626790228,7.0683837026530405,0.913387859520294,0.8662533418253637,0.924551977822481
A778_leaf00.png,olive_peacock_spot,2,0.6828291814946619,0.00022241992882562276,0.005782918149466192,0.021129893238434165,0.15102313167259787,6.230950218997469,0.9428363055953417,0.9039742362837242,0.93078164175841
A779_leaf00.png,Healthy,0,0.4983646770237122,0.019487598800763152,0.0005451076587626056,0.12605614608885254,0.08081221041155628,7.1404853183941945,0.9081984364239258,0.844638287698869,0.9325794882900573
A780_leaf00.png,aculus_olearius,1,0.5331872664003093,0.04755767495811316,0.0,0.010955019976801135,0.09885294496713494,12.432624595629576,0.8854348631684901,0.8364247375227155,0.9350273895983892
A786_leaf00.png,Healthy,0,0.9389865563598759,0.019303688383316097,0.0,0.6742502585315409,0.020682523267838676,2.363948417630216,0.9511570656062691,0.9242886794603122,0.8940673345942886
A790_leaf00.png,olive_peacock_spot,2,0.306035449854162,0.31859995512676687,0.0720215391518959,0.013013237603769351,0.08638097374915862,7.353547822198782,0.9437068814733168,0.902710337533621,0.9372186856780294
A795_leaf00.png,Healthy,0,0.5166777115087254,0.028716589352772257,0.0002208968411751712,0.5880273912083057,0.2639717252043296,7.4967846055288145,0.9260118870219376,0.8706927797888047,0.8647533540775296
A799_leaf00.png,aculus_olearius,1,0.8713633770678836,0.07401597261836851,0.0,0.043639475185396466,0.042213348545350825,6.416585487678903,0.9167641437045899,0.8515507680331115,0.9370028356767944
A802_leaf00.png,olive_peacock_spot,2,0.37184309511015584,0.5369872828228551,0.05409278165860648,0.25649292495074333,0.019165323302883754,11.178517394798174,0.9264077199707971,0.879617951942304,0.923724684121322
A802_leaf01.png,olive_peacock_spot,2,0.07969995311767464,0.664088138771683,0.14345991561181434,0.012658227848101266,0.015471167369901548,8.310808104286718,0.9429174163221087,0.9071326597647944,0.9419600533783732
A802_leaf02.png,olive_peacock_spot,2,0.06754593275901502,0.12743005260349166,0.0033925440268354045,0.0002668293054814363,0.7954943965845849,3.499162793566885,0.7659035468434607,0.1676522754343167,0.9778723815132995
A806_leaf00.png,Healthy,0,0.3018226002430134,0.0,0.0,0.013122721749696233,0.21385176184690158,5.7135704575033515,0.9448175922576244,0.9119446762795141,0.9340364331991389
A809_leaf00.png,olive_peacock_spot,2,0.2706658420944135,0.6392496392496393,0.03566274994846423,0.007627293341579056,0.02061430632859204,7.657163501395583,0.9422395968914469,0.895834091816424,0.940567696438419
A813_leaf00.png,olive_peacock_spot,2,0.733495145631068,0.06310679611650485,0.03058252427184466,0.36893203883495146,0.10388349514563107,5.315276828651326,0.925107035640459,0.8874117102978952,0.9008875023150087
A814_leaf00.png,olive_peacock_spot,2,0.2759319918889409,0.3824676337544845,0.1274372172827952,0.013726407736702542,0.10528778661675246,6.971916297564057,0.9196614714124884,0.8632192946818991,0.950473688279002
A815_leaf00.png,olive_peacock_spot,2,0.0023573785950023575,0.8250825082508251,0.04903347477604903,0.01272984441301273,0.10891089108910891,7.370619776886132,0.9432032054400529,0.9085268935260953,0.9461215743012229
A815_leaf01.png,Healthy,0,0.8890007550969041,0.015605336018122326,0.0005033979360684622,0.009816259753335011,0.07274100176189277,4.793213747641104,0.9556175836203062,0.9152857986887089,0.945726278494401
A821_leaf00.png,Healthy,0,0.9746004566210046,0.0028538812785388126,0.0,0.6352739726027398,0.012271689497716894,2.3425130885831162,0.9329016772022634,0.8846614189648181,0.9083008295943229
A826 (2)_leaf00.png,olive_peacock_spot,2,0.0,0.5151515151515151,0.24768518518518517,0.011363636363636364,0.025673400673400674,8.33867114239607,0.9410565121509802,0.8986258346871205,0.9488806342361714
B-457_leaf00.png,aculus_olearius,1,0.439229350276696,0.0352531256405001,0.0,0.0936667349866776,0.2641934822709572,8.41643516237101,0.9257746411584975,0.8936961791684201,0.9312401619206352
DSC_0036_leaf00.png,olive_peacock_spot,2,0.006656370320419395,0.019664571142676904,0.00015226990929063976,4.3505688368754214e-05,0.9660003045398186,2.768049069187875,0.7603368132099524,0.1902065773113986,0.976958142914892
DSC_0050_leaf00.png,Healthy,0,0.6860858257477244,0.0270481144343303,0.013003901170351105,0.37269180754226267,0.16671001300390118,5.50293951877048,0.9367294732991699,0.9005866814078297,0.8969348308404957
DSC_1470_leaf00.png,olive_peacock_spot,2,0.037202797202797205,0.7938461538461539,0.08895104895104895,0.01090909090909091,0.06405594405594406,6.4445667841126095,0.9510235338737344,0.9226089512148943,0.9353285993250624
DSC_1471_leaf00.png,aculus_olearius,1,0.8369967355821545,0.018498367791077257,0.0,0.611316648531012,0.04069640914036997,2.955057375442375,0.9211191597860706,0.8753144000741052,0.9158762158455072
DSC_1474_leaf00.png,aculus_olearius,1,0.2988951925948044,0.07836027812140084,0.0,0.0003839099091413215,0.5909226634816364,6.685511665859883,0.7598434210363321,0.1801075242442954,0.9767092621083517
DSC_1555_leaf00.png,olive_peacock_spot,2,0.12685512367491167,0.7363957597173145,0.03657243816254417,0.0107773851590106,0.03392226148409894,8.292365920151948,0.9282142367028382,0.880234052498235,0.9505779763682896
DSC_1567_leaf00.png,aculus_olearius,1,0.5583777140516182,0.2628704083026082,0.0061450225317492835,0.021029632664208656,0.04738495152260003,13.354598559413002,0.899465376412905,0.8438948679583089,0.9302630065794668
DSC_1575_leaf00.png,aculus_olearius,1,0.6297621553357188,0.15617764681119764,0.003788676068196169,0.25994527467901496,0.07430014733740266,5.883877255196539,0.9326738200540359,0.8971715308226144,0.9105776331171394
DSC_1594_leaf00.png,aculus_olearius,1,0.0353247598893049,0.4842910629985349,0.039231645775679634,0.02832492267621683,0.3104346410548592,11.272935004028753,0.9117489621598139,0.8638182720240101,0.9600587213180036
DSC_1595_leaf00.png,olive_peacock_spot,2,0.4241450244278735,0.390460272563641,0.03535613268192337,0.007714065312419645,0.06466958086911803,8.597004481768375,0.9066316662631051,0.8370116495704534,0.9601987694444925
DSC_1641_leaf00.png,aculus_olearius,1,0.6736392262708052,0.13450292397660818,0.0002249212775528565,0.07849752586594692,0.07152496626180836,7.905202659711469,0.9310036632263552,0.9040216808739765,0.9245077885171995
DSC_1641_leaf01.png,olive_peacock_spot,2,0.1748036510295054,0.7724474633835704,0.002228826151560178,0.00912757376353216,0.02101464657185311,12.331120115129158,0.8756783223085325,0.8026493245079547,0.9466266447817739
DSC_1645_leaf00.png,aculus_olearius,1,0.9549763033175356,0.0007109004739336493,0.0,0.44644549763033176,0.021800947867298578,2.5078128396925967,0.9404088902051632,0.9041155138482498,0.9287694403117519
DSC_1652_leaf00.png,aculus_olearius,1,0.017095333436008008,0.34021253657785305,0.09456337594332358,0.08532265516710304,0.39704296935160943,11.91374597441541,0.8999861302278093,0.8567308535065774,0.9561599762816719
DSC_1670_full.png,Healthy,0,0.9606038291605302,0.008100147275405008,0.0,0.6115611192930781,0.015463917525773196,1.7669440943848937,0.9654937689041723,0.9370920771954384,0.914818663718725
DSC_1671_leaf00.png,olive_peacock_spot,2,0.15010083549409392,0.7237107461826563,0.010947853644482858,0.061941803514837225,0.09910688562373955,8.13423646881979,0.951592340289928,0.9235255402513451,0.9282876328346485
IMG_20190211_191213_leaf00.png,Healthy,0,0.4717627775294293,0.042914617791685296,0.07346148115035017,0.30651169721353,0.31813440619877814,10.01700673370388,0.8772882444143024,0.805307532260755,0.9172670758690357
IMG_20190211_191240_leaf00.png,Healthy,0,0.44967129291453617,0.0,0.0,0.018407596785975165,0.13630387143900657,7.991958886866085,0.9107884455460085,0.8554196013239524,0.9318999382709227
IMG_20190211_191749_full.png,Healthy,0,0.592417955488495,0.024896265560165973,0.0001886080724254998,0.3459072048283667,0.12372689551112788,6.298292786414203,0.9272963271775627,0.8857531592676846,0.9135758312664982
IMG_20190211_192025_leaf00.png,olive_peacock_spot,2,0.2676524339591294,0.4676856620701113,0.0755939524838013,0.009137730520019937,0.14886193719887025,8.600752695438057,0.9329181428340068,0.8726998541573918,0.9514167659589208
IMG_20190211_192034_leaf00.png,olive_peacock_spot,2,0.06220127903062942,0.048760237854818804,0.0,0.0,0.841108493212162,3.7779438849530917,0.7227037387467862,0.20680878083895554,0.9737466166804171
IMG_20190211_192059_leaf00.png,Healthy,0,0.025153374233128835,0.0,0.0006134969325153375,0.012576687116564417,0.04969325153374233,6.229211581579741,0.9546243425933041,0.9286732971896334,0.9431372714270406
IMG_20190211_192203_leaf00.png,olive_peacock_spot,2,0.03112550802784596,0.055691923866242804,0.0009255160758118386,4.023982938312342e-05,0.8926401352058267,3.013642395342074,0.7695401918193796,0.2145220632610933,0.9754749736528291
IMG_20190211_192346_leaf00.png,Healthy,0,0.5274451873736589,0.04960348312859587,0.00015549681231534753,0.31519203856320943,0.30959415331985696,8.038014955895923,0.9257586243803579,0.8647643412885623,0.9415322701989389
IMG_20190211_192421_leaf00.png,aculus_olearius,1,0.08241525423728814,0.03784427966101695,0.006382415254237288,0.010513771186440679,0.8354078389830508,5.048715681080953,0.7579972467376662,0.16866758176021596,0.9730864787758731
IMG_20190211_192430_leaf00.png,Healthy,0,0.9162732137236387,0.014164305949008499,0.0,0.48410450110166825,0.019515265974189486,2.014554651198162,0.9583377666536715,0.9296574203878532,0.9261755392654476
IMG_20190724_131604_full.png,olive_peacock_spot,2,0.4786729857819905,0.25876777251184835,0.04707740916271722,0.03222748815165877,0.12227488151658768,5.39245395036237,0.9528648914898393,0.9302065420000065,0.9250859752444929
IMG_20190724_131607_leaf00.png,Healthy,0,0.36123612361236124,0.006900690069006901,0.0036003600360036,0.023402340234023402,0.0933093309330933,6.52758969878042,0.9540324292775875,0.9249325594819235,0.9365516529262585
IMG_20190724_131729_leaf00.png,olive_peacock_spot,2,0.5953018751287863,0.23284566247681845,0.028229960848959408,0.012981660828353597,0.08901710282299609,6.5562416390321525,0.9379109589207681,0.8964497363166076,0.9421326089043138
IMG_20190724_131734_leaf00.png,olive_peacock_spot,2,0.2838091269014378,0.6132527609918733,0.003750781412794332,0.016670139612419255,0.07355699103979996,8.615885548769183,0.9341624955819108,0.8970641632364442,0.9367829446878448
IMG_20190724_132113_leaf00.png,olive_peacock_spot,2,0.47459606774381935,0.488806696515476,0.0007786645902277594,0.24489001362663032,0.02413860229706054,4.913565190003126,0.9332696947135495,0.8873913869191,0.9321409538106017
IMG_20190724_132118_leaf00.png,olive_peacock_spot,2,0.0440563086548488,0.0,0.16657977059436913,0.07950990615224192,0.3680917622523462,6.464249389821308,0.9416005361890425,0.9167537457305979,0.9354113390347842
IMG_20190724_132132_leaf00.png,olive_peacock_spot,2,0.01687236369317294,0.929854710201531,0.007811279487580066,0.007967505077331667,0.013591626308389315,10.645120265680994,0.9168651769971438,0.863935202406392,0.9576226621653315
IMG_20190724_132138_leaf00.png,aculus_olearius,1,0.13157894736842105,0.10823798627002289,0.02768878718535469,0.32288329519450804,0.47070938215102975,6.606275010435187,0.9157374474360662,0.8691882145300036,0.9064767925654004
IMG_20190724_132552_leaf00.png,Healthy,0,0.5720690800398539,0.03304549983394221,0.1398206575888409,0.15426768515443373,0.1924609764197941,8.791942300807655,0.9142699308221912,0.859665147082198,0.9222068350752322
IMG_20190724_132556_leaf00.png,olive_peacock_spot,2,0.8717292377701934,0.1075085324232082,0.0,0.5847554038680318,0.010238907849829351,2.2900245321481245,0.9513646269052047,0.9201423848185996,0.9186187284375248
IMG_20190724_132610_leaf00.png,olive_peacock_spot,2,0.920836269673479,0.04674653511862814,0.0,0.09654686398872446,0.015503875968992248,4.2874054567497275,0.9409145918946283,0.9060699914011843,0.9191977871780304
IMG_20190724_132912_leaf00.png,olive_peacock_spot,2,0.9521484375,0.013020833333333334,0.0,0.5719401041666666,0.013020833333333334,2.0678897442902446,0.9606593433749533,0.9302450482910353,0.9170951879510052
IMG_20190724_132919_leaf00.png,olive_peacock_spot,2,0.07399919126566923,0.7106752931661949,0.10372017792155278,0.026890416498180348,0.021431459765467044,9.085191784112528,0.939881530849806,0.8945245124556037,0.9516710844868237
IMG_20190724_133129_leaf00.png,olive_peacock_spot,2,0.685451197053407,0.09521178637200736,0.0,0.5918968692449356,0.10128913443830571,4.54673488811693,0.9239026393227099,0.8619854511803746,0.9164662372094061
IMG_20190724_133137_leaf00.png,Healthy,0,0.9476394849785408,0.0,0.0,0.07424892703862661,0.02832618025751073,1.7363516487139743,0.9683144745302277,0.9485468854539109,0.9368582215471004
IMG_20190724_133346_leaf00.png,olive_peacock_spot,2,0.011877474473848718,0.7053552823504897,0.2531777453636174,0.03834132110856429,0.0189622838091269,5.966604863746005,0.9464328103454631,0.8967927854599909,0.9443869919447118
IMG_20190724_133346_leaf01.png,olive_peacock_spot,2,0.005900824007923963,0.10130450359318033,0.020083875998398348,0.0,0.8631641061305346,3.4136962887086595,0.715954008479167,0.2330472658597393,0.9700663412991182
IMG_20190724_133353_full.png,Healthy,0,0.7543541364296081,0.020319303338171262,0.048802612481857764,0.2545355587808418,0.1068577648766328,6.422189419489632,0.9185980503022151,0.8767114722542552,0.9157839510799939
IMG_20190724_133643_leaf00.png,olive_peacock_spot,2,0.4442863916548127,0.30930930930930933,0.013750592697961118,0.00948316737790422,0.206733048838312,9.864346967658818,0.918741244975022,0.8657700170607505,0.9410495740587246
IMG_20190724_133648_leaf00.png,olive_peacock_spot,2,0.42206235011990406,0.5378242860257249,0.00021800741225201656,0.04447351209941138,0.029431000654022238,7.282543957130827,0.9297964152152463,0.9008455573936224,0.9238235024182353
IMG_20190724_133731_leaf00.png,aculus_olearius,1,0.055327868852459015,0.6685450819672131,0.01485655737704918,0.010758196721311475,0.13319672131147542,7.753516633886874,0.9409505213461489,0.913941856979959,0.9569611511258594
IMG_20190724_133736_leaf00.png,Healthy,0,0.8193777777777778,0.032711111111111114,0.018488888888888888,0.48835555555555554,0.10293333333333334,7.177737664356732,0.9227981770675195,0.866114218848109,0.8801247376949907
IMG_20190724_133746_leaf00.png,aculus_olearius,1,0.07895107852812633,0.14577752713943323,0.12223318764979557,0.008318060059213308,0.38291273086141264,16.827643587617224,0.8908893062344493,0.8379945872501657,0.95990595578608
IMG_20190724_133749_leaf00.png,olive_peacock_spot,2,0.0,0.9446428571428571,0.009821428571428571,0.02544642857142857,0.028125,4.404610190488675,0.9701921485817105,0.9503414833362209,0.9433207257831506
IMG_20190724_133924_leaf00.png,aculus_olearius,1,0.4502663198315372,0.024154589371980676,0.0,0.021553325901151988,0.36653041000867087,10.837425285740055,0.886170621556876,0.8305546108256998,0.9462270726059759
IMG_20190724_133929_leaf00.png,Healthy,0,0.8522159800249688,0.024656679151061175,0.002965043695380774,0.40215355805243447,0.07880774032459426,6.991602888999541,0.9202939174342698,0.8642407550860609,0.9018569013653291
IMG_20190724_133937_leaf00.png,olive_peacock_spot,2,0.0,0.38223748773307165,0.2983316977428852,0.013493621197252208,0.13272816486751718,7.777843245352468,0.9491512302157148,0.9126226670283581,0.945500134164265
IMG_20190724_133941_leaf00.png,Healthy,0,0.8141957641671437,0.020721236405266172,0.004350314825414997,0.28563251287922153,0.09959931310818546,9.319659656075014,0.9081625203811564,0.8137377311378142,0.9226010765546382
IMG_20190724_134012_leaf00.png,olive_peacock_spot,2,0.42767965895249693,0.5149208282582217,0.024969549330085262,0.05389768574908648,0.02253349573690621,6.871812777370199,0.9126597523143434,0.8598001393064311,0.9391744334379458
IMG_20190724_134017_leaf00.png,Healthy,0,0.803132398470224,0.03296303041340375,0.0,0.0145692952103442,0.11582589692223638,6.9704045295246475,0.937423667072952,0.883692301370244,0.92771876666912
IMG_20190724_134036_leaf00.png,aculus_olearius,1,0.4422487223168654,0.33015332197614994,0.0006814310051107325,0.012606473594548553,0.11669505962521294,9.249405084989977,0.9218227991981568,0.8756544998557234,0.9197138042669425
IMG_20190724_134041_leaf00.png,Healthy,0,0.8034327748263179,0.020024519820187985,0.002043318348998774,0.4662852472415202,0.12995504699632202,4.244416676208171,0.9641952884746886,0.9412107216360023,0.8609105818595583
IMG_20190724_134134_leaf00.png,olive_peacock_spot,2,0.0817199505341902,0.033206965759117725,0.00032436596590102785,0.0455531453362256,0.8772072090335922,5.471019418460749,0.6545671596571461,0.19988250272656966,0.9763645365681889
IMG_20190724_134139_leaf00.png,aculus_olearius,1,0.7217735791558738,0.07831784245009904,0.06033825994209965,0.2544568032911778,0.056071918330032,7.075179910270284,0.897420558048863,0.8560594554635044,0.9242656259316867
IMG_20190724_134144_leaf00.png,olive_peacock_spot,2,0.1751188589540412,0.7805071315372425,0.02377179080824089,0.01954569466455362,0.003961965134706815,7.389813225220918,0.9458661347914399,0.9161316936286765,0.9391523618896458
IMG_20190724_134158_leaf00.png,aculus_olearius,1,0.8565837937384899,0.024861878453038673,0.0,0.0285451197053407,0.06077348066298342,5.048549548743198,0.9400465215243526,0.9063240118110718,0.9214289610455515
IMG_20190724_134204_leaf00.png,olive_peacock_spot,2,0.3008787346221441,0.3602811950790861,0.07978910369068541,0.030579964850615114,0.2115992970123023,5.321760836103895,0.9591354298677867,0.934634581372164,0.9350487804658186
IMG_20190724_134606_leaf00.png,olive_peacock_spot,2,0.40923076923076923,0.47555555555555556,0.0,0.1347008547008547,0.07521367521367521,4.739565956168516,0.9583233430005345,0.9361393245761462,0.8957109125046463
IMG_20190724_134611_leaf00.png,olive_peacock_spot,2,0.0001992984693877551,0.06090561224489796,0.015545280612244899,0.0,0.025271045918367346,1.0498079060875818,0.7705102365091715,0.2154610217698672,0.9789875250974921
IMG_20190724_134747_leaf00.png,Healthy,0,0.7889382167961524,0.058823529411764705,0.041620421753607105,0.5799112097669257,0.06696263411024787,4.838612398218945,0.9133576962664636,0.8523297421305026,0.8967711484250819
IMG_20190724_134753_leaf00.png,Healthy,0,0.33989145183175035,0.014925373134328358,0.0006784260515603799,0.052917232021709636,0.03595658073270014,1.986546496401229,0.9780211414018786,0.964959613510685,0.9153537864397814
IMG_20190724_134806_leaf00.png,Healthy,0,0.7662711254944264,0.0,0.0,0.45091693635382957,0.039194534340165406,1.704082299097615,0.9607497678700915,0.9380826427462112,0.9322353969824477
IMG_20190724_134811_full.png,aculus_olearius,1,0.1148048730125955,0.7883543258310964,0.027875283914928762,0.055750567829857524,0.060086723105513114,7.738157635855027,0.9287324235141372,0.8933109920500859,0.9534938745533033
IMG_20190724_134823_leaf00.png,olive_peacock_spot,2,0.0876526906569825,0.025916143941895016,0.04721030042918455,0.01039947177286233,0.6538461538461539,9.04630966089415,0.9303115597732972,0.8698915828384733,0.9467423647446636
IMG_20190724_134828_leaf00.png,aculus_olearius,1,0.8929180226251356,0.046180071284673795,0.0,0.09576940957694095,0.02572446923911359,6.422831257373457,0.9057007686929497,0.8624412185406992,0.9367465556582616
IMG_20190724_134856_leaf00.png,aculus_olearius,1,0.0,0.010245901639344262,0.29098360655737704,0.06967213114754098,0.6844262295081968,1.6168715179241513,0.9926731234685714,0.9899805012629221,0.9018878069098563
IMG_20190724_134912_leaf00.png,olive_peacock_spot,2,0.8981797497155859,0.0005688282138794084,0.0,0.611490329920364,0.07963594994311718,1.766291205167805,0.9694474143003273,0.9539778803257645,0.8702307445293749
IMG_20190724_135019_leaf00.png,olive_peacock_spot,2,0.8130016051364366,0.0981808453718566,0.0008025682182985554,0.11771000535045478,0.05831995719636169,5.265176832202256,0.950629175282401,0.9191065239856973,0.9232251060728622
IMG_20190724_135032_leaf00.png,olive_peacock_spot,2,0.8871705510781964,0.07580047919843172,0.0,0.7407972119363972,0.015682857765192768,2.51403591792009,0.9401151907184944,0.8958701499204669,0.9166490594829694
IMG_20190724_135121_leaf00.png,aculus_olearius,1,0.11090326028861572,0.010956707642971674,0.1038214858364511,0.022047033671833246,0.5331373597006949,10.204826090059786,0.9023606082119,0.84212114613752,0.9438938671182941
IMG_20190724_135126_leaf00.png,Healthy,0,0.7100727690540023,0.07027958636537725,0.09842972041363462,0.007851397931826886,0.09211030256606664,8.725093419999752,0.9313615839073156,0.8890599430540111,0.9431913212186624
IMG_20190724_135217_leaf00.png,aculus_olearius,1,0.8556652562294311,0.022096850023507288,0.0,0.032910202162670425,0.08509637987776211,6.523915764563722,0.9352828582694299,0.9083919463902812,0.9252669257820575
IMG_20190724_135228_full.png,Healthy,0,0.38472246389420567,0.029580650774317034,0.22933704541499914,0.10875239255263616,0.22968505307116757,5.966493353981688,0.9231177874698998,0.8773874140560217,0.9336981815441818
IMG_20190724_135245_leaf00.png,aculus_olearius,1,0.7187073902372512,0.10389964548677393,0.05249522770657213,0.2849740932642487,0.04226888464685029,10.983168819441904,0.8934829727007924,0.8330127281222667,0.9134871793466458
IMG_20190724_135253_leaf00.png,Healthy,0,0.82431928384931,0.002237970906378217,0.005221932114882507,0.017903767251025736,0.06415516598284222,4.68499003387137,0.9653384871250811,0.9409113650777439,0.9387646525372487
IMG_20190724_135253_leaf01.png,Healthy,0,0.626664299662702,0.03781288833658796,0.05680809515355938,0.23894905023965915,0.17876797443635717,6.976362466338568,0.9137151264730602,0.8689645462980049,0.920306994478306
IMG_20190724_135407_leaf00.png,aculus_olearius,1,0.8825293976481882,0.02603791696664267,0.0099592032637389,0.2747780177585793,0.06455483561315095,13.31750346848774,0.846255680286537,0.7818247482026351,0.888073080419379
IMG_20190724_135412_leaf00.png,Healthy,0,0.88782562466773,0.023125996810207338,0.007442849548112706,0.3769271664008506,0.0531632110579479,4.004135191503241,0.9385160299120895,0.9041838166528346,0.8999565746066861
IMG_20190729_170141_leaf00.png,olive_peacock_spot,2,0.215347137637028,0.5741778319123021,0.05261875761266748,0.033130328867235076,0.13812423873325214,7.941145490621039,0.9409513202071838,0.9115857140369432,0.9271172135640233
IMG_20190729_170141_leaf01.png,olive_peacock_spot,2,0.0,0.14055299539170507,0.2730414746543779,0.013248847926267281,0.032642089093702,7.752377304836886,0.9431334700138664,0.8898245793965561,0.9552663031542504
IMG_20190729_170147_leaf00.png,olive_peacock_spot,2,0.0,0.24376731301939059,0.1697305464618484,0.01057668093679174,0.0057919919415764295,7.920517542994997,0.9550300359719863,0.9138238876864364,0.9438307779787701
IMG_20190729_170205_leaf00.png,Healthy,0,0.24175214859994454,0.0002772387025228722,0.0002772387025228722,0.0199611865816468,0.08317161075686166,6.7282795103207285,0.948443927718498,0.9190433146290442,0.9327705750039599
IMG_20190729_170209_leaf00.png,Healthy,0,0.17287262581822083,0.006653074364202168,0.0,0.041098830346603714,0.24015452301749116,9.307107198475927,0.8807214707754278,0.8035616357443351,0.9438198742596615
IMG_20190729_170258_leaf00.png,aculus_olearius,1,0.7804506699147381,0.10155298416565164,0.0062423873325213155,0.014007308160779537,0.05557247259439708,10.403413385447077,0.9066564674726345,0.860520194593765,0.930320127595819
IMG_20190729_170303_leaf00.png,olive_peacock_spot,2,0.0322198531153755,0.8827292110874201,0.006159677801468846,0.018715944089078417,0.052594171997157074,8.02700053589889,0.9480673505649151,0.9092320037678502,0.94377833728826
IMG_20190729_170342_leaf00.png,Healthy,0,0.7393353759132689,0.05090737685599812,0.0,0.008484562809333018,0.10370021211407024,6.796694306171796,0.9443885597496257,0.9076900735744117,0.9413184864751384
IMG_20190729_170346_leaf00.png,Healthy,0,0.7989734816082121,0.06826347305389222,0.010949529512403765,0.4622754491017964,0.06381522668947819,5.879279764682593,0.9138389271586298,0.8652042318042069,0.9025423928858947
IMG_20190729_170445_leaf00.png,olive_peacock_spot,2,0.020554066130473638,0.9175603217158177,0.0051385165326184095,0.020554066130473638,0.03798033958891868,7.862090366933076,0.9394015648280716,0.9032499322533656,0.9511993503135345
IMG_20190729_170454_leaf00.png,aculus_olearius,1,0.9328997461928934,0.014435279187817259,0.0,0.03140862944162436,0.021573604060913704,9.343920661572403,0.9029167975630841,0.8648141655012971,0.939076663906838
IMG_20190729_170537_leaf00.png,aculus_olearius,1,0.7743865948533812,0.06523040095751047,0.00019948134849391582,0.2637143427089567,0.0516656692599242,8.185636265112915,0.9122019127185592,0.8822472328882177,0.9109267161634453
IMG_20190729_170547_leaf00.png,olive_peacock_spot,2,0.23793103448275862,0.5289272030651341,0.054980842911877395,0.09310344827586207,0.15421455938697318,9.522797994671947,0.9323730404406485,0.8886680671954297,0.9257687439012805
IMG_20190729_170547_leaf01.png,olive_peacock_spot,2,0.0,0.2636793514974105,0.1623508218869624,0.013960819635217293,0.005404188245890566,9.334498494119781,0.9489258159353064,0.9038545191178284,0.9416447194295228
IMG_20190729_170608_leaf00.png,Healthy,0,0.7841055341055341,0.007078507078507079,0.005148005148005148,0.01126126126126126,0.02895752895752896,6.386938565094792,0.9576866780024911,0.9295389109526704,0.9386483152273846
IMG_20190729_170611_leaf00.png,Healthy,0,0.7448379597976207,0.07137973471899357,0.011623136879529605,0.4471489128948448,0.06960207849035964,6.619101237640507,0.8954227728182125,0.8310273774792473,0.9113002531640478
IMG_20190729_170734_leaf00.png,aculus_olearius,1,0.94762348555452,0.0,0.0,0.13345759552656106,0.02646784715750233,3.7480334514798916,0.9300537663763442,0.8844475843641637,0.9357614961796115
IMG_20190729_170740_leaf00.png,aculus_olearius,1,0.3975539568345324,0.0005755395683453237,0.0,0.014244604316546762,0.24302158273381294,7.759759097239988,0.9188154185662791,0.8539415623132909,0.9492997711444124
IMG_20190729_171043_leaf00.png,aculus_olearius,1,0.6681446111869032,0.16734879490677582,0.0,0.19486130059117782,0.04047294224647567,7.9607635094394436,0.8760635299793992,0.8147084203475223,0.9389753964852884
IMG_20190729_171046_leaf00.png,Healthy,0,0.706810141509434,0.036556603773584904,0.03419811320754717,0.39976415094339623,0.12897995283018868,7.515780443343109,0.8698030096006144,0.7619772769179303,0.9064327384262936
IMG_20190729_171143_leaf00.png,olive_peacock_spot,2,0.0,0.7701401790238136,0.056747171085965206,0.013342340820807297,0.0704272926870461,10.479006769575477,0.9323801078360354,0.8743488730652897,0.9556670642189962
IMG_20190729_171147_leaf00.png,olive_peacock_spot,2,0.0010569228446323418,0.5763249282802355,0.30288388947606826,0.037294277517741205,0.09874679148422165,11.279147121507823,0.9192210759398423,0.8591669419516932,0.9464621079506594
IMG_20190729_171204_leaf00.png,aculus_olearius,1,0.2444384522043953,0.006471619253067278,0.0221113657813132,0.017392476742618308,0.48618039638667926,9.156949042120964,0.9028124112202649,0.843442515450161,0.946973645884651
IMG_20190729_171208_leaf00.png,Healthy,0,0.9073232323232323,0.000505050505050505,0.00012626262626262626,0.16414141414141414,0.06047979797979798,6.795110183604201,0.8932174905548926,0.833591908185833,0.9382099894809286
IMG_20190729_171237_leaf00.png,Healthy,0,0.49195710455764075,0.04155495978552279,0.0020107238605898124,0.037198391420911525,0.05294906166219839,6.977213871923236,0.9570899541675509,0.933460546950195,0.9332217327834134
IMG_20190729_171242_leaf00.png,aculus_olearius,1,0.727802981205444,0.22510261395549794,0.0017282350399654353,0.12097645279758047,0.02549146683949017,7.721141300172858,0.9277249144901588,0.9004654250220968,0.9186990271741212
IMG_20190729_171257_leaf00.png,aculus_olearius,1,0.380525957832691,0.25583767853094536,0.01632282929041034,0.24257537973248697,0.18057129902516436,11.10516115833159,0.8916966382427474,0.8085292513040447,0.9300126006561432
IMG_20190729_171302_leaf00.png,olive_peacock_spot,2,0.0013260087137715476,0.8384163667361243,0.04243227884068952,0.010039780261413146,0.10342867967418072,9.216578594183257,0.930963235998163,0.8872967040029033,0.9504986333251432
IMG_20190729_171347_leaf00.png,aculus_olearius,1,0.8111111111111111,0.06444444444444444,0.0,0.030303030303030304,0.045454545454545456,8.732275563726482,0.9237864879515914,0.8935250386120519,0.9363559541156804
IMG_20190729_171355_leaf00.png,Healthy,0,0.840778097982709,0.008645533141210375,0.002881844380403458,0.025936599423631124,0.051152737752161385,3.3218788226742486,0.9795288258883736,0.9675069615290373,0.9155186188818942
IMG_20190729_171725_leaf00.png,olive_peacock_spot,2,0.1071849234393404,0.752414605418139,0.04169611307420495,0.00800942285041225,0.05889281507656066,10.198299281337034,0.9441967250642301,0.9064783259622413,0.9320208556378202
IMG_20190729_171733_leaf00.png,Healthy,0,0.09449402718659893,0.0031305780584923795,0.0,0.024467939036111493,0.8581353837704243,5.366028604654996,0.785809279137474,0.17024419495205897,0.9745314768342979
IMG_20190729_171820_leaf00.png,olive_peacock_spot,2,0.35436706425548287,0.42593305117352825,0.0009619084263178145,0.01058099268949596,0.15159676798768756,7.809363957725036,0.9350527346764484,0.8892801342021157,0.947250496228121
IMG_20190729_171824_leaf00.png,Healthy,0,0.3466864261566248,0.002408187838651415,0.0,0.027231047098596767,0.6481267077293568,7.065995210605744,0.7117118062334729,0.14239668180440068,0.9782571994577305
IMG_20190729_172015_leaf00.png,Healthy,0,0.6464585834333734,0.020108043217286913,0.001800720288115246,0.026710684273709484,0.048619447779111646,4.52123047175056,0.9613034426883472,0.925185706868925,0.9385709609580903
IMG_20190729_172116_leaf00.png,olive_peacock_spot,2,0.0,0.9895941727367326,0.0014568158168574402,0.018730489073881373,0.00437044745057232,11.313397150857291,0.9375754920736243,0.8970175574862228,0.9432903553331174
IMG_20190729_172119_leaf00.png,olive_peacock_spot,2,0.7423416407061267,0.05218068535825545,0.0,0.38720145379023885,0.117601246105919,6.301666658815853,0.9048866567149352,0.836185587421055,0.9256461234589093
IMG_20190729_172217_leaf00.png,Healthy,0,0.4852015847121883,0.0013982754602656724,0.002796550920531345,0.024469820554649267,0.05942670706129107,6.475363634156583,0.9514423010456412,0.9074305826069636,0.9515361781834459
IMG_20190729_172220_leaf00.png,aculus_olearius,1,0.15670260263530436,0.46727648916476094,0.00021779374931939454,0.010018512468692148,0.10552107154524665,11.048229014786035,0.885439256878714,0.8076819849975498,0.9644338448303368
IMG_20190729_172246_leaf00.png,olive_peacock_spot,2,0.00013068478829064296,0.00026136957658128593,0.0022216414009409305,0.0053580763199163614,0.9590956612650288,8.992063331023859,0.9086389432750207,0.8376259228037151,0.9465340489270433
IMG_20190729_172249_leaf00.png,olive_peacock_spot,2,0.7384033446147721,0.08500895878956799,0.00019908421262193908,0.0692813059924348,0.09715309575950627,6.914436501575302,0.9374832033338578,0.8926844886925314,0.9227066249244293
IMG_20190729_172342_leaf00.png,aculus_olearius,1,0.9022956010403709,0.02985412190433111,0.00011308379509216329,0.05835123826755626,0.04150175279882393,9.51192212397181,0.8776292800804734,0.8132472514002145,0.9405701095299637
IMG_20190729_172351_leaf00.png,aculus_olearius,1,0.6566591028102635,0.26322220282771863,0.0,0.016582300576016756,0.039099319252923724,6.948434026076643,0.925646853958925,0.8773605407055325,0.9427341028239343
IMG_20190729_172518_leaf00.png,olive_peacock_spot,2,0.7976027397260274,0.022945205479452054,0.0,0.4400684931506849,0.020205479452054795,2.130353600995395,0.9609917710329379,0.9334968136761962,0.9235586372060245
IMG_20190729_172524_leaf00.png,olive_peacock_spot,2,0.3603487245721666,0.5913787536325477,0.0006457862447529867,0.012431385211494995,0.03228931223764934,8.743736271888709,0.9259377206342915,0.8686595380206121,0.953819967769816
IMG_20190729_173045_leaf00.png,aculus_olearius,1,0.655501377994488,0.0,0.0,0.017383930464278143,0.12677549289802842,7.2680192894679925,0.9377505055402126,0.8981543879173904,0.9248931409973981
IMG_20190729_173102_leaf00.png,olive_peacock_spot,2,0.00019642506383814575,0.6527204871341583,0.10705165979178943,0.010410528383421725,0.00785700255352583,11.448837943248805,0.9423134199941615,0.8900771884193026,0.9408669453835236
IMG_20190729_173114_leaf00.png,olive_peacock_spot,2,0.9355848803399687,0.0,0.0,0.38447774547081187,0.010064862446879893,2.4746624632950525,0.9437331371067735,0.9025618740042126,0.9443095229103561
IMG_20190729_173118_leaf00.png,aculus_olearius,1,0.4777401718302525,0.001171569903670919,0.011976047904191617,0.23457432960166624,0.34665451705285083,7.937219866818577,0.9004948846788998,0.8369177138843457,0.9328597210273104
IMG_20190729_173159_leaf00.png,olive_peacock_spot,2,0.40167477039438143,0.11804430037817396,0.0,0.015667206915180983,0.2104267963263101,5.600197048895336,0.9495568676885399,0.9190799174877959,0.9342024599287222
IMG_20190729_173338_leaf00.png,aculus_olearius,1,0.4213184476342371,0.3617756512493355,0.015284423179160022,0.029372674109516213,0.05808080808080808,14.371939324194232,0.8907914731194955,0.8383884100394199,0.9104986190913823
IMG_20190729_173341_leaf00.png,olive_peacock_spot,2,0.22300811316829625,0.5335968379446641,0.028916163927605574,0.02080299563137092,0.05991262741834824,8.847703659766633,0.9371012956149192,0.8963595806592949,0.9452368480922773
IMG_20190729_173505_leaf00.png,Healthy,0,0.5354497354497354,0.0031746031746031746,0.0005291005291005291,0.02962962962962963,0.042328042328042326,5.350286773039592,0.9716109113565763,0.9576526060881534,0.9277517614855353
IMG_20190729_174458_leaf00.png,olive_peacock_spot,2,0.04767204600259692,0.760155815247635,0.1302170283806344,0.009645705805972918,0.04878501205713226,10.124505951052095,0.9231523798589525,0.8854238021729532,0.9317586920807974
IMG_20190729_174505_leaf00.png,aculus_olearius,1,0.6426655939930276,0.0,0.0,0.023732904263877714,0.139715741485653,9.565246935700598,0.8965175409472668,0.8426109732547494,0.9323927949249738
IMG_20190729_174629_leaf00.png,aculus_olearius,1,0.3303532008830022,0.011479028697571744,0.0002207505518763797,0.014790286975717439,0.2088300220750552,11.398762993468884,0.8654104117897472,0.8104375538882209,0.9574487319471976
IMG_20190729_174633_leaf00.png,aculus_olearius,1,0.1859762675296656,0.01488673139158576,0.0010787486515641855,0.05782092772384034,0.46494066882416396,8.551787679973469,0.9312139966816597,0.8967015255163969,0.9311493715919644
IMG_20190729_174711_leaf00.png,Healthy,0,0.8549946294307197,0.015753669889008236,0.0028643036161833156,0.01861797350519155,0.08950948800572861,4.244218839225867,0.9618200030543426,0.9399117091133781,0.9174883524757103
IMG_20190729_174719_leaf00.png,olive_peacock_spot,2,0.43118148599269185,0.5099472188388144,0.0030450669914738123,0.23954526999593992,0.03816483962647178,9.30904980998925,0.9273932871916705,0.8928782765152864,0.9161432495800204
IMG_20190729_175203_leaf00.png,olive_peacock_spot,2,0.2378503015253636,0.5984391628236964,0.04522880454061724,0.007626818020574672,0.017027314650585313,10.17967266675536,0.9268718967338312,0.8793781491730686,0.9466529336031205
IMG_20190729_175206_leaf00.png,Healthy,0,0.8989333799615318,0.022556390977443608,0.0,0.09984262983038993,0.044238503234831264,7.5142298597602455,0.924129650364011,0.8769404608639729,0.9041084095906017
IMG_20190729_175750_leaf00.png,aculus_olearius,1,0.25461500083153166,0.008814235822384832,0.0,0.07350740063196408,0.4294029602527856,8.730939394125814,0.9112728472020747,0.8705861601591944,0.9418743274470964
IMG_20190729_175755_full.png,olive_peacock_spot,2,0.21531219028741327,0.26858275520317143,0.12388503468780972,0.011149653121902874,0.2911298315163528,7.566292464294974,0.9442615800634141,0.913901377037384,0.9452965291318965
IMG_20190729_175832_leaf00.png,Healthy,0,0.8969024503005085,0.018955154877484975,0.0027739251040221915,0.0212667591308368,0.02820157189089228,3.8889716480762293,0.9732544006673903,0.9515848900313844,0.9278389615620783
IMG_20190729_175835_leaf00.png,olive_peacock_spot,2,0.10461867392307879,0.00896523239145752,0.0,0.0031098909108578927,0.8283728953570301,4.2046654833889505,0.791772479036761,0.19725305475275517,0.9810829857396037
IMG_20190729_175936_leaf00.png,Healthy,0,0.3770067322630761,0.015018125323666495,0.0005178663904712584,0.025116519937856033,0.053599171413775244,8.127772072954569,0.9474675785680121,0.914981943481028,0.942994088375694
IMG_20190729_175938_leaf00.png,olive_peacock_spot,2,0.5205772314270444,0.03313735970069481,0.007215392838054517,0.03313735970069481,0.17931587386424372,6.715469112791562,0.9464174619413688,0.9196965267427886,0.9155988050549393
IMG_20190729_180206_leaf00.png,olive_peacock_spot,2,0.16962862800019318,0.03151108320857681,0.0,0.09074226107113537,0.7927753899647462,5.378544556620467,0.7741651331473021,0.15956839523179162,0.9830416654825154
IMG_20190729_180206_leaf01.png,olive_peacock_spot,2,0.016809861785580874,0.006910720956294359,0.0,0.017930519237952934,0.9124019424729174,7.630988237395538,0.9266987063874443,0.8848833976521319,0.9254266689963743
IMG_20190729_180213_leaf00.png,olive_peacock_spot,2,0.38547189819724287,0.5534464475079534,0.0005302226935312832,0.04432661717921527,0.04485683987274655,11.052815771013185,0.876584941394184,0.8020746463829447,0.930186143124237
IMG_20190729_180241_leaf00.png,olive_peacock_spot,2,0.2284308048639259,0.2015055008685582,0.007237984944991315,0.011725535610885929,0.3100752750434279,8.74462533806189,0.9190796400298802,0.8547802677085093,0.9521974700406358
IMG_20190729_180243_leaf00.png,Healthy,0,0.5049291435613062,0.021256931608133085,0.00030807147258163895,0.016943930991990142,0.025261860751694395,6.633185006927795,0.9561447137110398,0.9277350272979075,0.93210605211252
IMG_20190729_180840_leaf00.png,olive_peacock_spot,2,0.24215413184772516,0.5450324976787372,0.1478180129990715,0.19721448467966574,0.04196843082636954,8.508989082007176,0.9175052996170745,0.8795264451939504,0.9159743252795575
IMG_20190729_181105_leaf00.png,olive_peacock_spot,2,0.6850888599913307,0.22410056350238405,0.00021673168617251842,0.5866926744690074,0.05136540962288687,5.657485258245988,0.9167099163219707,0.8648030874594308,0.8807008327768228
IMG_20190729_181112_leaf00.png,olive_peacock_spot,2,0.28377323129782916,0.41371232234889893,0.0012494143370295175,0.006559425269404966,0.1285334999219116,9.604270597510915,0.917586959570717,0.8649381044692934,0.9474339450800876
IMG_20190729_181649_leaf00.png,olive_peacock_spot,2,0.0004578754578754579,0.9558150183150184,0.0011446886446886447,0.011217948717948718,0.037316849816849816,9.344011246271315,0.9436389136057427,0.9052681812372293,0.9390176209439074
IMG_20190729_181655_leaf00.png,aculus_olearius,1,0.6796444667000501,0.001627441161742614,0.0,0.4903605408112168,0.16337005508262395,4.556124603601279,0.9144462729180926,0.8313915035494972,0.9434281580493529
IMG_20190729_181852_leaf00.png,Healthy,0,0.6068090787716955,0.0033377837116154874,0.0020026702269692926,0.01335113484646195,0.0520694259012016,6.1637716551779995,0.9570323435521532,0.9336055146488469,0.938490728883164
IMG_20190729_181854_leaf00.png,Healthy,0,0.28846153846153844,0.043653846153846154,0.22480769230769232,0.021826923076923077,0.21990384615384614,9.365122531204399,0.8833901279093661,0.783719044570777,0.9533102672270483
IMG_20190729_182023_leaf00.png,Healthy,0,0.6681731684110371,0.027830637488106564,0.0021408182683158895,0.021170313986679352,0.027830637488106564,7.177950787506978,0.9414227965538864,0.9083205146059811,0.9491367595081974
IMG_20190729_182026_leaf00.png,aculus_olearius,1,0.6058196851645731,0.1399268564159644,0.0,0.022738114167594213,0.11432660200349817,7.965296639524899,0.9115139007652714,0.8662967678811484,0.9372848511491502
IMG_20190729_182225_leaf00.png,aculus_olearius,1,0.5318197454420365,0.03611971104231166,0.0,0.032679738562091505,0.08359133126934984,6.984373867691096,0.9565069336530381,0.936936482754513,0.9082248088988429
IMG_20190729_182228_leaf00.png,Healthy,0,0.709687403280718,0.028938409161250386,0.002785515320334262,0.06128133704735376,0.18245125348189414,7.292954675402245,0.913154114411057,0.8645554867987525,0.942585021913212
IMG_20190729_182354_leaf00.png,aculus_olearius,1,0.2331565814098565,0.0037429819089207735,0.0056144728633811605,0.08983156581409857,0.3917654398003743,6.5658754576337675,0.9140791728555757,0.8642064194325103,0.9279150718748779
IMG_20190806_142459_leaf00.png,olive_peacock_spot,2,0.4864661654135338,0.4845864661654135,0.0015037593984962407,0.07857142857142857,0.02142857142857143,8.353842584808824,0.9200147432743668,0.8863373400590722,0.9229733819542112
IMG_20190806_142459_leaf01.png,aculus_olearius,1,0.5726319730438039,0.0,0.0,0.040995881692250095,0.1190565331336578,5.5635640984575,0.9282023580166046,0.8850068117788632,0.9269633229643375
IMG_20190806_142504_leaf00.png,olive_peacock_spot,2,0.3011415525114155,0.48470319634703196,0.0036529680365296802,0.010958904109589041,0.07831050228310503,8.144866085016123,0.9498679488455258,0.9054243625135703,0.9334053507508547
IMG_20190806_142509_leaf00.png,olive_peacock_spot,2,0.0835572681640724,0.21360847741215838,0.013461440957258024,0.0,0.6671652385539725,2.0877016596566227,0.7182677693482611,0.14138652159272608,0.9850282451244656
IMG_20190806_142516_leaf00.png,aculus_olearius,1,0.011777902411665733,0.8938119274630772,0.04150308468872686,0.019255935688913817,0.03458590390727239,8.803954556555006,0.914445560544479,0.8847119478606252,0.9530484305428049
IMG_20190806_142525_full.png,Healthy,0,0.9409494403705133,0.021613276727132383,0.0,0.4558085681204168,0.020069471246622925,1.8690122155277886,0.9627243789042472,0.9399441414246898,0.9232841763497162
IMG_20190806_142531_leaf00.png,olive_peacock_spot,2,0.17412935323383086,0.2728026533996683,0.12728026533996684,0.017412935323383085,0.2197346600331675,6.485661030969684,0.9358675934330795,0.8953228560979036,0.9426991786754221
IMG_20190806_142531_leaf01.png,olive_peacock_spot,2,0.3017061495028845,0.4326746041487664,0.12593592733521541,0.007855652387381859,0.06910519209524979,8.952669630718603,0.8918579514674331,0.8293777880466588,0.9572689607898245
IMG_20190806_142653_leaf00.png,olive_peacock_spot,2,0.15749019607843137,0.5476078431372549,0.08894117647058823,0.05223529411764706,0.13380392156862744,8.896013838443011,0.9168813266306604,0.864696342599446,0.9447910017354865
IMG_20190806_142704_leaf00.png,olive_peacock_spot,2,0.5841561423650976,0.0991963260619977,0.004592422502870264,0.05235361653272101,0.08656716417910448,5.226945061829392,0.9378521260168189,0.9046849882186097,0.9276806053749744
IMG_20190806_142708_leaf00.png,olive_peacock_spot,2,0.24859957504346147,0.5959049642650184,0.004249565385358316,0.28703882557465715,0.08209387676260382,7.672768255715313,0.9242030719164329,0.8878856135095874,0.9231085562226261
IMG_20190806_142724_leaf00.png,Healthy,0,0.8979170963085172,0.016704475149515365,0.0,0.509795834192617,0.06145597030315529,5.160496882436917,0.9539613730341943,0.8971168761208699,0.8978951403653571
IMG_20190806_142736_leaf00.png,aculus_olearius,1,0.2840522641847145,0.015392876320028637,0.0,0.017182745659566852,0.21388938607481653,7.687334501755007,0.9183584825124318,0.8807259517997317,0.9328997703184847
IMG_20190806_142742_leaf00.png,olive_peacock_spot,2,0.6368463395012067,0.02912308930008045,0.15752212389380532,0.16122284794851166,0.056154465004022526,9.044501907351176,0.89631800988191,0.8467536221272952,0.9259753058542215
IMG_20190806_142747_leaf00.png,olive_peacock_spot,2,0.45456361094467745,0.48412222887956863,0.026562812063111643,0.11923307369682444,0.01757539444777312,5.299283420681036,0.9336771812354598,0.89004765358093,0.9325884229124168
IMG_20190806_142755_leaf00.png,aculus_olearius,1,0.7695390781563126,0.06738476953907815,0.009519038076152305,0.036322645290581164,0.10846693386773547,6.060278727306594,0.9436208324629276,0.9138720801489255,0.9179144418665418
IMG_20190806_143101_leaf00.png,aculus_olearius,1,0.06111343658434491,0.0,0.0,0.0030231152039440026,0.8344263057532207,4.476067296097427,0.7404051466801991,0.1580985337654239,0.9864538433246798
IMG_20190806_143106_leaf00.png,Healthy,0,0.5643153526970954,0.01713873353779542,0.005773047086415298,0.00938120151542486,0.1825726141078838,11.009030615091572,0.921692816243236,0.8831464491789381,0.9481238380320947
IMG_20190806_143110_leaf00.png,olive_peacock_spot,2,0.1158019333201815,0.4882619846123496,0.0005918327086210298,0.024659696192542907,0.36713355691457883,14.898857609186726,0.9335311080887108,0.8894954843950525,0.928950873296879
IMG_20190806_143118_leaf00.png,Healthy,0,0.7717696629213483,0.046699438202247194,0.047752808988764044,0.33865870786516855,0.09339887640449439,6.726722585808943,0.9090221053929575,0.8612256138976232,0.9100697489532976
IMG_20190806_143129_leaf00.png,aculus_olearius,1,0.5112872238232469,0.03818443804034582,0.0007204610951008645,0.0792507204610951,0.06484149855907781,10.916659314208248,0.9343320839543818,0.9069089463027287,0.9082018112163074
IMG_20190806_143133_leaf00.png,olive_peacock_spot,2,0.9296933433059088,0.020942408376963352,0.0,0.6928446771378709,0.02293692346048367,2.467521535606284,0.9455896191792537,0.9072556048118655,0.9143288386024456
IMG_20190806_143138_leaf00.png,olive_peacock_spot,2,0.07904509283819629,0.790185676392573,0.06551724137931035,0.03607427055702918,0.010344827586206896,8.105009995115493,0.9514436061385149,0.9176619945861032,0.9333349048040094
IMG_20190806_143145_full.png,Healthy,0,0.7281699794379712,0.012885538039753256,0.0,0.01028101439342015,0.06936257710760795,9.193750072467552,0.8960744383867696,0.8452102422619414,0.9421724103573904
IMG_20190806_143200_leaf00.png,olive_peacock_spot,2,0.3002248875562219,0.658920539730135,0.008995502248875561,0.07571214392803598,0.017241379310344827,8.190639937416648,0.9170769538115329,0.8856562469148587,0.9234663691689012
IMG_20190806_143204_leaf00.png,olive_peacock_spot,2,0.8093267108167771,0.018211920529801324,0.0,0.1926048565121413,0.08167770419426049,5.0126335761968575,0.9475597638572082,0.9196316330359964,0.8939448182932233
IMG_20190806_143210_leaf00.png,olive_peacock_spot,2,0.0015168752370117557,0.10939464702712412,9.979442348761551e-05,0.0,0.8867932059956489,1.6033617159350824,0.7492372564299331,0.19914705239112557,0.9725891733297748
IMG_20190806_143217_leaf00.png,Healthy,0,0.8729147141518275,0.040862230552952204,0.025679475164011246,0.23411433926897846,0.04742268041237113,6.793114874442224,0.9204396319999929,0.8860640174116685,0.9188732992236637
IMG_20190806_143250_leaf00.png,aculus_olearius,1,0.20018061408789886,0.18994581577363034,0.016857314870559904,0.38651414810355206,0.31908488862131246,5.871502253022491,0.9256180227137922,0.8852568106770371,0.8742879199540933
IMG_20190806_143255_full.png,olive_peacock_spot,2,0.0,0.7810768889873698,0.12319964546864613,0.011079104808331486,0.06669621094615555,7.879262191250952,0.9434578048726643,0.9021720116945253,0.9433485251887039
IMG_20190806_143303_leaf00.png,aculus_olearius,1,0.9185842921460731,0.03626813406703352,0.0005002501250625312,0.34317158579289647,0.02351175587793897,5.586838749815109,0.882538531670225,0.8177488521390338,0.9336391443666104
IMG_20190806_143314_leaf00.png,olive_peacock_spot,2,0.060555245015837526,0.13937022545183528,0.03633314700950251,0.3456307061673188,0.7201416061114216,5.029598255954586,0.9117436668693377,0.8730343571779947,0.9206823618475857
IMG_20190806_143336_leaf00.png,olive_peacock_spot,2,0.3973375451263538,0.5566335740072202,0.00970216606498195,0.03722924187725632,0.02527075812274368,6.31483296362685,0.9427965666682094,0.9050379552776631,0.9427472760552108
IMG_20190806_143343_leaf00.png,olive_peacock_spot,2,0.7899588154540106,0.03922337713277113,0.0,0.06726809178270249,0.07295548146695431,5.4130705749011385,0.9398466459981212,0.892021371877211,0.9275759401138222
IMG_20190806_143343_leaf01.png,olive_peacock_spot,2,0.527797833935018,0.3348375451263538,0.026173285198555957,0.25288808664259926,0.07111913357400722,7.300621492560273,0.9222511452704608,0.8776221481654449,0.9210329367314065
IMG_20190806_143349_leaf00.png,olive_peacock_spot,2,0.6745598057073466,0.2619914996964177,0.03612629022465088,0.046751669702489375,0.017304189435336976,3.2882186355914653,0.958050806768961,0.9278539149513954,0.9418916163989787
IMG_20190806_143400_leaf00.png,aculus_olearius,1,0.6341882791230835,0.015188422410087405,0.0,0.030520131824043558,0.055165496489468405,8.510285439632673,0.8956338323834507,0.8519773270320142,0.9614196833398495
IMG_20190806_143418_leaf00.png,olive_peacock_spot,2,0.48333333333333334,0.3790909090909091,0.014242424242424242,0.042727272727272725,0.06515151515151515,5.912930259202568,0.9526041913878797,0.9273430998358844,0.9051812136424398
IMG_20190806_143422_leaf00.png,Healthy,0,0.5928376800311406,0.022836382509407033,0.014013234721681589,0.08926949526404568,0.29336966394187103,11.312896172180142,0.9148298574462315,0.8387323374534135,0.9490155947074567
IMG_20190806_143422_leaf01.png,Healthy,0,0.55932762030323,0.018787079762689517,0.005603164139749505,0.027686222808174028,0.062294001318391565,5.840697884448621,0.958092061943886,0.9319506681754147,0.9347046597670476
IMG_20190806_143426_leaf00.png,aculus_olearius,1,0.9321916223096506,0.004165702383707475,0.0,0.3992131451052997,0.03772274936357325,2.1968132393522897,0.9395327977633154,0.9002361161881236,0.9421303512542841
IMG_20190806_143426_leaf01.png,Healthy,0,0.09871335161358363,0.017647472403852914,0.009093252712742273,0.04802081136187865,0.8683353254118915,4.894166657910132,0.7143547045686611,0.17141461527907895,0.9782841369697182
IMG_20190806_143426_leaf02.png,aculus_olearius,1,0.9931456548347614,0.0,0.0,0.5216646266829865,0.0009791921664626683,2.4458171473573636,0.9421514695907363,0.9086785474602606,0.921515770601947
IMG_20190806_143432_full.png,Healthy,0,0.9428055388320289,0.016857314870559904,0.0,0.4539434075857917,0.022275737507525588,1.4060974100747448,0.96818519729047,0.9537169929833765,0.9098382144177019
IMG_20190806_143437_leaf00.png,olive_peacock_spot,2,0.23705979673835972,0.6854171590640511,0.0,0.012053887969747105,0.025289529662018435,9.055487340244612,0.9452951552238362,0.9067390069361441,0.9375489907653025
IMG_20190806_143537_leaf00.png,olive_peacock_spot,2,0.32834177493944067,0.4012332085443735,0.04404316229905307,0.016295970050649637,0.10195992072230786,5.146588960696288,0.9479440150317554,0.9015491925740989,0.9327222137097272
IMG_20190806_143537_leaf01.png,olive_peacock_spot,2,0.09789540816326531,0.006576849489795918,0.0,9.964923469387755e-05,0.8857421875,3.500552181678131,0.7886916294001288,0.22977464655109722,0.9751163509074533
IMG_20190806_143544_full.png,olive_peacock_spot,2,0.038892162639952856,0.7878609310548026,0.01473187978786093,0.020035356511490868,0.10430170889805539,7.954856707688079,0.9495537284168261,0.9249465365255396,0.9272397580506737
IMG_20190806_143548_leaf00.png,olive_peacock_spot,2,0.5476956055734191,0.20915633134282652,0.0012249272699433472,0.483999387536365,0.1440820701270862,8.558936171484573,0.8873956424613494,0.8115348190768847,0.8959317827810223
IMG_20190806_143555_full.png,olive_peacock_spot,2,0.9280487804878049,0.026422764227642278,0.0,0.2731707317073171,0.03008130081300813,2.111047737049264,0.9653801596875671,0.9437855942460933,0.9222581254122048
IMG_20190806_143605_leaf00.png,olive_peacock_spot,2,0.016650794138428928,0.08859942858898344,0.0035943596202881634,0.037633252434641024,0.8881754784799238,3.700182174887862,0.7535564672007611,0.15042883492688922,0.9849669689578083
IMG_20190806_143605_leaf01.png,Healthy,0,0.5346559206447613,0.00012399256044637322,0.0,0.04314941103533788,0.16788592684438933,8.314003524831591,0.8920032520246292,0.830084703749506,0.9396943243451684
IMG_20190806_143623_leaf00.png,aculus_olearius,1,0.06544402365856772,0.0,0.0,0.000297859665546147,0.8994510871877792,2.4505692885984978,0.8145651635494406,0.21363442801215907,0.9823893074710153
IMG_20190806_143628_leaf00.png,Healthy,0,0.9284620433165609,0.002187705097352877,0.0,0.5747101290746007,0.010719754977029096,2.037886370916055,0.9385166264592525,0.8929964410955804,0.9399586662698171
IMG_20190806_143628_leaf01.png,Healthy,0,0.9006606312698802,0.011255199412772204,0.004404208465867384,0.055786640567653534,0.04110594568142892,6.328660672616652,0.9455878928187784,0.9120616063179399,0.9457276531133899
IMG_20190806_143632_leaf00.png,olive_peacock_spot,2,0.27162790697674416,0.4066666666666667,0.08961240310077519,0.014573643410852714,0.14217054263565893,8.061247168322119,0.9325266157475182,0.8635657080592904,0.9259066800730243
IMG_20190806_143642_full.png,olive_peacock_spot,2,0.08178271308523409,0.035414165666266505,0.0,0.0,0.8786228777225176,1.7807520785565027,0.7896814062153028,0.17510335640253252,0.9770391532968028
IMG_20190806_143646_leaf00.png,olive_peacock_spot,2,0.07063121574994925,0.3501116297950071,0.2196062512685204,0.08686827684189162,0.3322508625938705,9.121737048561876,0.9331202700413268,0.8920561653198322,0.9179280421649918
IMG_20190806_143723_leaf00.png,olive_peacock_spot,2,0.024853888656174574,0.05890331717631101,0.00017952247022919035,0.0,0.9055911276005825,1.7285290258738906,0.8026057116789225,0.23967063564610622,0.9760568527796875
IMG_20190806_143735_leaf00.png,olive_peacock_spot,2,0.13519049569848424,0.48381810733306024,0.2079065956575174,0.013928717738631708,0.04854567800081934,7.982300021595194,0.9338292733237952,0.8959636739571011,0.9504751825028538
IMG_20190806_143756_full.png,olive_peacock_spot,2,0.10035300050428643,0.6961674230963187,0.08925869894099848,0.03252647503782148,0.09732728189611699,8.661447025343161,0.9415379645306361,0.9140872563364546,0.9157859324443929
IMG_20190806_143800_full.png,Healthy,0,0.5233236151603499,0.06851311953352769,0.0001457725947521866,0.3651603498542274,0.3033527696793003,8.562578129302555,0.9166541735513185,0.8555696369283896,0.9385884202008221
IMG_20190806_143804_leaf00.png,olive_peacock_spot,2,0.04158741137817742,0.06233788690990835,0.0,0.0005187618882932734,0.8943238803389244,2.0570774414025554,0.8059561465171976,0.17740958304469948,0.984284088205329
IMG_20190806_143815_leaf00.png,aculus_olearius,1,0.8638429752066116,0.029958677685950414,0.0,0.5595041322314049,0.0640495867768595,7.3354444701300405,0.9318796177118902,0.8916798132775197,0.8793088635159627
IMG_20190806_143815_leaf01.png,Healthy,0,0.6810532030401737,0.0489956568946797,0.10450597176981542,0.007328990228013029,0.10287730727470142,10.416134285293726,0.9080851772831657,0.8447641607093187,0.9465058268056994
IMG_20190806_143828_leaf00.png,aculus_olearius,1,0.7267955801104973,0.04585635359116022,0.0,0.09447513812154697,0.1516574585635359,6.1632161445121705,0.9481761844301382,0.9211638745354387,0.9046736714408322
IMG_20190806_143845_leaf00.png,olive_peacock_spot,2,0.15975788701393984,0.512472487160675,0.01925898752751284,0.011555392516507704,0.13646368305209097,8.155331018229797,0.93536755337941,0.8841651456799109,0.9544949952687629
IMG_20190806_143850_full.png,Healthy,0,0.671017101710171,0.0009000900090009,0.0009000900090009,0.036003600360036005,0.0747074707470747,3.268203674622624,0.9732525110089858,0.9496452134087143,0.9197057023008779
IMG_20190806_143855_leaf00.png,olive_peacock_spot,2,0.2718133535660091,0.6629362670713201,0.0024658573596358117,0.11210166919575114,0.04950682852807284,8.035542129493887,0.9270899334017422,0.8869684019354824,0.9262557975346652
IMG_20190806_143855_leaf01.png,Healthy,0,0.8349149861605377,0.011466982997232108,0.0031633056544088573,0.01265322261763543,0.10102807433768288,8.82045714111771,0.9255909200754433,0.8924470503994495,0.9391374997846882
IMG_20190806_143859_leaf00.png,aculus_olearius,1,0.38307582339033375,0.0012096552482542475,0.0,0.037004453730686754,0.5967999120250729,6.466992747426639,0.7171713724643767,0.15547732032835085,0.9780346379965734
IMG_20190806_143904_leaf00.png,Healthy,0,0.8339935861158272,0.01622335408413507,0.006979815129220902,0.016034710431993962,0.09979249198264478,10.13412486847076,0.9291969890434815,0.8873531397562403,0.9109412973414576
IMG_20190806_143904_leaf01.png,Healthy,0,0.7806852409638554,0.05798192771084337,0.027673192771084338,0.22213855421686746,0.050451807228915665,5.10964698055827,0.925212838049338,0.8860559567864534,0.9266889403517385
IMG_20190806_143904_leaf02.png,Healthy,0,0.6561996779388084,0.10285829307568438,0.0024154589371980675,0.2556360708534622,0.1392914653784219,7.3323311646146845,0.9286529559920609,0.8929036953639591,0.9040411648154184
IMG_20190806_143904_leaf03.png,olive_peacock_spot,2,0.1649452269170579,0.26369327073552423,0.00046948356807511736,0.10485133020344288,0.3974960876369327,9.167711047854585,0.9216309425550057,0.8633390286604917,0.9293336902814522
IMG_20190806_144002_leaf00.png,olive_peacock_spot,2,0.19368737995120178,0.15111872501687174,0.004568343456367129,0.0011420858640917822,0.6430981674713181,5.953939492319822,0.7139974485151817,0.17428956546071267,0.971926976337121
IMG_20190806_144007_leaf00.png,Healthy,0,0.8632268632268633,0.036855036855036855,0.0,0.055692055692055695,0.049959049959049956,2.469621017171938,0.9820489514557532,0.9710225127377473,0.9066384012886127
IMG_20190806_144011_leaf00.png,olive_peacock_spot,2,0.9154297549188816,0.03486365205384881,0.0,0.3658957542285122,0.028305143251639627,2.3748682445554725,0.9600022540704325,0.9350662712105796,0.9157651980295957
IMG_20190806_144018_full.png,olive_peacock_spot,2,0.6765369430344049,0.0775521714608009,0.0008460236886632825,0.40439932318104904,0.046813310772701636,2.477191089871586,0.9495774022091298,0.9206056903186342,0.9254682305974099
IMG_20190806_144029_leaf00.png,Healthy,0,0.3610517046169329,0.0,0.0,0.00893194112466977,0.2873317398414895,6.855077933639711,0.9075022737481765,0.832323081207966,0.9446378455586477
IMG_20190806_144128_leaf00.png,olive_peacock_spot,2,0.48328131966116805,0.43453707831772925,0.026601278050230347,0.03967900133749443,0.0395303908455937,7.76719976969728,0.9190091249125714,0.8572623649509669,0.9425100347527009
IMG_20190806_144136_full.png,Healthy,0,0.47202685421994883,0.002877237851662404,0.16975703324808183,0.24888107416879796,0.2492007672634271,7.614175445531601,0.8878443523675947,0.8024373997107304,0.9152829085649052
IMG_20190806_144144_full.png,olive_peacock_spot,2,0.0020396810680511773,0.6004079362136102,0.23827183385870573,0.01576117188948637,0.14796959020953088,10.146868188030354,0.9272967843646356,0.8842795172918944,0.9324727423820478
IMG_20190806_144205_full.png,olive_peacock_spot,2,0.20421721548238012,0.24956672443674177,0.002310803004043905,0.011554015020219527,0.18341998844598498,9.982020567799118,0.916221405467625,0.8527332657671278,0.958250778722965
IMG_20190806_144215_leaf00.png,aculus_olearius,1,0.9765013054830287,0.0,0.0,0.09863649550333624,0.0168262257035103,4.461581783670617,0.9005374169477168,0.8512655487873646,0.9451226648429187
IMG_20190806_144218_leaf00.png,olive_peacock_spot,2,0.0,0.32725572697522204,0.09895589839488858,0.010908524232507402,0.13090229079008883,13.112412803168528,0.9271012598327731,0.8629913928100856,0.9496456870509922
IMG_20190806_144222_leaf00.png,aculus_olearius,1,0.1674342105263158,0.0,0.0,0.00581140350877193,0.3275219298245614,8.270239928068335,0.8970288427791764,0.80877082735047,0.9459186923082196
IMG_20190806_144226_full.png,aculus_olearius,1,0.7803757828810021,0.16012526096033403,0.0162839248434238,0.5592901878914405,0.015657620041753653,3.3022514736318342,0.935027085817325,0.8949893486665799,0.919687179204874
IMG_20190806_144229_leaf00.png,Healthy,0,0.8589041095890411,0.039212328767123286,0.03407534246575342,0.05839041095890411,0.05291095890410959,7.664987754760251,0.9242785018747627,0.8758572874245139,0.926073853032506
IMG_20190806_144300_leaf00.png,olive_peacock_spot,2,0.019143675487772037,0.10617150970647997,0.0044799138289799015,0.0021053146955861833,0.8687605571739823,3.7379436747965977,0.7376848711820361,0.14982419360239616,0.9731944831250338
IMG_20190806_144308_full.png,Healthy,0,0.5762316910785619,0.0013315579227696406,0.002663115845539281,0.016644474034620507,0.05625832223701731,6.479513817427516,0.9568760264834226,0.933932630417059,0.9393126688301013
IMG_20190806_144313_full.png,olive_peacock_spot,2,0.15293524817334342,0.781557067271353,0.033005794910556815,0.17888636936255983,0.023683547493071302,6.633248325632237,0.938446927802149,0.9108756284145795,0.928289182100931
IMG_20190806_144318_leaf00.png,Healthy,0,0.8753360215053764,0.011088709677419355,0.0,0.7550403225806451,0.047379032258064516,2.0600866424527537,0.9450529361368977,0.9160239185962668,0.8970098226955546
IMG_20190806_144326_leaf00.png,olive_peacock_spot,2,0.0,0.03675063775510204,0.016143176020408163,0.0,0.8895288584183674,1.2442809350370019,0.7433274270907675,0.20941173195501314,0.9736534193490545
IMG_20190806_144326_leaf01.png,Healthy,0,0.40192076830732293,0.37118847539015604,0.006002400960384154,0.014645858343337335,0.05690276110444178,9.616900459735255,0.9461629186414107,0.9103474408658662,0.9200547538762796
IMG_20190806_144346_leaf00.png,Healthy,0,0.9007181328545781,0.00807899461400359,0.0,0.027827648114901255,0.04685816876122083,6.793942139204619,0.9279257412822082,0.8812594509945137,0.9287927174434834
IMG_20190806_144349_leaf00.png,olive_peacock_spot,2,0.321619812583668,0.4578313253012048,0.19879518072289157,0.013052208835341365,0.015227576974564927,12.777909009843587,0.921496836236549,0.8701985854725414,0.945840872485996
IMG_20190806_144353_leaf00.png,Healthy,0,0.9232323232323232,0.03383838383838384,0.00101010101010101,0.46111111111111114,0.015404040404040404,2.2902320616932235,0.9488276697524209,0.9119834338865082,0.9354504442127142
IMG_20190806_144353_leaf01.png,olive_peacock_spot,2,0.8775235531628532,0.059668012561686856,0.0,0.3983849259757739,0.047106325706594884,1.8492378022267708,0.965740496345578,0.9425555994029479,0.9038013011229995
IMG_20190806_144400_leaf00.png,olive_peacock_spot,2,0.6984848484848485,0.09696969696969697,0.005,0.5334848484848485,0.10590909090909091,7.667359081007179,0.8941553724799812,0.8247938823941754,0.9015336854411892
IMG_20190806_144400_leaf01.png,olive_peacock_spot,2,0.032039490534845276,0.02819754581228025,0.0030269867511118357,0.030945118401750994,0.9085617156029525,2.7049077748122152,0.802891095057797,0.16091211589682364,0.9858729650588818
IMG_20190806_144405_leaf00.png,Healthy,0,0.45464406779661015,0.2134237288135593,0.0002711864406779661,0.07403389830508475,0.03755932203389831,9.202708989770242,0.9016044411518818,0.8432151226717262,0.9236851511451628
IMG_20190806_144448_leaf00.png,Healthy,0,0.785807412926057,0.01955671447196871,0.06891413671074688,0.5051219966474204,0.08120692866455578,5.700555066800668,0.9114435984942266,0.848153390351185,0.8879316097012624
IMG_20190806_144453_leaf00.png,olive_peacock_spot,2,0.31547155105222136,0.12996882307092752,0.0,0.0074045206547155105,0.3300857365549493,6.307979732941705,0.9467834402149866,0.8894075727362374,0.9413995406184683
IMG_20190806_144458_leaf00.png,Healthy,0,0.7301670146137788,0.013830897703549061,0.03288100208768267,0.2544363256784969,0.1484864300626305,5.121197254341447,0.9431314445185359,0.9139861466446235,0.9041079274111727
IMG_20190806_144458_leaf01.png,olive_peacock_spot,2,0.28080985915492956,0.5123239436619719,0.10974178403755869,0.3597417840375587,0.061326291079812204,8.425067521834318,0.9178330295074769,0.8551664033039816,0.9152641259351569
IMG_20190806_144503_full.png,olive_peacock_spot,2,0.964644925327644,0.003047851264858275,0.0,0.10515086863761049,0.012800975312404754,2.077729416620025,0.9544369272951755,0.9249847663124946,0.9450745646042016
IMG_20190806_144508_leaf00.png,aculus_olearius,1,0.8206425499620541,0.03857829496584872,0.005944852011130787,0.35213761699974705,0.042752339994940554,9.832520124296444,0.882921681416436,0.8296324638254263,0.910984912566019
IMG_20190806_144522_full.png,Healthy,0,0.45556455969746085,0.0,0.0,0.017828200972447326,0.23284710967044842,7.264809375371285,0.9060721246800101,0.8440893175308852,0.9327396766418721
IMG_20190806_144525_full.png,olive_peacock_spot,2,0.0,0.9901847575057737,0.0005773672055427252,0.03926096997690531,0.005196304849884526,7.242294503175382,0.9529745104537174,0.924173377299901,0.934000716848931
IMG_20190806_144529_leaf00.png,olive_peacock_spot,2,0.0006875687568756876,0.6727172717271728,0.26375137513751373,0.008388338833883388,0.05706820682068207,14.910040335554214,0.8973153200943597,0.8459229041970946,0.9317776522330381
IMG_20190806_144533_leaf00.png,olive_peacock_spot,2,0.23193916349809887,0.49183627823753073,0.00156564526951465,0.0156564526951465,0.13263252068888393,6.661363098619816,0.9433452419980364,0.9029929213000802,0.93771972129305
IMG_20190806_144533_leaf01.png,Healthy,0,0.7632958801498128,0.02846441947565543,0.0,0.749812734082397,0.1745318352059925,2.86264424707444,0.9724097803834002,0.9520363684470694,0.7863060388610024
IMG_20190806_144536_leaf00.png,olive_peacock_spot,2,0.0,0.2852987245468785,0.15797717610203624,0.008503020810024613,0.016110986797941373,8.786811583463805,0.9423279075622194,0.9043011199139553,0.9491488016304521
IMG_20190806_144547_leaf00.png,Healthy,0,0.7622585438335809,0.01981178801386825,0.010401188707280832,0.6181277860326895,0.1426448736998514,3.5019121977006873,0.9671124777059863,0.9429794492787739,0.8323301808032465
IMG_20190806_144551_full.png,Healthy,0,0.9171997806616706,0.027417291171632243,0.01736428440870042,0.3151160665326266,0.030341802229939683,7.645574638530611,0.9122080966108197,0.8598748272524274,0.9129386737803474
IMG_20190806_144555_leaf00.png,Healthy,0,0.18214637348211354,0.0,0.0,0.01706596652445028,0.07778142435182146,6.979016507430732,0.9543472177008712,0.929312819747192,0.9226659120397676
IMG_20190806_144600_leaf00.png,olive_peacock_spot,2,0.11709310589907605,0.4196872778962331,0.26297085998578534,0.009417199715707179,0.08155650319829424,8.588126592478796,0.9240206926643114,0.8803259968206835,0.9508501174301407
IMG_20190806_144604_leaf00.png,olive_peacock_spot,2,0.2589031339031339,0.5947293447293447,0.035256410256410256,0.024216524216524215,0.08796296296296297,4.154687413944473,0.9631000254222924,0.9390707614574041,0.9286279635272117
IMG_20190806_144618_leaf00.png,olive_peacock_spot,2,0.8645792563600783,0.0461839530332681,0.0,0.17651663405088064,0.03287671232876712,2.7877747252746787,0.9631064284585283,0.940756291462385,0.9155980079300645
IMG_20190806_144623_leaf00.png,olive_peacock_spot,2,0.8894668400520156,0.06892067620286085,0.0,0.12743823146944083,0.029583875162548765,2.5798072031502817,0.9568639747552857,0.9305404515111381,0.9377033447001065
IMG_20190806_144623_leaf01.png,aculus_olearius,1,0.21529798571482558,0.04387589282340048,0.0,0.020974264011186274,0.6395827822077775,8.769433769540857,0.7214591397131297,0.14557075566215394,0.9690733741656054
IMG_20190806_144628_leaf00.png,olive_peacock_spot,2,0.5830009970089731,0.09160019940179462,0.0001246261216350947,0.02642073778664008,0.08349950149551345,7.683778961739769,0.9007618605006367,0.8307095348497138,0.945412319135033
IMG_20190806_144634_leaf00.png,Healthy,0,0.04625415180218969,0.0009841308894082913,0.002091278139992619,0.162135564030016,0.7120186984868988,10.078885005623263,0.9009183389155212,0.8287939438272072,0.9418285997024097
IMG_20190806_144638_leaf00.png,aculus_olearius,1,0.8154248768472906,0.013700738916256158,0.0001539408866995074,0.0478756157635468,0.07912561576354679,7.961113709885307,0.9125744769445288,0.8623638536354314,0.9233321648082385
IMG_20190806_144655_leaf00.png,aculus_olearius,1,0.8357430670775066,0.004503436833372837,0.0,0.6537094098127518,0.04361223038634748,2.555795101759198,0.9436153215988379,0.9056124782233833,0.9159905180323232
IMG_20190806_144659_full.png,olive_peacock_spot,2,0.08264905390931811,0.5842556229917887,0.12495537308104249,0.008389860764012852,0.029275258836129952,8.950466565549778,0.9318651786917986,0.8793290345343046,0.9413084569514375
IMG_20190806_144703_leaf00.png,aculus_olearius,1,0.6434593418547729,0.03589883056839815,0.005983138428066358,0.03589883056839815,0.17296709273864563,11.62079003082739,0.9388820399592352,0.9185103598506321,0.898592760610464
IMG_20190806_144708_leaf00.png,Healthy,0,0.7355126300148589,0.01634472511144131,0.0064388311045071814,0.441802872709262,0.19167904903417535,3.7001993406882625,0.9685573141626759,0.9492354397768875,0.8685748443876243
IMG_20190806_144713_leaf00.png,olive_peacock_spot,2,0.44313725490196076,0.38277919863597615,0.00034100596760443307,0.011082693947144074,0.06990622335890878,9.373608211394025,0.9257687742579925,0.8758662716314132,0.9523907986641444
IMG_20190806_144727_leaf00.png,aculus_olearius,1,0.9591656354958459,0.01237404984974368,0.0,0.2739968181014672,0.008485062754109953,3.9514908520323564,0.9144844747930371,0.8754789984773481,0.9362181571541082
IMG_20190806_144732_leaf00.png,aculus_olearius,1,0.7390782936439952,0.059448346753469244,0.0,0.008566044200788075,0.09388384444063731,7.2220698839210105,0.9204123460169442,0.8764539046798538,0.9439434025095642
IMG_20190806_144735_leaf00.png,aculus_olearius,1,0.7737064997238078,0.09151169213772786,0.0,0.0266985822132204,0.06610200699686983,12.152710946399635,0.9131247020797093,0.8833437321155304,0.9227672671090523
IMG_20190806_144735_leaf01.png,Healthy,0,0.8951302378255945,0.010192525481313703,0.0,0.10826727066817667,0.027859569648924123,2.8192385957487116,0.9389912878475408,0.9014081588119354,0.9464760451071277
IMG_20190806_144740_leaf00.png,Healthy,0,0.5879017013232514,0.013862633900441084,0.001260239445494644,0.04410838059231254,0.028985507246376812,4.602731880523795,0.9750804907241004,0.9633415113027881,0.9207390248321449
IMG_20190806_144744_leaf00.png,Healthy,0,0.6464646464646465,0.0,0.0,0.03569023569023569,0.07609427609427609,2.9383190215547734,0.9809335888143509,0.9663288428374259,0.9245460962086417
IMG_20190806_144841_leaf00.png,aculus_olearius,1,0.8420867732302828,0.03232039346565958,0.0,0.041454417705954684,0.02915861584401897,6.3779356462746035,0.9188412602656515,0.876522125936622,0.9277960064488453
IMG_20190806_144850_leaf00.png,olive_peacock_spot,2,0.8895796329188869,0.0008880994671403197,0.0,0.02545885139135583,0.023978685612788632,3.9519869844280735,0.9494810137623246,0.9254059711761586,0.9355951000051496
IMG_20190806_144855_leaf00.png,olive_peacock_spot,2,0.11601049868766404,0.7559055118110236,0.0,0.12887139107611548,0.051443569553805774,3.1099571425672248,0.945057412138427,0.9159339421299191,0.9435333854367823
IMG_20190806_144855_leaf01.png,Healthy,0,0.6042680643953575,0.027330587794833397,0.00786222388618495,0.19393485585922876,0.06008985398727069,6.580068721175798,0.9255084740168441,0.8857410547778939,0.9360103922339581
IMG_20190806_144901_leaf00.png,Healthy,0,0.6774499187872225,0.014076881429344884,0.07512181916621548,0.3812939902544667,0.18421765024363834,8.681996956897418,0.8757624962852528,0.8011790960950882,0.912296857514147
IMG_20190806_144907_leaf00.png,Healthy,0,0.8393242271746945,0.012580877066858375,0.0003594536304816679,0.5186915887850467,0.11790079079798706,3.852901726834169,0.9557220105684436,0.9316819316226644,0.8617139816529933
IMG_20190806_144919_full.png,olive_peacock_spot,2,0.7052444794952681,0.1370268138801262,0.0001971608832807571,0.03055993690851735,0.05461356466876972,7.109062120449993,0.9312218609989131,0.8904022321733033,0.9187724159935076
IMG_20190806_144925_full.png,olive_peacock_spot,2,0.6357554357926036,0.008362757851700427,0.0,0.00873443597844267,0.1507154803939788,7.305324468956129,0.9193150008504088,0.8845689419260935,0.9378456285250885
IMG_20190806_144930_leaf00.png,olive_peacock_spot,2,0.48509204044594245,0.13430127041742287,0.004148301788955146,0.024371273010111487,0.19989629245527613,5.9624763302180925,0.9446680522411167,0.9157590344495203,0.9184967510151579
IMG_20190806_144935_leaf00.png,olive_peacock_spot,2,0.0,0.8345242572395637,0.14027830011282438,0.018804061677322303,0.01241068070703272,3.485669908270253,0.963043338881987,0.940930631572544,0.9507015828643104
IMG_20190806_144935_leaf01.png,aculus_olearius,1,0.10396266829865361,0.027259281925744595,0.0005609955120359037,0.07458690330477356,0.8643665850673194,9.649864412822662,0.7122662881413059,0.14885890297639318,0.9772440576705644
IMG_20190806_144939_leaf00.png,olive_peacock_spot,2,0.14938113529662825,0.8085787451984635,0.010029876227059326,0.013017498932991891,0.025181391378574478,8.466689560439345,0.9374502793510407,0.9003866154356114,0.9460414655157723
IMG_20190806_145005_leaf00.png,olive_peacock_spot,2,0.009683328971473436,0.624967286050772,0.29782779377126406,0.01962836953677048,0.018319811567652448,7.725459065136746,0.9504167706127066,0.9172024798911189,0.9294231507290788
IMG_20190806_145009_full.png,Healthy,0,0.6185955148142085,0.10656408577508594,0.054837125552463575,0.345555737436569,0.11982321165493534,7.087950903455406,0.9097435280423706,0.8591906401924219,0.9145582117854467
IMG_20190806_145013_leaf00.png,olive_peacock_spot,2,0.004637979902087091,0.7688740015459933,0.0979129090440608,0.023962896160783304,0.09739757794382892,5.7472067302256065,0.9502173530978106,0.9166495955401928,0.9438457465975177
IMG_20190806_145020_leaf00.png,olive_peacock_spot,2,0.9858411993337035,0.003331482509716824,0.0,0.6179900055524709,0.005830094392004442,2.2059914622109384,0.9436471111672473,0.9094355844184235,0.9117577821428637
IMG_20190806_145020_leaf01.png,olive_peacock_spot,2,0.759208103130755,0.004373848987108656,0.0,0.2532228360957643,0.0757366482504604,5.067047216006022,0.9384431604766921,0.9035705878967273,0.901069302784505
IMG_20190806_145026_leaf00.png,olive_peacock_spot,2,0.4577559231113098,0.24631202503352703,0.08538220831470719,0.048278945015645953,0.11980330800178811,4.290549606355061,0.9642649190424291,0.9494523583571022,0.9028895902560072
IMG_20190806_145044_leaf00.png,olive_peacock_spot,2,0.832233502538071,0.12258883248730965,0.0010152284263959391,0.2035532994923858,0.026903553299492386,6.616859424866745,0.9406476145013136,0.9136485614499259,0.8912382705897663
IMG_20190806_145049_full.png,Healthy,0,0.6414168937329701,0.27520435967302453,0.0,0.4950045413260672,0.017438692098092644,5.934227310706867,0.9239342891215138,0.8797738403032964,0.8825406753671032
IMG_20190806_145053_leaf00.png,aculus_olearius,1,0.7929680832906639,0.019798600443761735,0.0,0.16538658474142345,0.09967571257893838,7.614992927146501,0.9097532957012737,0.8735194917044419,0.9273181320465527
IMG_20190806_145058_leaf00.png,Healthy,0,0.9514528703047485,0.007795889440113395,0.0,0.7654145995747696,0.024805102763997167,1.7944862814908475,0.9621356639305771,0.9343135852011405,0.8998567806872796
IMG_20190806_145101_leaf00.png,olive_peacock_spot,2,0.14189499464258382,0.5847237103933874,0.03704270626052349,0.008265727843257308,0.10852594520128578,13.14459852046162,0.9133319335276406,0.8618026016721468,0.9529979819972044
IMG_20190806_145115_leaf00.png,olive_peacock_spot,2,5.997720866070893e-05,0.09254483296347388,0.006937363801755333,0.0,0.8876626881784921,1.5590163842356544,0.7525460899981173,0.2446027634761785,0.9612029715769622
IMG_20190806_145126_full.png,olive_peacock_spot,2,0.005573988055739881,0.07591240875912408,0.008626410086264101,0.012607830126078301,0.850298606502986,7.335803593168732,0.9054869406685297,0.840048128768202,0.9534565525782992
IMG_20190806_145130_leaf00.png,olive_peacock_spot,2,0.2126311621461097,0.38883389427836074,0.039398138982379725,0.22134230845377154,0.25717679667392596,6.39568805057366,0.9329865329323388,0.8918681717122575,0.9222788672940185
IMG_20190806_145134_full.png,olive_peacock_spot,2,0.6153846153846154,0.227008547008547,0.030085470085470085,0.3728205128205128,0.08786324786324787,6.685001809882139,0.9255601238336426,0.8751091867699532,0.9056197803171495
IMG_20190806_145140_leaf00.png,aculus_olearius,1,0.20133176654915785,0.09870740305522914,0.0003916960438699569,0.019780650215432825,0.3946337641989816,7.741951051289599,0.9300587534512836,0.8903647882398646,0.9420118423803737
IMG_20190806_145157_leaf00.png,Healthy,0,0.6674876847290641,0.0874384236453202,0.0,0.27986453201970446,0.125,3.2475746852724856,0.966572428908319,0.9289482105015638,0.9105488447586618
IMG_20190806_145203_full.png,Healthy,0,0.9305458117019784,0.0015434264066227024,0.0,0.008138066507646976,0.04265469341939105,8.049665506940801,0.9112910088916963,0.8506806025262454,0.9507224362593506
IMG_20190806_145207_leaf00.png,aculus_olearius,1,0.38875103391232424,0.0005514199062586159,0.05817480011028398,0.20181968569065342,0.348221670802316,3.85161945512935,0.9500425752383437,0.9216585284712543,0.9360980931790672
IMG_20190806_145212_full.png,olive_peacock_spot,2,0.4134293799845639,0.35142783637766917,0.11860046308206844,0.028042191921790582,0.08412657576537175,6.4237228372720585,0.9455490370100808,0.915827875054429,0.9359667646832734
IMG_20190806_145216_leaf00.png,olive_peacock_spot,2,0.49708067940552014,0.4182590233545648,0.001326963906581741,0.026273885350318472,0.0440552016985138,6.036627243601707,0.947722096386581,0.9169262526971405,0.925870162230169
IMG_20190806_145216_leaf01.png,aculus_olearius,1,0.4717111315547378,0.03357865685372585,0.0013799448022079118,0.06945722171113156,0.17134314627414904,12.917519642385669,0.936686077535196,0.9027701862604757,0.9087095652886191
IMG_20190806_145225_full.png,aculus_olearius,1,0.14141281512605042,0.28269432773109243,0.0,0.009322478991596638,0.36672794117647056,14.352831976615612,0.8896740594024284,0.8387629159598038,0.9545342015108192
IMG_20190806_145247_leaf00.png,aculus_olearius,1,0.04384410983170948,0.3757012105107765,0.0118098612341305,0.013728963684676704,0.35606731620903453,13.944256984442056,0.8968431497442659,0.8549752829243309,0.94651016564125
IMG_20190806_145254_full.png,aculus_olearius,1,0.5711190415498343,0.01962783583991843,0.0,0.01962783583991843,0.06958959979607443,10.055122012154014,0.8834586001069475,0.832820625840119,0.960791915692935
IMG_20190806_145257_leaf00.png,olive_peacock_spot,2,0.49866143137604857,0.10494378011779404,0.015348920221310012,0.6103872925218633,0.23540960199892916,4.982693113896052,0.9113997569023669,0.8607751078076088,0.8948457394684934
IMG_20190806_145301_leaf00.png,olive_peacock_spot,2,0.9024896265560166,0.0,0.0,0.32987551867219916,0.04322268326417704,2.197068461741346,0.9624702875165905,0.932749075647735,0.9227740361333607
IMG_20190806_145310_leaf00.png,aculus_olearius,1,0.7358466453674122,0.054952076677316296,0.0038338658146964857,0.08191693290734824,0.13853035143769968,14.001611501792269,0.8854794423010698,0.8333316809223377,0.9287375194358357
IMG_20190806_151145_full.png,aculus_olearius,1,0.8069514844315713,0.0,0.0,0.007965242577842143,0.0834178131788559,8.394838819021766,0.9072709536193175,0.8542672595857141,0.9395881909903596
IMG_20190806_151149_full.png,aculus_olearius,1,0.18739092495636997,0.2006980802792321,0.004581151832460733,0.030104712041884817,0.42757417102966844,7.862823061269842,0.9297977146497141,0.9009325474762324,0.9394656866965135
IMG_20190806_151153_leaf00.png,Healthy,0,0.488264001859168,0.009760632117127585,0.0009295840111550081,0.026493144317917734,0.045317220543806644,6.342169183773769,0.9463969500776322,0.906819493629354,0.9503792043653314
IMG_20190806_151157_leaf00.png,olive_peacock_spot,2,0.031762295081967214,0.6793032786885246,0.2180327868852459,0.051434426229508196,0.05450819672131148,5.98144952185759,0.9392774034702062,0.8959451691633283,0.938606869464201
IMG_20190806_151157_leaf01.png,olive_peacock_spot,2,0.3131375579598145,0.5879443585780525,0.01731066460587326,0.014219474497681607,0.04976816074188563,6.752140969357626,0.9614335188399286,0.9289678656802796,0.937521596818646
IMG_20190806_151201_leaf00.png,olive_peacock_spot,2,0.7769949205308865,0.13239390463706374,0.0,0.026872030149106996,0.04817302965754547,6.1232572862707215,0.9278932018129068,0.8711652544224631,0.9460892086245891
IMG_20190806_151206_full.png,Healthy,0,0.06132941608520015,0.0,0.0,0.0361733382298935,0.7455012853470437,8.2942004414734,0.928439887321941,0.8821363053388134,0.938050985003039
IMG_20190806_151238_leaf00.png,Healthy,0,0.8638720829732066,0.022039757994814176,0.001728608470181504,0.5146931719965427,0.0847018150388937,3.0413879677431024,0.9584291599570331,0.9344986341364356,0.8790327606184416
IMG_20190806_151243_full.png,aculus_olearius,1,0.17083366616076898,0.0014910669116276593,0.0,0.0,0.8172910509359107,4.9858481789576485,0.7761421251401079,0.17961189134996985,0.9733841406905682
IMG_20190806_151248_leaf00.png,olive_peacock_spot,2,0.5763616557734205,0.22342047930283224,0.0015250544662309367,0.041176470588235294,0.07549019607843137,9.556745425834805,0.8789670594977997,0.8068249156627629,0.9465619195259594
IMG_20190806_151254_leaf00.png,aculus_olearius,1,0.07767610980141447,0.0,0.0,0.00023974107963399527,0.8800095896431853,4.015488534151165,0.8121905382953203,0.25187443124210857,0.9800787162114966
IMG_20190806_151300_leaf00.png,Healthy,0,0.7791693088142042,0.051521876981610655,0.02647431832593532,0.21195307545973366,0.11017755231452124,7.8881918496959065,0.9283010677109691,0.8662944425992583,0.937479078750515
IMG_20190806_151313_leaf00.png,Healthy,0,0.5780801209372638,0.08253968253968254,0.08299319727891157,0.007709750566893424,0.1416477702191988,10.415025528579598,0.922794558867562,0.8607051437311394,0.9531416022939512
IMG_20190806_151317_leaf00.png,olive_peacock_spot,2,0.0031404217137729925,0.9234335277403918,0.03918049947659638,0.014954389113204725,0.016599371915657246,9.443597709004049,0.9184366365712201,0.8586437562036429,0.9594628600848125
IMG_20190806_151322_full.png,Healthy,0,0.5564577039274925,0.04078549848942598,0.019259818731117824,0.24093655589123866,0.11329305135951662,6.622565694741021,0.9206708269792832,0.8859169917122066,0.9159356136024139
IMG_20190806_151328_full.png,olive_peacock_spot,2,0.723996723996724,0.06941031941031942,0.0,0.5434070434070434,0.08538083538083538,3.7530253024803826,0.9295842323057142,0.893107524299426,0.9075726496267783
IMG_20190806_151331_full.png,olive_peacock_spot,2,0.2840649751644516,0.6509598603839442,0.0038931400187944692,0.009665726943213854,0.0357094912068734,10.3634016257414,0.9173306546879992,0.8437517479606154,0.9600158798421725
IMG_20190806_151538_full.png,Healthy,0,0.5849370396768828,0.0824423853646947,0.12449512948443811,0.14564029460679495,0.07769066286528867,5.871792622274746,0.9425062129262504,0.9097860100511929,0.9180157014738466
IMG_20190806_151541_full.png,aculus_olearius,1,0.5074101984426024,0.026877668927405174,0.0,0.017709118311981915,0.18877166541070084,9.307950292914478,0.8960179763780467,0.8308923355612822,0.948363201294855
IMG_20190806_151545_leaf00.png,aculus_olearius,1,0.6483516483516484,0.3013653013653014,0.01848151848151848,0.06743256743256744,0.023310023310023312,9.544474641356807,0.9097106744306889,0.8713093661286485,0.9302960380126343
IMG_20190806_151548_leaf00.png,olive_peacock_spot,2,0.21063031021537246,0.4179016004742146,0.09266943291839558,0.1495751827702035,0.2610156095633274,7.895003275542547,0.9375286545822862,0.8893782226286397,0.9218682613241534
IMG_20190806_151548_leaf01.png,aculus_olearius,1,0.7295833333333334,0.19902777777777778,0.0022222222222222222,0.051527777777777777,0.03263888888888889,7.603848427521866,0.9042865732959054,0.8485026618264089,0.9333246952332968
IMG_20190806_151551_leaf00.png,olive_peacock_spot,2,0.03658303007086765,0.8845048841218157,0.00995977782034093,0.00976824363148822,0.05171423099023176,6.618461687020325,0.9447041876189578,0.8874994973371221,0.9599498142210033
IMG_20190806_151602_leaf00.png,Healthy,0,0.6728006456820016,0.0387409200968523,0.01678773204196933,0.11476997578692494,0.1536723163841808,6.8847460077510085,0.9145593814943013,0.8672892964765205,0.9295384243344662
IMG_20190806_151605_full.png,olive_peacock_spot,2,0.4591506790256521,0.10088381116619961,0.024574261694330676,0.3655960336279371,0.155852554429834,6.139319130980999,0.9143964311991687,0.8789946441287408,0.9051898169256529
IMG_20190806_151610_leaf00.png,aculus_olearius,1,0.017617984693877552,0.05259486607142857,1.992984693877551e-05,5.978954081632653e-05,0.9086216517857143,2.8930254265814668,0.7715503433793822,0.21398507256274873,0.9546698077690926
IMG_20190806_151610_leaf01.png,Healthy,0,0.7027061364502605,0.023122856053868632,0.01079913606911447,0.005844238343285478,0.1316224113835599,9.214123839428622,0.8864338377109627,0.834494934609627,0.9549108144665159
IMG_20190806_151614_leaf00.png,Healthy,0,0.7435194074886847,0.11123302701961323,0.04388972706075984,0.537649156494308,0.06706898916472363,7.7791018291585425,0.8986480631393596,0.8349467459830661,0.8927551800520108
IMG_20190806_151618_leaf00.png,aculus_olearius,1,0.1825405464242952,0.025579623380864263,0.0751061282246653,0.1514096005224774,0.4031784042668989,7.6597330496097875,0.8730160140161638,0.7971069550042755,0.9524128006032533
IMG_20190806_151618_leaf01.png,aculus_olearius,1,0.48985239852398527,0.03228782287822878,0.00023062730627306272,0.22393911439114392,0.1688191881918819,7.6056599403298035,0.9369095241343623,0.9067820463454391,0.936134691543912
IMG_20190806_151641_leaf00.png,aculus_olearius,1,0.8930653266331658,0.007035175879396985,0.0,0.13085427135678393,0.059698492462311556,5.486697908725317,0.9359200917171697,0.8936059802805096,0.9132701785139179
IMG_20190806_151644_full.png,olive_peacock_spot,2,0.07649361626406868,0.08752613550424841,0.006850838560434183,0.010431958717024778,0.8273054851194448,3.2226160190705913,0.7727839256501245,0.16715350661985548,0.9825598997748125
IMG_20190806_151648_leaf00.png,olive_peacock_spot,2,0.009865274234693877,0.008470184948979591,0.0,0.0,0.9569515306122449,2.4139918892272396,0.7737890735840675,0.22945118601115788,0.9668971049109795
IMG_20190806_151654_leaf00.png,Healthy,0,0.77322754031226,0.0063987714358843106,0.0,0.36703352956232405,0.09495776810852316,5.509635177371996,0.9461167661825556,0.9146054232712847,0.8794030119717581
IMG_20190806_151706_leaf00.png,aculus_olearius,1,0.8343970440040309,0.0005038629492777964,0.0,0.10077258985555929,0.08481692979509574,7.022860951037751,0.9170189677264369,0.8715446328829586,0.9176947833459917
IMG_20190806_151723_leaf00.png,Healthy,0,0.7431798806479113,0.03836317135549872,0.0025575447570332483,0.017050298380221655,0.0763000852514919,6.292534951200094,0.9401794541178087,0.9010502514256695,0.9351036265704623
IMG_20190806_151727_full.png,Healthy,0,0.6021994289943957,0.049275668816749496,0.17172464840858623,0.032991434915935286,0.05974410489584435,12.64021655359241,0.8798940937257983,0.7999529602926656,0.948914025039227
IMG_20190806_151731_leaf00.png,olive_peacock_spot,2,0.0,0.20512820512820512,0.11888111888111888,0.030303030303030304,0.05827505827505827,1.381013691696051,0.9949536921192494,0.9906855849658871,0.9259140748021522
IMG_20190806_151731_leaf01.png,Healthy,0,0.026576341844710787,0.0,0.0,0.5344797637658503,0.7552544728157026,6.651940161197134,0.9346714106192233,0.8775300075309543,0.8956747826138527
IMG_20190806_151740_full.png,olive_peacock_spot,2,0.43202416918429004,0.4972809667673716,0.00785498489425982,0.03081570996978852,0.053172205438066465,6.000896471472225,0.954556638083987,0.9266197321169009,0.928155511740046
IMG_20190806_151744_full.png,Healthy,0,0.9314679643146796,0.0012165450121654502,0.0,0.7157339821573399,0.027169505271695052,1.203534850470016,0.9635194949811101,0.9398105941031152,0.928584515367724
IMG_20190806_151805_leaf00.png,olive_peacock_spot,2,0.08435727788279773,0.5323724007561437,0.29465973534971646,0.018431001890359167,0.027410207939508508,6.468663355735394,0.9475142294472307,0.9092042715081153,0.9506874467123484
IMG_20190806_151809_full.png,olive_peacock_spot,2,0.5894752578860816,0.1083869038720287,0.10659291373897443,0.0267603528180595,0.09179249514127673,9.792201327754064,0.9100513582496496,0.8582432135107765,0.9249333659148751
IMG_20190806_151814_leaf00.png,aculus_olearius,1,0.0035168270404923557,0.07541640209055829,0.0,0.0,0.8805744150832804,2.0944709409721147,0.7425235037625784,0.16512627116448803,0.975193568677001
IMG_20190806_151817_leaf00.png,aculus_olearius,1,0.10208191590692611,0.006123282079194449,0.0,0.0019594502653422236,0.8696149135936863,4.364961856595013,0.7757744851765626,0.17679926638034754,0.9689904858316021
IMG_20190806_151820_leaf00.png,olive_peacock_spot,2,0.9724857685009488,0.007590132827324478,0.0,0.2900063251106894,0.009487666034155597,2.48210802732612,0.9585755624082593,0.9289663315675933,0.9182300039009443
IMG_20190806_151901_leaf00.png,olive_peacock_spot,2,0.2890453145622525,0.6511218653761549,0.006599208095028597,0.051473823141223056,0.03607567091948966,2.4354997539719268,0.969176566731793,0.9495528356205412,0.9378379961631329
IMG_20190806_151904_full.png,Healthy,0,0.8941027266962587,0.02155992390615092,0.0003170577045022194,0.023145212428662017,0.06055802155992391,3.1993035033088413,0.9618633854227672,0.931755062962447,0.9263228999390387
IMG_20190806_151908_leaf00.png,olive_peacock_spot,2,0.009117805271651425,0.13687466379774071,0.014523937600860678,0.0038999462076385154,0.8168908015061861,3.1396730906919608,0.7124038794519696,0.21371963712847872,0.9816198412139084
IMG_20190806_151911_leaf00.png,olive_peacock_spot,2,0.07268071695883396,0.7415796730352571,0.07425645065983849,0.03624187512310419,0.08489265314161906,11.036095556711427,0.9276811173199716,0.890554637452113,0.9211183940829314
IMG_20190806_151915_leaf00.png,olive_peacock_spot,2,0.4166666666666667,0.32157157157157157,0.033533533533533534,0.011011011011011011,0.062062062062062065,7.290959728579121,0.9492459665998925,0.9126882277501851,0.9321304532696356
IMG_20190806_151939_leaf00.png,aculus_olearius,1,0.5697779382560029,0.013179274237226936,0.0,0.16934464704820365,0.03646867665643618,7.531309921778106,0.9206661303585874,0.8815176568690649,0.9315958588187949
IMG_20190806_151943_full.png,olive_peacock_spot,2,0.19014084507042253,0.516356201726488,0.11949114039073148,0.014311676510676965,0.03384825079509314,6.8649374440185165,0.9444582897339137,0.904769042879347,0.9474830287920029
IMG_20190806_151945_leaf00.png,olive_peacock_spot,2,0.185924869234427,0.20446980504041845,0.10437470280551593,0.010461245839277223,0.28221588207322873,5.344311262794097,0.9451066271941921,0.9096138746134221,0.9444293885004265
IMG_20190806_151948_leaf00.png,olive_peacock_spot,2,0.7852773246329527,0.0250815660685155,0.0,0.01631321370309951,0.09115008156606852,6.23592494948986,0.9397386607486534,0.894043058244084,0.935154370936176
IMG_20190806_151952_leaf00.png,olive_peacock_spot,2,0.16511156186612577,0.645841784989858,0.04462474645030426,0.007167004732927654,0.023123732251521298,11.351309066658471,0.9085527851853191,0.8434597029645392,0.9521021582910523
IMG_20190806_152110_leaf00.png,olive_peacock_spot,2,0.2953061224489796,0.49714285714285716,0.05489795918367347,0.018571428571428572,0.09836734693877551,8.662359394430215,0.9426500130771234,0.8941153389861862,0.906038809567688
IMG_20190806_152113_leaf00.png,Healthy,0,0.8148237566393047,0.031627233220666344,0.016900048285852245,0.2959922742636408,0.1086431675519073,5.246914322817688,0.9430868216602739,0.9097042453608727,0.9078986616075319
IMG_20190806_152113_leaf01.png,aculus_olearius,1,0.024018084204577565,0.8895168126589432,0.0031082226617688614,0.02486578129415089,0.01610624470189319,7.990217848953841,0.9480554822836466,0.9218443293786007,0.9424717293495999
IMG_20190806_152116_leaf00.png,aculus_olearius,1,0.7088378818001084,0.07626965479848184,0.007410084944876197,0.027833001988071572,0.04897885414784023,12.870792816306906,0.9164938016664658,0.8806197519608795,0.900648559619573
IMG_20190806_152120_full.png,Healthy,0,0.7276386404293381,0.1167262969588551,0.06037567084078712,0.0626118067978533,0.0755813953488372,2.8177090731083396,0.9722164305443455,0.9512138964511585,0.9189869504043569
IMG_20190806_152155_leaf00.png,aculus_olearius,1,0.8481258840169731,0.00442008486562942,0.0,0.03854314002828854,0.05480905233380481,13.482025368788102,0.9122134857669585,0.8712485586069876,0.8995626614400773
IMG_20190806_152229_leaf00.png,olive_peacock_spot,2,0.25638406537282943,0.12768130745658834,0.06902086677367576,0.0879906610243689,0.3166496424923391,7.715992103550471,0.9113866110692319,0.8542078270124018,0.9266048852577831
IMG_20190806_152233_leaf00.png,olive_peacock_spot,2,0.8168269230769231,0.12403846153846154,0.0,0.041826923076923074,0.03317307692307692,3.0272379131024123,0.9670804394541888,0.9531130445631756,0.92868297972569
IMG_20190806_152236_leaf00.png,Healthy,0,0.6797404063205418,0.013261851015801355,0.001128668171557562,0.3295711060948081,0.13854401805869074,4.5233817224716,0.9393894866399946,0.9104442158690158,0.8868074840700452
IMG_20190806_152349_leaf00.png,Healthy,0,0.842114266164899,0.041566883339035236,0.009237085186452275,0.25111187136503593,0.03164556962025317,5.843788974066567,0.9127650212228061,0.8720198176310888,0.9310716030141204
IMG_20190806_152349_leaf01.png,Healthy,0,0.585812356979405,0.15539837736634074,0.03328479301019347,0.06344913667568129,0.1065113376326191,7.905967647493461,0.933478638622658,0.8981627313205445,0.9212289890615101
IMG_20190806_152355_leaf00.png,Healthy,0,0.7883597883597884,0.009994121105232217,0.0,0.09229864785420341,0.16255144032921812,5.525030998083821,0.9519121390850982,0.9273969598992868,0.9151509160815248
IMG_20190806_152355_leaf01.png,olive_peacock_spot,2,0.05332145584118096,0.21356579282260116,0.0015525579027742427,0.0,0.7282769152456096,2.8886588591110804,0.7083381701460221,0.16272045606470634,0.9798992257799265
IMG_20190806_152400_leaf00.png,olive_peacock_spot,2,0.07618304732189288,0.6443057722308893,0.07748309932397296,0.009100364014560582,0.041341653666146644,6.52382685568179,0.9590350535524063,0.9176969769084226,0.9512148706061558
IMG_20190806_152403_leaf00.png,aculus_olearius,1,0.9413610038610039,0.003861003861003861,0.0,0.036438223938223935,0.025096525096525095,4.58070104766632,0.9440379400362784,0.9112176998596855,0.9371988474083462
IMG_20190806_152430_leaf00.png,olive_peacock_spot,2,0.06936329588014982,0.6113857677902622,0.1258426966292135,0.006891385767790262,0.024419475655430713,10.990251365292291,0.9192604774836042,0.8580947470253613,0.9415983853841821
IMG_20190806_152433_leaf00.png,olive_peacock_spot,2,0.6697459584295612,0.12105465742879137,0.004234026173979984,0.010392609699769052,0.09353348729792148,4.494147322606109,0.942081213232498,0.8884974966662988,0.9502898672009604
IMG_20190806_152519_leaf00.png,Healthy,0,0.9055156657963447,0.025130548302872063,0.0,0.022193211488250653,0.0466710182767624,9.151642862215425,0.9082824087203355,0.8688888538476123,0.9197833709768641
IMG_20190806_152522_leaf00.png,olive_peacock_spot,2,0.008330676020408163,0.008071588010204082,7.971938775510203e-05,0.0,0.9632095025510204,2.4001763185871154,0.7869273041469115,0.3596917331336833,0.9626933369245246
IMG_20190806_152525_leaf00.png,olive_peacock_spot,2,0.5490258197370506,0.35704102645335023,0.015048313004910501,0.019958815143354982,0.044828132425154446,7.783040180111186,0.9203169072037849,0.8666244412688267,0.9483765274188725
IMG_20190806_152525_leaf01.png,olive_peacock_spot,2,0.0,0.01807802093244529,0.409372026641294,0.014034253092293053,0.04995242626070409,10.008076622335471,0.9428789753083224,0.9099178653922275,0.9239049777152389
IMG_20190806_152529_full.png,aculus_olearius,1,0.2332804858986669,0.013353281379094745,0.00013397941183038205,0.02152602550074805,0.7419109930107407,5.902569362515582,0.7457078352751366,0.1541030665883989,0.982148033348909
IMG_20190806_152532_leaf00.png,Healthy,0,0.8878143133462283,0.019213410702772406,0.012121212121212121,0.4548033526756931,0.06292714377820761,7.417653571863216,0.9039729923285049,0.8347455194629778,0.8991954588048541
IMG_20190806_152607_leaf00.png,aculus_olearius,1,0.7389290882778582,0.13444283646888566,0.0,0.026917510853835022,0.056005788712011575,10.036582947683803,0.8979005635494766,0.8540549085121458,0.9281657148322308
IMG_20190806_152615_full.png,Healthy,0,0.4740021008403361,0.007352941176470588,0.0021008403361344537,0.018907563025210083,0.026260504201680673,6.169466851072831,0.9478653863748359,0.9166231702826255,0.9403227730236978
IMG_20190806_152711_leaf00.png,Healthy,0,0.6432261768082663,0.02066590126291619,0.0037313432835820895,0.016360505166475317,0.03300803673938002,5.481321661555179,0.9534304557701168,0.9241400924725005,0.9446644451257704
IMG_20190806_152711_leaf01.png,Healthy,0,0.6307519640852974,0.008978675645342313,0.003367003367003367,0.025813692480359147,0.02132435465768799,3.6684480449647303,0.9748266835782873,0.960690418112999,0.9308429264889552
IMG_20190806_152715_full.png,aculus_olearius,1,0.8402856679110534,0.0016231131309852296,0.0,0.02467131959097549,0.06719688362278851,7.199997336809683,0.9090860700699994,0.8704419502871796,0.9376679895529791
IMG_20190806_152731_leaf00.png,olive_peacock_spot,2,0.2725217587882898,0.4833276817000113,0.0851135978297728,0.04984740590030519,0.13846501638973663,11.296211467080495,0.8844893544260252,0.8122586635746377,0.9355864500243908
IMG_20190806_152740_leaf00.png,olive_peacock_spot,2,0.3064271255060729,0.4144736842105263,0.0812246963562753,0.06578947368421052,0.10678137651821862,5.834947431887421,0.9467101632401047,0.9142985035208617,0.9192714371487748
IMG_20190806_152740_leaf01.png,Healthy,0,0.5836798336798337,0.009875259875259876,0.001386001386001386,0.13011088011088012,0.16216216216216217,8.671020967458848,0.9243977098185693,0.8783263235266205,0.926031758160635
IMG_20190806_152748_full.png,aculus_olearius,1,0.7447208562337286,0.06508533410471506,0.0007231703789412786,0.20393404686144057,0.05467168064796066,7.676713400520452,0.9069617178528251,0.8531339623616601,0.9174542124205562
IMG_20190806_152811_leaf00.png,Healthy,0,0.6022441478042174,0.3372025536854324,0.0,0.0075449796865931515,0.04314180692590443,6.730199045382106,0.9348628503131821,0.8895680656726791,0.9267848439431664
IMG_20190806_152815_leaf00.png,olive_peacock_spot,2,0.7277618967546662,0.0509500588532033,0.0,0.00790314444257609,0.07230536404910039,7.7494179480172996,0.9272303841869611,0.8738108023219863,0.9436705066225225
IMG_20190806_152818_leaf00.png,aculus_olearius,1,0.8253038512227266,0.04173378239859423,0.0,0.03016547078635232,0.029140430516913163,5.921976092523823,0.9144610986309576,0.8548361001603642,0.9403697541662563
IMG_20190806_152822_full.png,aculus_olearius,1,0.7649077649077649,0.017803517803517802,0.000429000429000429,0.10553410553410554,0.06413556413556414,6.392188491902317,0.9281071403373353,0.9003184862232962,0.9171960021729187
IMG_20190806_152826_leaf00.png,Healthy,0,0.7797443461160275,0.01901016060308096,0.0029498525073746312,0.394624713208784,0.1671583087512291,6.085116010012019,0.9459516962607009,0.9143690319607523,0.8548487884018837
IMG_20190806_152902_leaf00.png,olive_peacock_spot,2,0.00011681560656503709,0.22136557444074528,0.00011681560656503709,0.0,0.7761520939197477,2.6996813547340337,0.7391246619905939,0.1755484435020649,0.9746692084263732
IMG_20190806_152905_full.png,olive_peacock_spot,2,0.40018399264029436,0.5570377184912604,0.003219871205151794,0.03311867525298988,0.020239190432382703,5.35117083440816,0.9642998106913054,0.9497178616499713,0.9044196591913237
IMG_20190806_152909_leaf00.png,Healthy,0,0.7101929448450595,0.017150652894172676,0.14753459364646268,0.21730656792048333,0.07698304424088871,6.832594041410818,0.907993344007177,0.8520755126036035,0.9009222614349096
IMG_20190806_153036_leaf00.png,olive_peacock_spot,2,0.007345225603357817,0.8974291710388248,0.01757607555089192,0.01993704092339979,0.034365162644281216,8.303017231383535,0.9449807291565551,0.9167019405236185,0.9337071671342837
IMG_20190806_153052_leaf00.png,olive_peacock_spot,2,0.6823926917782506,0.11525466149418095,0.13127268176698786,0.33187335752721814,0.05305969215367288,6.691792990048598,0.878590832630071,0.7752302005017602,0.9258642792871177
IMG_20190806_153055_full.png,olive_peacock_spot,2,0.494757174392936,0.3743101545253863,0.025800220750551876,0.34644039735099336,0.05422185430463576,10.166189451375274,0.8873178327910423,0.8175619372494773,0.9277170539321101
IMG_20190806_153058_leaf00.png,olive_peacock_spot,2,0.04068654812215932,0.07724663105015549,0.0030101267841479945,0.014731680089307073,0.019236902958296786,2.387479740732106,0.7155164510890194,0.18256880785357027,0.9793947890724249
IMG_20190806_153058_leaf01.png,Healthy,0,0.10247998950268994,0.001312163758037003,0.00433014040152211,0.09093294843196431,0.6180291300354285,9.059010813276469,0.900319611285605,0.8365106309704446,0.944381877711244
IMG_20190806_153102_full.png,olive_peacock_spot,2,0.3105920917844704,0.3208358942839582,0.010038926449498053,0.0215119852489244,0.17639827904118008,8.019192044271776,0.9330279981606047,0.8946967964681988,0.930472406448809
IMG_20190806_153116_leaf00.png,olive_peacock_spot,2,0.45787545787545786,0.43223443223443225,0.03976975405546834,0.3757195185766614,0.05075876504447933,2.959410355207919,0.9699979778846067,0.9536330701252247,0.8806631663106065
IMG_20190806_153120_full.png,aculus_olearius,1,0.8479082132363229,0.005176997341541906,0.0,0.07093885546383098,0.07373723240520498,8.267021906641048,0.9014847432081439,0.8463775122550815,0.9207801591094094
IMG_20190806_153124_leaf00.png,olive_peacock_spot,2,0.0,0.7694530902623388,0.16473988439306358,0.010226767452200978,0.030013339261894176,11.007741775996076,0.9451372176672023,0.9027377132821248,0.936367399847674
IMG_20190806_153124_leaf01.png,aculus_olearius,1,0.9116190476190477,0.001142857142857143,0.0,0.012,0.06038095238095238,6.728422135929113,0.9257313596760075,0.8869298722762655,0.9294733454826044
IMG_20190806_153127_leaf00.png,olive_peacock_spot,2,0.3262135922330097,0.4488673139158576,0.09967637540453074,0.035922330097087375,0.10711974110032363,4.579160111353873,0.9542918083070873,0.9326341472762653,0.9215307386663965
IMG_20190806_153154_leaf00.png,aculus_olearius,1,0.42873777363763393,0.0011644154634373545,0.0,0.04448067070330694,0.2624592454587797,4.623971773083085,0.9409233897804509,0.9072647658298241,0.9307381459264792
IMG_20190806_153158_leaf00.png,olive_peacock_spot,2,0.6693393968405936,0.2671134514121589,0.00035902345619913834,0.017472474868358068,0.04727142173288655,8.14470334960459,0.9005274334802901,0.8253042936339916,0.9474607321895291
IMG_20190806_153213_full.png,olive_peacock_spot,2,0.17167812142038946,0.5574169530355098,0.033218785796105384,0.31915807560137455,0.13831615120274915,8.08936506648169,0.9059821067553434,0.8467729621653026,0.9397385953749159
IMG_20190806_153226_leaf00.png,aculus_olearius,1,0.904774061781976,0.0015317845289762573,0.0,0.015573142711258616,0.06510084248149094,5.118892553140525,0.9442712556301596,0.9145900078100956,0.9199148638653365
IMG_20190806_153231_leaf00.png,olive_peacock_spot,2,0.029667519181585677,0.6122762148337596,0.028985507246376812,0.011082693947144074,0.2649616368286445,10.127329023192363,0.9271593352187015,0.874580844369528,0.9519505187746085
IMG_20190806_153234_leaf00.png,Healthy,0,0.8878963823135329,0.012728896828941492,0.00044662795891022776,0.07927646270656544,0.07414024117909782,7.195971390453225,0.9435256872690718,0.9047327484348676,0.9114980518095799
IMG_20190806_153234_leaf01.png,olive_peacock_spot,2,0.3642413487133984,0.11956521739130435,0.0013309671694764862,0.011535048802129548,0.17635314995563442,8.110386468747373,0.9467919417116714,0.9018120073184613,0.9228083094619588
IMG_20190806_153247_leaf00.png,aculus_olearius,1,0.7054043071921983,0.05160503860219423,0.0,0.2013409183258838,0.07110930516050386,4.924846721630959,0.9324503266618751,0.895359527945864,0.9317249750409825
IMG_20190806_153250_leaf00.png,Healthy,0,0.5907932733140818,0.21488024460676067,0.04399524375743163,0.36334295906234076,0.11313062680482419,7.646822216295785,0.9187714714415081,0.8696429528707372,0.920823586580523
IMG_20190806_153253_leaf00.png,olive_peacock_spot,2,0.0,0.9774774774774775,0.012474012474012475,0.008835758835758836,0.006583506583506584,10.589747515080244,0.9328932421337361,0.8760261424571194,0.9524003776304707
IMG_20190806_153253_leaf01.png,olive_peacock_spot,2,0.0025954764553207266,0.23414905450500556,0.03281423804226919,0.011308861698183166,0.44512421208750463,7.032782376058218,0.9369715481225793,0.8850716605519353,0.9564260169729393
IMG_20190806_153257_full.png,aculus_olearius,1,0.6236502960640892,0.062347614071752,0.0017415534656913968,0.030477185649599444,0.09090909090909091,9.100307245181414,0.9175956821680133,0.8770843101742359,0.9158240320607176
IMG_20190806_153359_leaf00.png,Healthy,0,0.48697394789579157,0.01169004676018704,0.0016700066800267202,0.022044088176352707,0.047428189712758854,6.077102344042037,0.960274102974829,0.9322623926965956,0.936180621706467
IMG_20190806_153359_leaf01.png,Healthy,0,0.854251012145749,0.017061885482938115,0.006362058993637941,0.01156737998843262,0.02891844997108155,7.297269722825185,0.9503874480095494,0.9218939702175083,0.9416497839768929
IMG_20190806_153402_leaf00.png,olive_peacock_spot,2,0.5582437275985663,0.3443847072879331,0.0017921146953405018,0.6768219832735962,0.0468936678614098,3.3730852659276405,0.9394904895783535,0.905206825522862,0.8754700624466444
IMG_20190806_153406_leaf00.png,olive_peacock_spot,2,0.02810108418367347,0.008629623724489796,0.0004982461734693878,0.0,0.9314413265306123,2.3941492430017925,0.785037532705502,0.24009943652512833,0.9685905430216761
IMG_20190806_153417_leaf00.png,Healthy,0,0.8615300745048156,0.03870616027621297,0.0036343812465927674,0.017081591858986007,0.06814464837361439,7.980872225571672,0.9284825771342665,0.8838942676269063,0.9278161276443421
IMG_20190806_153425_leaf00.png,olive_peacock_spot,2,0.011057173678532902,0.7548543689320388,0.14455231930960086,0.02400215749730313,0.053128371089536136,6.952419481072717,0.9462743811112602,0.9195109919925828,0.9055593162018644
IMG_20190806_153425_leaf01.png,olive_peacock_spot,2,0.4329714718505428,0.37086594294370107,0.0,0.011865690482201464,0.060085836909871244,6.535538189059544,0.9479151584365255,0.9152033104629601,0.9469231983550221
IMG_20190806_153428_full.png,aculus_olearius,1,0.77101408050064,0.003555681979803726,0.0,0.18404209927464088,0.09415445882520268,7.21974896805896,0.9079989591876639,0.8512910720769447,0.9300320204746271
IMG_20190806_153432_leaf00.png,aculus_olearius,1,0.6846702317290553,0.11657754010695187,0.0005347593582887701,0.09696969696969697,0.048484848484848485,10.89778544869103,0.9142104310724372,0.8794628327571631,0.9266152999625028
IMG_20190806_153502_leaf00.png,aculus_olearius,1,0.883869546055531,0.07646540326134861,0.0,0.14654032613486118,0.01873071837814015,5.563528000454989,0.9333758186585374,0.9020639103199655,0.9297888011230611
IMG_20190806_153506_full.png,Healthy,0,0.9713178294573643,0.001937984496124031,0.0,0.04689922480620155,0.01317829457364341,2.611671005069811,0.9669803077760184,0.9416929995110878,0.9166129070719571
IMG_20190806_153510_leaf00.png,Healthy,0,0.09173475896843959,0.00018225448801676743,0.0,0.0010023996840922208,0.848880653686097,3.6450243591313862,0.8006577805660868,0.2101639918580696,0.982127433961819
IMG_20190806_153605_full.png,Healthy,0,0.9526184538653366,0.0,0.0,0.6116850730317065,0.020662629141432135,1.720425998098429,0.9618992503702137,0.9365237272746391,0.9170836108009864
IMG_20190806_153610_leaf00.png,aculus_olearius,1,0.12410738255033557,0.00010738255033557047,0.0,0.006684563758389262,0.853503355704698,5.031897544719821,0.7783013883818822,0.1778112412031177,0.9787752287587261
IMG_20190806_153614_leaf00.png,olive_peacock_spot,2,0.08859626020542534,0.049486436660521466,0.026705293652883856,0.06452462470371345,0.7795628127469054,3.7565884742565228,0.7411344051007877,0.14438822179343505,0.9904043858445543
IMG_20190806_153636_full.png,aculus_olearius,1,0.22843674353420818,0.0,0.0,0.02063957191998981,0.3945725570136323,7.387845227345702,0.8973041670718671,0.8356077122035147,0.9403370957743566
IMG_20190806_153640_leaf00.png,Healthy,0,0.7308189655172413,0.020474137931034482,0.001939655172413793,0.014439655172413792,0.14310344827586208,5.499635668341062,0.9444711236660343,0.9012302162586698,0.9377874348154879
IMG_20190806_153640_leaf01.png,Healthy,0,0.636986301369863,0.06490541422048271,0.050880626223091974,0.4709719504240052,0.17416829745596868,5.872703043790697,0.9222756720223371,0.8810842598772127,0.8492035526553772
IMG_20190806_153645_leaf00.png,olive_peacock_spot,2,0.015923947704081634,0.08266900510204081,0.0031887755102040817,0.0,0.8875558035714286,2.1506089058165556,0.7437887019462852,0.2566902101433737,0.970351941740031
IMG_20190806_153648_leaf00.png,aculus_olearius,1,0.45305048511757934,0.07893438579181056,0.00164446637066272,0.23384311790823878,0.21476730800855123,7.953431810374861,0.881781376525464,0.8243024299476515,0.9256385034665153
IMG_20190806_153648_leaf01.png,aculus_olearius,1,0.40828804347826086,0.10427989130434782,0.0,0.3695652173913043,0.304008152173913,5.879907335476283,0.927526091756062,0.8772273756640848,0.8976556529677452
IMG_20190806_153720_full.png,Healthy,0,0.6772295156179267,0.016296966953372568,0.13648709823449526,0.006337709370755998,0.0599818922589407,7.492294140836524,0.9457457098389443,0.9057495156804201,0.9602521122735713
IMG_20190806_153727_leaf00.png,olive_peacock_spot,2,0.6195073891625615,0.2013793103448276,0.01458128078817734,0.014778325123152709,0.06679802955665025,6.304034542844262,0.9413825693269763,0.8908659386105089,0.9326639917858935
IMG_20190806_153737_leaf00.png,aculus_olearius,1,0.7081064260152482,0.051034697370468333,0.019293605103469738,0.4057880815310409,0.11420569472537731,6.097240500201353,0.9164093808774746,0.863345651368557,0.9122979157949889
IMG_20190806_153739_leaf00.png,olive_peacock_spot,2,0.4951228323699422,0.0657514450867052,0.027637283236994218,0.3321893063583815,0.21856936416184972,6.7216483480248375,0.9204546004348697,0.8788967670467362,0.9062701130205401
IMG_20190806_153739_leaf01.png,Healthy,0,0.37795941375422776,0.015501691093573845,0.017192784667418262,0.18291995490417137,0.23759864712514092,5.995953536209115,0.9500341246901305,0.9239773532783032,0.9105504420680605
IMG_20190806_153748_full.png,Healthy,0,0.5969199178644764,0.022587268993839837,0.03860369609856263,0.011498973305954825,0.14004106776180697,10.822361774996013,0.9338292212542886,0.8955348307998918,0.9224173726769849
IMG_20190806_153751_leaf00.png,Healthy,0,0.3151173151173151,0.002673002673002673,0.001188001188001188,0.017523017523017523,0.09414909414909414,7.320754575976513,0.9510479370177056,0.925502304568887,0.9424047387160603
IMG_20190806_153804_leaf00.png,olive_peacock_spot,2,0.07867383512544802,0.41774193548387095,0.3655913978494624,0.12007168458781362,0.06953405017921147,7.0917408766713095,0.9196853078887648,0.8766936182816356,0.9268290945920024
IMG_20190806_153816_leaf00.png,olive_peacock_spot,2,0.0011491611123879567,0.7336244541484717,0.05401057228223397,0.021144564467938404,0.09515054010572283,8.872453437652908,0.944197744139073,0.9055023256486641,0.9432142034657891
IMG_20190806_153821_leaf00.png,olive_peacock_spot,2,0.03276466836734694,0.07670998086734694,0.0006776147959183673,0.0,0.8774912308673469,1.4253093603343365,0.7812962221979912,0.25035524083677896,0.9751050257215589
IMG_20190806_153903_leaf00.png,olive_peacock_spot,2,0.7132121212121212,0.08654545454545455,0.0,0.03345454545454545,0.15151515151515152,6.366700765766697,0.9478849777971508,0.9114689202308611,0.9419915329662949
IMG_20190806_153907_full.png,olive_peacock_spot,2,0.01056281887755102,0.11136798469387756,0.00025908801020408165,0.0,0.8712133290816326,1.9642097137233674,0.7306826717136655,0.22886356400709204,0.9699161359779128
IMG_20190806_153914_leaf00.png,aculus_olearius,1,0.5027812895069532,0.23780025284450063,0.0,0.06687737041719342,0.05929203539823009,10.35045557762577,0.8908910483373053,0.8328677696739111,0.9293241756065237
IMG_20190806_153917_leaf00.png,aculus_olearius,1,0.796868266053728,0.07125413015371354,0.0,0.02973710673753771,0.040798735813819854,10.754543547325511,0.8974633661582743,0.8524979280583086,0.9297732364355242
IMG_20190806_153917_leaf01.png,olive_peacock_spot,2,0.03302021064617136,0.03351836037574722,9.48856627763545e-05,0.00965461618749407,0.901769617610779,3.175329288968098,0.7957054710714561,0.20339080848466076,0.9818364744592032
IMG_20190806_153936_leaf00.png,olive_peacock_spot,2,0.0,0.44493882091212456,0.32413793103448274,0.026028921023359287,0.16551724137931034,8.38966924084204,0.9379639537129039,0.903245558375957,0.9347255568273343
IMG_20190806_153943_leaf00.png,olive_peacock_spot,2,0.6329723225030084,0.14253242412087178,0.037037037037037035,0.4920443909613585,0.08771226099745956,6.032381538765788,0.9234931690403789,0.842625073123151,0.926287484720277
IMG_20190806_153947_full.png,olive_peacock_spot,2,0.00043233895373973193,0.7764807609165586,0.05015131863380891,0.01297016861219196,0.038478166882836146,9.80727022828776,0.9433975959856066,0.8995420159716417,0.9416721167171853
IMG_20190806_153952_leaf00.png,aculus_olearius,1,0.8978915662650603,0.035240963855421685,0.009939759036144578,0.12228915662650602,0.03253012048192771,7.86095461597867,0.8955903026897695,0.8551604593427047,0.9265190358470713
IMG_20190806_154002_leaf00.png,Healthy,0,0.09347368421052632,0.0,0.0,0.023578947368421053,0.06821052631578947,3.9588897196511725,0.9687211272208764,0.9455090167279954,0.9293569283647598
IMG_20190806_154005_leaf00.png,olive_peacock_spot,2,0.1260861527084489,0.7665002773155851,0.08874098724348309,0.00979848400813459,0.012017008689221667,9.813011622378944,0.9199531451446308,0.8847956698690437,0.9426961302912371
IMG_20190806_154009_leaf00.png,olive_peacock_spot,2,0.9568690095846646,0.0,0.0,0.5976437699680511,0.016174121405750797,2.8714456375858077,0.9367584752789011,0.8904571094125742,0.9232974353997332
IMG_20190806_154020_full.png,olive_peacock_spot,2,0.5525667351129363,0.3728952772073922,0.004722792607802875,0.5223819301848049,0.053388090349075976,4.912135921978242,0.9411974485751449,0.8960358181455581,0.886411936786309
IMG_20190806_154023_leaf00.png,olive_peacock_spot,2,0.4355121951219512,0.02848780487804878,0.0011707317073170731,0.19395121951219513,0.24429268292682926,5.815013408347025,0.9343905850304886,0.8905720014052176,0.9255689661949889
IMG_20190806_161721_leaf00.png,olive_peacock_spot,2,0.09360791655522867,0.8248194704466435,0.00561647499331372,0.025140411874832843,0.029954533297673176,7.543873883634042,0.9528785199931775,0.9183417415321715,0.9390615270199323
IMG_20190806_161816_leaf00.png,aculus_olearius,1,0.6835954101147471,0.11878453038674033,0.00042498937526561835,0.10985975350616235,0.04823629409264769,9.791078032195653,0.927933884718397,0.8985152080933408,0.9254106214414575
IMG_20190806_161831_leaf00.png,olive_peacock_spot,2,0.00013950892857142856,0.06540975765306123,0.009028220663265306,0.0,0.9141222895408163,1.4559189944518698,0.8388521945966598,0.26803884908689646,0.9709888652397272
IMG_20190806_161838_leaf00.png,olive_peacock_spot,2,0.07037839926165998,0.03262432658667983,0.00315511579489601,0.01901654826039364,0.8885192419136743,2.5367137972815907,0.8082526213181996,0.17250078429249116,0.9851908141668002
IMG_20190806_161913_leaf00.png,olive_peacock_spot,2,0.8223463687150838,0.1042830540037244,0.0,0.34711359404096837,0.027560521415270017,1.8237050554957943,0.9665069918324928,0.9403999934683319,0.932137979300893
IMG_20190806_161923_full.png,Healthy,0,0.9518289026584049,0.0,0.0,0.40875474715170895,0.02338596841894863,2.7643864807047054,0.9396792243240253,0.8918690659381183,0.9388070030049939
IMG_20190806_161941_full.png,aculus_olearius,1,0.7483474976392823,0.00015738117721120554,0.0,0.019200503619767075,0.12905256531318854,7.973287387566115,0.9146559070946386,0.8657131785599106,0.9294161909561722
IMG_20190806_162001_leaf00.png,olive_peacock_spot,2,0.6814139617607826,0.09959982214317474,0.01200533570475767,0.2627834593152512,0.08626056024899956,4.656172459497691,0.9382897402345236,0.9030313322628221,0.9253588084663293
IMG_20190806_162031_leaf00.png,Healthy,0,0.47794035518820505,0.02881715626047135,0.14777169663799844,0.1559253881380543,0.2042890651178376,8.67655677957606,0.8901021326826792,0.8111503652745369,0.9501077513043876
IMG_20190806_162031_leaf01.png,Healthy,0,0.7154761904761905,0.031746031746031744,0.05337301587301587,0.16666666666666666,0.12837301587301586,6.733317242471175,0.9143585997439829,0.8693284756470897,0.9062663587066009
IMG_20190806_162522_leaf00.png,Healthy,0,0.7981686379244564,0.04235024799694773,0.0034338038916444107,0.24952308279282717,0.12933994658527279,4.149231995747522,0.9649065513152975,0.9420053305907385,0.9085549739340635
IMG_20190806_162544_leaf00.png,olive_peacock_spot,2,0.18481225089154604,0.45710090203482273,0.17935808684707363,0.014264736731697085,0.02936857562408223,7.2946243325717965,0.9350855551576794,0.8972932305536967,0.9355966482312303
IMG_20190806_162551_leaf00.png,olive_peacock_spot,2,0.015615734334848785,0.8392963036173157,0.060881597153587666,0.0075113658825854916,0.034987151610990315,10.323248463320908,0.9402194190611055,0.8927249935393451,0.9529765762405029
IMG_20190806_162551_leaf01.png,olive_peacock_spot,2,0.129043358568479,0.7123193392980042,0.1169993117687543,0.007914659325533379,0.009979353062629044,7.320293726321015,0.9257420973740611,0.8756516360428771,0.9505255794847568
IMG_20190806_162600_full.png,aculus_olearius,1,0.6745762711864407,0.125115562403698,0.0003081664098613251,0.05670261941448382,0.11309707241910631,6.306174878109054,0.9516911294508699,0.9297552971927873,0.9189306422093089
IMG_20190806_162608_full.png,Healthy,0,0.7121069478440971,0.10450009414422896,0.0028243268687629447,0.01035586518546413,0.08378836377330069,7.707198231569121,0.9332087818600017,0.8878421690158502,0.9222724942971802
IMG_20190806_162621_leaf00.png,aculus_olearius,1,0.6313843625907162,0.19430371080377926,0.016157743393126114,0.03710803779268794,0.04354374914418732,11.60894472268006,0.9048997361712967,0.844828694187841,0.9214471074241987
IMG_20190806_162629_leaf00.png,olive_peacock_spot,2,0.032772746873652434,0.9449475348569786,0.00043122035360068997,0.01078050884001725,0.009055627425614488,10.262695717300073,0.9175332633109479,0.8526702718114737,0.9606446889003841
IMG_20190806_162636_leaf00.png,olive_peacock_spot,2,0.09412550066755675,0.3164218958611482,0.001557632398753894,0.03137516688918558,0.5062305295950156,7.17626328515179,0.936806128991555,0.9038903750037866,0.9335908703810685
IMG_20190806_162636_leaf01.png,Healthy,0,0.6112204724409449,0.001968503937007874,0.0,0.030183727034120734,0.07611548556430446,6.132835485867224,0.9608370316263202,0.9315238964345034,0.9318175180762004
IMG_20190806_162636_leaf02.png,Healthy,0,0.8787172011661808,0.014285714285714285,0.0011661807580174927,0.14110787172011663,0.08396501457725948,5.344465754997998,0.957216591330304,0.9265554101241984,0.901817321881689
IMG_20190806_162642_full.png,Healthy,0,0.43670169765561845,0.48682295877122067,0.0,0.07421180274858528,0.03734842360549717,7.688094326209152,0.9190903748682175,0.8680123378179054,0.9222732116349119
IMG_20190806_162646_full.png,Healthy,0,0.7541504768632992,0.014482515012363122,0.0010596962204168139,0.42493818438714237,0.18014835747085836,4.707955429067014,0.9486255379362761,0.9166695906276044,0.8735194480263204
IMG_20190806_162823_leaf00.png,aculus_olearius,1,0.5745492371705964,0.04889042995839112,0.0,0.03559870550161812,0.07246879334257975,10.974965559697196,0.8769125677041316,0.8173577496406675,0.9396838416620208
IMG_20190806_162900_leaf00.png,olive_peacock_spot,2,0.0006681514476614699,0.7993318485523385,0.04120267260579064,0.009799554565701559,0.07193763919821826,7.916527105840467,0.9452878761666057,0.9033957959842986,0.9466971582633996
IMG_20190806_162916_full.png,Healthy,0,0.25911774921847863,0.0,0.004862799583188607,0.019103855505383814,0.09795067731851337,6.181124286554819,0.9598037941930238,0.9361884813237509,0.9414366606523996
IMG_20190806_163107_full.png,olive_peacock_spot,2,0.2946643717728055,0.6161790017211703,0.023407917383821,0.06265060240963856,0.045438898450946646,2.834897700887835,0.9630639426596755,0.9361142466288217,0.94543266584563
IMG_20190806_163823_leaf00.png,Healthy,0,0.3669043374925728,0.0066844919786096255,0.00014854426619132502,0.04916815210932858,0.2333630421865716,9.74153313878134,0.9021353920561068,0.858621355849186,0.9370784696556982
IMG_20190806_163823_leaf01.png,aculus_olearius,1,0.3616885601326361,0.005356459635250606,0.11988266802703737,0.10712919270501212,0.3152659099604642,8.687507654406883,0.8918179866868516,0.8322542087174255,0.9354852261385316
IMG_20190806_163828_leaf00.png,aculus_olearius,1,0.1603875134553283,0.15087908144958737,0.02099031216361679,0.4370290635091496,0.3570147111589523,7.290297780892098,0.8982716295617575,0.8371055112299902,0.8971874964232744
IMG_20190806_163828_leaf01.png,olive_peacock_spot,2,0.8605376860297648,0.048487758041286605,0.0,0.07273163706192991,0.0314450312049928,3.3763152218889836,0.9440150311984207,0.9057113339750336,0.9385257703781682
IMG_20190806_163840_leaf00.png,Healthy,0,0.5309080962800875,0.016137855579868708,0.012308533916849015,0.016958424507658644,0.07549234135667396,6.039525455749619,0.9537064183960102,0.9209557294818951,0.9524496356074038
IMG_20190806_163852_leaf00.png,aculus_olearius,1,0.10210796915167095,0.00493573264781491,0.0,0.00035989717223650384,0.8733161953727506,4.2699973195987315,0.797754859045898,0.20125649435563617,0.9790682963086136
IMG_20190806_163857_full.png,olive_peacock_spot,2,0.872396819386596,0.047330556607345704,0.0,0.37864445285876563,0.03445664521014767,2.418735515506622,0.9624687547450423,0.9397856421613071,0.9135760045420225
IMG_20190806_163908_leaf00.png,Healthy,0,0.9298911667932169,0.010124019235636548,0.0,0.4325487218425715,0.0407491774234371,4.701505662630614,0.9594703573341509,0.9162564280281527,0.8864956978327855
IMG_20190806_163940_leaf00.png,olive_peacock_spot,2,0.010660639638378303,0.04108246494789687,6.000360021601296e-05,0.0,0.9311958717523051,2.741981465102434,0.7035417805821386,0.20443229657713358,0.9791199950220514
IMG_20190806_163943_leaf00.png,olive_peacock_spot,2,0.229695885509839,0.28694096601073343,0.09409660107334526,0.008050089445438283,0.3184257602862254,12.939835047074709,0.9313859585323738,0.8812073723661851,0.9447736620963446
IMG_20190806_163948_leaf00.png,aculus_olearius,1,0.7004782781984854,0.11638102829812674,0.013750498206456756,0.3810282981267437,0.05759266640095655,7.16110176176352,0.9147883148450893,0.8723058100419246,0.8870882634192931
IMG_20190806_163948_leaf01.png,aculus_olearius,1,0.12172315912506261,0.6635498413758557,0.0,0.007513775254633495,0.07747537151444314,8.738283322124838,0.922227394333937,0.8730831564033834,0.9600322636342578
IMG_20190806_163952_full.png,aculus_olearius,1,0.5703055661214657,0.23824014200583238,0.0003803727653100038,0.08279447191581082,0.06884747052111069,10.4186317054415,0.8869687454958264,0.8328624395517149,0.9208750613762942
IMG_20190806_163956_leaf00.png,olive_peacock_spot,2,0.42402826855123676,0.31751640585562846,0.17566885411408378,0.019939424533064107,0.04921756688541141,5.519511627089502,0.9442967147232008,0.9149716927960548,0.9367186305719459
IMG_20190806_164025_leaf00.png,Healthy,0,0.46378621378621376,0.0531968031968032,0.022227772227772228,0.03071928071928072,0.10864135864135864,11.128542903449421,0.9381894629788669,0.9124120513891079,0.8984899148200294
IMG_20190806_164029_leaf00.png,olive_peacock_spot,2,0.6375023368853991,0.17498597868760515,0.0,0.5262665918863338,0.09123200598242662,6.924130966632783,0.9075093590199158,0.8502432594861923,0.8959065587487807
IMG_20190806_164035_leaf00.png,Healthy,0,0.9354455445544555,0.012673267326732674,0.010297029702970298,0.019603960396039604,0.023762376237623763,8.162814967526986,0.9341781786863212,0.8903455098145528,0.9472895379818381
IMG_20190806_164035_leaf01.png,aculus_olearius,1,0.8533656916592157,0.004853748882360454,0.0,0.047387916719887596,0.03461489334525482,8.689204894617195,0.8882658467674968,0.8358235178008329,0.9298826598409157
IMG_20190806_164054_leaf00.png,olive_peacock_spot,2,0.029745042492917848,0.1214018093758567,0.014004386365713242,0.00027414785707758385,0.8330668006945079,2.8556734827425077,0.7408165040523282,0.14342918736001756,0.9775186804745153
IMG_20190806_164054_leaf01.png,olive_peacock_spot,2,0.186438592173271,0.34309623430962344,0.0002461235540241201,0.011198621708097465,0.2229879399458528,9.423954824685783,0.8961197978793436,0.8283401652697469,0.9505330241990098
IMG_20190806_164101_leaf00.png,aculus_olearius,1,0.006746987951807229,0.9281927710843374,0.0163855421686747,0.04096385542168675,0.021204819277108433,8.283062011023556,0.9317923760853337,0.9085857701556223,0.9424243887528083
IMG_20190806_164208_leaf00.png,aculus_olearius,1,0.7087270705947749,0.09602556976097833,0.0,0.05266814897165092,0.0632295719844358,9.641535919731638,0.9010443745022516,0.8424491483873066,0.926396130064491
IMG_20190806_164208_leaf01.png,olive_peacock_spot,2,0.0004506534474988734,0.5319212858645035,0.138801261829653,0.009163286765810425,0.031095087877422264,12.337714115052353,0.9208613190568977,0.8593202849301718,0.9527915111586511
IMG_20190806_164211_full.png,olive_peacock_spot,2,0.23179142136248948,0.33994953742640877,0.07434819175777965,0.010933557611438183,0.12296047098402019,8.467392361825544,0.932629581117048,0.8732197432169817,0.949315402262836
IMG_20190806_164215_leaf00.png,Healthy,0,0.6726726726726727,0.11918168168168168,0.009009009009009009,0.008445945945945946,0.08933933933933934,8.407066168136598,0.9368454820805004,0.8868846045094009,0.9332482618647184
IMG_20190806_164215_leaf01.png,olive_peacock_spot,2,0.6929611650485437,0.1742718446601942,0.00024271844660194174,0.037864077669902914,0.06941747572815533,6.39243420289802,0.9430077156132942,0.9113657851914726,0.9147279112850655
IMG_20190806_164309_leaf00.png,olive_peacock_spot,2,0.9218461538461539,0.025846153846153845,0.0,0.5403076923076923,0.023384615384615386,1.8707758543223965,0.9615086717240872,0.9283906193366083,0.930367867512311
IMG_20190806_164309_leaf01.png,Healthy,0,0.06736288265306123,0.004643654336734694,0.0007374043367346938,0.0028698979591836736,0.9173708545918368,3.575690762679698,0.7848465820717275,0.20533707058356007,0.971853825555014
IMG_20190806_164312_leaf00.png,Healthy,0,0.8514347009922231,0.022794314829713058,0.022794314829713058,0.5626173236792705,0.053633681952266025,4.456636991421178,0.901368059819247,0.8311371633051521,0.8828399640195587
IMG_20190806_164358_leaf00.png,Healthy,0,0.9343138654862202,0.008282164786520062,0.0,0.620591175210624,0.026274453805511924,4.122024156765095,0.9068087378514512,0.8436946666240251,0.9234727776648763
IMG_20190806_164402_full.png,aculus_olearius,1,0.9365939376189779,0.029140430516913163,0.0,0.009811099721774784,0.022111582955044663,10.706574420040258,0.8985026066902099,0.8547552090178522,0.9358867651874474
IMG_20190806_164405_leaf00.png,olive_peacock_spot,2,0.054509877003354454,0.09555534849049571,0.00018635855385762206,0.0,0.8421543048825941,4.927190940406838,0.756795809703147,0.1637146072560602,0.9728016189708041
IMG_20190806_164409_leaf00.png,olive_peacock_spot,2,0.9748953974895398,0.00029886431560071725,0.0,0.20472205618649134,0.012253436939629408,2.239274228145877,0.9550354644926489,0.9252868998849928,0.9354570619435003
IMG_20190806_164409_leaf01.png,olive_peacock_spot,2,0.0028281876031110063,0.9092623144001886,0.061041715767145885,0.03252415743577657,0.011548432712703276,8.230709693975735,0.9436997291050645,0.9075340332197064,0.9399137415666994
IMG_20190806_164413_leaf00.png,aculus_olearius,1,0.8995518059583443,0.027946216715001318,0.00817295017136831,0.16556815185868706,0.04811494858950699,8.416537930711932,0.8962124953814913,0.8403021625634044,0.9216533561315443
IMG_20190806_164503_leaf00.png,olive_peacock_spot,2,0.018016751360796994,0.17110892401630948,0.007190632092714966,0.0,0.7941430493904031,2.0738528444320172,0.7218764604496242,0.1897519047904347,0.9785016574476811
IMG_20190806_164729_full.png,aculus_olearius,1,0.8641413465399544,0.0032124213626020613,0.0001338508901084192,0.01887297550528711,0.024896265560165973,8.19987237521756,0.8898192805621526,0.841974551380575,0.9414064624482177
IMG_20190806_164732_leaf00.png,aculus_olearius,1,0.7781652037994469,0.03691234820247685,0.0007214139713839125,0.015630636046651436,0.07779247324756523,8.851700030218836,0.8854586445601527,0.8246133732834334,0.950033714926452
IMG_20190806_164737_leaf00.png,Healthy,0,0.8969875710975352,0.044870444491257634,0.0027385717295133768,0.015167474194227933,0.03939330103223088,5.995267991208108,0.938882038554177,0.8994699730145181,0.937431315585425
IMG_20190806_164737_leaf01.png,Healthy,0,0.657292954264524,0.02812113720642769,0.025648949320148332,0.16409147095179233,0.09363411619283066,4.776361777894925,0.9542087469850111,0.9307362616191024,0.9033669304465985
IMG_20190806_164740_leaf00.png,aculus_olearius,1,0.8548858981860737,0.02730641700799688,0.0,0.010142383460113126,0.0528574214940511,6.1216306568331635,0.9336507215215082,0.8901653878774999,0.9373241090365857
IMG_20190806_164802_full.png,Healthy,0,0.6794551645856981,0.18206583427922815,0.007264472190692395,0.28467650397275823,0.02292849035187287,6.106087907739754,0.9408835999960854,0.9049439164427119,0.8905046575787684
IMG_20190806_164808_leaf00.png,Healthy,0,0.771388985105646,0.03654312435053689,0.02909594735019051,0.3179771388985106,0.12348458607551091,6.496147976265229,0.9212908523968334,0.8677904012982783,0.9088348345047194
IMG_20190806_164811_leaf00.png,aculus_olearius,1,0.908411214953271,0.0003298515667949423,0.0,0.485761407366685,0.045299615173172075,7.9046262692726135,0.8753475353309563,0.7988717787229697,0.9210522091226471
IMG_20190806_164829_leaf00.png,olive_peacock_spot,2,0.0,0.5092184695708925,0.20965899820525372,0.0065263501386849405,0.040952847120248,9.747853912606525,0.9243306874700353,0.8708632226126258,0.9599002816627685
IMG_20190806_164832_leaf00.png,olive_peacock_spot,2,0.07967479674796749,0.802439024390244,0.0,0.5658536585365853,0.08373983739837398,1.4669997677408209,0.9706992681152402,0.9566235132127585,0.8638213286731364
IMG_20190806_164858_full.png,olive_peacock_spot,2,0.8717698683568991,0.009507557289127255,0.0,0.32593856655290104,0.03705509507557289,2.4411982562082826,0.9496977799098976,0.9110580914739934,0.9417653282591022
IMG_20190806_164901_leaf00.png,olive_peacock_spot,2,0.017293264077829995,0.03802869156566906,0.012738065792728173,0.0,0.9047736829087312,1.3596264178317088,0.813751991369883,0.2020563637298903,0.9795954051279254
IMG_20190806_164917_leaf00.png,olive_peacock_spot,2,0.0,0.8335224049914918,0.06806579693703914,0.010777084515031198,0.015314804310833806,8.904017766557942,0.9477998926949445,0.9229275803338267,0.9322830652024823
IMG_20190806_164920_leaf00.png,olive_peacock_spot,2,0.581803671189146,0.3840782122905028,0.0003990422984836393,0.22725458898643255,0.0213487629688747,8.087573437015124,0.9223146550648973,0.8883683270829819,0.9301042490336425
IMG_20190806_164947_leaf00.png,aculus_olearius,1,0.039456990611519915,0.0032986551636640447,0.004947982745496067,0.0076122811469170265,0.75780258817559,9.8690128496205,0.9122443863663549,0.8343874546992516,0.9569171558007327
IMG_20190806_165048_full.png,aculus_olearius,1,0.17169222770990383,0.0012997140629061607,0.0,0.008968027034052509,0.18806862490252144,10.351262823169758,0.8897152531757782,0.8366518140916367,0.9356088601830338
IMG_20190806_165052_leaf00.png,Healthy,0,0.13308361204013378,0.0013377926421404682,0.0,0.031625418060200666,0.8633578595317726,5.403896066015231,0.7499686788477808,0.16999583583149544,0.9749205644971057
IMG_20190806_165056_leaf00.png,aculus_olearius,1,0.6662099674601816,0.283438945024833,0.000685048809727693,0.014899811611577324,0.020893988696694638,5.326117778950041,0.9253649209361559,0.8752219618161075,0.9372419161604243
IMG_20190806_165100_leaf00.png,aculus_olearius,1,0.4114050689195198,0.007114273010226767,0.1346153846153846,0.09615384615384616,0.26400622498888393,9.57718237562339,0.8802696646488585,0.8093376779161294,0.938448646770572
IMG_20190806_165143_leaf00.png,olive_peacock_spot,2,0.41893297666815277,0.5231089314905633,0.0028235993461138355,0.19884083816317433,0.03759845445088423,7.4585406515139585,0.906010842776269,0.8553043834956501,0.9292496659404004
IMG_20190806_165147_leaf00.png,olive_peacock_spot,2,0.2369124351517057,0.48215689357019337,0.13881465178431066,0.19116491117748782,0.06524131425876435,5.757455754809573,0.9123710784875276,0.8655812195958221,0.9408726586191205
IMG_20190806_165159_leaf00.png,olive_peacock_spot,2,0.33444909344490936,0.36150627615062764,0.09177126917712691,0.01896792189679219,0.1714086471408647,8.089778223293267,0.9080584169043083,0.8478928465253368,0.9504199031007168
IMG_20190806_165234_leaf00.png,olive_peacock_spot,2,0.07211413748378728,0.8674448767833982,0.03527885862516213,0.05914396887159533,0.019714656290531776,8.66505356454387,0.9450473834890548,0.9177330911857923,0.9349585066858297
IMG_20190806_165237_full.png,olive_peacock_spot,2,0.46069364161849713,0.24990366088631985,0.0,0.1554913294797688,0.0884393063583815,7.19972526566664,0.9231916766123989,0.8882826308572573,0.9202274113375475
IMG_20190806_165244_leaf00.png,Healthy,0,0.7641341325125547,0.09509152762028188,0.050542685890166854,0.22031427182893246,0.06965818888708894,7.133448698986173,0.9157118664200772,0.8691820453907415,0.9247956180316476
IMG_20190806_165248_leaf00.png,olive_peacock_spot,2,0.0034896705750977106,0.5180067001675042,0.10678391959798995,0.005443886097152429,0.1192071468453378,11.309141164658069,0.9135000249800662,0.8491159381404488,0.9612622688100486
IMG_20190806_165316_leaf00.png,olive_peacock_spot,2,0.10650796104498376,0.5455248106353378,0.056422940176225074,0.012521255217189674,0.13773380738908642,8.526437687872422,0.9155204401003624,0.8626568448246466,0.9622271908691586
IMG_20190806_165320_full.png,Healthy,0,0.5,0.04464112040459055,0.24100369577903133,0.05747908967127018,0.15065162419762693,11.631476103937327,0.869434748206742,0.7830283121547665,0.9451724416107896
IMG_20190806_165327_leaf00.png,olive_peacock_spot,2,0.6708880073237717,0.04211168751907232,0.0007628928898382667,0.01281660054928288,0.11840097650289899,7.073650025291118,0.9178747325442067,0.8599741233127116,0.9385622013560728
IMG_20190806_165330_leaf00.png,Healthy,0,0.3823424706301175,0.006407974368102528,0.008187967248131008,0.021715913136347454,0.2032751868992524,5.385813639011912,0.960335594585491,0.9374800040678485,0.9296236753453057
IMG_20190806_165341_leaf00.png,olive_peacock_spot,2,0.3977882037533512,0.2848525469168901,0.10103887399463807,0.1390750670241287,0.10254691689008043,7.486382764557866,0.9281456673879388,0.8737277857068546,0.938722246714028
IMG_20190806_165352_leaf00.png,olive_peacock_spot,2,0.5974816659748167,0.2359208523592085,0.0690466306904663,0.39615331396153314,0.0493980904939809,7.4757139704793705,0.9028811915437164,0.8273439886996993,0.9225483462537504
IMG_20190806_165356_full.png,aculus_olearius,1,0.86515697375193,0.03088008234688626,0.0,0.5226453937210499,0.049922799794132784,5.54092118478977,0.9449159613429318,0.9137740026003286,0.8857896737480465
IMG_20190806_165408_leaf00.png,Healthy,0,0.6341463414634146,0.007173601147776184,0.002510760401721664,0.024031563845050216,0.01649928263988522,3.9391024886152506,0.9630914350076465,0.9377210351233217,0.9352349881965389
IMG_20190806_165417_leaf00.png,olive_peacock_spot,2,0.9660761402186204,0.017715793441387108,0.0,0.026762156049754994,0.006407840180927252,3.4975460605076276,0.9605046571692903,0.9410209753187933,0.928541896865579
IMG_20190806_165420_leaf00.png,Healthy,0,0.8328701130257551,0.049471928849360754,0.0,0.6963127663516768,0.08615897720956087,6.198864711027447,0.9219738344497432,0.8212180716384313,0.8677906326035639
IMG_20190806_165420_leaf01.png,olive_peacock_spot,2,0.5102512272596015,0.3391568004620271,0.08850707479064394,0.2591683511406295,0.015304649148137454,9.597065354685952,0.9051578913876379,0.8517065001671948,0.9180451745983433
IMG_20190806_165423_leaf00.png,aculus_olearius,1,0.2878009352808729,0.03989377056751919,0.017377749552566248,0.033600831360775935,0.5946538883436291,7.553210199438486,0.7329707694516747,0.17128856278656676,0.9720966935051237
IMG_20190806_165437_leaf00.png,olive_peacock_spot,2,0.674376581134803,0.03885074087459342,0.0003614022406938923,0.08673653776653416,0.1526924466931695,6.085899205318455,0.9287634802481443,0.8825842176364178,0.9225161583473451
IMG_20190806_165440_full.png,olive_peacock_spot,2,0.07792887029288703,0.6971757322175732,0.18802301255230125,0.022751046025104603,0.01961297071129707,9.08536674845838,0.9426545992232557,0.9151662668408963,0.912047962402617
IMG_20190806_165447_leaf00.png,olive_peacock_spot,2,0.09551696284329564,0.7360662358642972,0.1039983844911147,0.034733441033925685,0.028675282714054926,6.681684915256045,0.9270872311463398,0.892079602710774,0.9356914066737246
IMG_20190806_165450_leaf00.png,Healthy,0,0.7093720416535184,0.05380246134427264,0.0003155569580309246,0.07604922688545282,0.014673398548437994,7.147841248865742,0.9086945046338212,0.8645916471117473,0.9274368126347259
IMG_20190806_165510_full.png,aculus_olearius,1,0.9205889452087859,0.001448225923244026,0.0,0.02196475983586773,0.05141202027516292,4.737905357468893,0.943455753698927,0.9103617842219399,0.9173234075626961
IMG_20190806_165540_leaf00.png,Healthy,0,0.9286422200198216,0.020482325735051207,0.0,0.011562603237528906,0.032375289065080935,3.418509053759445,0.9599288341737696,0.9346798110232846,0.9499747722571514
IMG_20190806_165546_leaf00.png,Healthy,0,0.8085901027077498,0.017429193899782137,0.0,0.018674136321195144,0.08839091192032368,3.1553213709595207,0.9618922351707737,0.9306233748043681,0.9355958053852265
IMG_20190806_165546_leaf01.png,aculus_olearius,1,0.9244894135281994,0.00918118793329586,0.0,0.012928611579539067,0.032977328086940226,6.885779397995724,0.9299667182470931,0.8843247375203358,0.93325651360934
IMG_20190806_165546_leaf02.png,Healthy,0,0.7740140729831452,0.017018491245295368,0.016363933889707086,0.41417116674848636,0.09196530846015383,6.272068697261462,0.8820959637436915,0.7825200459416447,0.9138373621845409
IMG_20190806_165550_full.png,olive_peacock_spot,2,0.7631417153396864,0.05733169382108823,0.0009222256378727329,0.16815247463879496,0.04595757762065785,7.2013764435575744,0.9076070081244318,0.8606292615390663,0.9439056000699153
IMG_20190806_165553_leaf00.png,olive_peacock_spot,2,0.35305183946488294,0.5406563545150501,0.0030309364548494985,0.006897993311036789,0.058946488294314384,13.278681289693875,0.9058069061051526,0.7986985056004139,0.9640656621625437
IMG_20190806_165627_leaf00.png,olive_peacock_spot,2,0.10074801309022909,0.4742870500233754,0.21972884525479197,0.027816736792893877,0.14118747078073865,7.516741184659268,0.9398250319761974,0.9078216711916781,0.9360540352154422
IMG_20190806_165634_leaf00.png,aculus_olearius,1,0.22401953303830308,0.0025942316496261253,0.0004578055852281398,0.013886769418586907,0.44101938043644134,8.208705787420019,0.9136421779592758,0.8615761282987638,0.935505521755334
IMG_20190806_165638_leaf00.png,olive_peacock_spot,2,0.05269227996828372,0.15579422859751557,0.0002402748744563781,2.402748744563781e-05,0.7886061654532786,4.855430670457224,0.699156641781274,0.17679867265455107,0.964787712943269
IMG_20190806_165641_leaf00.png,aculus_olearius,1,0.3890675241157556,0.004946821667078902,0.0,0.01607717041800643,0.17684887459807075,5.168258632359386,0.9462028797156142,0.9129183311660477,0.9216364838101776
IMG_20190806_165654_leaf00.png,olive_peacock_spot,2,0.3551269035532995,0.476751269035533,0.01197969543147208,0.04,0.10091370558375634,4.724513134418899,0.9414779089806229,0.8954679532080404,0.9517193483352219
IMG_20190806_165654_leaf01.png,aculus_olearius,1,0.12103852905848655,0.0067448951307400905,9.239582370876836e-05,0.0020019095136899812,0.8598355354337984,5.550701229741654,0.8148046223381005,0.2543868076719888,0.9663337983589637
IMG_20190806_165706_leaf00.png,Healthy,0,0.8474479612204163,0.017393783860849728,0.000855431993156544,0.015112631879098944,0.05617336755061306,7.008755033791614,0.9561612452438585,0.9234391171743128,0.9402838023231531
IMG_20190806_165706_leaf01.png,Healthy,0,0.7154973014649191,0.12323310203032639,0.04690310974042663,0.569390902081727,0.06759187869442303,7.422058162260958,0.8926540355498764,0.8161296504089701,0.8993427347255605
IMG_20190806_165715_leaf00.png,aculus_olearius,1,0.1459917380111357,0.029276177932108006,5.986948452373825e-05,0.002364844638687661,0.7983595761240496,6.071962047366327,0.7778856660078649,0.14459133992685663,0.9748587712974008
IMG_20190806_165718_full.png,olive_peacock_spot,2,0.7848984771573604,0.06281725888324872,0.0,0.6421319796954315,0.12626903553299493,6.179453678245929,0.9220067304899352,0.8396631152702133,0.8238549065895198
IMG_20190806_165723_leaf00.png,Healthy,0,0.8253568429890848,0.02225020990764064,0.006087321578505458,0.009235936188077247,0.0883711167086482,7.835055272971376,0.9390212277098987,0.8993284557506829,0.9420246521232971
IMG_20190806_165726_leaf00.png,Healthy,0,0.931185144729656,0.014199890770071,0.002730748225013654,0.019115237575095576,0.024576734025122882,4.144884564294789,0.9745029883919093,0.9584721997295798,0.9299716691158595
IMG_20190806_165728_leaf00.png,Healthy,0,0.4244776119402985,0.01791044776119403,0.010149253731343283,0.03343283582089552,0.09791044776119404,4.179324096834266,0.9745537415513508,0.9613685874689646,0.915389082972621
IMG_20190806_165745_leaf00.png,Healthy,0,0.6050997057862046,0.013076168682576005,0.002615233736515201,0.02386400784570121,0.04413206930369402,4.847430184560788,0.9573233154736278,0.9324248718187245,0.9366420599321733
IMG_20190806_165745_leaf01.png,olive_peacock_spot,2,0.18769409937888198,0.296777950310559,0.3918866459627329,0.3953804347826087,0.09569099378881987,7.51663918628834,0.9299953401757068,0.883357294843868,0.8946038243798778
IMG_20190806_165748_full.png,olive_peacock_spot,2,0.3871423525256093,0.414929942305428,0.1276345225479807,0.30495702343106085,0.05439773931472978,8.63886987616689,0.8870874675791214,0.815385714147367,0.8996408020578386
IMG_20190806_165752_leaf00.png,Healthy,0,0.6571914104742778,0.054379731191101496,0.12436273752510428,0.00849683299860961,0.1217364436891704,9.69628893511505,0.9186685823094727,0.8634471111433155,0.9443637551151796
IMG_20190806_165752_leaf01.png,aculus_olearius,1,0.34377059986816083,0.016150296638101518,0.0,0.24851680949241925,0.495385629531971,5.647658720697518,0.9492844889171388,0.927535324059708,0.9249727028666901
IMG_20190806_165756_leaf00.png,aculus_olearius,1,0.7484390176217566,0.09060635493270432,0.00013875398917718884,0.04717635632024421,0.06576939086998751,8.111280449140496,0.9030827713457006,0.8478174440030141,0.9432168609251039
IMG_20190806_165758_leaf00.png,Healthy,0,0.7460583696746058,0.012411942301241194,0.0010063737001006373,0.02146930560214693,0.03555853740355586,5.548849157634678,0.9599778514205353,0.9328797144771233,0.934419423567468
IMG_20190806_165819_leaf00.png,Healthy,0,0.2936170212765957,0.42105263157894735,0.00022396416573348266,0.008286674132138858,0.174020156774916,8.315101139627775,0.94177666484214,0.9036256962312241,0.9242417121649711
IMG_20190806_165822_leaf00.png,olive_peacock_spot,2,0.3241616509028375,0.49211808541129265,0.01347090856979077,0.016050444253367727,0.07222699914015478,5.744503637519074,0.9601347553129292,0.9229165010020701,0.9390684935651941
IMG_20190806_165822_leaf01.png,olive_peacock_spot,2,0.7653210116731517,0.0012159533073929961,0.0,0.29717898832684825,0.04644941634241245,2.6667673364619753,0.9464099266085811,0.9088940379863026,0.9373593321519704
IMG_20190806_165825_leaf00.png,Healthy,0,0.5873959571938169,0.01872770511296076,0.013971462544589775,0.2541617122473246,0.13912009512485138,5.490035003739212,0.9520049618063302,0.9273140132464865,0.9045876743406219
IMG_20190806_165940_leaf00.png,Healthy,0,0.6990077177508269,0.014332965821389196,0.004410143329658214,0.06063947078280044,0.022050716648291068,1.4294161761807043,0.9866391003167917,0.9786470199774108,0.9094472307500265
IMG_20190806_165942_leaf00.png,aculus_olearius,1,0.00752212389380531,0.9002212389380531,0.036061946902654865,0.02101769911504425,0.034955752212389384,8.949229042686135,0.9262034332550031,0.9021096199961416,0.9445970546481015
IMG_20190806_165945_leaf00.png,aculus_olearius,1,0.1151046405823476,4.135991397137894e-05,0.0,0.0,0.8802837290098436,3.6847944388604112,0.8039716069480368,0.26385012283095405,0.9759864190319305
IMG_20190806_165957_leaf00.png,olive_peacock_spot,2,0.6365866957470011,0.23555070883315157,0.0,0.015539803707742638,0.0703380588876772,5.0665324684546915,0.9455130090898762,0.918373667093744,0.9323605295020945
IMG_20190806_170000_leaf00.png,olive_peacock_spot,2,0.0025486222816436524,0.09429902442081514,0.0017965698050930665,0.0002506841588501953,0.8915373206041488,1.7497599958403454,0.8122018698426829,0.20079865994095375,0.9776891988760659
IMG_20190806_170000_leaf01.png,aculus_olearius,1,0.6768253968253968,0.15326984126984128,0.0027936507936507935,0.17396825396825397,0.05638095238095238,10.455199163142026,0.8833573304000084,0.8339313011377898,0.9171676590006815
IMG_20190806_170003_leaf00.png,Healthy,0,0.23020193151887622,0.001755926251097454,0.0,0.43125548726953467,0.16330114135206322,5.683699111327755,0.9192226790114176,0.8775059362709463,0.9082746682411145
IMG_20190806_170003_leaf01.png,Healthy,0,0.6555310431768043,0.006933501418216199,0.011660888748818153,0.062401512763945795,0.25685471162937284,6.667309395299897,0.9576241154618215,0.930855546072628,0.9173742028737356
IMG_20190806_170006_leaf00.png,aculus_olearius,1,0.0,0.06139180171591992,0.012011439466158246,0.009914204003813156,0.8390848427073403,11.530791007330354,0.9207763967250769,0.8861198909185256,0.9583960398451072
IMG_20190806_170009_leaf00.png,olive_peacock_spot,2,0.6556462000858738,0.28080721339630743,0.045513095749248604,0.0369257191927866,0.011592958351223702,3.327072632260846,0.9657001492544703,0.9478434028260505,0.9469241678521932
IMG_20190806_170030_leaf00.png,olive_peacock_spot,2,0.06443661971830986,0.905281690140845,0.01619718309859155,0.012852112676056338,0.008802816901408451,11.57310004029172,0.9146828322261377,0.878280689221203,0.9347863006599008
IMG_20190806_170111_leaf00.png,Healthy,0,0.6668183887118798,0.02639963586709149,0.0013654984069185253,0.032771961766044605,0.058716431497496585,4.2186056985746445,0.9691384146537941,0.9500979475873867,0.930854515438583
IMG_20190806_170114_full.png,olive_peacock_spot,2,0.08628996933858958,0.02474813841436706,0.008760402978537012,0.015549715286903198,0.7041173893999124,8.539701235357674,0.9427005590905808,0.8992005780428602,0.937299929192451
IMG_20190806_170119_leaf00.png,aculus_olearius,1,0.025260336117125477,0.005361377461593979,0.0012372409526755336,0.1843489019486545,0.803587998762759,8.591347829662894,0.8666381602407623,0.7965859579183024,0.939444527751411
IMG_20190806_170122_leaf00.png,Healthy,0,0.6254499921740492,0.07059007669431835,0.16857098137423698,0.046329629049929565,0.11864141493191423,8.23645917275136,0.9262983450873248,0.8645513615240408,0.9426894400490511
IMG_20190806_170128_leaf00.png,Healthy,0,0.22136290675616518,0.00034048348655090226,0.0,0.10258281044797898,0.7255703098399727,6.660055621722622,0.8254577466200186,0.20200619967297254,0.9796758330778716
IMG_20190806_170149_leaf00.png,Healthy,0,0.4012953367875648,0.00025906735751295336,0.002849740932642487,0.031088082901554404,0.06709844559585493,5.568708765844995,0.9499606198175308,0.9158189149750597,0.9445039674820965
IMG_20190806_170149_leaf01.png,olive_peacock_spot,2,0.6936432371884627,0.11453374404928592,0.0156818818258191,0.01652198263791655,0.09353122374684962,4.725176304999318,0.9494291996088808,0.9225214652698218,0.9387147830555478
IMG_20190806_170152_full.png,olive_peacock_spot,2,0.0,0.021134128478761248,0.14354467461812095,0.009206947060054404,0.04164051056706424,8.759881884799253,0.9493144319281285,0.8981680006005816,0.9521858077975947
IMG_20190806_170157_leaf00.png,Healthy,0,0.5481510015408321,0.1891371340523883,0.019838212634822803,0.019838212634822803,0.026001540832049308,10.160757494615403,0.9249389202166195,0.888768074899136,0.913578865970984
IMG_20190806_170201_leaf00.png,Healthy,0,0.7296726504751848,0.011615628299894404,0.0,0.011404435058078142,0.09186906019007392,6.368070089367129,0.9416905124473269,0.8991199630253124,0.9473191168582419
IMG_20190806_170204_leaf00.png,olive_peacock_spot,2,0.07719443868022412,0.07242166424569413,0.04336999377464204,0.2305457563809919,0.5214774849553849,6.744975538507769,0.9361581153352977,0.8964872716379869,0.9160592602218834
IMG_20190806_170225_leaf00.png,olive_peacock_spot,2,0.32978287587054483,0.23965587873822203,0.1536255632937321,0.20319541171650962,0.18230233510856206,4.581559926488589,0.9620549026340572,0.9455858776022594,0.9065715195627551
IMG_20190806_170228_full.png,aculus_olearius,1,0.4702347680268306,0.0034935718278367805,0.029485746226942427,0.15371716042481834,0.2582448295136948,7.7076069044380615,0.9038154578427744,0.8467214702955891,0.9313933691014502
IMG_20190806_170234_leaf00.png,Healthy,0,0.275035023816195,0.01322499299523676,0.0,0.0,0.7040627626786214,4.652867929683055,0.7178469782934096,0.15435513588888267,0.9750902405504679
IMG_20190806_170245_leaf00.png,aculus_olearius,1,0.689807976366322,0.04811141591052965,0.019202363367799114,0.4194977843426883,0.13948090314412323,7.09766393837611,0.9197814969523836,0.885197910314868,0.8893935594853037
IMG_20190806_170248_leaf00.png,Healthy,0,0.6946983546617916,0.047328864513508026,0.012593946780418443,0.3126142595978062,0.14543977249644527,6.496119895008583,0.9290101269564349,0.8833990121077576,0.8984210471789174
IMG_20190806_170251_leaf00.png,olive_peacock_spot,2,0.2772543741588156,0.5310901749663526,0.10955585464333782,0.19650067294751009,0.06164199192462988,6.844784296091484,0.9424040980441986,0.9177233084597496,0.9050025957972261
IMG_20190806_170251_leaf01.png,Healthy,0,0.38721748241281245,0.014069750037419547,0.0,0.049543481514743304,0.4123634186499027,9.676742795255121,0.9055075422590801,0.8585549081973831,0.9309503633042611
IMG_20190806_170254_leaf00.png,olive_peacock_spot,2,0.29525820694951044,0.6594355922441928,0.000959877135726627,0.016509886734497985,0.021117296985985794,9.09869026301428,0.9346556293584796,0.8887184836466124,0.9450791108775256
IMG_20190806_170258_leaf00.png,aculus_olearius,1,0.6457812800307515,0.226215644820296,0.003843936190659235,0.035364212954064965,0.0482413991927734,7.651998452450824,0.9274389568402484,0.8891487173439697,0.9326454694554338
IMG_20190806_170329_leaf00.png,Healthy,0,0.5640040106951871,0.03776737967914438,0.0015040106951871657,0.027406417112299464,0.24732620320855614,6.591699615341004,0.9154913514840616,0.8727979172428899,0.9427589460041812
IMG_20190806_170329_leaf01.png,Healthy,0,0.9085076708507671,0.0001394700139470014,0.0,0.18591352859135285,0.025662482566248257,3.9154086565636503,0.910819800947194,0.8474864675133535,0.9528553928868944
IMG_20190806_170332_full.png,aculus_olearius,1,0.11971627563629361,0.050293673973745866,9.628654876913695e-05,0.018390730814905158,0.8193985300253555,7.138373222909317,0.7677048815882836,0.1476880858878841,0.9733957542959804
IMG_20190806_170336_leaf00.png,olive_peacock_spot,2,0.8572423398328691,0.1297585886722377,0.0,0.2509285051067781,0.008820798514391829,2.765989988397871,0.9392544452886016,0.9010838368788929,0.9384834334247815
IMG_20190806_170340_leaf00.png,Healthy,0,0.517149569303054,0.023335943617854345,0.12607674236491778,0.28300704776820673,0.14502740798747063,7.019119168881629,0.9064439313942366,0.8545751388610715,0.9164671376912626
IMG_20190806_170420_leaf00.png,olive_peacock_spot,2,0.07254087723851545,0.05342157626092223,0.0009083830781209447,0.0,0.8368803529717104,2.804315536580283,0.7053832535392076,0.18911741140093172,0.9793745382197944
IMG_20190806_170423_leaf00.png,aculus_olearius,1,0.6480257856567284,0.06494762288477035,0.0378726833199033,0.43738920225624495,0.13327961321514908,6.232944803481761,0.9146993938847874,0.8636664972962866,0.9193455587978115
IMG_20190806_170425_leaf00.png,Healthy,0,0.9547831436481082,0.017225469086434943,0.0,0.3451245770532144,0.015072285450630576,2.4865252995816878,0.9541635722429181,0.9256902866455405,0.9192158152204012
IMG_20190806_170428_leaf00.png,olive_peacock_spot,2,0.08128872366790582,0.6812887236679058,0.021313506815365552,0.020074349442379184,0.10855018587360594,8.42179610072709,0.9465010882282687,0.9131316488071339,0.9318222810666805
IMG_20190806_170431_leaf00.png,olive_peacock_spot,2,0.10263761467889908,0.31981077981651373,0.13259747706422018,0.009030963302752293,0.30275229357798167,8.16986392910028,0.9047063585056232,0.8530427697821573,0.9557716742070291
IMG_20190806_170444_leaf00.png,olive_peacock_spot,2,0.3511301636788776,0.43764614185502726,0.002338269680436477,0.012470771628994544,0.13717848791894,6.512390854496196,0.9370054511685972,0.8913696495350995,0.9516165573018849
IMG_20190806_170448_full.png,olive_peacock_spot,2,0.06007846983815596,0.920058852378617,0.0012260912211868563,0.010789602746444336,0.009318293281020108,9.003892198048426,0.9399623826305514,0.9115861082230325,0.9318227796984868
IMG_20190806_170452_leaf00.png,olive_peacock_spot,2,0.033803405896429155,0.07525033106428455,0.005180865645981925,0.021327509699602724,0.8847896289756755,3.4883516682802957,0.7571035613256495,0.15680476137484847,0.9789762719067934
IMG_20190806_170455_leaf00.png,olive_peacock_spot,2,0.037923250564334085,0.8489841986455982,0.009480812641083521,0.010158013544018058,0.0309255079006772,8.033859065789017,0.9472436076118884,0.9042566612043126,0.9483759568050472
IMG_20190806_170458_leaf00.png,olive_peacock_spot,2,0.07144332025603964,0.4998967582077225,0.3817881478422465,0.06111914102828825,0.03303737352880446,5.399430240360967,0.9435285318192165,0.8964652323267701,0.9417417177261787
IMG_20190806_170511_leaf00.png,olive_peacock_spot,2,0.0,0.6461666320382298,0.24475379181383752,0.010180760440473717,0.054851444005817575,9.805742970264738,0.9366340879469484,0.8970207759145739,0.9356813454414274
IMG_20190806_170514_leaf00.png,olive_peacock_spot,2,0.6902883569096845,0.004760609357997824,0.0,0.008977149075081611,0.12091947769314472,7.552241962238373,0.9048439795970394,0.8446306718354064,0.9398572627332116
IMG_20190806_170519_leaf00.png,olive_peacock_spot,2,0.32475691847419597,0.49094988780852655,0.06851159311892296,0.14540014958863126,0.0605833956619297,9.697732085245024,0.9069568854750691,0.8565174815253251,0.9373478445786192
IMG_20190806_170522_leaf00.png,olive_peacock_spot,2,0.9505389980976537,0.012999365884590995,0.0,0.2663284717818643,0.027584020291693087,2.252864922271057,0.950090568095832,0.9222157475575828,0.924782338820977
IMG_20190806_170526_leaf00.png,aculus_olearius,1,0.12498378939177798,0.028627934120088187,0.0013941123070937622,0.016340293087796654,0.8302100894825574,5.000871741849532,0.7494687153232555,0.18593625855086135,0.9753510320757106
IMG_20190806_170539_leaf00.png,aculus_olearius,1,0.39254926108374383,0.24261083743842365,0.012623152709359606,0.5846674876847291,0.20997536945812809,6.769527343534713,0.9112020419074487,0.8381127696717006,0.8264664880052831
IMG_20190806_170542_full.png,olive_peacock_spot,2,0.08645955451348183,0.7183470105509965,0.021981242672919107,0.014361078546307152,0.08352872215709262,8.183172768934917,0.9511471468250768,0.9249549640411503,0.9192693360889818
IMG_20190806_170545_leaf00.png,olive_peacock_spot,2,0.6586157905419119,0.20621067586766795,0.009742236655165415,0.03227115892023544,0.079155672823219,7.475859902429253,0.9319395899060849,0.8927359330286863,0.905739427899361
IMG_20190806_170548_leaf00.png,aculus_olearius,1,0.0024255024255024253,0.24896049896049896,0.043485793485793484,0.009182259182259182,0.5050242550242551,12.91421710543429,0.9074187148892194,0.8685097679553279,0.9588104171833682
IMG_20190806_170551_leaf00.png,aculus_olearius,1,0.8707525213343678,0.015205585725368502,0.0,0.5233514352211016,0.06346004654771141,4.430435842843453,0.9149213973766768,0.850090417259556,0.9190695103711496
IMG_20190806_170603_leaf00.png,aculus_olearius,1,0.7688672490333668,0.17542603465559214,0.0,0.006873836459974223,0.018903050264929114,9.010620512433853,0.9018099139207929,0.8522025540757394,0.940705063002197
IMG_20190806_170603_leaf01.png,Healthy,0,0.4827418570734079,0.01385512882839086,0.0007292173067574137,0.016042780748663103,0.018473505104521146,6.94787978359661,0.9419066445195446,0.9098381175829808,0.9497705880083155
IMG_20190806_170606_full.png,olive_peacock_spot,2,0.02547872446636449,0.03648090094047643,0.0001797088716279627,0.0,0.8904574589165551,2.7381478074154866,0.7482043169997129,0.22306179690060515,0.9743938713158089
IMG_20190806_170609_leaf00.png,aculus_olearius,1,0.4916653684374513,0.019161863218569872,0.0,0.05312353949213273,0.26608505997818976,5.70915671805103,0.9171343581538876,0.8650725196557902,0.9416596092127665
IMG_20190806_170609_leaf01.png,Healthy,0,0.8894230769230769,0.0,0.0,0.4091346153846154,0.08942307692307692,2.039835980097439,0.9663256306213219,0.943342294210523,0.8894242771720857
IMG_20190806_170613_leaf00.png,aculus_olearius,1,0.8183466279912981,0.00012086052695189751,0.0,0.11288373217307228,0.05885907662557409,8.104012657580974,0.8867744083990696,0.8262585393727175,0.9314912921234871
IMG_20190806_170621_leaf00.png,olive_peacock_spot,2,0.0,0.4633663366336634,0.2617161716171617,0.02046204620462046,0.15775577557755777,6.284462359883458,0.9607134809955947,0.9345257927764019,0.9398554520212883
IMG_20190806_170624_leaf00.png,Healthy,0,0.6284116331096197,0.012080536912751677,0.0015659955257270694,0.0174496644295302,0.04675615212527964,8.684845709799784,0.9396918171426263,0.9026197771863699,0.9496843313697891
IMG_20190806_170628_leaf00.png,Healthy,0,0.09347368421052632,0.0,0.0,0.023578947368421053,0.06821052631578947,3.9588897196511725,0.9687211272208764,0.9455090167279954,0.9293569283647598
IMG_20190806_170628_leaf01.png,aculus_olearius,1,0.6234914397979231,0.011366825708672467,0.0,0.009261857984844232,0.19618299186079147,8.654631930816265,0.8988094919691816,0.849447038879974,0.9417300713831825
IMG_20190806_170631_1_full.png,Healthy,0,0.7839943342776204,0.007436260623229462,0.0,0.5934844192634561,0.1388101983002833,6.997012516631193,0.92260474258133,0.8501223649783092,0.8863371901521248
IMG_20190806_170631_full.png,olive_peacock_spot,2,0.31443798449612403,0.0939922480620155,0.04699612403100775,0.03246124031007752,0.3066860465116279,4.795399782886509,0.9675470558381118,0.951087087579642,0.9265798932811496
IMG_20190806_170634_leaf00.png,Healthy,0,0.23124827013562138,0.16053141433711596,0.0,0.11790755604760587,0.3696374204262386,8.535686340334484,0.9114818023386927,0.8478646770744884,0.9257543577196687
IMG_20190806_170652_leaf00.png,aculus_olearius,1,0.5573770491803278,0.0060396893874029335,0.0,0.03313201035375324,0.21570319240724764,10.3011367383274,0.9048821060482765,0.8769533694780531,0.9201440239272627
IMG_20190806_170654_full.png,Healthy,0,0.6994442069260368,0.02436938862761864,0.0271483539974348,0.2864471996579735,0.14621633176571183,6.296907610491457,0.9266188095722523,0.8856716870114838,0.9026606902244931
IMG_20190806_170657_leaf00.png,Healthy,0,0.1471030850263356,0.0,0.0018811136192626034,0.020316027088036117,0.2178329571106095,6.24427110659705,0.9641891218207154,0.9407628465689029,0.9376935979092847
IMG_20190806_170703_leaf00.png,olive_peacock_spot,2,0.15101177891875567,0.3817577771066143,0.20839625490788283,0.3068559347629115,0.12579281183932348,10.313830598641363,0.8937739515171175,0.8325805437891121,0.9170650714071422
IMG_20190806_170709_leaf00.png,aculus_olearius,1,0.2543110144477241,0.00015535187199005747,0.00015535187199005747,0.07876339909895914,0.46931800528196366,6.6057084031438045,0.9086145511589744,0.8634450339406278,0.9419012543202223
IMG_20190806_170720_leaf00.png,Healthy,0,0.6407490331772847,0.002646041115408101,0.004477915733767555,0.02137187054752697,0.04640749033177285,8.528494504044948,0.9376369269857808,0.8937663203538917,0.9500143076347469
IMG_20190806_170724_full.png,aculus_olearius,1,0.16420324194215652,0.026552333671819174,0.0,0.0012787242844785438,0.7073601865433073,7.110234195868704,0.7396015694323489,0.17790372215937783,0.9759431381466092
IMG_20190806_170729_leaf00.png,Healthy,0,0.6254019292604501,0.061322921451538816,0.02181901699586587,0.2939825447864033,0.166054203031695,5.335692672205024,0.9384392103358657,0.9052185008156517,0.9146550374491279
IMG_20190806_170733_leaf00.png,Healthy,0,0.6935425685425686,0.02813852813852814,0.016955266955266956,0.44246031746031744,0.17965367965367965,7.642932056402928,0.9064166587198852,0.8526896246000609,0.9024848099209268
IMG_20190806_170736_leaf00.png,Healthy,0,0.838884585592564,0.036147689129873484,0.0010327911179963851,0.017557449005938548,0.052672347017815646,7.382832473925983,0.9521753858226559,0.9146601672060389,0.9424855386769406
IMG_20190806_170818_leaf00.png,aculus_olearius,1,0.566672538312489,0.02924079619517351,0.0,0.1440901884798309,0.13651576536903293,7.655072353622176,0.9118181800222636,0.8758717082807888,0.937849556607627
IMG_20190806_170820_leaf00.png,Healthy,0,0.4855159927579964,0.014785757392878697,0.0018105009052504525,0.025648762824381412,0.07724803862401931,7.884550390093787,0.9564481540846894,0.9271686263376866,0.9364616255051051
IMG_20190806_170823_leaf00.png,olive_peacock_spot,2,0.2359835286664555,0.32958504909724423,0.06889452011403231,0.008869179600886918,0.1289198606271777,10.34722632369585,0.9270297686014642,0.8651853105159718,0.9415828396628492
IMG_20190806_170823_leaf01.png,olive_peacock_spot,2,0.06716864363073749,0.04264053635894791,0.0,0.0,0.8860856111397628,2.3632639822917856,0.7999852273000269,0.22085638341479,0.9798065728458599
IMG_20190806_170826_full.png,Healthy,0,0.8076575763048582,0.004515080368430558,0.0,0.005598699656853892,0.12100415387393895,6.658565526072352,0.9371640275077703,0.882540466784565,0.946906079033435
IMG_20190806_170830_leaf00.png,olive_peacock_spot,2,0.045974773371411266,0.057333246792583455,0.0005408796867224855,0.0,0.8622703965729863,2.841548837109879,0.726089701125859,0.1959502141849221,0.9745631614584493
IMG_20190806_170932_leaf00.png,Healthy,0,0.9333849728892332,0.008907823392718823,0.0,0.6812548412083657,0.038729666924864445,2.2794460510143804,0.9556075907891963,0.9312281970884124,0.8852089875537621
IMG_20190806_170935_leaf00.png,olive_peacock_spot,2,0.5317073170731708,0.2642754662840746,0.018077474892395983,0.013199426111908177,0.09325681492109039,4.9512270240969,0.9543943714151372,0.9246761450474856,0.9388222792059133
IMG_20190806_170938_leaf00.png,aculus_olearius,1,0.3507174392935982,0.0041390728476821195,0.024282560706401765,0.0173841059602649,0.293598233995585,8.291879933242507,0.9420222576936153,0.9174073936182452,0.9224414521581168
IMG_20190806_170938_leaf01.png,Healthy,0,0.15022413218241767,0.0047790167821287,0.0002593264920534953,0.0006668395509947024,0.8366243100062979,4.871703283115579,0.8246769926989655,0.2621020433796332,0.9715399588301152
IMG_20190806_170942_full.png,olive_peacock_spot,2,0.5792079207920792,0.2913366336633663,0.030445544554455445,0.06584158415841584,0.05396039603960396,5.315345990068925,0.9443681903539778,0.9124043882793434,0.9241744679375492
IMG_20190806_170946_leaf00.png,Healthy,0,0.00021939447125932427,0.0,0.0,0.018429135585783237,0.991882404563405,6.975426952861018,0.9391017272128033,0.90159509300918,0.9407387825549995
IMG_20190806_171002_leaf00.png,olive_peacock_spot,2,0.7044261065266316,0.0046886721680420105,0.0,0.12040510127531882,0.1494748687171793,5.979739282743015,0.9304054975494687,0.8863855307662489,0.9068427430564134
IMG_20190806_171006_full.png,aculus_olearius,1,0.9211056196229178,0.004759289767527,0.0,0.30075050338641773,0.02892183781804869,4.885002498325907,0.9250536965898672,0.8831496802468042,0.9190510222609275
IMG_20190806_171012_leaf00.png,aculus_olearius,1,0.12334613743064447,0.020059752454118653,3.2831018746511706e-05,0.006631865786795364,0.7627958895564529,7.6080632203294485,0.7616019406283969,0.14992556495612783,0.9721313861503896
IMG_20190806_171015_leaf00.png,aculus_olearius,1,0.7256393997040794,0.10019023462270134,0.0,0.37116888607059817,0.1253434791798774,5.412937596563188,0.9300714042534819,0.8901269477664078,0.916997739625314
IMG_20190806_171029_leaf00.png,aculus_olearius,1,0.881490639350053,0.003885552808194984,0.0010596962204168139,0.21476510067114093,0.054221123277993645,7.197429034135075,0.920748742868131,0.8794262442041448,0.9050935984887488
IMG_20190806_171032_full.png,Healthy,0,0.06635993270770416,0.0,0.0,0.0008107505523238138,0.8777388167095689,4.374837785450514,0.7869585322409811,0.2378487672137497,0.9783696069636972
IMG_20190806_171034_leaf00.png,Healthy,0,0.6559254327563249,0.11105193075898802,0.0002663115845539281,0.010652463382157125,0.038348868175765646,8.350943466813916,0.9439637641627787,0.917551149773105,0.9068001751026428
IMG_20190806_171037_leaf00.png,olive_peacock_spot,2,0.34994086339444114,0.5586930810171497,0.024689532820816085,0.37389118864577175,0.048344175044352455,6.88232304822567,0.9063515346906159,0.8457689947480271,0.9217402434385705
IMG_20190806_171040_leaf00.png,olive_peacock_spot,2,0.08515840952583457,0.01341696789283436,0.0,0.0,0.8891558579630023,2.2580934484435216,0.8281910682321212,0.2620642079747433,0.981374648204099
IMG_20190806_171049_leaf00.png,aculus_olearius,1,0.003278056305437717,0.05379868877747782,0.00674893945237177,0.012919398380254531,0.8682992672580023,10.278602571590529,0.9207966321683639,0.8889478543101175,0.9582027173159529
IMG_20190806_171052_leaf00.png,olive_peacock_spot,2,0.8099084544964997,0.05654281098546042,0.003769520732364028,0.6241249326871298,0.0840064620355412,2.5511099252567178,0.9712636719145338,0.955786418882713,0.8503807039092057
IMG_20190806_171055_leaf00.png,olive_peacock_spot,2,0.8864255153636718,0.030338389731621937,0.0,0.38039673278879815,0.039673278879813305,2.2712993161217345,0.9640988814734572,0.9410985712141959,0.9106772989991836
IMG_20190806_171058_full.png,olive_peacock_spot,2,0.10355530474040632,0.587471783295711,0.07364559819413093,0.015237020316027089,0.042042889390519186,7.405426086871311,0.9559683245955675,0.9225604381879651,0.9409662246883796
IMG_20190806_171101_leaf00.png,Healthy,0,0.34908166801432366,0.0365022525124177,0.2687998151784683,0.022987178006237726,0.18424396442185514,8.421148646591936,0.8967512610388876,0.818917213216612,0.9454854380241351
IMG_20190806_171110_leaf00.png,Healthy,0,0.7845744680851063,0.0,0.0,0.023936170212765957,0.04673252279635259,3.8139036552012375,0.9635122412511071,0.9413561647616056,0.933973367207953
IMG_20190806_171114_full.png,olive_peacock_spot,2,0.6686877436119533,0.021004763967085317,0.0,0.07860545690775228,0.12213079255088782,5.02301272570074,0.9383566340721714,0.9012323896702099,0.9341002371604242
IMG_20190806_171117_leaf00.png,olive_peacock_spot,2,0.13360625232601414,0.618161518422032,0.19129140305173056,0.04019352437662821,0.03982136211388165,5.161290993199502,0.9555463743106798,0.9405083535040283,0.9221514471062171
IMG_20190806_171117_leaf01.png,Healthy,0,0.42712338343236633,0.0006990562740300594,0.0003495281370150297,0.013282069206571129,0.08178958406151696,7.774050599888021,0.9614128227042391,0.9367418212727007,0.9291186690304963
IMG_20190806_171121_leaf00.png,olive_peacock_spot,2,0.0719741539197894,0.0009173763037712144,0.0,0.00692020820453503,0.912909080031111,4.714012827880387,0.8150039892850183,0.27569022883747446,0.9719171904501451
IMG_20190806_171124_leaf00.png,olive_peacock_spot,2,0.13322932917316693,0.22246489859594384,0.20499219968798751,0.02605304212168487,0.315600624024961,6.2988392386101175,0.9227923781406149,0.864720396151995,0.951211080065836
IMG_20190806_171132_leaf00.png,aculus_olearius,1,0.6751437699680511,0.005623003194888179,0.0,0.009329073482428115,0.2653035143769968,23.186438890836794,0.8973622899946271,0.8164582330152936,0.9337184019210847
IMG_20190806_171135_leaf00.png,Healthy,0,0.8729205175600739,0.02988293284041898,0.015403573629081947,0.2609365372766482,0.04944547134935305,7.011926743791534,0.9219898443353485,0.8615402645878958,0.9297681674531408
IMG_20190806_171138_leaf00.png,Healthy,0,0.7813814866760168,0.02769985974754558,0.011921458625525946,0.07784011220196353,0.08923562412342216,7.669151616320734,0.9206998722976849,0.8791100881830074,0.9234713735141573
IMG_20190806_171141_full.png,olive_peacock_spot,2,0.36074270557029176,0.2587227096510916,0.01754743929810243,0.09181799632728015,0.1887369924505203,10.252677774282912,0.9341902260124768,0.892916930646158,0.9128250929471752
IMG_20190806_171144_leaf00.png,olive_peacock_spot,2,0.396137339055794,0.1313304721030043,0.0027896995708154505,0.011158798283261802,0.29699570815450643,7.334982941089351,0.9321333964417016,0.9001238355337785,0.9369903892024514
IMG_20190806_171155_leaf00.png,olive_peacock_spot,2,0.6023329798515377,0.36320254506892896,0.0005302226935312832,0.13361611876988336,0.02332979851537646,7.095076522330036,0.942677418771961,0.918099389028296,0.9210377360627885
IMG_20190806_171204_full.png,olive_peacock_spot,2,0.4545849630595393,0.43198609300304214,0.030856149500217298,0.04041720990873533,0.04476314645806171,5.967851173325378,0.9382804978644543,0.9011389957784562,0.9341630963898346
IMG_20190806_171208_leaf00.png,Healthy,0,0.5105731775180857,0.2442960489705064,0.006399554813578186,0.34418475236505286,0.09279354479688369,9.368707148907939,0.8944269971384193,0.8369216048240091,0.9108785838629934
IMG_20190806_171222_leaf00.png,olive_peacock_spot,2,0.0013352997448979591,0.07150829081632654,0.0010762117346938774,0.0,0.9222935267857143,1.8475667636406081,0.7489726441855034,0.2785310041124966,0.9574357416251776
IMG_20190806_171224_full.png,olive_peacock_spot,2,0.02976057283508615,0.9404788543298277,0.004475274110539271,0.010516894159767285,0.006936674871335869,10.126048246135062,0.9436858480007624,0.9030596809539362,0.9393316242654958
IMG_20190806_171233_leaf00.png,Healthy,0,0.6551889048302247,0.03825920612147298,0.0014347202295552368,0.028694404591104734,0.06934481109516978,4.665688200944339,0.9701883054195654,0.9521574742166539,0.9271559870858286
IMG_20190806_171241_leaf00.png,Healthy,0,0.7347560975609756,0.018800813008130083,0.0020325203252032522,0.4375,0.19410569105691056,3.478680755244425,0.9703860501731191,0.9521411252601376,0.8711118784809714
IMG_20190806_171243_full.png,olive_peacock_spot,2,0.006703411291523909,0.05452107850439446,0.12900342618799346,0.009682705198867868,0.6345896022642634,8.715404661778262,0.910274613562206,0.8568236744981742,0.9538446638178294
IMG_20190806_171246_leaf00.png,olive_peacock_spot,2,0.08995276942893946,0.6708887934735939,0.038428510090167456,0.0111635895234006,0.07535422928295406,8.814853435768725,0.9356914729067862,0.8983945781226496,0.9348078259890317
IMG_20190806_171249_leaf00.png,olive_peacock_spot,2,0.05897753333468634,0.04134109958800966,0.0010959348933492988,0.0002638361780285349,0.8961703164004627,2.380257218875828,0.8142545337509209,0.2009492513566476,0.9792077644997799
IMG_20190806_171252_leaf00.png,olive_peacock_spot,2,0.3415841584158416,0.46214327315084447,0.021840419336051253,0.029120559114735003,0.08357600465928945,6.206151480081407,0.9602830872423663,0.9249127882043575,0.9315062494124601
IMG_20190806_171308_leaf00.png,olive_peacock_spot,2,0.10328860564116607,0.0794891583061565,0.004580646767407702,0.0041574348378102515,0.7687271278846872,4.646118169370208,0.710764967787173,0.18723649072187126,0.9802864263542257
IMG_20190806_171311_leaf00.png,olive_peacock_spot,2,0.47289293849658315,0.420501138952164,0.05740318906605923,0.3548974943052392,0.03804100227790433,4.869326906771594,0.944062233522832,0.903792462447069,0.9032956152432334
IMG_20190806_171314_leaf00.png,olive_peacock_spot,2,0.9127968060516916,0.0,0.0,0.3681445681865938,0.021643202353435597,3.797360488693534,0.9414144329788472,0.8958365944968787,0.9184687610874077
IMG_20190806_171314_leaf01.png,aculus_olearius,1,0.6420107033639144,0.03555045871559633,0.00038226299694189603,0.04548929663608563,0.11754587155963303,9.158211498422872,0.9350729743482593,0.889093372616922,0.917230995901598
IMG_20190806_171317_full.png,olive_peacock_spot,2,0.0024394820791893415,0.8663914430474761,0.1107149559016701,0.014449240007506099,0.017451679489585287,9.63255449213118,0.9213077668587104,0.885188214578654,0.9364466407144102
IMG_20190806_171323_leaf00.png,olive_peacock_spot,2,0.000177367860943597,0.8992550549840369,0.06952820148989003,0.009755232351897836,0.012415750266051791,10.081685476881127,0.9293176328459327,0.8788584610200408,0.948161717268636
IMG_20190806_171332_leaf00.png,olive_peacock_spot,2,0.22465005121201775,0.6584158415841584,0.03397063844315466,0.01212017753499488,0.028166609764424717,8.002548600502436,0.9317832213124172,0.8751092490985244,0.9525101594195292
IMG_20190806_171335_full.png,Healthy,0,0.42019704433497534,0.0049261083743842365,0.16420361247947454,0.24302134646962234,0.2896551724137931,8.049485515144127,0.8885424030114935,0.8069999885745971,0.9145344188961977
IMG_20190806_171337_leaf00.png,Healthy,0,0.7217639593908629,0.10104695431472081,0.02522208121827411,0.007296954314720812,0.07059010152284265,8.10525670254287,0.9200571825364698,0.8674556221672453,0.9417383129425547
IMG_20190806_171341_leaf00.png,Healthy,0,0.13703026609790778,0.02701604712573634,0.0,0.004996953077391834,0.7070891732683323,4.88681346762577,0.7759960502541474,0.2138900128808846,0.9783711608646386
IMG_20190806_171343_leaf00.png,Healthy,0,0.8259286234522942,0.03186453022578296,0.0014566642388929353,0.5,0.08667152221412965,7.0006534327251515,0.9026814028106592,0.8475043726711601,0.877196516138487
IMG_20190806_171419_leaf00.png,olive_peacock_spot,2,0.20149625935162094,0.5463840399002494,0.15660847880299253,0.02119700748129676,0.04339152119700748,8.731103261846116,0.9433280287094188,0.9109320285429073,0.9212014954762991
IMG_20190806_171422_full.png,aculus_olearius,1,0.37974449176078506,0.059063136456211814,0.0,0.01703388261433068,0.4376967228291057,8.599894405416306,0.9209877688174172,0.8852015461233426,0.9362197139191326
IMG_20190806_171428_leaf00.png,olive_peacock_spot,2,0.0002801905295601009,0.714065564583917,0.03796581675539367,0.006164191650322219,0.10759316335107873,13.516214434635119,0.9082697096561828,0.8482940972437891,0.9544311580784419
IMG_20190806_171428_leaf01.png,Healthy,0,0.6910435497124076,0.013804437140509449,0.001314708299096138,0.1988496302382909,0.13311421528348397,9.135384109015884,0.9106759712090772,0.8699463147011235,0.9131932349371921
IMG_20190806_171431_leaf00.png,olive_peacock_spot,2,0.00022904260192395785,0.163078332569858,0.440219880897847,0.010994044892349977,0.0728355474118186,6.243873983277211,0.9491851590260468,0.9066926166701774,0.948575556436882
IMG_20190806_171506_leaf00.png,olive_peacock_spot,2,0.0,0.8293237971391417,0.08550065019505852,0.021131339401820545,0.06501950585175553,4.62114888211226,0.9587091408217817,0.9331097544453465,0.9438654020607227
IMG_20190806_171509_leaf00.png,Healthy,0,0.4603814544890681,0.23910683826949913,0.00015506280043417584,0.04698402853155528,0.04543340052721352,8.538921119931052,0.9151556979784563,0.8634384763715269,0.9226452238155696
IMG_20190806_171509_leaf01.png,Healthy,0,0.6663791244339012,0.06857882251455683,0.0008626266982963123,0.2764718568039681,0.0649126590467975,5.888821503937797,0.9378975084167582,0.8989193425820485,0.9066378188619717
IMG_20190806_171512_leaf00.png,aculus_olearius,1,0.8497847233296125,0.06107478870993462,0.002551427204592569,0.5061393717110508,0.054377292297879125,5.309626879813564,0.9212331618753389,0.8554705271407437,0.9181977722120811
IMG_20190806_171512_leaf01.png,aculus_olearius,1,0.7722073153509391,0.02697359130066375,0.0008473379466177093,0.21324671656545685,0.06905804264934332,8.142948791926031,0.8996853179196949,0.8486206896013117,0.924854644546528
IMG_20190806_171516_full.png,olive_peacock_spot,2,0.000267022696929239,0.6285714285714286,0.2779706275033378,0.00814419225634179,0.08504672897196262,12.631047570373095,0.9132171765977752,0.8419246914528127,0.9528330156192333
IMG_20190806_171520_leaf00.png,olive_peacock_spot,2,0.06412514484356895,0.00305909617612978,0.0006720741599073001,0.05371958285052144,0.9226882966396291,4.171948169790471,0.8020840134270852,0.15209673502583773,0.9825049234856252
IMG_20190806_171556_leaf00.png,olive_peacock_spot,2,0.5048493245583651,0.0652926913751299,0.023553862140630412,0.035157603048146864,0.22947696570834777,6.840178471785263,0.9202574620591869,0.8771756528584792,0.9327754292131463
IMG_20190806_171602_leaf00.png,Healthy,0,0.9799587385794283,0.006778661951075744,0.0,0.023283230179781903,0.00825228411435308,3.8948579776856738,0.9525755321347404,0.9253565308053824,0.9455655196632616
IMG_20190806_171613_leaf00.png,aculus_olearius,1,0.29120051635111877,0.0,0.0,0.0664802065404475,0.4227624784853701,8.291359660024602,0.8693885181507837,0.8060934484634745,0.9454944062567784
IMG_20190806_171624_leaf00.png,aculus_olearius,1,0.6661680717976611,0.16358444384008702,0.10076149034539027,0.0515365787326625,0.036442752243676914,8.978822746759738,0.8949800832069267,0.8451023400009904,0.9391130832733741
IMG_20190806_171628_full.png,aculus_olearius,1,0.616484440706476,0.1536305018222596,0.0,0.13666947014297728,0.13274460330810203,10.796412927450753,0.8883177568463599,0.8475213177166122,0.9218569274265065
IMG_20190806_171634_leaf00.png,olive_peacock_spot,2,0.09499527856468366,0.5558073654390935,0.24041548630783757,0.016241737488196413,0.07195467422096317,8.005787546995185,0.9270688033553192,0.8872778781788665,0.9452883677540604
IMG_20190806_171634_leaf01.png,Healthy,0,0.9477280491971302,0.012640929279125385,0.0,0.007687051588657328,0.026990092244619065,7.192637148857338,0.9201706230801604,0.8745325165432432,0.934281051985025
IMG_20190806_171638_leaf00.png,olive_peacock_spot,2,0.0006103763987792472,0.7487283825025433,0.09155645981688708,0.006917599186164801,0.021363173957273652,9.22210163385782,0.9368526187008243,0.895940808848259,0.9361534988032925
IMG_20190806_171657_leaf00.png,olive_peacock_spot,2,0.9355145520258703,0.02092448164352292,0.0,0.2237017310252996,0.022826707247479552,3.6493795129296394,0.9293922563767509,0.8845896018520915,0.9397465482501036
IMG_20190806_171701_full.png,olive_peacock_spot,2,0.8415147265077139,0.07339878447872837,0.0,0.5378681626928471,0.04511453950444133,4.096003475553678,0.9398360464548697,0.907429393977502,0.8914899947524719
IMG_20190806_171711_leaf00.png,aculus_olearius,1,0.6882473024205308,0.05993000874890639,0.014289880431612716,0.05468066491688539,0.02216389617964421,16.182042226600316,0.9004501762520698,0.8530047205914365,0.9124662451557504
IMG_20190806_171711_leaf01.png,olive_peacock_spot,2,0.17431877566256065,0.1436570148776196,0.0,0.016530688423185624,0.6784514477683571,5.743562190743817,0.7464857754335679,0.17686821742022285,0.9717791194701211
IMG_20190806_171719_leaf00.png,olive_peacock_spot,2,0.34466403162055337,0.5794466403162055,0.007641633728590251,0.030303030303030304,0.05612648221343874,6.433479443432989,0.9494214571436104,0.9179057556055832,0.9372752806713146
IMG_20190806_171722_full.png,Healthy,0,0.863453276047261,0.028866809881847477,0.03168635875402793,0.314312567132116,0.06229860365198711,7.455501580159335,0.8888521098022667,0.8166125281789035,0.9161620117319162
IMG_20190806_171725_leaf00.png,olive_peacock_spot,2,0.10896726237545469,0.3163055511624229,0.06990352680689546,0.17033053930096473,0.3161473983868417,5.247606389917026,0.9076360740494427,0.8636331268717253,0.9443539321884652
IMG_20190806_171728_leaf00.png,olive_peacock_spot,2,0.0,0.059610960050198704,0.10562643798368543,0.011922192010039741,0.7205605521857352,6.87144115364309,0.9407270816925944,0.8971432206348335,0.9469641934885575
IMG_20190806_171731_leaf00.png,Healthy,0,0.8783399658897101,0.020655675573242372,0.00037900322152738296,0.10176236498010233,0.06632556376729203,6.47165043147292,0.9257583293539285,0.8872092484166106,0.9129616647341462
IMG_20190806_171812_leaf00.png,aculus_olearius,1,0.01585595270088686,0.8787960225745767,0.030099435635581834,0.02042461703843053,0.018543402311206665,7.876000326829408,0.9440955550148391,0.9158678860050182,0.9457907498545204
IMG_20190806_171815_leaf00.png,Healthy,0,0.958451906659078,0.004837791690381332,0.0,0.4262948207171315,0.010529311326124075,2.2688007636652228,0.9515733693450392,0.9176811251546422,0.9292674186480964
IMG_20190806_171815_leaf01.png,aculus_olearius,1,0.11151948272928365,0.06292326016675175,3.4030968181044753e-05,0.001225114854517611,0.7605240769099881,5.984362635188564,0.7331523562786382,0.2218854014659023,0.9681131275943229
IMG_20190806_171818_leaf00.png,olive_peacock_spot,2,0.1012853470437018,0.8370179948586118,0.0005141388174807198,0.02365038560411311,0.04087403598971722,8.035882909131063,0.949358582905942,0.9149506233839462,0.9325166965171324
IMG_20190806_171818_leaf01.png,olive_peacock_spot,2,0.3014663873547896,0.6233098457436679,0.0009521995810321843,0.00971243572652828,0.03466006474957151,10.83368427355392,0.9324237376877443,0.8872764529889843,0.9379140312321087
IMG_20190806_171821_leaf00.png,aculus_olearius,1,0.8198077949813134,0.10517885744794447,0.0,0.08489054991991457,0.025360384410037372,6.375729478579829,0.9396492024270553,0.9170187740778938,0.9219294546436889
IMG_20190806_171824_leaf00.png,Healthy,0,0.8377302140368342,0.0054753608760577405,0.00024888003982080636,0.07391737182677949,0.11622697859631657,7.664564135415987,0.9497545356881221,0.9142013895739378,0.9004164075539618
IMG_20190806_171832_leaf00.png,aculus_olearius,1,0.8627975771235386,0.00788843499084378,0.0,0.05874066769967601,0.07184110438089872,11.369258651200735,0.8912310625261047,0.849709308808811,0.9291241539743552
IMG_20190806_171836_leaf00.png,Healthy,0,0.7435697583787997,0.04676539360872954,0.000779423226812159,0.027279812938425563,0.05144193296960249,2.75412264552247,0.9820620223829136,0.9702032159001281,0.9285228599500971
IMG_20190806_171838_leaf00.png,olive_peacock_spot,2,0.9426816786079836,0.011941316956670079,0.0,0.058000682360968954,0.019447287615148412,2.937549413953194,0.9562423203884389,0.9347374496996901,0.934293953903558
IMG_20190806_171838_leaf01.png,olive_peacock_spot,2,0.5804111245465539,0.20208585247883917,0.14071946795646917,0.24047762998790811,0.0406590084643289,8.900262804328138,0.9142297538503787,0.8595794236449074,0.9227831714470376
IMG_20190806_171842_full.png,olive_peacock_spot,2,0.4206787687450671,0.516179952644041,0.008681925808997633,0.08476716653512234,0.03409629044988161,6.800874450331895,0.9097657095767804,0.8642142227319399,0.9411691196769479
IMG_20190806_171845_leaf00.png,olive_peacock_spot,2,0.003666201117318436,0.7637918994413407,0.17527932960893855,0.009078212290502794,0.04504189944134078,13.621822741686785,0.9202315970240614,0.8764998947326167,0.9359001186874434
IMG_20190806_171857_leaf00.png,Healthy,0,0.6165004533091568,0.050770625566636446,0.004079782411604714,0.03309156844968268,0.07615593834995467,5.804044960084666,0.967773834487738,0.9506237487360045,0.9246733574243235
IMG_20190806_171859_leaf00.png,aculus_olearius,1,0.8735047085772462,0.021634003563247645,0.0,0.04530414863833036,0.06821074064647493,6.041966894553484,0.9388920082876682,0.9148013941624927,0.9274969039656893
IMG_20190806_171906_leaf00.png,olive_peacock_spot,2,0.0,0.04036964980544747,0.376215953307393,0.03331712062256809,0.022616731517509727,7.90874076217221,0.946479029297341,0.9115007199924533,0.9376553823208094
IMG_20190806_172008_leaf00.png,aculus_olearius,1,0.6857566765578635,0.21869436201780415,0.003857566765578635,0.658753709198813,0.0685459940652819,6.543994995376426,0.8948171407600819,0.8223394317905931,0.8252588139199594
IMG_20190806_172008_leaf01.png,olive_peacock_spot,2,0.13258145363408522,0.6080200501253132,0.22180451127819548,0.04536340852130326,0.02431077694235589,6.580869806960246,0.9373348343832961,0.9144408313109358,0.9322428192744826
IMG_20190806_172018_leaf00.png,aculus_olearius,1,0.44231553200163065,0.49694251936404404,0.0,0.016714227476559314,0.041377904606604156,7.556331091422264,0.9295028245679862,0.8938537665677437,0.9223345678726387
IMG_20190806_172018_leaf01.png,olive_peacock_spot,2,0.2829388908512893,0.44913458141999296,0.07788767220063582,0.018014835747085834,0.02878841398799011,12.647608038558353,0.9187624469928055,0.8760288680985595,0.9230982620573644
IMG_20190806_172021_leaf00.png,olive_peacock_spot,2,0.3993627190653213,0.534784917684546,0.0,0.0645246946362188,0.04753053637812002,6.176723500714418,0.9425511987155226,0.9176824392293592,0.9171267271029743
IMG_20190806_172627_leaf00.png,olive_peacock_spot,2,0.9636052760136785,0.006350757205666829,0.0,0.38568637029799707,0.022716170004885197,2.4406701021215333,0.943946696121421,0.9091300708339942,0.94191433850908
IMG_20190806_172627_leaf01.png,Healthy,0,0.8264651361756737,0.02866105803507771,0.011407386282617995,0.11179238556965636,0.08954798231855127,8.90232664081481,0.9223651776580482,0.852405521128276,0.9236152795066629
IMG_20190806_172630_leaf00.png,olive_peacock_spot,2,0.4369576314446146,0.35796324655436446,0.004721796835119959,0.008677896886166412,0.054747320061255746,10.085115466503755,0.9032098824640308,0.8345085405482393,0.9454966570286724
IMG_20190806_172633_leaf00.png,aculus_olearius,1,0.8271244217190163,0.1197954711468225,0.0009739469198928658,0.21475529583637692,0.03920136352568785,5.38730294204598,0.932209003683073,0.9100875433617454,0.9177263375241247
IMG_20190806_172635_full.png,olive_peacock_spot,2,0.5909090909090909,0.03206168831168831,0.018668831168831168,0.24959415584415584,0.29829545454545453,4.5234332198728895,0.9595699473490268,0.9413092006630447,0.892446289539284
IMG_20190806_172638_leaf00.png,olive_peacock_spot,2,0.01598373724489796,0.02863919005102041,0.0,0.0,0.9213568239795918,2.3012423600865013,0.7616476549714203,0.2823460785931016,0.9764177603457627
IMG_20190806_172655_leaf00.png,aculus_olearius,1,0.7444186046511628,0.045581395348837206,0.0,0.2717441860465116,0.10755813953488372,7.54520167415,0.8737805268718578,0.8194853190104099,0.9377562173047153
IMG_20190806_172928_leaf00.png,olive_peacock_spot,2,0.04993211645798763,0.1341077085533263,0.034394327952934074,0.4258560868909338,0.7411374264594962,4.5829398937911785,0.8987352425977323,0.8265104330837103,0.9332322244426279
IMG_20190806_172932_leaf00.png,olive_peacock_spot,2,0.001096141581632653,0.11886160714285714,0.001953125,0.0,0.8753786670918368,1.6744438235366608,0.7825080644058151,0.2229245271463695,0.9741918066296664
IMG_20190806_172941_leaf00.png,olive_peacock_spot,2,0.00983858570330515,0.0006149116064565719,0.0016910069177555726,0.007532667179093005,0.7226748654880861,6.890693300862839,0.9211654717668624,0.8612551844166119,0.9422904437879999
IMG_20190806_172952_leaf00.png,Healthy,0,0.653813439183442,0.026935072299404592,0.001701162461015027,0.014459880918627729,0.03487383045080805,6.479774610775566,0.9552514315589578,0.9225442566809307,0.944988441667556
IMG_20190806_173037_leaf00.png,aculus_olearius,1,0.6927530445198642,0.000798562587342783,0.0,0.16789778398882013,0.042124176482331806,3.3150453394534343,0.9273476034782239,0.8868924830609657,0.9396947279165305
IMG_20190806_173040_full.png,aculus_olearius,1,0.5535667963683528,0.07626459143968872,0.011673151750972763,0.013488975356679637,0.16108949416342414,10.091946820984045,0.9377285679651679,0.9160372378845731,0.9191119900324108
IMG_20190806_173044_leaf00.png,olive_peacock_spot,2,0.012814027988534817,0.8592142977575451,0.025628055977069634,0.01095936604282583,0.052942168268420166,10.287124372428973,0.9292324239390299,0.8736315101693581,0.9495033411590091
IMG_20190806_173048_leaf00.png,olive_peacock_spot,2,0.3411859188863606,0.5131843126756793,0.09476643019676081,0.011109623878998795,0.04296613572480257,6.487550808957475,0.9085444695713283,0.8410226389477405,0.9540829104188883
IMG_20190806_173101_leaf00.png,Healthy,0,0.7843343870741131,0.02897787144362487,0.05198454513523006,0.3198103266596417,0.09940288022479803,8.06949920792721,0.9145394632150652,0.8654990540891141,0.904480452144451
IMG_20190806_173104_leaf00.png,olive_peacock_spot,2,0.33367088607594936,0.3888607594936709,0.14,0.27189873417721516,0.07924050632911392,9.447028785642967,0.9433880744807468,0.9131970753285628,0.9010737101358077
IMG_20190806_173107_leaf00.png,Healthy,0,0.6123180763551993,0.06306686353090066,0.025943893693313645,0.27314912465724533,0.11706391056739085,6.0828945108569945,0.9299375329753838,0.8939713974196217,0.9153576074810607
IMG_20190806_173110_leaf00.png,olive_peacock_spot,2,0.643339637935693,0.14131315860578222,0.039989192110240476,0.1888678735476898,0.08889489327208862,6.958975684530281,0.9338833615964204,0.9152734889894737,0.8921741200208183
IMG_20190806_173129_leaf00.png,olive_peacock_spot,2,0.22611744084136723,0.390300905638329,0.021910604732690624,0.012854221443178498,0.11539585159217061,5.186035879512088,0.9569982738280038,0.925800908694439,0.9469063033047341
IMG_20190806_173134_leaf00.png,aculus_olearius,1,0.0401854714064915,0.08633252373592404,0.001103996467211305,0.0633693972179289,0.7235592846102893,8.45893741249494,0.9348288471475984,0.9013147553559414,0.9396316529242084
IMG_20190806_173137_leaf00.png,olive_peacock_spot,2,0.40307242136064375,0.11704462326261887,0.00121921482565228,0.019019751280175568,0.2804194099000244,5.594732074012668,0.9503432948216787,0.9116446926957759,0.9392997237262928
IMG_20190806_173139_full.png,Healthy,0,0.8102207888861325,0.04217315802530389,0.010171173406102704,0.42346812205408085,0.09129248325477549,5.500504375603158,0.9249563944566994,0.8683086561811832,0.9096986268085442
IMG_20190806_173142_leaf00.png,Healthy,0,0.6590214067278287,0.0061162079510703364,0.0005096839959225281,0.020387359836901122,0.046636085626911315,8.203707459613561,0.9442229390098992,0.9129588456693912,0.9423451400680445
IMG_20190806_173152_leaf00.png,aculus_olearius,1,0.806271981242673,0.0779601406799531,0.005861664712778429,0.5134818288393904,0.08440797186400938,4.881210396369569,0.9370086260328443,0.909629905925702,0.8655924080667423
IMG_20190806_173155_leaf00.png,olive_peacock_spot,2,0.01691203309405037,0.037960822484487164,0.0002433386056697895,0.0,0.9139798028957294,2.0668554029062514,0.751837229156031,0.18717501800649977,0.9804940548018743
IMG_20190806_173155_leaf01.png,Healthy,0,0.4147514698022448,0.006413682522715126,0.0005344735435595938,0.016568679850347406,0.04409406734366649,7.25666852848403,0.9471365983230695,0.9186256582326846,0.9432042778803711
IMG_20190806_173155_leaf02.png,olive_peacock_spot,2,0.026885141584473433,0.47756920139993636,0.306554247534203,0.014317531021317213,0.14715240216353803,12.947496655612532,0.9193742310904327,0.8639382555965083,0.9321373924753807
IMG_20190806_173158_leaf00.png,aculus_olearius,1,0.782650142993327,0.05071496663489037,0.0,0.03870352716873213,0.07721639656816015,5.986657417364915,0.9333579766834073,0.8880083717404267,0.9239283569208407
IMG_20190806_173158_leaf01.png,Healthy,0,0.3191080353710111,0.02883506343713956,0.007304882737408689,0.02114571318723568,0.04498269896193772,4.554464729579242,0.9649318904094882,0.9427271953406486,0.9465469939817417
IMG_20190806_173201_full.png,olive_peacock_spot,2,0.12045993794488045,0.21536776784084688,0.0001825150574922431,0.012776054024457018,0.47107136338747946,8.677036719956842,0.92771291730435,0.8805658361719689,0.9380491136025502
IMG_20190806_173204_leaf00.png,olive_peacock_spot,2,0.6506024096385542,0.28237951807228917,0.0,0.02610441767068273,0.05220883534136546,6.606391909989124,0.9373987132180936,0.9126441799680414,0.9165151815236475
IMG_20190806_173224_leaf00.png,olive_peacock_spot,2,0.03001434948979592,0.01739875637755102,0.0031489158163265306,0.00025908801020408165,0.9439572704081632,2.095830051147749,0.8100918479246424,0.24528463294787564,0.9683212066924285
IMG_20190806_173234_leaf00.png,olive_peacock_spot,2,0.00036643459142543056,0.00012214486380847684,0.0020764626847441063,0.010748748015145963,0.9625015268107976,8.930685267811693,0.9041384412031179,0.8288644608897839,0.9498514256871105
IMG_20190806_173242_leaf00.png,olive_peacock_spot,2,0.6207435719249479,0.07835302293259208,0.05472550382209868,0.05142460041695622,0.13082001389854064,8.316380195575805,0.923394650264784,0.8774277289216375,0.9199313313541957
IMG_20190806_173245_leaf00.png,olive_peacock_spot,2,0.6078559027777778,0.1799045138888889,0.04969618055555555,0.2858072916666667,0.08723958333333333,7.161389141720697,0.9115751053221255,0.8773848907689284,0.8933531729595632
IMG_20190806_173252_leaf00.png,aculus_olearius,1,0.058828741029502966,0.21688668379551695,0.0,0.00017719500310091257,0.5809338176663418,4.446057264747926,0.7385650845955366,0.2069251003982726,0.963556518350398
IMG_20190806_173309_leaf00.png,Healthy,0,0.8806425137765271,0.02544260757415875,0.016649079610739827,0.444249032711924,0.061554695743932464,8.48514125596753,0.8951094095516449,0.813035095448604,0.8962615967882228
IMG_20190806_173312_full.png,Healthy,0,0.6247742867461177,0.306428313470567,0.0,0.01607078367641748,0.04279523293607801,9.411162589388766,0.9266379831814454,0.8815144938601014,0.9323014225720189
IMG_20190806_173315_leaf00.png,Healthy,0,0.7636967349197565,0.02158273381294964,0.006087437742114001,0.6353071389042612,0.13503043718871058,2.8894751631248847,0.9707542193368315,0.9494189081153445,0.8376558847773493
IMG_20190806_173318_leaf00.png,olive_peacock_spot,2,0.09334573433668725,0.0738987063498774,0.002311096079591894,0.023674642766551113,0.7656774048082072,4.041777391363572,0.6987333140932479,0.13182837324188684,0.9832490974008887
IMG_20190806_173318_leaf01.png,aculus_olearius,1,0.7658386289235509,0.007510109763142692,0.0,0.09455035624879646,0.040631619487772004,4.348109071586487,0.9256180701079754,0.8871262656246452,0.9451544499233272
IMG_20190806_173321_leaf00.png,aculus_olearius,1,0.792133726647001,0.07807276302851524,0.0,0.05054080629301868,0.03461160275319567,5.367804766784152,0.9320968793299528,0.8897712364073997,0.9271331585456216
IMG_20190806_173331_leaf00.png,olive_peacock_spot,2,0.5214434158322312,0.3840921972416399,0.0003778575477045154,0.010013225014169657,0.04024182883053089,9.657622494064668,0.9249602173775462,0.886392699243348,0.9313050122020238
IMG_20190806_173335_leaf00.png,olive_peacock_spot,2,0.6839335180055401,0.15263157894736842,0.0,0.016066481994459834,0.11052631578947368,7.3718094710286834,0.9447659723476978,0.920931001805155,0.910225770894619
IMG_20190806_173335_leaf01.png,Healthy,0,0.6068090787716955,0.0033377837116154874,0.0020026702269692926,0.01335113484646195,0.0520694259012016,6.1637716551779995,0.9570323435521532,0.9336055146488469,0.938490728883164
IMG_20190806_173338_leaf00.png,Healthy,0,0.05531256903026287,0.0007731389441130992,2.208968411751712e-05,0.02752374641042633,0.9130329136293351,3.8824884785321654,0.8211856725355078,0.2347478385042731,0.9772108472194023
IMG_20190806_173342_full.png,olive_peacock_spot,2,0.7366997294860235,0.20716862037871955,0.0009017132551848512,0.16456266907123535,0.034265103697024346,3.4109904784610774,0.9424975039977671,0.9027108904812176,0.9348452567463001
IMG_20190806_173346_leaf00.png,olive_peacock_spot,2,0.05814766477113825,0.07297007551039433,0.007411205369628041,4.661135452596253e-05,0.8461592243870607,5.120812292017501,0.7572733234178648,0.16008433381977916,0.9747042223841402
IMG_20190806_173346_leaf01.png,Healthy,0,0.9069423929098966,0.050221565731166914,0.005908419497784343,0.03840472673559823,0.00812407680945347,1.8720610700299285,0.9834091153809258,0.9683754590296153,0.9098139187250959
IMG_20190806_173416_leaf00.png,olive_peacock_spot,2,0.4373146400647075,0.3629010514963602,0.1393906713399838,0.023995686168778646,0.03558910757616608,5.397644453607457,0.9464459756218199,0.9195860788950387,0.9407126270684921
IMG_20190806_173416_leaf01.png,olive_peacock_spot,2,0.14271868185122366,0.6266052822873758,0.03586140053307487,0.019626847589047734,0.05088441967530894,10.0513990036768,0.9417704179550639,0.9094217597900693,0.9480306428886509
IMG_20190806_173419_full.png,olive_peacock_spot,2,0.2368373109856076,0.4960830752413919,0.0903625432683549,0.01002004008016032,0.06212424849699399,8.102098693478604,0.9314315707697711,0.8845478234143895,0.9574730926093133
IMG_20190806_173422_leaf00.png,olive_peacock_spot,2,0.26385707741639947,0.6610169491525424,0.005955107650022904,0.05176362803481448,0.04993128721942281,2.5913659013104766,0.9701792284138497,0.9516225684065462,0.9346721074160489
IMG_20190806_173422_leaf01.png,olive_peacock_spot,2,0.0014292019588473908,0.0004203535173080561,0.0003573004897118477,0.001597343365770613,0.9664557893188171,3.336662562575918,0.7084233649161333,0.19124134825960554,0.9833509322687685
IMG_20190806_173425_leaf00.png,Healthy,0,0.6861644980303211,0.07007281843141937,0.0723409335084159,0.23063149098722693,0.09943893995463769,8.876241236835995,0.8896439772466678,0.8148102501759358,0.9360923315598365
IMG_20190806_173428_leaf00.png,aculus_olearius,1,0.7575547866205306,0.10242214532871972,0.0,0.06828143021914648,0.11211072664359861,8.16092557452422,0.9389555355845044,0.9055853104369038,0.8955867824066017
IMG_20190806_173428_leaf01.png,aculus_olearius,1,0.13339280560438696,0.00443418256238029,0.0,2.6237766641303493e-05,0.8481095689134941,5.085830179777972,0.7976056528496545,0.20065758790582855,0.9729106948315019
IMG_20190806_173439_leaf00.png,aculus_olearius,1,0.7587693513619439,0.008818342151675485,0.0,0.08250048990789731,0.09602194787379972,6.42585737511616,0.9256527281909082,0.8911861834978481,0.9257944361101998
IMG_20190806_173442_leaf00.png,olive_peacock_spot,2,0.3666416228399699,0.4107187578261958,0.14049586776859505,0.018782870022539443,0.0641121963436013,6.585876242097255,0.9432465147397382,0.913466578944239,0.9392652868411095
IMG_20190806_173444_leaf00.png,olive_peacock_spot,2,0.3708609271523179,0.5813953488372093,0.0024641922069921452,0.19051286000308024,0.03203449869089789,10.13623322733686,0.9087620831243245,0.861653998069314,0.9271462469827974
IMG_20190806_173447_leaf00.png,aculus_olearius,1,0.2613315983517675,0.18347430058555628,0.0468445022771633,0.13641292561266535,0.33636955107351985,9.081699562801756,0.9258269877935392,0.8979815739681196,0.925449192300033
IMG_20190806_173451_leaf00.png,Healthy,0,0.5568031704095112,0.0033025099075297227,0.005284015852047556,0.01618229854689564,0.05052840158520475,6.219324171113649,0.9595431490119312,0.9336951665577408,0.9404924316215844
IMG_20190806_173459_leaf00.png,olive_peacock_spot,2,0.007343124165554072,0.48464619492656874,0.40120160213618156,0.009846461949265688,0.06041388518024032,13.417317502630198,0.9111628634334515,0.87226823072139,0.9292125521375543
IMG_20190806_173502_full.png,aculus_olearius,1,0.20950118764845604,0.009184481393507521,0.0,0.014885193982581157,0.22074425969912906,8.970866783242943,0.9126044403186047,0.8660642439192283,0.9447999398134664
IMG_20190806_173504_leaf00.png,aculus_olearius,1,0.2605579446465983,0.012460028669092514,0.0,0.02326607123166832,0.444260668210387,8.134004073774893,0.8941119916273972,0.8099060078507161,0.9435566177696819
IMG_20190806_173507_leaf00.png,aculus_olearius,1,0.7084907209722451,0.001806536377073411,0.0,0.015601905074724913,0.07291837740187222,10.041897959597575,0.9076841691616724,0.8689347460863809,0.9240455199199152
IMG_20190806_173510_leaf00.png,Healthy,0,0.45689655172413796,0.14167916041979012,0.030359820089955022,0.24081709145427285,0.17841079460269865,10.704604066962801,0.9154757056172765,0.883713704017409,0.9077816241413407
IMG_20190806_173521_leaf00.png,aculus_olearius,1,0.4176536312849162,0.07553072625698325,0.004469273743016759,0.2341899441340782,0.2223463687150838,6.249605413051581,0.9131028299830817,0.87312514520995,0.9256510327705996
IMG_20190806_173523_leaf00.png,Healthy,0,0.4338064516129032,0.004903225806451613,0.0,0.016,0.06683870967741935,9.823023541513624,0.9394230712590402,0.9150615943303305,0.8949173776513346
IMG_20190806_173526_leaf00.png,aculus_olearius,1,0.5386429132826828,0.05606497249148546,0.00026198585276395077,0.015719151165837046,0.054231071522137804,7.081021672207871,0.9437165280417142,0.9180950931138849,0.933027291141453
IMG_20190806_173529_full.png,Healthy,0,0.6583710407239819,0.03800904977375565,0.0,0.011312217194570135,0.13619909502262442,5.972133112040843,0.9377793546014624,0.9043239941025785,0.9405208110247545
IMG_20190806_173532_leaf00.png,Healthy,0,0.07653662331888407,0.00011114816049794375,0.0,0.00033344448149383126,0.878648438368345,4.019579565613766,0.7931241838061767,0.21805885516140722,0.979600313880584
IMG_20190806_173705_leaf00.png,Healthy,0,0.5670339761248853,0.008723599632690543,0.005968778696051423,0.01584022038567493,0.04292929292929293,5.795208785048923,0.9387262108896895,0.9049697942406751,0.9422499065187253
IMG_20190806_173709_leaf00.png,aculus_olearius,1,0.33038594814195243,0.019476639980881824,0.057951965587286415,0.15868084597920898,0.3420958298482495,10.58446248670187,0.8599201483835,0.801904365425327,0.930069972609733
IMG_20190806_173712_leaf00.png,olive_peacock_spot,2,0.02313834904752742,0.10996728882047335,2.405233788724264e-05,2.405233788724264e-05,0.8640321339234174,2.5367591349233782,0.7842862832105119,0.20035232855520707,0.9756673965742859
IMG_20190806_173712_leaf01.png,Healthy,0,0.8503676470588235,0.05808823529411765,0.0003676470588235294,0.8128676470588235,0.060294117647058824,2.1296052355057027,0.9732049379057315,0.9401602116508322,0.8736239750461608
IMG_20190806_173715_full.png,Healthy,0,0.6925566343042071,0.011993146773272416,0.0,0.32952598515134207,0.1016561964591662,6.603485545218296,0.9261891617599902,0.8858303912630469,0.9041339673548822
IMG_20190806_173746_leaf00.png,Healthy,0,0.5177591683511407,0.02281259023967658,0.0031764366156511693,0.024256425064972567,0.04793531619982674,5.508744503320403,0.9550206877690415,0.9237556685849783,0.9457899443806297
IMG_20190806_173749_leaf00.png,Healthy,0,0.9469242727070841,0.0006662225183211193,0.0,0.17166333555407506,0.041305796135909394,5.591938804238405,0.9387777964652378,0.9030335841727157,0.9204551986868967
IMG_20190806_173752_leaf00.png,Healthy,0,0.8155940594059405,0.037953795379537955,0.04084158415841584,0.23865511551155116,0.06373762376237624,7.143286740791364,0.9147756569376229,0.8767918011454416,0.9135022232408034
IMG_20190806_173806_leaf00.png,olive_peacock_spot,2,0.7467044885699984,0.18321374937426999,0.004338394793926247,0.35775070916068746,0.04838978808610045,4.781285373324821,0.9264594660959121,0.8716553346054547,0.933107228192614
IMG_20190806_173806_leaf01.png,Healthy,0,0.7431312690798081,0.06367204535542957,0.008286088094199739,0.2171827300479721,0.14086349760139555,4.630245442864883,0.9610927394258412,0.9413572217264699,0.8846545931090467
IMG_20190806_173809_full.png,aculus_olearius,1,0.6891681782845297,0.04858771702513605,0.0002591344908007256,0.4652759782327028,0.168566986265872,9.658083207843053,0.8825665082801197,0.7934295270885168,0.9138070641357565
IMG_20190806_173812_leaf00.png,olive_peacock_spot,2,0.03958986043862148,0.7889490173739675,0.015095414411848477,0.021076616348618626,0.10395898604386215,8.150539178244419,0.9481605854700978,0.9231521676317641,0.9276398774362428
IMG_20190806_173829_leaf00.png,aculus_olearius,1,0.3127376921073196,0.003125814014066163,0.0,0.004115655118520448,0.6798645480593904,7.271141766684202,0.7440788692056722,0.17784122496280672,0.9630112574764089
IMG_20190806_173831_leaf00.png,Healthy,0,0.26958352127499624,0.0024056532852202678,0.00015035333032626674,0.04801283015085451,0.7249536410564827,7.399779874652456,0.7113021341285672,0.14988628199416237,0.9766406989724291
IMG_20190806_173834_leaf00.png,aculus_olearius,1,0.8856166612430849,0.05597136348844777,0.0,0.0987634233647901,0.03302961275626424,7.414536099451695,0.9068306646836523,0.8678092933572371,0.9265162828457786
IMG_20190806_173834_leaf01.png,Healthy,0,0.9232323232323232,0.03383838383838384,0.00101010101010101,0.46111111111111114,0.015404040404040404,2.2902320616932235,0.9488276697524209,0.9119834338865082,0.9354504442127142
IMG_20190806_173838_full.png,aculus_olearius,1,0.44808454425363275,0.13896961690885073,0.0005284015852047556,0.034610303830911494,0.1738441215323646,7.176517646986188,0.9396419431988381,0.9173282886510783,0.9187263495581522
IMG_20190806_173841_leaf00.png,olive_peacock_spot,2,0.0014052344985069384,0.6033725627964166,0.18619357105216933,0.010363604426488671,0.038116985772000705,9.04951758212753,0.9363902062115185,0.8786430298583572,0.94383340724535
IMG_20190806_173900_leaf00.png,Healthy,0,0.583028826634186,0.03816483962647178,0.00933820544051969,0.03288672350791717,0.04790905399918798,4.612066271403291,0.966693267452879,0.944338385060083,0.9339805416183791
IMG_20190806_173903_leaf00.png,Healthy,0,0.8993060280310247,0.010069397196897537,0.0,0.10205470131990747,0.057830997414614234,8.143392045503768,0.897869177392382,0.8440703829409946,0.931864770703698
IMG_20190806_173931_full.png,olive_peacock_spot,2,0.017371601208459216,0.9003021148036254,0.004720543806646525,0.01472809667673716,0.05079305135951662,10.816349623239834,0.9350516299853149,0.8857126901875496,0.948121244198146
IMG_20190806_173934_leaf00.png,olive_peacock_spot,2,0.002642706131078224,0.9038054968287527,0.028365045806906273,0.010923185341789992,0.04210711768851304,7.951071716630642,0.9316948568538224,0.8790822395975191,0.9565030805777538
IMG_20190806_173938_leaf00.png,aculus_olearius,1,0.8878205128205128,0.003933566433566434,0.0,0.013694638694638694,0.045745920745920744,8.090815418095314,0.9083132571476624,0.854125585771554,0.9490176746532442
IMG_20190806_173942_leaf00.png,Healthy,0,0.7621561100447857,0.052783109404990404,0.003838771593090211,0.1253998720409469,0.09149072296865003,7.715503670854174,0.9136216117855336,0.8682054011348392,0.9262491732296756
IMG_20190806_173951_leaf00.png,olive_peacock_spot,2,0.35510138911064987,0.20373622864441962,0.009260737665655437,0.40348076001916017,0.2513172600989941,6.641612463802199,0.9183501828969582,0.8663673257540605,0.9265893231203153
IMG_20190806_173955_leaf00.png,olive_peacock_spot,2,0.6121673003802282,0.3247782002534854,0.0,0.29055766793409377,0.02788339670468948,2.634907022053351,0.9567635081350225,0.9269100099338532,0.9356025885029305
IMG_20190806_173957_leaf00.png,Healthy,0,0.8437351872333702,0.040764733765207777,0.004740085321535787,0.024174435139832518,0.07884341918154526,7.597512571344355,0.9271123318136544,0.8673936579732492,0.929502654092754
IMG_20190806_174000_full.png,olive_peacock_spot,2,0.06497834055314895,0.7442519160279907,0.06864378540486504,0.033488837054315226,0.08847050983005665,13.012283556920071,0.9138073768298685,0.8709966912053461,0.9178252270248801
IMG_20190806_174003_leaf00.png,Healthy,0,0.9006289308176101,0.004821802935010482,0.0004192872117400419,0.029559748427672956,0.07232704402515723,6.08318220786062,0.9301350880274579,0.8976572424895282,0.9333784600361102
IMG_20190806_174011_leaf00.png,aculus_olearius,1,0.6866546438232642,0.057709648331830475,0.0,0.0509467989179441,0.05710850616170724,7.064207340404122,0.9024077787661765,0.8573295689664919,0.9368987774899995
IMG_20190806_174015_leaf00.png,Healthy,0,0.16864468864468865,0.00043956043956043956,0.0,0.04249084249084249,0.5169230769230769,8.113503035311927,0.9048176136786181,0.8561900206078426,0.9359776480118011
IMG_20190806_174017_leaf00.png,aculus_olearius,1,0.31196247068021893,0.05551211884284597,0.0,0.11610633307271306,0.30414386239249414,4.816702314765044,0.957952102849442,0.943237805223144,0.9240066172605723
IMG_20190806_174017_leaf01.png,Healthy,0,0.6016112266112266,0.0216995841995842,0.04482848232848233,0.27364864864864863,0.17944386694386694,8.951951565810633,0.8775449338518528,0.8080959008427899,0.9172102795040118
IMG_20190806_174021_leaf00.png,olive_peacock_spot,2,0.24325891562771818,0.4534647723977965,0.03740214554943462,0.016526529428819946,0.08002319512902291,7.131627176569019,0.9587156582192357,0.9240839058535586,0.9234443899457507
IMG_20190806_174024_leaf00.png,olive_peacock_spot,2,0.3130305602716469,0.21328522920203735,0.0014855687606112054,0.009974533106960951,0.3329796264855688,8.596038984755513,0.94237600995593,0.8979907179130826,0.9355152377402588
IMG_20190806_174040_leaf00.png,olive_peacock_spot,2,0.5529124733150351,0.3141201585849344,0.03812137846904544,0.08844159804818542,0.048947849954254344,7.3009920292709936,0.9143329803323916,0.8607998854100776,0.9396956487167917
IMG_20190806_174044_leaf00.png,olive_peacock_spot,2,0.688968538430904,0.2357626443647949,0.0015929908403026682,0.09717244125846276,0.04500199123855038,2.461185045335806,0.96616825607643,0.9430965590392608,0.9296599830320144
IMG_20190806_174046_leaf00.png,olive_peacock_spot,2,0.6625758945872626,0.16147784523963313,0.0933987856866038,0.2818757266503036,0.06433277354346983,6.951899615485942,0.9014394772315913,0.815722026988225,0.9266379916170223
IMG_20190806_174046_leaf01.png,olive_peacock_spot,2,0.21589825119236883,0.3941176470588235,0.04642289348171701,0.28871224165341813,0.17869634340222576,7.6783415698978335,0.9102645210953623,0.8587926997219553,0.9445899263327829
IMG_20190806_174055_leaf00.png,aculus_olearius,1,0.877650429799427,0.006017191977077364,0.0,0.4269340974212034,0.042693409742120346,2.7690940316277928,0.9485883649567438,0.9225987747016647,0.9162339821533783
IMG_20190806_174212_leaf00.png,olive_peacock_spot,2,0.071686138756671,0.607240732727535,0.1127938843213616,0.00793307370546661,0.021779893264099237,11.234007180829938,0.9212916968754901,0.8533453320303975,0.9503127002380801
IMG_20190806_174221_full.png,Healthy,0,0.46701332466688333,0.025349366265843352,0.0012999675008124798,0.024374390640233994,0.17549561260968477,3.954541110597334,0.957221187225824,0.9329494785578193,0.9349058350385631
IMG_20190806_174243_leaf00.png,olive_peacock_spot,2,0.06913793103448276,0.07,0.07275862068965518,0.16793103448275862,0.5186206896551724,8.391323181566337,0.9243313016570336,0.8769288363823502,0.9232799965125598
IMG_20190806_174246_full.png,aculus_olearius,1,0.9349056603773584,0.01509433962264151,0.0,0.6259433962264151,0.032547169811320754,1.9421808737292583,0.9632533380961599,0.9430841325878095,0.8728088859881468
IMG_20190806_174249_leaf00.png,olive_peacock_spot,2,0.00347985347985348,0.893956043956044,0.004395604395604396,0.01098901098901099,0.04523809523809524,9.01711919460765,0.9371992419314529,0.8836706540844137,0.9547441446148808
IMG_20190806_174249_leaf01.png,Healthy,0,0.58008356545961,0.006267409470752089,0.0,0.03064066852367688,0.03064066852367688,4.3282351057014115,0.9776226117175104,0.9669906156930492,0.918031352966485
IMG_20190806_174310_leaf00.png,olive_peacock_spot,2,0.0,0.06397444893416246,0.030462871107454815,0.00024196085073435118,0.895013186866365,1.6111042166090201,0.7956148763506776,0.14894661594074204,0.9875007389171016
IMG_20190806_174313_leaf00.png,aculus_olearius,1,0.7529862174578866,0.012404287901990812,0.07274119448698316,0.01209800918836141,0.08698315467075038,8.673654174070226,0.9153863587059191,0.8606388539739548,0.9457418426283383
IMG_20190806_174316_leaf00.png,Healthy,0,0.6652719665271967,0.007810320781032078,0.001394700139470014,0.021478382147838215,0.04490934449093445,6.390106130844742,0.9516493875611242,0.9213333174537999,0.9486859493808001
IMG_20190806_174316_leaf01.png,Healthy,0,0.4909452736318408,0.01572139303482587,0.0,0.013333333333333334,0.2883582089552239,6.613132068323932,0.9273587499158737,0.8933303995461384,0.9418756510945827
IMG_20190815_122410_leaf00.png,olive_peacock_spot,2,0.013685847589424573,0.8800933125972006,0.0104199066874028,0.006842923794712286,0.048989113530326596,11.010277060547995,0.9284151127189768,0.8637330333900142,0.9568677646260423
IMG_20190815_122420_leaf00.png,Healthy,0,0.5717460317460318,0.013968253968253968,0.005079365079365079,0.019365079365079366,0.03777777777777778,6.426445043350093,0.9589063725186471,0.930013797608632,0.9200693023920251
IMG_20190815_122423_leaf00.png,aculus_olearius,1,0.7890240745534559,0.016438001553196996,0.0,0.3664250582448874,0.09759254465441367,8.760308991654362,0.8837014440640032,0.8332611521216309,0.9231186004349498
IMG_20190815_122429_leaf00.png,olive_peacock_spot,2,0.6641595441595441,0.2603988603988604,0.0003418803418803419,0.0686039886039886,0.056866096866096866,7.168842178989431,0.8955456086391402,0.816573367506119,0.9495974117161933
IMG_20190815_122433_leaf00.png,Healthy,0,0.8045038705137227,0.022519352568613652,0.005770584095707248,0.01984517945109078,0.10893736805066855,11.844650570429629,0.8999784912586787,0.850282900315001,0.9351194969183725
IMG_20190815_122436_leaf00.png,olive_peacock_spot,2,0.3198081888601992,0.317226115824419,0.17926964219845076,0.01733677609738104,0.15234230911102914,5.045472658276742,0.9632260300822421,0.9407413723701205,0.9303108888893546
IMG_20190815_122439_leaf00.png,olive_peacock_spot,2,0.027041742286751363,0.9065335753176044,0.02250453720508167,0.014156079854809437,0.028130671506352088,6.2826804682720265,0.9320582603695778,0.8821503302549821,0.9631928536187329
IMG_20190815_122442_leaf00.png,aculus_olearius,1,0.0077103586992960105,0.5055313442842776,0.02631578947368421,0.014415018437814281,0.32735501173315457,15.555525023479097,0.9187230140553407,0.8690973626013094,0.936299462899983
IMG_20190815_122507_leaf00.png,olive_peacock_spot,2,0.6290467625899281,0.3044064748201439,0.0,0.3954586330935252,0.013489208633093525,2.930562616129549,0.9459031936467135,0.9038513509171855,0.9320250842886627
IMG_20190815_122510_leaf00.png,aculus_olearius,1,0.6753339694656488,0.030892175572519085,0.0,0.016221374045801526,0.06166507633587786,11.068552733700983,0.8803061766740936,0.8225681502191984,0.9332669872198468
IMG_20190815_122515_leaf00.png,aculus_olearius,1,0.7572299515397842,0.11583554791308426,0.0,0.027825543223385964,0.05346256057526966,9.105755824233551,0.9052920837187404,0.8644557973071455,0.9288367056281313
IMG_20190815_122515_leaf01.png,olive_peacock_spot,2,0.41664307953580526,0.40192470987829043,0.0,0.026323238041324654,0.12595527879988677,7.490086410555785,0.9477002508549598,0.9225095986815641,0.9088595392954578
IMG_20190815_122520_full.png,Healthy,0,0.4302737520128824,0.0006441223832528181,0.00032206119162640903,0.01706924315619968,0.10853462157809984,7.647903978769757,0.9583841939630041,0.9308195485875506,0.9342487800469581
IMG_20190815_122523_leaf00.png,Healthy,0,0.10811766946961657,0.029580646039132446,0.0,0.0054970473780172535,0.843252510409013,6.339233039283332,0.7934449561950493,0.22400700428351078,0.9667121562841035
IMG_20190815_122543_leaf00.png,olive_peacock_spot,2,0.001053370786516854,0.8560393258426966,0.10393258426966293,0.06074438202247191,0.027387640449438203,3.3467409708794866,0.9611699750190761,0.9364000169490092,0.9399436983184716
IMG_20190815_122546_leaf00.png,olive_peacock_spot,2,0.5587828492392808,0.34688796680497924,0.00027662517289073305,0.014661134163208852,0.06998616874135546,6.417092897869626,0.9499990340283988,0.9208227479889519,0.9225575950506749
IMG_20190815_122639_leaf00.png,aculus_olearius,1,0.8871320437342305,0.003532380151387721,0.0,0.008074011774600504,0.05500420521446594,8.179011307868972,0.918314001976923,0.8722298494775003,0.940053022613476
IMG_20190815_122652_leaf00.png,olive_peacock_spot,2,0.47479166666666667,0.3233333333333333,0.013333333333333334,0.105,0.044583333333333336,8.054481668917813,0.9349357371952709,0.8967890967355933,0.9206791004444557
IMG_20190815_122652_leaf01.png,olive_peacock_spot,2,0.02812861070162158,0.20821546675166341,0.01653452328778039,0.0,0.7434160723534802,4.303575051959379,0.7299983299271757,0.1638914006750376,0.9672192018911182
IMG_20190815_122700_full.png,olive_peacock_spot,2,0.7014598540145985,0.22974452554744526,0.0018248175182481751,0.3551094890510949,0.040875912408759124,6.0526502727685285,0.919520716953484,0.8687585239690316,0.9066787281320349
IMG_20190815_122702_leaf00.png,aculus_olearius,1,0.827879169288861,0.03886091881686595,0.0,0.16346758967904343,0.046098174952800504,6.415745359889242,0.9131104899903785,0.8638210846070737,0.9263301866755749
IMG_20190815_122706_leaf00.png,Healthy,0,0.9659231722428748,0.0020652622883106154,0.0,0.4714993804213135,0.01982651796778191,2.5769549174446955,0.9327825610094942,0.8897340405383258,0.9367848876010803
IMG_20190815_122714_leaf00.png,Healthy,0,0.6064794816414687,0.03002159827213823,0.09481641468682506,0.38444924406047515,0.1714902807775378,6.782243578269361,0.8984170377275371,0.8141157827962289,0.8866456686736717
IMG_20190815_122733_leaf00.png,Healthy,0,0.613166144200627,0.21457680250783698,0.04106583072100314,0.3474921630094044,0.0981191222570533,8.100963848371187,0.912196772774708,0.8595640172210232,0.9221111874447266
IMG_20190815_122736_full.png,Healthy,0,0.7845744680851063,0.0,0.0,0.023936170212765957,0.04673252279635259,3.8139036552012375,0.9635122412511071,0.9413561647616056,0.933973367207953
IMG_20190815_122740_leaf00.png,Healthy,0,0.2247658688865765,0.0005202913631633715,0.002081165452653486,0.01664932362122789,0.056711758584807495,5.500741933975988,0.9492664564559963,0.9162197066593376,0.9478415203344736
IMG_20190815_122742_leaf00.png,olive_peacock_spot,2,0.70828025477707,0.12993630573248408,0.001910828025477707,0.10382165605095542,0.043099787685774944,5.962422500260777,0.9329498461784727,0.8956634122498205,0.9201800697260677
IMG_20190815_122745_leaf00.png,olive_peacock_spot,2,0.08423110242342122,0.08089917590350741,0.0057087007707856685,0.002821031120193696,0.8251849219218552,4.2716794548105455,0.7836854180587267,0.20529824315129,0.9761574538795579
IMG_20190815_122748_full.png,olive_peacock_spot,2,0.16642084562438544,0.8065388397246804,0.0019665683382497543,0.008603736479842675,0.017944936086529008,9.710751280505082,0.9399215900207586,0.9124125738144239,0.9394215839775544
IMG_20190815_122757_full.png,olive_peacock_spot,2,0.3313053097345133,0.4059734513274336,0.08379424778761062,0.012721238938053098,0.0694137168141593,7.812036613972771,0.9066256365509505,0.8473615116273296,0.9565130013405722
IMG_20190815_122800_leaf00.png,aculus_olearius,1,0.15874003686062377,0.0010770961487828815,0.0,0.0010292252088369754,0.8004978577754375,5.707877299764295,0.7469627340737216,0.1678676743163109,0.9745201505054957
IMG_20190815_122803_leaf00.png,aculus_olearius,1,0.7224036577400392,0.1648160243849336,0.00043544524276072284,0.036359677770520356,0.054648377966470714,9.53168811289583,0.930866873256597,0.8992700104462278,0.9207606466728218
IMG_20190815_122806_leaf00.png,olive_peacock_spot,2,0.1721995094031071,0.2472608340147179,0.0009811937857726902,0.016189697465249387,0.3972199509403107,7.373282423524655,0.9291543376575755,0.8700980044026992,0.9508697045973877
IMG_20190815_122806_leaf01.png,Healthy,0,0.3649789029535865,0.015031645569620253,0.017668776371308016,0.016350210970464137,0.05168776371308017,9.34291743603249,0.9460161989180876,0.9156423679788888,0.9443245725529
IMG_20190815_122809_full.png,olive_peacock_spot,2,0.0007485029940119761,0.33944610778443113,0.5441616766467066,0.11040419161676647,0.08907185628742514,5.514124690924884,0.9634406990771605,0.9416529788364004,0.8880825933616379
IMG_20190815_122812_leaf00.png,olive_peacock_spot,2,0.017256715886852875,0.8953922789539228,0.007294075787226472,0.014943960149439602,0.04287493328589219,10.983686918627154,0.9269618270537293,0.878575761410756,0.9329255645775595
IMG_20190815_122815_full.png,Healthy,0,0.08497194560986705,0.007607541828842946,0.0,0.0,0.8881362786230602,2.516656623843059,0.8193206184036965,0.19035344355080677,0.9809260484958987
IMG_20190815_122824_full.png,olive_peacock_spot,2,0.31217367408628743,0.37098103874690846,0.14399560318768892,0.17449848859576808,0.10442429238801869,9.147816745704603,0.9424298114173257,0.9200003875818779,0.8806247521199162
IMG_20190815_122827_leaf00.png,aculus_olearius,1,0.6866546438232642,0.057709648331830475,0.0,0.0509467989179441,0.05710850616170724,7.064207340404122,0.9024077787661765,0.8573295689664919,0.9368987774899995
IMG_20190815_122830_leaf00.png,Healthy,0,0.8400665758813739,0.0,0.0,0.7258284157966409,0.10591617491299743,6.323382619260053,0.935140982108304,0.8500164977811352,0.872696724062345
IMG_20190815_122830_leaf01.png,Healthy,0,0.016063456632653062,0.0011957908163265306,0.06407445790816327,0.0,0.0166015625,1.2708832605998586,0.7113196083737754,0.17517903643192934,0.944106142338518
IMG_20190815_122901_leaf00.png,olive_peacock_spot,2,0.00027808676307007786,0.6382091212458287,0.22803114571746386,0.014460511679644048,0.02586206896551724,9.238979556120249,0.9543450540920434,0.9212131312460563,0.9343239729431165
IMG_20190815_122904_leaf00.png,olive_peacock_spot,2,0.002665718855518038,0.5290563355251466,0.26159587702150344,0.010662875422072152,0.04034121201350631,10.151484248407604,0.9371466800982357,0.8816482996588249,0.9633507795822305
IMG_20190815_122908_full.png,aculus_olearius,1,0.8658102766798419,0.024703557312252964,0.0,0.08478260869565217,0.08320158102766799,9.11976823542434,0.9200192181969931,0.891442046007993,0.9187741864814682
IMG_20190815_122923_leaf00.png,Healthy,0,0.0008865248226950354,0.0,0.0,0.010859929078014184,0.9171099290780141,6.317731266359502,0.9399888261963415,0.9022911514837023,0.9365880202583314
IMG_20190815_122942_leaf00.png,olive_peacock_spot,2,0.14385353095030515,0.23583260680034873,0.00043591979075850045,0.008718395815170008,0.3979947689625109,7.375232485629502,0.9389249229173479,0.8974280070996685,0.9386191884423348
IMG_20190815_122945_leaf00.png,olive_peacock_spot,2,0.11507701421800948,0.011404028436018957,0.03154620853080569,0.18024289099526067,0.5522808056872038,9.193237544241326,0.9157896171145029,0.8557325103817297,0.9153795920127242
IMG_20190815_122945_leaf01.png,olive_peacock_spot,2,0.7444864524259609,0.16698172652804033,0.0,0.4067422810333963,0.01890359168241966,2.178106321435071,0.9602291977003834,0.9286246786940495,0.9285279188350808
IMG_20190815_122948_leaf00.png,olive_peacock_spot,2,0.2820421278114959,0.07318814709032488,0.058550517672259904,0.40985362370581935,0.43698679043198857,7.881765272942377,0.8788257585258625,0.8067778710905559,0.9080655210670152
IMG_20190815_122951_leaf00.png,aculus_olearius,1,0.01761295263100317,0.011213215184334317,0.0,0.06290340225358276,0.892544579367684,6.252903964276285,0.6551577528689602,0.1839377602517131,0.9829910445113859
IMG_20190815_123057_full.png,Healthy,0,0.7480849582172702,0.026288300835654595,0.014798050139275766,0.44307103064066855,0.16608635097493035,8.406485248462753,0.8969671269624457,0.8328413694475705,0.881652168133858
IMG_20190815_123100_leaf00.png,Healthy,0,0.5421291624621595,0.0035317860746720484,0.0,0.010595358224016145,0.044651866801210895,6.83593403513516,0.9458896137661746,0.9114018425564323,0.9486733964759777
IMG_20190815_123103_leaf00.png,aculus_olearius,1,0.5266393442622951,0.10803734061930784,0.00011384335154826958,0.049749544626593804,0.13501821493624772,8.533845840422902,0.8859675071117363,0.8154417478159657,0.9341953185982725
IMG_20190815_123106_leaf00.png,olive_peacock_spot,2,0.3722770342873889,0.08479046595682328,0.019048549379701084,0.22252613070235422,0.2554459314252222,7.825159755174765,0.8788914229660346,0.780821091773605,0.943078618144909
IMG_20190815_123106_leaf01.png,Healthy,0,0.34854550306912196,0.01974913263944489,0.010942087002935683,0.03789698425406992,0.08460101414464906,6.177957626651809,0.9547073447510642,0.9186287047969499,0.9486052403745029
IMG_20190815_123109_full.png,olive_peacock_spot,2,0.07580085696796572,0.17353601305855948,0.0,0.0001360266612256002,0.7485207100591716,3.768365209786901,0.7504477239748033,0.16605983441540145,0.978295121009482
IMG_20190815_123135_leaf00.png,olive_peacock_spot,2,0.00034922297887200976,0.9053605727256854,0.05430417321459752,0.006809848088004191,0.02462022001047669,10.012026160498483,0.9287503731495648,0.8788526813114592,0.9500880729808401
IMG_20190815_123139_full.png,Healthy,0,0.8167808219178082,0.03669275929549902,0.0,0.042318982387475536,0.052348336594911934,6.4910732402652815,0.937361640337833,0.911677364991551,0.9137413047596589
IMG_20190815_123142_leaf00.png,olive_peacock_spot,2,0.034821219911194204,0.6377658331385838,0.26454779154007946,0.013554568824491704,0.017293760224351484,8.756745616062716,0.9444984144643411,0.9075584383361901,0.9314706851383696
IMG_20190815_123151_leaf00.png,Healthy,0,0.8344555374970978,0.030647782679359182,0.0023218017181332712,0.1300208962154632,0.1026236359414906,7.026942244645211,0.9387470149307506,0.9079903241824558,0.9061418205002492
IMG_20190815_123154_leaf00.png,olive_peacock_spot,2,0.09863339275103981,0.7649039413745297,0.05842741136858784,0.034858387799564274,0.0368389780154486,6.870683729683498,0.9256387351142674,0.8910729774609311,0.9377600440360603
IMG_20190815_123157_leaf00.png,olive_peacock_spot,2,0.7265795206971678,0.030137981118373274,0.002904865649963689,0.38562091503267976,0.08641975308641975,3.1270530569074353,0.9607942011552434,0.9381693377408983,0.9052682435721022
IMG_20190815_123211_full.png,Healthy,0,0.8690400508582327,0.018012290739563466,0.005297732570459843,0.025217207035388853,0.031150667514303877,7.637745584176948,0.9389773293451982,0.8986881599470135,0.9561154530255168
IMG_20190815_123228_leaf00.png,Healthy,0,0.693955623565417,0.01224177505738332,0.0007651109410864575,0.03902065799540933,0.11094108645753634,4.249528597227034,0.9811385513343347,0.9699368650173298,0.910968949425585
IMG_20190815_123231_leaf00.png,olive_peacock_spot,2,0.14756174794173527,0.4502849905003167,0.13257335866582226,0.019632678910702975,0.019210470762085707,8.62517179388124,0.9401548071079439,0.8986924149776269,0.9436056508611539
IMG_20190815_123231_leaf01.png,olive_peacock_spot,2,0.0,0.8683177287828451,0.05678042887345213,0.011778918755662941,0.05919661733615222,5.821433644171593,0.9551448513798948,0.9287285733503176,0.9427704836603746
IMG_20190815_123234_full.png,olive_peacock_spot,2,0.07345391595033429,0.045158787010506206,2.9847182425978987e-05,0.012953677172874881,0.8795964660936008,4.257808446334699,0.7614201963514053,0.15560237803134086,0.9737938979051686
IMG_20190815_123237_leaf00.png,olive_peacock_spot,2,0.08012961555386647,0.013961675401048125,0.0,0.05214625755090611,0.901628195383446,5.797656406258551,0.7565163106247317,0.11785280915114148,0.9734258435586485
IMG_20190815_123346_leaf00.png,olive_peacock_spot,2,0.026187150837988827,0.9395949720670391,0.007681564245810056,0.02548882681564246,0.015013966480446927,5.034707980294497,0.9630025306574181,0.9367672945292504,0.9120971354715206
IMG_20190815_123350_leaf00.png,olive_peacock_spot,2,0.598239110287303,0.005560704355885079,0.0,0.056533827618164965,0.04657089898053753,3.119840748475969,0.9459481243474238,0.9040318308034909,0.9434398630478047
IMG_20190815_123350_leaf01.png,Healthy,0,0.42233333333333334,0.02,0.021,0.19733333333333333,0.20933333333333334,5.101102125914082,0.957822709686817,0.9349793062072413,0.9077551345001822
IMG_20190815_123355_leaf00.png,Healthy,0,0.22429394022484234,0.005758157389635317,0.0010967918837400603,0.02111324376199616,0.0455168631752125,7.112903772236586,0.9486068736949194,0.9191727174838419,0.941862271237442
IMG_20190815_123412_full.png,Healthy,0,0.765333891563743,0.0025120368432070338,0.0012560184216035169,0.014234875444839857,0.04019258949131254,7.796360750664387,0.9367675208979753,0.8969686433906678,0.955514883629046
IMG_20190815_123416_leaf00.png,olive_peacock_spot,2,0.0,0.09151489135545063,0.016741276752314956,4.088223871139184e-05,0.8756157887205903,2.3186109796626573,0.7429604737683609,0.22279587656787703,0.971601867145351
IMG_20190815_123418_leaf00.png,olive_peacock_spot,2,0.5383302296710117,0.15983860955927995,0.07091868404717566,0.1803227808814401,0.10195530726256984,8.348437803458518,0.8935513182164034,0.856111754160463,0.9183792683110221
IMG_20190815_123421_leaf00.png,aculus_olearius,1,0.03051969379247619,0.08898208736514994,0.00012632323589601072,0.00010105858871680857,0.8191556554912711,4.70612994356932,0.7974954785494153,0.17693002741740482,0.9689930962056464
IMG_20190815_123424_leaf00.png,olive_peacock_spot,2,0.09612817089452604,0.6568758344459279,0.13618157543391188,0.019804183355585224,0.016911437472185136,8.666822185496963,0.9398112296446401,0.9028762720054834,0.9415159735611323
IMG_20190815_123427_leaf00.png,olive_peacock_spot,2,0.2702216896345117,0.1615338526063511,0.004913121629718394,0.007669263031755543,0.3787896944278011,8.410670488012244,0.8979450273732899,0.8245916175165627,0.9607283001685594
IMG_20190815_123516_full.png,olive_peacock_spot,2,0.9514348785871964,0.012803532008830023,0.0,0.09072847682119205,0.02052980132450331,3.2382383468219524,0.9393013386862582,0.9009007091003917,0.9489395476236588
IMG_20190815_123519_leaf00.png,Healthy,0,0.7660533910533911,0.0027056277056277055,0.004148629148629149,0.016955266955266956,0.04040404040404041,7.825772402139369,0.9233392514035027,0.8803469610287744,0.9502775737960204
IMG_20190815_123524_leaf00.png,olive_peacock_spot,2,0.11991472730502753,0.8394030911351927,0.003553028957186001,0.009237875288683603,0.016876887546633506,10.260781843782404,0.9259281992604343,0.879824716198935,0.9507711478315071
IMG_20190815_123527_full.png,aculus_olearius,1,0.012144735194691373,0.3637160385626643,0.017778890697383247,0.009390259171153124,0.3126330286715913,10.948895373947707,0.8812076501789183,0.8305378512930017,0.963645615711261
IMG_20190815_123637_leaf00.png,aculus_olearius,1,0.5205348615090736,0.20741801973893664,0.01002865329512894,0.06367398917542184,0.07911493155046163,14.676725855916324,0.9110938306770984,0.8651672136605197,0.895405982229888
IMG_20190815_123721_full.png,Healthy,0,0.6493432324386065,0.023129640205596803,0.2264420331239292,0.2832667047401485,0.08937749857224443,6.6540954882296255,0.9243038216086602,0.8707651609886995,0.8763065590298749
IMG_20190815_123724_leaf00.png,olive_peacock_spot,2,0.1967380224260958,0.0020387359836901123,0.0010193679918450561,0.0254841997961264,0.218144750254842,4.2071194681735316,0.982295461271146,0.9766388810021752,0.8924850154272674
IMG_20190815_123727_leaf00.png,olive_peacock_spot,2,0.01047658175842235,0.9402218570254725,0.0,0.012941659819227609,0.035127362366474936,9.816164241653645,0.9381509276807302,0.8958313319658148,0.9503064202014
IMG_20190815_123731_leaf00.png,olive_peacock_spot,2,0.05084492298489607,0.16120831464034693,0.049648571855839686,0.34125915956333186,0.6890982503364738,5.258906423469597,0.9031811474955522,0.8369555646829347,0.9334888234046658
IMG_20190815_123731_leaf01.png,Healthy,0,0.8033877797943134,0.018148820326678767,0.008469449485783424,0.05747126436781609,0.014519056261343012,1.8224857854490315,0.9780743628495686,0.9620226110895864,0.9332633928638832
IMG_20190815_123841_leaf00.png,Healthy,0,0.48697394789579157,0.01169004676018704,0.0016700066800267202,0.022044088176352707,0.047428189712758854,6.077102344042037,0.960274102974829,0.9322623926965956,0.936180621706467
IMG_20190815_123944_leaf00.png,aculus_olearius,1,0.10752045311516677,0.013341724354940214,0.0,0.00015733165512901197,0.813373190685966,5.914823954978637,0.7709446554627277,0.15384033427466776,0.9749988468803434
IMG_20190815_123947_leaf00.png,aculus_olearius,1,0.6434593418547729,0.03589883056839815,0.005983138428066358,0.03589883056839815,0.17296709273864563,11.62079003082739,0.9388820399592352,0.9185103598506321,0.898592760610464
IMG_20190815_123950_full.png,aculus_olearius,1,0.6838499743106696,0.009590683336187704,0.0003425244048638465,0.10840897413940744,0.16903579380030828,12.253705910614958,0.9122684875631913,0.8745631190683867,0.9140807444812478
IMG_20190815_123954_leaf00.png,olive_peacock_spot,2,0.39013248058474187,0.5142378559463987,0.002131871478605147,0.006852444038373686,0.05954012486675803,8.604116603522904,0.921965644443731,0.8610728417469334,0.9535586400322109
IMG_20190815_123957_leaf00.png,olive_peacock_spot,2,0.4421971471151799,0.49904194166489246,0.0048967426016606344,0.01596763891845859,0.03981264637002342,6.698252086708969,0.9417229360883158,0.8983920478896648,0.9355608667018265
IMG_20190815_123959_leaf00.png,olive_peacock_spot,2,0.9324324324324325,0.04448198198198198,0.0,0.06981981981981981,0.015202702702702704,2.1274506784431355,0.9714424480678727,0.9563076716496047,0.9175864486132055
IMG_20190815_124002_full.png,olive_peacock_spot,2,0.47246625241054213,0.4746089565031069,0.0,0.010927790872080565,0.03835440325691022,6.185663214060954,0.9439340203834361,0.900408745701929,0.943990871997151
IMG_20190815_124013_full.png,olive_peacock_spot,2,0.003763171098845961,0.9197190165579529,0.028600100351229302,0.042900150526843955,0.03386853988961365,5.083908334806768,0.95378343546827,0.9133299881510838,0.9176323760315465
IMG_20190815_124016_leaf00.png,Healthy,0,0.788010425716768,0.0561830292499276,0.005792064871126557,0.3799594555459021,0.13090066608746018,4.697404259219991,0.9517066218306087,0.9185356796771873,0.8816291502884144
IMG_20190815_124019_leaf00.png,olive_peacock_spot,2,0.4923155737704918,0.4487704918032787,0.00034153005464480874,0.013148907103825137,0.030566939890710382,8.45582718685937,0.9134709821262534,0.8751835647470346,0.9435004051657234
IMG_20190815_124022_leaf00.png,aculus_olearius,1,0.4952068617558022,0.006559031281533804,0.0,0.03077699293642785,0.13471241170534815,8.092611259750342,0.9408357254600379,0.9140585173327317,0.9080969243241068
IMG_20190815_124026_full.png,olive_peacock_spot,2,0.29218350068911203,0.33510533569600315,0.048040952943492816,0.00689112029927151,0.0596574128765505,8.07038354104995,0.9334323149127615,0.8905907103429964,0.9373583229063109
IMG_20190815_124028_leaf00.png,olive_peacock_spot,2,0.0,0.5037858777953865,0.21746786406057406,0.008452192287374538,0.0429653107941539,9.006197035126338,0.9285485071448848,0.8803857279741607,0.9586289416015586
IMG_20190815_124047_full.png,Healthy,0,0.6741071428571429,0.0,0.0035714285714285713,0.05803571428571429,0.08928571428571429,2.964341876798983,0.9834875905180357,0.9735366840285493,0.90216942823952
IMG_20190815_124343_leaf00.png,olive_peacock_spot,2,0.19530677096064533,0.7802493277927157,0.0068442923490589095,0.012955267660718651,0.012955267660718651,8.863490896962206,0.942400292474576,0.9113289066685493,0.9373966542360193
IMG_20190815_124346_leaf00.png,aculus_olearius,1,0.6790009250693803,0.0669750231267345,0.004995374653098982,0.031082331174838114,0.05901942645698428,7.341888212684058,0.9232002850831662,0.88383700912806,0.9179834833838256
IMG_20190815_124406_leaf00.png,aculus_olearius,1,0.11647319681752967,0.008477892265553672,0.10695187165775401,0.01591235163688535,0.5359332202947698,9.216978616213456,0.9003253808117111,0.8390502706587782,0.9490822336124861
IMG_20190815_124410_leaf00.png,olive_peacock_spot,2,0.0010647359454855196,0.8526405451448041,0.1252129471890971,0.014480408858603067,0.01788756388415673,8.271599830860021,0.9309083232675854,0.8993715943380064,0.9346754660676015
IMG_20190815_124412_leaf00.png,olive_peacock_spot,2,0.00391717963066592,0.8642977056519306,0.05847789591494124,0.01259093452714046,0.01566871852266368,9.748659074702356,0.9452089296473245,0.9215082652185395,0.9176685588718955
IMG_20190815_124416_leaf00.png,Healthy,0,0.6306875917353506,0.04222648752399232,0.07011403409732415,0.2179067404312973,0.16653494411200181,9.68541333616901,0.8834373108227798,0.8127024583674547,0.9320974679661536
IMG_20190815_124447_leaf00.png,olive_peacock_spot,2,0.001890359168241966,0.00017185083347654237,0.0,0.02251245918542705,0.8221343873517787,5.581244125582196,0.9291588112933908,0.8749946806920013,0.9435993971414807
IMG_20190815_124640_leaf00.png,Healthy,0,0.6505716207128447,0.05406859448554136,0.09657027572293207,0.007666442501681237,0.10733019502353733,10.513058191972636,0.9088359073321042,0.8435148812888156,0.9467118591123472
IMG_20190815_124640_leaf01.png,Healthy,0,0.36123612361236124,0.006900690069006901,0.0036003600360036,0.023402340234023402,0.0933093309330933,6.52758969878042,0.9540324292775875,0.9249325594819235,0.9365516529262585
IMG_20190815_124643_leaf00.png,olive_peacock_spot,2,0.45252637423653524,0.32842865074958355,0.01693503609106052,0.1687951138256524,0.14769572459744587,6.497553579037526,0.9516069128636984,0.921369337534826,0.910809493863918
IMG_20190815_124646_leaf00.png,aculus_olearius,1,0.023651817949228188,0.0008528299741308241,0.0,0.0009665406373482674,0.8970634221224095,4.76896891151248,0.7664324514278917,0.17787941873086205,0.9786443589268188
IMG_20190815_124657_full.png,olive_peacock_spot,2,0.3671745611129513,0.4163630341172574,0.03279231533620404,0.008612123219609143,0.10682345147399801,7.018743740597144,0.9337776568343183,0.8722009280324354,0.9403172157353953
IMG_20190815_124659_leaf00.png,olive_peacock_spot,2,0.5894039735099338,0.36887417218543045,0.0,0.01545253863134658,0.023399558498896248,7.293883847950886,0.9324205781394599,0.902431902371999,0.9341386760134073
IMG_20190815_124702_leaf00.png,aculus_olearius,1,0.4020297699594046,0.01880920162381597,0.003247631935047361,0.08376184032476319,0.36549391069012177,8.630154314657684,0.8926068662246553,0.8405551457759908,0.9452320653161207
IMG_20190815_124706_leaf00.png,Healthy,0,0.6034450477438682,0.036322785995132,0.06702864632091368,0.2580041190788242,0.145291143980528,7.240124727883411,0.9100201836920092,0.8635156505855659,0.9103525735202251
IMG_20190815_124706_leaf01.png,aculus_olearius,1,0.03490733688753491,0.36912922061436915,0.022721502919522723,0.007996953541507998,0.31061183041381063,12.88284055861001,0.8841217477280137,0.833098937382696,0.9509400607681661
IMG_20190815_124709_full.png,aculus_olearius,1,0.7040740740740741,0.13074074074074074,0.010555555555555556,0.25685185185185183,0.061481481481481484,7.856177450714526,0.9268088048447863,0.8843343265358572,0.894200750382096
IMG_20190815_124714_leaf00.png,olive_peacock_spot,2,0.0687082081597054,0.45643957747843783,0.35313499370094004,0.10824692315146817,0.05901734664211648,10.23825827545545,0.8707196735994899,0.773658971081489,0.9408484064433005
IMG_20190815_124714_leaf01.png,olive_peacock_spot,2,0.7217270194986073,0.18523676880222842,0.0,0.12256267409470752,0.013927576601671309,2.6506588859241216,0.9527460974523243,0.9197474062864504,0.9350487765458522
IMG_20190815_124722_full.png,olive_peacock_spot,2,0.3631716460297626,0.0600931500624787,0.022151539247983642,0.25309553561285925,0.27399750085198227,6.959235119107865,0.8938703177634924,0.8095336753389151,0.9403438564403448
IMG_20190815_124725_leaf00.png,Healthy,0,0.656810470189045,0.04249474874777832,0.08159638067539182,0.2417191791888835,0.11504281790273065,8.83290316169564,0.892770286674522,0.8262058861799177,0.902493518432907
IMG_20190815_124728_leaf00.png,Healthy,0,0.9303401990280028,0.026151353853274707,0.0020828511918537375,0.26452210136542464,0.03031705623698218,5.268421757285076,0.9376150432526322,0.9065409688940042,0.9275903798338914
IMG_20190815_124732_full.png,Healthy,0,0.7976513098464318,0.004516711833785004,0.0012044564890093346,0.021981330924420357,0.02408912978018669,7.266911121554349,0.9531775617310148,0.926782986479631,0.9330427151855801
IMG_20190815_124735_full.png,olive_peacock_spot,2,0.18574148508567803,0.7222339750370214,0.024962978633382694,0.3363655595515126,0.04484874127353501,9.356401330797596,0.9143964063802428,0.873961961899842,0.92107704160503
IMG_20190815_124737_leaf00.png,aculus_olearius,1,0.8302383389384413,0.10250036555051908,0.0,0.018862406784617633,0.051469513086708586,7.279306912916818,0.9137222661575055,0.855622621220067,0.9345661840523011
IMG_20190815_124740_leaf00.png,olive_peacock_spot,2,0.36196177757310616,0.24384066313608105,0.000690766751093714,0.03154501496661294,0.1717706654386369,6.909354179106796,0.939521004449921,0.9047521801761644,0.9279887840711923
IMG_20190815_124844_full.png,olive_peacock_spot,2,0.503110543946403,0.38602647950231295,0.002233211038443133,0.007337693412027437,0.046418886584782264,7.006974342427421,0.9172204068266422,0.8665814477231314,0.947772902954794
IMG_20190815_124847_leaf00.png,aculus_olearius,1,0.4443207126948775,0.28470675575352633,0.01002227171492205,0.042687453600593915,0.10876020786933928,10.872523369040303,0.8787808207182861,0.8293645557934626,0.9329315494752768
IMG_20190815_124850_leaf00.png,aculus_olearius,1,0.86374658987572,0.09760533494998484,0.0001515610791148833,0.4639284631706578,0.024856016974840862,4.339959166229371,0.9246204053503573,0.8608670460666311,0.9256278036445116
IMG_20190815_124853_leaf00.png,aculus_olearius,1,0.0975524569463475,0.004352381719996776,0.0,0.0013433276913570296,0.8352542919319739,5.170522615738225,0.793344086598688,0.18983479578454332,0.9797403572193495
IMG_20190815_124855_leaf00.png,Healthy,0,0.39412299303241444,0.0,0.0,0.41290518024840955,0.3220236292032717,3.957388051805694,0.9607820563405567,0.9288212059499872,0.8936708883435731
IMG_20190815_124858_leaf00.png,olive_peacock_spot,2,0.8919363686231486,0.006308283049917718,0.0,0.4476138233680746,0.030718595721338452,2.41188685934875,0.9538623328791357,0.9194139468905682,0.9301515431734493
IMG_20190815_124929_leaf00.png,olive_peacock_spot,2,0.06526548672566372,0.7816371681415929,0.06526548672566372,0.049557522123893805,0.04469026548672567,14.76198245338097,0.9316711199196145,0.9013135794752138,0.9055687333311901
IMG_20190815_124939_leaf00.png,Healthy,0,0.3132832080200501,0.0028643036161833156,0.00035803795202291446,0.01539563193698532,0.05155746509129968,6.12984551141935,0.9630992265164396,0.9385475479286128,0.9399811548060619
IMG_20190815_124942_full.png,Healthy,0,0.7102908277404921,0.0145413870246085,0.007829977628635347,0.050335570469798654,0.017897091722595078,1.5257574873688557,0.9867140335721027,0.9784761046919316,0.9034061281991997
IMG_20190815_124946_leaf00.png,olive_peacock_spot,2,0.04282924107142857,0.018355389030612245,0.0003786670918367347,0.0,0.9019650829081632,2.577217816887021,0.7634607625233403,0.20654430417363645,0.973581010422109
IMG_20190815_124948_full.png,olive_peacock_spot,2,0.3531149963063285,0.5808914060576212,0.002462447672986949,0.12459985225313962,0.04998768776163506,7.016591855783194,0.942319062857289,0.9118147015552196,0.916896343916959
IMG_20190815_124951_leaf00.png,aculus_olearius,1,0.8686210640608035,0.1093531875290833,0.0017062199472622926,0.4076314564913913,0.010237319683573755,4.629019831889211,0.914231155126902,0.8615360265180869,0.9233259078820075
IMG_20190815_124953_leaf00.png,olive_peacock_spot,2,0.6946979574098218,0.146458061712299,0.000217296827466319,0.5167318557149065,0.06888309430682311,6.243724880862873,0.9281679309078082,0.8879284799961389,0.8899863853511272
IMG_20190815_124953_leaf01.png,aculus_olearius,1,0.6028445543789132,0.022339027595269383,0.0002318930200200974,0.22849192239313595,0.28491922393135966,9.274411919605694,0.7292863521985645,0.20504257356278888,0.979811843560297
IMG_20190815_125008_leaf00.png,olive_peacock_spot,2,0.057894602134575514,0.03166031071638811,0.0008446162115123749,0.0045046197947326665,0.9072969721788539,4.552754558403221,0.7912516373922961,0.2801004533779262,0.9629896274155636
IMG_20190815_125124_leaf00.png,olive_peacock_spot,2,0.6145157414083153,0.043258832011535686,0.007930785868781542,0.34967555875991346,0.12424897861091083,6.12113090104949,0.930239938134747,0.9024564458382904,0.8996279657198474
IMG_20190815_125135_leaf00.png,aculus_olearius,1,0.7477794536618066,0.029160382101558573,0.02832244008714597,0.4749455337690632,0.10172616054968996,6.448953574617013,0.924483799368941,0.8718172511189485,0.9003079571212753
IMG_20190815_125138_leaf00.png,Healthy,0,0.6780784097183876,0.08696852567642187,0.08724461623412479,0.07040309221424627,0.12258420762009939,5.421380996344629,0.9530986045150946,0.9222563081206713,0.9254405294673383
IMG_20190815_125202_leaf00.png,aculus_olearius,1,0.7907048799380325,0.06924864446165763,0.0023237800154918666,0.15476374903175832,0.07250193648334624,8.596675704603808,0.9114409712516386,0.8612659399485956,0.904448954725718
a224_leaf00.png,Healthy,0,0.9132394366197183,0.020657276995305163,0.0,0.6313615023474178,0.026103286384976526,3.176723274252752,0.9197124968113498,0.87179458886943,0.9194208137796801
a226_leaf00.png,Healthy,0,0.4729780801209373,0.005291005291005291,0.0041572184429327285,0.01455026455026455,0.31613756613756616,9.854467936277395,0.9296185293764516,0.88830521468576,0.9391654977520968
a228_leaf00.png,aculus_olearius,1,0.7044403330249769,0.02944804193647857,0.0,0.4406413814369411,0.16990440949737898,9.377531661163669,0.8912146521197295,0.8147544289195127,0.9055834900937157
a231_leaf00.png,Healthy,0,0.4365974729241877,0.043772563176895304,0.14981949458483754,0.11191335740072202,0.20351985559566788,6.201327890159028,0.9410855604880983,0.904948353230298,0.9272354356825092
a233_leaf00.png,olive_peacock_spot,2,0.042738650513919084,0.03438086996897491,0.012705514868829277,0.00016884405141301366,0.9065659230493236,2.5357711729051844,0.8160825158120641,0.20812011297005534,0.9747393805061156
a244_leaf00.png,Healthy,0,0.5643153526970954,0.01713873353779542,0.005773047086415298,0.00938120151542486,0.1825726141078838,11.009030615091572,0.921692816243236,0.8831464491789381,0.9481238380320947
a248_leaf00.png,aculus_olearius,1,0.5364592948126269,0.019198818534244048,0.02122946280228909,0.2222632453387484,0.18534244046520215,10.012884178766027,0.9066918115844289,0.8723025740709318,0.9190063040301658
