path,folder,label,n_leaves
data/olive_leaves/train/Healthy/A163.jpg,data/olive_leaves/train/Healthy,0,1
data/olive_leaves/train/Healthy/A299.jpg,data/olive_leaves/train/Healthy,0,1
data/olive_leaves/train/Healthy/A310.jpg,data/olive_leaves/train/Healthy,0,1
data/olive_leaves/train/Healthy/A319.jpg,data/olive_leaves/train/Healthy,0,1
data/olive_leaves/train/Healthy/A442.jpg,data/olive_leaves/train/Healthy,0,1
data/olive_leaves/train/Healthy/A46.JPG,data/olive_leaves/train/Healthy,0,1
data/olive_leaves/train/Healthy/A587.jpg,data/olive_leaves/train/Healthy,0,1
data/olive_leaves/train/Healthy/A593.jpg,data/olive_leaves/train/Healthy,0,1
data/olive_leaves/train/Healthy/A60.JPG,data/olive_leaves/train/Healthy,0,1
data/olive_leaves/train/Healthy/A623.JPG,data/olive_leaves/train/Healthy,0,2
data/olive_leaves/train/Healthy/A624.JPG,data/olive_leaves/train/Healthy,0,1
data/olive_leaves/train/Healthy/A629.JPG,data/olive_leaves/train/Healthy,0,1
data/olive_leaves/train/Healthy/A657.JPG,data/olive_leaves/train/Healthy,0,1
data/olive_leaves/train/Healthy/A667.JPG,data/olive_leaves/train/Healthy,0,1
data/olive_leaves/train/Healthy/A668.JPG,data/olive_leaves/train/Healthy,0,1
data/olive_leaves/train/Healthy/A686.JPG,data/olive_leaves/train/Healthy,0,1
data/olive_leaves/train/Healthy/A687.JPG,data/olive_leaves/train/Healthy,0,1
data/olive_leaves/train/Healthy/A692.JPG,data/olive_leaves/train/Healthy,0,1
data/olive_leaves/train/Healthy/A693.JPG,data/olive_leaves/train/Healthy,0,1
data/olive_leaves/train/Healthy/A696.JPG,data/olive_leaves/train/Healthy,0,1
data/olive_leaves/train/Healthy/A697.JPG,data/olive_leaves/train/Healthy,0,1
data/olive_leaves/train/Healthy/A702.JPG,data/olive_leaves/train/Healthy,0,1
data/olive_leaves/train/Healthy/A713.JPG,data/olive_leaves/train/Healthy,0,1
data/olive_leaves/train/Healthy/A720.JPG,data/olive_leaves/train/Healthy,0,1
data/olive_leaves/train/Healthy/A721.JPG,data/olive_leaves/train/Healthy,0,1
data/olive_leaves/train/Healthy/A723.JPG,data/olive_leaves/train/Healthy,0,1
data/olive_leaves/train/Healthy/A735.JPG,data/olive_leaves/train/Healthy,0,1
data/olive_leaves/train/Healthy/B-10.JPG,data/olive_leaves/train/Healthy,0,1
data/olive_leaves/train/Healthy/B-100.JPG,data/olive_leaves/train/Healthy,0,2
data/olive_leaves/train/Healthy/B-101.JPG,data/olive_leaves/train/Healthy,0,1
data/olive_leaves/train/Healthy/B-102.JPG,data/olive_leaves/train/Healthy,0,1
data/olive_leaves/train/Healthy/B-104.JPG,data/olive_leaves/train/Healthy,0,1
data/olive_leaves/train/Healthy/B-105.JPG,data/olive_leaves/train/Healthy,0,1
data/olive_leaves/train/Healthy/B-106.JPG,data/olive_leaves/train/Healthy,0,1
data/olive_leaves/train/Healthy/B-107.JPG,data/olive_leaves/train/Healthy,0,1
data/olive_leaves/train/Healthy/B-108.JPG,data/olive_leaves/train/Healthy,0,1
data/olive_leaves/train/Healthy/B-109 - Kopya.JPG,data/olive_leaves/train/Healthy,0,1
data/olive_leaves/train/Healthy/B-109.JPG,data/olive_leaves/train/Healthy,0,1
data/olive_leaves/train/Healthy/B-11.JPG,data/olive_leaves/train/Healthy,0,1
data/olive_leaves/train/Healthy/B-112 - Kopya.JPG,data/olive_leaves/train/Healthy,0,1
data/olive_leaves/train/Healthy/B-112.JPG,data/olive_leaves/train/Healthy,0,1
data/olive_leaves/train/Healthy/B-113 - Kopya.JPG,data/olive_leaves/train/Healthy,0,1
data/olive_leaves/train/Healthy/B-113.JPG,data/olive_leaves/train/Healthy,0,1
data/olive_leaves/train/Healthy/B-114.JPG,data/olive_leaves/train/Healthy,0,1
data/olive_leaves/train/Healthy/B-115.JPG,data/olive_leaves/train/Healthy,0,2
data/olive_leaves/train/Healthy/B-116 - Kopya.JPG,data/olive_leaves/train/Healthy,0,1
data/olive_leaves/train/Healthy/B-116.JPG,data/olive_leaves/train/Healthy,0,1
data/olive_leaves/train/Healthy/B-119 - Kopya.JPG,data/olive_leaves/train/Healthy,0,1
data/olive_leaves/train/Healthy/B-119.JPG,data/olive_leaves/train/Healthy,0,1
data/olive_leaves/train/Healthy/B-12.JPG,data/olive_leaves/train/Healthy,0,1
data/olive_leaves/train/Healthy/B-120 - Kopya.JPG,data/olive_leaves/train/Healthy,0,1
data/olive_leaves/train/Healthy/B-120.JPG,data/olive_leaves/train/Healthy,0,1
data/olive_leaves/train/Healthy/B-121.JPG,data/olive_leaves/train/Healthy,0,1
data/olive_leaves/train/Healthy/B-122.JPG,data/olive_leaves/train/Healthy,0,2
data/olive_leaves/train/Healthy/B-123.JPG,data/olive_leaves/train/Healthy,0,1
data/olive_leaves/train/Healthy/B-124.JPG,data/olive_leaves/train/Healthy,0,1
data/olive_leaves/train/Healthy/B-125.JPG,data/olive_leaves/train/Healthy,0,1
data/olive_leaves/train/Healthy/B-126.JPG,data/olive_leaves/train/Healthy,0,1
data/olive_leaves/train/Healthy/B-127.JPG,data/olive_leaves/train/Healthy,0,1
data/olive_leaves/train/Healthy/B-128.JPG,data/olive_leaves/train/Healthy,0,1
data/olive_leaves/train/Healthy/B-129.JPG,data/olive_leaves/train/Healthy,0,1
data/olive_leaves/train/Healthy/B-13.JPG,data/olive_leaves/train/Healthy,0,1
data/olive_leaves/train/Healthy/B-131 - Kopya.JPG,data/olive_leaves/train/Healthy,0,1
data/olive_leaves/train/Healthy/B-131.JPG,data/olive_leaves/train/Healthy,0,1
data/olive_leaves/train/Healthy/B-132 - Kopya.JPG,data/olive_leaves/train/Healthy,0,2
data/olive_leaves/train/Healthy/B-132.JPG,data/olive_leaves/train/Healthy,0,2
data/olive_leaves/train/Healthy/B-133.JPG,data/olive_leaves/train/Healthy,0,1
data/olive_leaves/train/Healthy/B-134.JPG,data/olive_leaves/train/Healthy,0,1
data/olive_leaves/train/Healthy/B-135.JPG,data/olive_leaves/train/Healthy,0,1
data/olive_leaves/train/Healthy/B-136.JPG,data/olive_leaves/train/Healthy,0,1
data/olive_leaves/train/Healthy/B-137.JPG,data/olive_leaves/train/Healthy,0,1
data/olive_leaves/train/Healthy/B-138.JPG,data/olive_leaves/train/Healthy,0,1
data/olive_leaves/train/Healthy/B-139.JPG,data/olive_leaves/train/Healthy,0,1
data/olive_leaves/train/Healthy/B-14.JPG,data/olive_leaves/train/Healthy,0,1
data/olive_leaves/train/Healthy/B-140.JPG,data/olive_leaves/train/Healthy,0,1
data/olive_leaves/train/Healthy/B-141.JPG,data/olive_leaves/train/Healthy,0,1
data/olive_leaves/train/Healthy/B-142.JPG,data/olive_leaves/train/Healthy,0,1
data/olive_leaves/train/Healthy/B-143.JPG,data/olive_leaves/train/Healthy,0,1
data/olive_leaves/train/Healthy/B-144.JPG,data/olive_leaves/train/Healthy,0,1
data/olive_leaves/train/Healthy/B-145.JPG,data/olive_leaves/train/Healthy,0,1
data/olive_leaves/train/Healthy/B-146.JPG,data/olive_leaves/train/Healthy,0,1
data/olive_leaves/train/Healthy/B-15.JPG,data/olive_leaves/train/Healthy,0,1
data/olive_leaves/train/Healthy/B-150.JPG,data/olive_leaves/train/Healthy,0,1
data/olive_leaves/train/Healthy/B-151.JPG,data/olive_leaves/train/Healthy,0,1
data/olive_leaves/train/Healthy/B-152.JPG,data/olive_leaves/train/Healthy,0,1
data/olive_leaves/train/Healthy/B-153.JPG,data/olive_leaves/train/Healthy,0,1
data/olive_leaves/train/Healthy/B-154.JPG,data/olive_leaves/train/Healthy,0,1
data/olive_leaves/train/Healthy/B-155.JPG,data/olive_leaves/train/Healthy,0,1
data/olive_leaves/train/Healthy/B-156.JPG,data/olive_leaves/train/Healthy,0,1
data/olive_leaves/train/Healthy/B-157.JPG,data/olive_leaves/train/Healthy,0,2
data/olive_leaves/train/Healthy/B-16.JPG,data/olive_leaves/train/Healthy,0,1
data/olive_leaves/train/Healthy/B-160.JPG,data/olive_leaves/train/Healthy,0,1
data/olive_leaves/train/Healthy/B-162.JPG,data/olive_leaves/train/Healthy,0,1
data/olive_leaves/train/Healthy/B-163.JPG,data/olive_leaves/train/Healthy,0,1
data/olive_leaves/train/Healthy/B-166.JPG,data/olive_leaves/train/Healthy,0,1
data/olive_leaves/train/Healthy/B-167.JPG,data/olive_leaves/train/Healthy,0,1
data/olive_leaves/train/Healthy/B-169.JPG,data/olive_leaves/train/Healthy,0,0
data/olive_leaves/train/Healthy/B-17.JPG,data/olive_leaves/train/Healthy,0,1
data/olive_leaves/train/Healthy/B-171.JPG,data/olive_leaves/train/Healthy,0,1
data/olive_leaves/train/Healthy/B-172.JPG,data/olive_leaves/train/Healthy,0,1
data/olive_leaves/train/Healthy/B-173.JPG,data/olive_leaves/train/Healthy,0,1
data/olive_leaves/train/Healthy/B-174.JPG,data/olive_leaves/train/Healthy,0,1
data/olive_leaves/train/Healthy/B-175.JPG,data/olive_leaves/train/Healthy,0,1
data/olive_leaves/train/Healthy/B-176.JPG,data/olive_leaves/train/Healthy,0,1
data/olive_leaves/train/Healthy/B-177.JPG,data/olive_leaves/train/Healthy,0,1
data/olive_leaves/train/Healthy/B-179.JPG,data/olive_leaves/train/Healthy,0,1
data/olive_leaves/train/Healthy/B-18.JPG,data/olive_leaves/train/Healthy,0,1
data/olive_leaves/train/Healthy/B-180.JPG,data/olive_leaves/train/Healthy,0,1
data/olive_leaves/train/Healthy/B-182.JPG,data/olive_leaves/train/Healthy,0,1
data/olive_leaves/train/Healthy/B-183.JPG,data/olive_leaves/train/Healthy,0,1
data/olive_leaves/train/Healthy/B-184.JPG,data/olive_leaves/train/Healthy,0,1
data/olive_leaves/train/Healthy/B-185.JPG,data/olive_leaves/train/Healthy,0,1
data/olive_leaves/train/Healthy/B-186.JPG,data/olive_leaves/train/Healthy,0,1
data/olive_leaves/train/Healthy/B-187.JPG,data/olive_leaves/train/Healthy,0,1
data/olive_leaves/train/Healthy/B-188.JPG,data/olive_leaves/train/Healthy,0,1
data/olive_leaves/train/Healthy/B-189.JPG,data/olive_leaves/train/Healthy,0,1
data/olive_leaves/train/Healthy/B-19.JPG,data/olive_leaves/train/Healthy,0,1
data/olive_leaves/train/Healthy/B-191.JPG,data/olive_leaves/train/Healthy,0,1
data/olive_leaves/train/Healthy/B-192.JPG,data/olive_leaves/train/Healthy,0,1
data/olive_leaves/train/Healthy/B-193.JPG,data/olive_leaves/train/Healthy,0,1
data/olive_leaves/train/Healthy/B-194.JPG,data/olive_leaves/train/Healthy,0,1
data/olive_leaves/train/Healthy/B-195.JPG,data/olive_leaves/train/Healthy,0,2
data/olive_leaves/train/Healthy/B-196.JPG,data/olive_leaves/train/Healthy,0,0
data/olive_leaves/train/Healthy/B-197.JPG,data/olive_leaves/train/Healthy,0,1
data/olive_leaves/train/Healthy/B-198.JPG,data/olive_leaves/train/Healthy,0,1
data/olive_leaves/train/Healthy/B-199.JPG,data/olive_leaves/train/Healthy,0,1
data/olive_leaves/train/Healthy/B-2.JPG,data/olive_leaves/train/Healthy,0,1
data/olive_leaves/train/Healthy/B-20.JPG,data/olive_leaves/train/Healthy,0,1
data/olive_leaves/train/Healthy/B-200.JPG,data/olive_leaves/train/Healthy,0,0
data/olive_leaves/train/Healthy/B-201.JPG,data/olive_leaves/train/Healthy,0,1
data/olive_leaves/train/Healthy/B-202.JPG,data/olive_leaves/train/Healthy,0,1
data/olive_leaves/train/Healthy/B-203.JPG,data/olive_leaves/train/Healthy,0,1
data/olive_leaves/train/Healthy/B-205.JPG,data/olive_leaves/train/Healthy,0,1
data/olive_leaves/train/Healthy/B-207.JPG,data/olive_leaves/train/Healthy,0,1
data/olive_leaves/train/Healthy/B-21.JPG,data/olive_leaves/train/Healthy,0,3
data/olive_leaves/train/Healthy/B-211.JPG,data/olive_leaves/train/Healthy,0,1
data/olive_leaves/train/Healthy/B-212.JPG,data/olive_leaves/train/Healthy,0,2
data/olive_leaves/train/Healthy/B-213.JPG,data/olive_leaves/train/Healthy,0,1
data/olive_leaves/train/Healthy/B-215.JPG,data/olive_leaves/train/Healthy,0,1
data/olive_leaves/train/Healthy/B-216.JPG,data/olive_leaves/train/Healthy,0,1
data/olive_leaves/train/Healthy/B-217.JPG,data/olive_leaves/train/Healthy,0,3
data/olive_leaves/train/Healthy/B-218.JPG,data/olive_leaves/train/Healthy,0,1
data/olive_leaves/train/Healthy/B-22.JPG,data/olive_leaves/train/Healthy,0,1
data/olive_leaves/train/Healthy/B-220.JPG,data/olive_leaves/train/Healthy,0,1
data/olive_leaves/train/Healthy/B-221.JPG,data/olive_leaves/train/Healthy,0,1
data/olive_leaves/train/Healthy/B-223.JPG,data/olive_leaves/train/Healthy,0,1
data/olive_leaves/train/Healthy/B-224.JPG,data/olive_leaves/train/Healthy,0,1
data/olive_leaves/train/Healthy/B-225.JPG,data/olive_leaves/train/Healthy,0,1
data/olive_leaves/train/Healthy/B-226.JPG,data/olive_leaves/train/Healthy,0,1
data/olive_leaves/train/Healthy/B-227.JPG,data/olive_leaves/train/Healthy,0,1
data/olive_leaves/train/Healthy/B-23.JPG,data/olive_leaves/train/Healthy,0,1
data/olive_leaves/train/Healthy/B-230.JPG,data/olive_leaves/train/Healthy,0,1
data/olive_leaves/train/Healthy/B-232.JPG,data/olive_leaves/train/Healthy,0,1
data/olive_leaves/train/Healthy/B-233.JPG,data/olive_leaves/train/Healthy,0,1
data/olive_leaves/train/Healthy/B-234.JPG,data/olive_leaves/train/Healthy,0,1
data/olive_leaves/train/Healthy/B-235.JPG,data/olive_leaves/train/Healthy,0,1
data/olive_leaves/train/Healthy/B-236.JPG,data/olive_leaves/train/Healthy,0,1
data/olive_leaves/train/Healthy/B-237.JPG,data/olive_leaves/train/Healthy,0,1
data/olive_leaves/train/Healthy/B-239.JPG,data/olive_leaves/train/Healthy,0,1
data/olive_leaves/train/Healthy/B-24.JPG,data/olive_leaves/train/Healthy,0,1
data/olive_leaves/train/Healthy/B-240.JPG,data/olive_leaves/train/Healthy,0,0
data/olive_leaves/train/Healthy/B-242.JPG,data/olive_leaves/train/Healthy,0,1
data/olive_leaves/train/Healthy/B-243.JPG,data/olive_leaves/train/Healthy,0,1
data/olive_leaves/train/Healthy/B-244.JPG,data/olive_leaves/train/Healthy,0,1
data/olive_leaves/train/Healthy/B-245.JPG,data/olive_leaves/train/Healthy,0,2
data/olive_leaves/train/Healthy/B-246.JPG,data/olive_leaves/train/Healthy,0,1
data/olive_leaves/train/Healthy/B-247.JPG,data/olive_leaves/train/Healthy,0,1
data/olive_leaves/train/Healthy/B-25.JPG,data/olive_leaves/train/Healthy,0,1
data/olive_leaves/train/Healthy/B-250.JPG,data/olive_leaves/train/Healthy,0,1
data/olive_leaves/train/Healthy/B-251.JPG,data/olive_leaves/train/Healthy,0,1
data/olive_leaves/train/Healthy/B-253.JPG,data/olive_leaves/train/Healthy,0,2
data/olive_leaves/train/Healthy/B-255.JPG,data/olive_leaves/train/Healthy,0,1
data/olive_leaves/train/Healthy/B-256.JPG,data/olive_leaves/train/Healthy,0,1
data/olive_leaves/train/Healthy/B-257.JPG,data/olive_leaves/train/Healthy,0,1
data/olive_leaves/train/Healthy/B-258.JPG,data/olive_leaves/train/Healthy,0,1
data/olive_leaves/train/Healthy/B-259.JPG,data/olive_leaves/train/Healthy,0,1
data/olive_leaves/train/Healthy/B-26.JPG,data/olive_leaves/train/Healthy,0,1
data/olive_leaves/train/Healthy/B-260.JPG,data/olive_leaves/train/Healthy,0,1
data/olive_leaves/train/Healthy/B-261.JPG,data/olive_leaves/train/Healthy,0,1
data/olive_leaves/train/Healthy/B-262.JPG,data/olive_leaves/train/Healthy,0,1
data/olive_leaves/train/Healthy/B-263.JPG,data/olive_leaves/train/Healthy,0,1
data/olive_leaves/train/Healthy/B-264.JPG,data/olive_leaves/train/Healthy,0,1
data/olive_leaves/train/Healthy/B-265.JPG,data/olive_leaves/train/Healthy,0,1
data/olive_leaves/train/Healthy/B-266.JPG,data/olive_leaves/train/Healthy,0,1
data/olive_leaves/train/Healthy/B-267.JPG,data/olive_leaves/train/Healthy,0,2
data/olive_leaves/train/Healthy/B-268.JPG,data/olive_leaves/train/Healthy,0,1
data/olive_leaves/train/Healthy/B-269.JPG,data/olive_leaves/train/Healthy,0,1
data/olive_leaves/train/Healthy/B-27.JPG,data/olive_leaves/train/Healthy,0,1
data/olive_leaves/train/Healthy/B-270.JPG,data/olive_leaves/train/Healthy,0,2
data/olive_leaves/train/Healthy/B-271.JPG,data/olive_leaves/train/Healthy,0,1
data/olive_leaves/train/Healthy/B-272.JPG,data/olive_leaves/train/Healthy,0,1
data/olive_leaves/train/Healthy/B-273.JPG,data/olive_leaves/train/Healthy,0,1
data/olive_leaves/train/Healthy/B-274.JPG,data/olive_leaves/train/Healthy,0,1
data/olive_leaves/train/Healthy/B-275.JPG,data/olive_leaves/train/Healthy,0,1
data/olive_leaves/train/Healthy/B-276.JPG,data/olive_leaves/train/Healthy,0,1
data/olive_leaves/train/Healthy/B-277.JPG,data/olive_leaves/train/Healthy,0,2
data/olive_leaves/train/Healthy/B-278.JPG,data/olive_leaves/train/Healthy,0,2
data/olive_leaves/train/Healthy/B-279.JPG,data/olive_leaves/train/Healthy,0,1
data/olive_leaves/train/Healthy/B-28.JPG,data/olive_leaves/train/Healthy,0,1
data/olive_leaves/train/Healthy/B-280.JPG,data/olive_leaves/train/Healthy,0,1
data/olive_leaves/train/Healthy/B-281.JPG,data/olive_leaves/train/Healthy,0,1
data/olive_leaves/train/Healthy/B-282.JPG,data/olive_leaves/train/Healthy,0,1
data/olive_leaves/train/Healthy/B-283.JPG,data/olive_leaves/train/Healthy,0,1
data/olive_leaves/train/Healthy/B-284.JPG,data/olive_leaves/train/Healthy,0,1
data/olive_leaves/train/Healthy/B-285.JPG,data/olive_leaves/train/Healthy,0,1
data/olive_leaves/train/Healthy/B-286.JPG,data/olive_leaves/train/Healthy,0,1
data/olive_leaves/train/Healthy/B-287.JPG,data/olive_leaves/train/Healthy,0,1
data/olive_leaves/train/Healthy/B-288.JPG,data/olive_leaves/train/Healthy,0,1
data/olive_leaves/train/Healthy/B-29.JPG,data/olive_leaves/train/Healthy,0,1
data/olive_leaves/train/Healthy/B-290.JPG,data/olive_leaves/train/Healthy,0,1
data/olive_leaves/train/Healthy/B-291.JPG,data/olive_leaves/train/Healthy,0,1
data/olive_leaves/train/Healthy/B-294.JPG,data/olive_leaves/train/Healthy,0,1
data/olive_leaves/train/Healthy/B-296.JPG,data/olive_leaves/train/Healthy,0,1
data/olive_leaves/train/Healthy/B-298.JPG,data/olive_leaves/train/Healthy,0,1
data/olive_leaves/train/Healthy/B-299.JPG,data/olive_leaves/train/Healthy,0,1
data/olive_leaves/train/Healthy/B-3.JPG,data/olive_leaves/train/Healthy,0,1
data/olive_leaves/train/Healthy/B-300.JPG,data/olive_leaves/train/Healthy,0,1
data/olive_leaves/train/Healthy/B-301.JPG,data/olive_leaves/train/Healthy,0,2
data/olive_leaves/train/Healthy/B-304.JPG,data/olive_leaves/train/Healthy,0,1
data/olive_leaves/train/Healthy/B-305.JPG,data/olive_leaves/train/Healthy,0,1
data/olive_leaves/train/Healthy/B-306.JPG,data/olive_leaves/train/Healthy,0,1
data/olive_leaves/train/Healthy/B-309.JPG,data/olive_leaves/train/Healthy,0,1
data/olive_leaves/train/Healthy/B-310.JPG,data/olive_leaves/train/Healthy,0,1
data/olive_leaves/train/Healthy/B-311.JPG,data/olive_leaves/train/Healthy,0,1
data/olive_leaves/train/Healthy/B-312.JPG,data/olive_leaves/train/Healthy,0,1
data/olive_leaves/train/Healthy/B-313.JPG,data/olive_leaves/train/Healthy,0,1
data/olive_leaves/train/Healthy/B-314.JPG,data/olive_leaves/train/Healthy,0,1
data/olive_leaves/train/Healthy/B-315.JPG,data/olive_leaves/train/Healthy,0,1
data/olive_leaves/train/Healthy/B-316.JPG,data/olive_leaves/train/Healthy,0,1
data/olive_leaves/train/Healthy/B-317.JPG,data/olive_leaves/train/Healthy,0,1
data/olive_leaves/train/Healthy/B-318.JPG,data/olive_leaves/train/Healthy,0,2
data/olive_leaves/train/Healthy/B-319.JPG,data/olive_leaves/train/Healthy,0,1
data/olive_leaves/train/Healthy/B-321.JPG,data/olive_leaves/train/Healthy,0,1
data/olive_leaves/train/Healthy/B-322.JPG,data/olive_leaves/train/Healthy,0,2
data/olive_leaves/train/Healthy/B-323.JPG,data/olive_leaves/train/Healthy,0,1
data/olive_leaves/train/Healthy/B-324.JPG,data/olive_leaves/train/Healthy,0,1
data/olive_leaves/train/Healthy/B-325.JPG,data/olive_leaves/train/Healthy,0,1
data/olive_leaves/train/Healthy/B-326.JPG,data/olive_leaves/train/Healthy,0,1
data/olive_leaves/train/Healthy/B-327.JPG,data/olive_leaves/train/Healthy,0,1
data/olive_leaves/train/Healthy/B-328.JPG,data/olive_leaves/train/Healthy,0,1
data/olive_leaves/train/Healthy/B-329.JPG,data/olive_leaves/train/Healthy,0,1
data/olive_leaves/train/Healthy/B-33.JPG,data/olive_leaves/train/Healthy,0,1
data/olive_leaves/train/Healthy/B-330.JPG,data/olive_leaves/train/Healthy,0,1
data/olive_leaves/train/Healthy/B-331.JPG,data/olive_leaves/train/Healthy,0,1
data/olive_leaves/train/Healthy/B-332.JPG,data/olive_leaves/train/Healthy,0,1
data/olive_leaves/train/Healthy/B-333.JPG,data/olive_leaves/train/Healthy,0,1
data/olive_leaves/train/Healthy/B-334.JPG,data/olive_leaves/train/Healthy,0,1
data/olive_leaves/train/Healthy/B-335.JPG,data/olive_leaves/train/Healthy,0,1
data/olive_leaves/train/Healthy/B-336.JPG,data/olive_leaves/train/Healthy,0,1
data/olive_leaves/train/Healthy/B-337.JPG,data/olive_leaves/train/Healthy,0,1
data/olive_leaves/train/Healthy/B-339.JPG,data/olive_leaves/train/Healthy,0,2
data/olive_leaves/train/Healthy/B-34.JPG,data/olive_leaves/train/Healthy,0,1
data/olive_leaves/train/Healthy/B-340.JPG,data/olive_leaves/train/Healthy,0,1
data/olive_leaves/train/Healthy/B-341.JPG,data/olive_leaves/train/Healthy,0,1
data/olive_leaves/train/Healthy/B-342.JPG,data/olive_leaves/train/Healthy,0,1
data/olive_leaves/train/Healthy/B-343.JPG,data/olive_leaves/train/Healthy,0,1
data/olive_leaves/train/Healthy/B-344.JPG,data/olive_leaves/train/Healthy,0,1
data/olive_leaves/train/Healthy/B-346.JPG,data/olive_leaves/train/Healthy,0,2
data/olive_leaves/train/Healthy/B-347.JPG,data/olive_leaves/train/Healthy,0,1
data/olive_leaves/train/Healthy/B-35.JPG,data/olive_leaves/train/Healthy,0,1
data/olive_leaves/train/Healthy/B-350.jpg,data/olive_leaves/train/Healthy,0,1
data/olive_leaves/train/Healthy/B-352.jpg,data/olive_leaves/train/Healthy,0,1
data/olive_leaves/train/Healthy/B-353.jpg,data/olive_leaves/train/Healthy,0,1
data/olive_leaves/train/Healthy/B-355.jpg,data/olive_leaves/train/Healthy,0,1
data/olive_leaves/train/Healthy/B-356.jpg,data/olive_leaves/train/Healthy,0,1
data/olive_leaves/train/Healthy/B-357.jpg,data/olive_leaves/train/Healthy,0,1
data/olive_leaves/train/Healthy/B-359.jpg,data/olive_leaves/train/Healthy,0,1
data/olive_leaves/train/Healthy/B-36.JPG,data/olive_leaves/train/Healthy,0,1
data/olive_leaves/train/Healthy/B-360.jpg,data/olive_leaves/train/Healthy,0,1
data/olive_leaves/train/Healthy/B-362.jpg,data/olive_leaves/train/Healthy,0,2
data/olive_leaves/train/Healthy/B-363 - Kopya.jpg,data/olive_leaves/train/Healthy,0,2
data/olive_leaves/train/Healthy/B-363.jpg,data/olive_leaves/train/Healthy,0,2
data/olive_leaves/train/Healthy/B-364 - Kopya.jpg,data/olive_leaves/train/Healthy,0,1
data/olive_leaves/train/Healthy/B-364.jpg,data/olive_leaves/train/Healthy,0,1
data/olive_leaves/train/Healthy/B-365 - Kopya.jpg,data/olive_leaves/train/Healthy,0,1
data/olive_leaves/train/Healthy/B-365.jpg,data/olive_leaves/train/Healthy,0,1
data/olive_leaves/train/Healthy/B-366 - Kopya.jpg,data/olive_leaves/train/Healthy,0,1
data/olive_leaves/train/Healthy/B-366.jpg,data/olive_leaves/train/Healthy,0,1
data/olive_leaves/train/Healthy/B-367 - Kopya.jpg,data/olive_leaves/train/Healthy,0,1
data/olive_leaves/train/Healthy/B-367.jpg,data/olive_leaves/train/Healthy,0,1
data/olive_leaves/train/Healthy/B-368.jpg,data/olive_leaves/train/Healthy,0,1
data/olive_leaves/train/Healthy/B-369.jpg,data/olive_leaves/train/Healthy,0,2
data/olive_leaves/train/Healthy/B-37.JPG,data/olive_leaves/train/Healthy,0,1
data/olive_leaves/train/Healthy/B-370.jpg,data/olive_leaves/train/Healthy,0,1
data/olive_leaves/train/Healthy/B-371.jpg,data/olive_leaves/train/Healthy,0,1
data/olive_leaves/train/Healthy/B-38.JPG,data/olive_leaves/train/Healthy,0,1
data/olive_leaves/train/Healthy/B-39.JPG,data/olive_leaves/train/Healthy,0,1
data/olive_leaves/train/Healthy/B-4.JPG,data/olive_leaves/train/Healthy,0,1
data/olive_leaves/train/Healthy/B-40.JPG,data/olive_leaves/train/Healthy,0,1
data/olive_leaves/train/Healthy/B-41.JPG,data/olive_leaves/train/Healthy,0,1
data/olive_leaves/train/Healthy/B-42.JPG,data/olive_leaves/train/Healthy,0,1
data/olive_leaves/train/Healthy/B-44.JPG,data/olive_leaves/train/Healthy,0,2
data/olive_leaves/train/Healthy/B-449.JPG,data/olive_leaves/train/Healthy,0,1
data/olive_leaves/train/Healthy/B-45.JPG,data/olive_leaves/train/Healthy,0,1
data/olive_leaves/train/Healthy/B-450.jpg,data/olive_leaves/train/Healthy,0,1
data/olive_leaves/train/Healthy/B-451.jpg,data/olive_leaves/train/Healthy,0,2
data/olive_leaves/train/Healthy/B-452.jpg,data/olive_leaves/train/Healthy,0,1
data/olive_leaves/train/Healthy/B-453.jpg,data/olive_leaves/train/Healthy,0,1
data/olive_leaves/train/Healthy/B-456.jpg,data/olive_leaves/train/Healthy,0,1
data/olive_leaves/train/Healthy/B-459.jpg,data/olive_leaves/train/Healthy,0,1
data/olive_leaves/train/Healthy/B-46.JPG,data/olive_leaves/train/Healthy,0,1
data/olive_leaves/train/Healthy/B-460.JPG,data/olive_leaves/train/Healthy,0,1
data/olive_leaves/train/Healthy/B-461.JPG,data/olive_leaves/train/Healthy,0,1
data/olive_leaves/train/Healthy/B-462.JPG,data/olive_leaves/train/Healthy,0,1
data/olive_leaves/train/Healthy/B-463.JPG,data/olive_leaves/train/Healthy,0,0
data/olive_leaves/train/Healthy/B-464.JPG,data/olive_leaves/train/Healthy,0,1
data/olive_leaves/train/Healthy/B-465.JPG,data/olive_leaves/train/Healthy,0,1
data/olive_leaves/train/Healthy/B-466.JPG,data/olive_leaves/train/Healthy,0,1
data/olive_leaves/train/Healthy/B-467.JPG,data/olive_leaves/train/Healthy,0,1
data/olive_leaves/train/Healthy/B-468.JPG,data/olive_leaves/train/Healthy,0,1
data/olive_leaves/train/Healthy/B-469.JPG,data/olive_leaves/train/Healthy,0,1
data/olive_leaves/train/Healthy/B-47.JPG,data/olive_leaves/train/Healthy,0,0
data/olive_leaves/train/Healthy/B-470.JPG,data/olive_leaves/train/Healthy,0,1
data/olive_leaves/train/Healthy/B-471.JPG,data/olive_leaves/train/Healthy,0,1
data/olive_leaves/train/Healthy/B-472.JPG,data/olive_leaves/train/Healthy,0,1
data/olive_leaves/train/Healthy/B-473.JPG,data/olive_leaves/train/Healthy,0,1
data/olive_leaves/train/Healthy/B-474.JPG,data/olive_leaves/train/Healthy,0,1
data/olive_leaves/train/Healthy/B-475.JPG,data/olive_leaves/train/Healthy,0,1
data/olive_leaves/train/Healthy/B-476.JPG,data/olive_leaves/train/Healthy,0,1
data/olive_leaves/train/Healthy/B-477.JPG,data/olive_leaves/train/Healthy,0,1
data/olive_leaves/train/Healthy/B-478.JPG,data/olive_leaves/train/Healthy,0,1
data/olive_leaves/train/Healthy/B-479.JPG,data/olive_leaves/train/Healthy,0,0
data/olive_leaves/train/Healthy/B-48.JPG,data/olive_leaves/train/Healthy,0,1
data/olive_leaves/train/Healthy/B-480.JPG,data/olive_leaves/train/Healthy,0,1
data/olive_leaves/train/Healthy/B-481.JPG,data/olive_leaves/train/Healthy,0,1
data/olive_leaves/train/Healthy/B-482.JPG,data/olive_leaves/train/Healthy,0,1
data/olive_leaves/train/Healthy/B-483.JPG,data/olive_leaves/train/Healthy,0,1
data/olive_leaves/train/Healthy/B-484.JPG,data/olive_leaves/train/Healthy,0,1
data/olive_leaves/train/Healthy/B-485.JPG,data/olive_leaves/train/Healthy,0,1
data/olive_leaves/train/Healthy/B-486.JPG,data/olive_leaves/train/Healthy,0,1
data/olive_leaves/train/Healthy/B-487.JPG,data/olive_leaves/train/Healthy,0,1
data/olive_leaves/train/Healthy/B-488.JPG,data/olive_leaves/train/Healthy,0,1
data/olive_leaves/train/Healthy/B-489.JPG,data/olive_leaves/train/Healthy,0,1
data/olive_leaves/train/Healthy/B-49.JPG,data/olive_leaves/train/Healthy,0,1
data/olive_leaves/train/Healthy/B-490.JPG,data/olive_leaves/train/Healthy,0,1
data/olive_leaves/train/Healthy/B-491.jpg,data/olive_leaves/train/Healthy,0,1
data/olive_leaves/train/Healthy/B-492.JPG,data/olive_leaves/train/Healthy,0,1
data/olive_leaves/train/Healthy/B-493.JPG,data/olive_leaves/train/Healthy,0,1
data/olive_leaves/train/Healthy/B-494.JPG,data/olive_leaves/train/Healthy,0,1
data/olive_leaves/train/Healthy/B-495.JPG,data/olive_leaves/train/Healthy,0,1
data/olive_leaves/train/Healthy/B-496.JPG,data/olive_leaves/train/Healthy,0,1
data/olive_leaves/train/Healthy/B-497.JPG,data/olive_leaves/train/Healthy,0,1
data/olive_leaves/train/Healthy/B-498.JPG,data/olive_leaves/train/Healthy,0,1
data/olive_leaves/train/Healthy/B-499.JPG,data/olive_leaves/train/Healthy,0,1
data/olive_leaves/train/Healthy/B-5.JPG,data/olive_leaves/train/Healthy,0,1
data/olive_leaves/train/Healthy/B-50.JPG,data/olive_leaves/train/Healthy,0,1
data/olive_leaves/train/Healthy/B-500.JPG,data/olive_leaves/train/Healthy,0,1
data/olive_leaves/train/Healthy/B-501.JPG,data/olive_leaves/train/Healthy,0,1
data/olive_leaves/train/Healthy/B-502.JPG,data/olive_leaves/train/Healthy,0,1
data/olive_leaves/train/Healthy/B-504.JPG,data/olive_leaves/train/Healthy,0,1
data/olive_leaves/train/Healthy/B-505.JPG,data/olive_leaves/train/Healthy,0,1
data/olive_leaves/train/Healthy/B-506.JPG,data/olive_leaves/train/Healthy,0,1
data/olive_leaves/train/Healthy/B-507.JPG,data/olive_leaves/train/Healthy,0,1
data/olive_leaves/train/Healthy/B-508.JPG,data/olive_leaves/train/Healthy,0,1
data/olive_leaves/train/Healthy/B-509.JPG,data/olive_leaves/train/Healthy,0,1
data/olive_leaves/train/Healthy/B-51.JPG,data/olive_leaves/train/Healthy,0,1
data/olive_leaves/train/Healthy/B-510.JPG,data/olive_leaves/train/Healthy,0,1
data/olive_leaves/train/Healthy/B-511.JPG,data/olive_leaves/train/Healthy,0,1
data/olive_leaves/train/Healthy/B-512.JPG,data/olive_leaves/train/Healthy,0,1
data/olive_leaves/train/Healthy/B-513.JPG,data/olive_leaves/train/Healthy,0,1
data/olive_leaves/train/Healthy/B-514.JPG,data/olive_leaves/train/Healthy,0,1
data/olive_leaves/train/Healthy/B-515.JPG,data/olive_leaves/train/Healthy,0,1
data/olive_leaves/train/Healthy/B-516.JPG,data/olive_leaves/train/Healthy,0,1
data/olive_leaves/train/Healthy/B-517.jpg,data/olive_leaves/train/Healthy,0,1
data/olive_leaves/train/Healthy/B-518.JPG,data/olive_leaves/train/Healthy,0,1
data/olive_leaves/train/Healthy/B-519.JPG,data/olive_leaves/train/Healthy,0,1
data/olive_leaves/train/Healthy/B-52.JPG,data/olive_leaves/train/Healthy,0,1
data/olive_leaves/train/Healthy/B-520.JPG,data/olive_leaves/train/Healthy,0,1
data/olive_leaves/train/Healthy/B-521.JPG,data/olive_leaves/train/Healthy,0,1
data/olive_leaves/train/Healthy/B-522.JPG,data/olive_leaves/train/Healthy,0,1
data/olive_leaves/train/Healthy/B-523.JPG,data/olive_leaves/train/Healthy,0,1
data/olive_leaves/train/Healthy/B-524.JPG,data/olive_leaves/train/Healthy,0,1
data/olive_leaves/train/Healthy/B-525.JPG,data/olive_leaves/train/Healthy,0,1
data/olive_leaves/train/Healthy/B-526.JPG,data/olive_leaves/train/Healthy,0,1
data/olive_leaves/train/Healthy/B-528.JPG,data/olive_leaves/train/Healthy,0,1
data/olive_leaves/train/Healthy/B-529.JPG,data/olive_leaves/train/Healthy,0,2
data/olive_leaves/train/Healthy/B-53.JPG,data/olive_leaves/train/Healthy,0,1
data/olive_leaves/train/Healthy/B-531.JPG,data/olive_leaves/train/Healthy,0,1
data/olive_leaves/train/Healthy/B-532.jpg,data/olive_leaves/train/Healthy,0,1
data/olive_leaves/train/Healthy/B-535.jpg,data/olive_leaves/train/Healthy,0,1
data/olive_leaves/train/Healthy/B-536.jpg,data/olive_leaves/train/Healthy,0,1
data/olive_leaves/train/Healthy/B-537.jpg,data/olive_leaves/train/Healthy,0,1
data/olive_leaves/train/Healthy/B-538.jpg,data/olive_leaves/train/Healthy,0,1
data/olive_leaves/train/Healthy/B-539.jpg,data/olive_leaves/train/Healthy,0,2
data/olive_leaves/train/Healthy/B-54.JPG,data/olive_leaves/train/Healthy,0,2
data/olive_leaves/train/Healthy/B-540.jpg,data/olive_leaves/train/Healthy,0,1
data/olive_leaves/train/Healthy/B-541.jpg,data/olive_leaves/train/Healthy,0,0
data/olive_leaves/train/Healthy/B-542.jpg,data/olive_leaves/train/Healthy,0,1
data/olive_leaves/train/Healthy/B-545.jpg,data/olive_leaves/train/Healthy,0,1
data/olive_leaves/train/Healthy/B-546.jpg,data/olive_leaves/train/Healthy,0,1
data/olive_leaves/train/Healthy/B-55.JPG,data/olive_leaves/train/Healthy,0,1
data/olive_leaves/train/Healthy/B-551.jpg,data/olive_leaves/train/Healthy,0,1
data/olive_leaves/train/Healthy/B-552.jpg,data/olive_leaves/train/Healthy,0,1
data/olive_leaves/train/Healthy/B-553.jpg,data/olive_leaves/train/Healthy,0,1
data/olive_leaves/train/Healthy/B-554.jpg,data/olive_leaves/train/Healthy,0,1
data/olive_leaves/train/Healthy/B-555.jpg,data/olive_leaves/train/Healthy,0,1
data/olive_leaves/train/Healthy/B-556.jpg,data/olive_leaves/train/Healthy,0,1
data/olive_leaves/train/Healthy/B-557.jpg,data/olive_leaves/train/Healthy,0,1
data/olive_leaves/train/Healthy/B-558.jpg,data/olive_leaves/train/Healthy,0,1
data/olive_leaves/train/Healthy/B-559.jpg,data/olive_leaves/train/Healthy,0,1
data/olive_leaves/train/Healthy/B-56.JPG,data/olive_leaves/train/Healthy,0,2
data/olive_leaves/train/Healthy/B-560.jpg,data/olive_leaves/train/Healthy,0,1
data/olive_leaves/train/Healthy/B-561.jpg,data/olive_leaves/train/Healthy,0,1
data/olive_leaves/train/Healthy/B-562.jpg,data/olive_leaves/train/Healthy,0,1
data/olive_leaves/train/Healthy/B-563.jpg,data/olive_leaves/train/Healthy,0,1
data/olive_leaves/train/Healthy/B-564.jpg,data/olive_leaves/train/Healthy,0,1
data/olive_leaves/train/Healthy/B-565.jpg,data/olive_leaves/train/Healthy,0,1
data/olive_leaves/train/Healthy/B-566.jpg,data/olive_leaves/train/Healthy,0,1
data/olive_leaves/train/Healthy/B-567.jpg,data/olive_leaves/train/Healthy,0,1
data/olive_leaves/train/Healthy/B-568.jpg,data/olive_leaves/train/Healthy,0,1
data/olive_leaves/train/Healthy/B-569.jpg,data/olive_leaves/train/Healthy,0,1
data/olive_leaves/train/Healthy/B-570.jpg,data/olive_leaves/train/Healthy,0,1
data/olive_leaves/train/Healthy/B-571.jpg,data/olive_leaves/train/Healthy,0,1
data/olive_leaves/train/Healthy/B-572.jpg,data/olive_leaves/train/Healthy,0,1
data/olive_leaves/train/Healthy/B-573.jpg,data/olive_leaves/train/Healthy,0,1
data/olive_leaves/train/Healthy/B-574.jpg,data/olive_leaves/train/Healthy,0,1
data/olive_leaves/train/Healthy/B-575.jpg,data/olive_leaves/train/Healthy,0,1
data/olive_leaves/train/Healthy/B-576.jpg,data/olive_leaves/train/Healthy,0,1
data/olive_leaves/train/Healthy/B-577.jpg,data/olive_leaves/train/Healthy,0,1
data/olive_leaves/train/Healthy/B-578.jpg,data/olive_leaves/train/Healthy,0,1
data/olive_leaves/train/Healthy/B-579.jpg,data/olive_leaves/train/Healthy,0,1
data/olive_leaves/train/Healthy/B-58.JPG,data/olive_leaves/train/Healthy,0,1
data/olive_leaves/train/Healthy/B-580.jpg,data/olive_leaves/train/Healthy,0,1
data/olive_leaves/train/Healthy/B-581.jpg,data/olive_leaves/train/Healthy,0,1
data/olive_leaves/train/Healthy/B-582.jpg,data/olive_leaves/train/Healthy,0,1
data/olive_leaves/train/Healthy/B-583.jpg,data/olive_leaves/train/Healthy,0,1
data/olive_leaves/train/Healthy/B-584.jpg,data/olive_leaves/train/Healthy,0,1
data/olive_leaves/train/Healthy/B-585.jpg,data/olive_leaves/train/Healthy,0,2
data/olive_leaves/train/Healthy/B-586.jpg,data/olive_leaves/train/Healthy,0,1
data/olive_leaves/train/Healthy/B-587.jpg,data/olive_leaves/train/Healthy,0,1
data/olive_leaves/train/Healthy/B-588.jpg,data/olive_leaves/train/Healthy,0,1
data/olive_leaves/train/Healthy/B-589.jpg,data/olive_leaves/train/Healthy,0,1
data/olive_leaves/train/Healthy/B-59.JPG,data/olive_leaves/train/Healthy,0,1
data/olive_leaves/train/Healthy/B-590.jpg,data/olive_leaves/train/Healthy,0,1
data/olive_leaves/train/Healthy/B-593.jpg,data/olive_leaves/train/Healthy,0,1
data/olive_leaves/train/Healthy/B-596.jpg,data/olive_leaves/train/Healthy,0,1
data/olive_leaves/train/Healthy/B-597.jpg,data/olive_leaves/train/Healthy,0,1
data/olive_leaves/train/Healthy/B-598.jpg,data/olive_leaves/train/Healthy,0,1
data/olive_leaves/train/Healthy/B-599.jpg,data/olive_leaves/train/Healthy,0,1
data/olive_leaves/train/Healthy/B-6.JPG,data/olive_leaves/train/Healthy,0,1
data/olive_leaves/train/Healthy/B-600.jpg,data/olive_leaves/train/Healthy,0,1
data/olive_leaves/train/Healthy/B-601.jpg,data/olive_leaves/train/Healthy,0,1
data/olive_leaves/train/Healthy/B-602.jpg,data/olive_leaves/train/Healthy,0,1
data/olive_leaves/train/Healthy/B-603.jpg,data/olive_leaves/train/Healthy,0,1
data/olive_leaves/train/Healthy/B-604.jpg,data/olive_leaves/train/Healthy,0,1
data/olive_leaves/train/Healthy/B-605.jpg,data/olive_leaves/train/Healthy,0,2
data/olive_leaves/train/Healthy/B-608.jpg,data/olive_leaves/train/Healthy,0,1
data/olive_leaves/train/Healthy/B-609.jpg,data/olive_leaves/train/Healthy,0,1
data/olive_leaves/train/Healthy/B-61.JPG,data/olive_leaves/train/Healthy,0,1
data/olive_leaves/train/Healthy/B-610.jpg,data/olive_leaves/train/Healthy,0,1
data/olive_leaves/train/Healthy/B-611 - Kopya.jpg,data/olive_leaves/train/Healthy,0,1
data/olive_leaves/train/Healthy/B-611.jpg,data/olive_leaves/train/Healthy,0,1
data/olive_leaves/train/Healthy/B-614.jpg,data/olive_leaves/train/Healthy,0,1
data/olive_leaves/train/Healthy/B-615.jpg,data/olive_leaves/train/Healthy,0,1
data/olive_leaves/train/Healthy/B-616.jpg,data/olive_leaves/train/Healthy,0,1
data/olive_leaves/train/Healthy/B-617.jpg,data/olive_leaves/train/Healthy,0,0
data/olive_leaves/train/Healthy/B-618.jpg,data/olive_leaves/train/Healthy,0,1
data/olive_leaves/train/Healthy/B-62.JPG,data/olive_leaves/train/Healthy,0,2
data/olive_leaves/train/Healthy/B-620.jpg,data/olive_leaves/train/Healthy,0,1
data/olive_leaves/train/Healthy/B-621 - Kopya.jpg,data/olive_leaves/train/Healthy,0,1
data/olive_leaves/train/Healthy/B-621.jpg,data/olive_leaves/train/Healthy,0,1
data/olive_leaves/train/Healthy/B-622.jpg,data/olive_leaves/train/Healthy,0,1
data/olive_leaves/train/Healthy/B-623.jpg,data/olive_leaves/train/Healthy,0,1
data/olive_leaves/train/Healthy/B-624.jpg,data/olive_leaves/train/Healthy,0,1
data/olive_leaves/train/Healthy/B-625.jpg,data/olive_leaves/train/Healthy,0,1
data/olive_leaves/train/Healthy/B-626.jpg,data/olive_leaves/train/Healthy,0,1
data/olive_leaves/train/Healthy/B-627.jpg,data/olive_leaves/train/Healthy,0,1
data/olive_leaves/train/Healthy/B-628.jpg,data/olive_leaves/train/Healthy,0,1
data/olive_leaves/train/Healthy/B-629.jpg,data/olive_leaves/train/Healthy,0,2
data/olive_leaves/train/Healthy/B-630.jpg,data/olive_leaves/train/Healthy,0,1
data/olive_leaves/train/Healthy/B-631.jpg,data/olive_leaves/train/Healthy,0,3
data/olive_leaves/train/Healthy/B-632.jpg,data/olive_leaves/train/Healthy,0,1
data/olive_leaves/train/Healthy/B-633.jpg,data/olive_leaves/train/Healthy,0,1
data/olive_leaves/train/Healthy/B-634.jpg,data/olive_leaves/train/Healthy,0,1
data/olive_leaves/train/Healthy/B-635.jpg,data/olive_leaves/train/Healthy,0,2
data/olive_leaves/train/Healthy/B-636.jpg,data/olive_leaves/train/Healthy,0,1
data/olive_leaves/train/Healthy/B-637.jpg,data/olive_leaves/train/Healthy,0,1
data/olive_leaves/train/Healthy/B-638.jpg,data/olive_leaves/train/Healthy,0,1
data/olive_leaves/train/Healthy/B-64.JPG,data/olive_leaves/train/Healthy,0,1
data/olive_leaves/train/Healthy/B-65.JPG,data/olive_leaves/train/Healthy,0,2
data/olive_leaves/train/Healthy/B-66.JPG,data/olive_leaves/train/Healthy,0,1
data/olive_leaves/train/Healthy/B-67.JPG,data/olive_leaves/train/Healthy,0,1
data/olive_leaves/train/Healthy/B-670.jpg,data/olive_leaves/train/Healthy,0,1
data/olive_leaves/train/Healthy/B-671.jpg,data/olive_leaves/train/Healthy,0,1
data/olive_leaves/train/Healthy/B-672.jpg,data/olive_leaves/train/Healthy,0,1
data/olive_leaves/train/Healthy/B-673.jpg,data/olive_leaves/train/Healthy,0,0
data/olive_leaves/train/Healthy/B-674.jpg,data/olive_leaves/train/Healthy,0,1
data/olive_leaves/train/Healthy/B-675.jpg,data/olive_leaves/train/Healthy,0,0
data/olive_leaves/train/Healthy/B-676.jpg,data/olive_leaves/train/Healthy,0,1
data/olive_leaves/train/Healthy/B-677.jpg,data/olive_leaves/train/Healthy,0,1
data/olive_leaves/train/Healthy/B-678.jpg,data/olive_leaves/train/Healthy,0,1
data/olive_leaves/train/Healthy/B-679.jpg,data/olive_leaves/train/Healthy,0,2
data/olive_leaves/train/Healthy/B-68.JPG,data/olive_leaves/train/Healthy,0,1
data/olive_leaves/train/Healthy/B-680.jpg,data/olive_leaves/train/Healthy,0,1
data/olive_leaves/train/Healthy/B-681.jpg,data/olive_leaves/train/Healthy,0,1
data/olive_leaves/train/Healthy/B-682.jpg,data/olive_leaves/train/Healthy,0,1
data/olive_leaves/train/Healthy/B-683.jpg,data/olive_leaves/train/Healthy,0,1
data/olive_leaves/train/Healthy/B-684.jpg,data/olive_leaves/train/Healthy,0,1
data/olive_leaves/train/Healthy/B-685.jpg,data/olive_leaves/train/Healthy,0,1
data/olive_leaves/train/Healthy/B-686.jpg,data/olive_leaves/train/Healthy,0,1
data/olive_leaves/train/Healthy/B-687.jpg,data/olive_leaves/train/Healthy,0,1
data/olive_leaves/train/Healthy/B-688.jpg,data/olive_leaves/train/Healthy,0,1
data/olive_leaves/train/Healthy/B-689.jpg,data/olive_leaves/train/Healthy,0,1
data/olive_leaves/train/Healthy/B-690.jpg,data/olive_leaves/train/Healthy,0,1
data/olive_leaves/train/Healthy/B-691.jpg,data/olive_leaves/train/Healthy,0,1
data/olive_leaves/train/Healthy/B-694.jpg,data/olive_leaves/train/Healthy,0,1
data/olive_leaves/train/Healthy/B-695.jpg,data/olive_leaves/train/Healthy,0,1
data/olive_leaves/train/Healthy/B-696.jpg,data/olive_leaves/train/Healthy,0,1
data/olive_leaves/train/Healthy/B-697.jpg,data/olive_leaves/train/Healthy,0,1
data/olive_leaves/train/Healthy/B-698.jpg,data/olive_leaves/train/Healthy,0,1
data/olive_leaves/train/Healthy/B-7.JPG,data/olive_leaves/train/Healthy,0,1
data/olive_leaves/train/Healthy/B-70.JPG,data/olive_leaves/train/Healthy,0,2
data/olive_leaves/train/Healthy/B-700.jpg,data/olive_leaves/train/Healthy,0,1
data/olive_leaves/train/Healthy/B-701.jpg,data/olive_leaves/train/Healthy,0,1
data/olive_leaves/train/Healthy/B-702.jpg,data/olive_leaves/train/Healthy,0,1
data/olive_leaves/train/Healthy/B-703.jpg,data/olive_leaves/train/Healthy,0,1
data/olive_leaves/train/Healthy/B-704.jpg,data/olive_leaves/train/Healthy,0,1
data/olive_leaves/train/Healthy/B-705.jpg,data/olive_leaves/train/Healthy,0,1
data/olive_leaves/train/Healthy/B-706.jpg,data/olive_leaves/train/Healthy,0,1
data/olive_leaves/train/Healthy/B-707.jpg,data/olive_leaves/train/Healthy,0,1
data/olive_leaves/train/Healthy/B-708.jpg,data/olive_leaves/train/Healthy,0,1
data/olive_leaves/train/Healthy/B-709.jpg,data/olive_leaves/train/Healthy,0,1
data/olive_leaves/train/Healthy/B-71.JPG,data/olive_leaves/train/Healthy,0,1
data/olive_leaves/train/Healthy/B-710.jpg,data/olive_leaves/train/Healthy,0,1
data/olive_leaves/train/Healthy/B-711.jpg,data/olive_leaves/train/Healthy,0,1
data/olive_leaves/train/Healthy/B-712.jpg,data/olive_leaves/train/Healthy,0,1
data/olive_leaves/train/Healthy/B-713.jpg,data/olive_leaves/train/Healthy,0,1
data/olive_leaves/train/Healthy/B-714.jpg,data/olive_leaves/train/Healthy,0,1
data/olive_leaves/train/Healthy/B-715.jpg,data/olive_leaves/train/Healthy,0,1
data/olive_leaves/train/Healthy/B-716.jpg,data/olive_leaves/train/Healthy,0,1
data/olive_leaves/train/Healthy/B-717.jpg,data/olive_leaves/train/Healthy,0,2
data/olive_leaves/train/Healthy/B-718.jpg,data/olive_leaves/train/Healthy,0,1
data/olive_leaves/train/Healthy/B-719.jpg,data/olive_leaves/train/Healthy,0,1
data/olive_leaves/train/Healthy/B-720.jpg,data/olive_leaves/train/Healthy,0,1
data/olive_leaves/train/Healthy/B-721.jpg,data/olive_leaves/train/Healthy,0,1
data/olive_leaves/train/Healthy/B-722.jpg,data/olive_leaves/train/Healthy,0,1
data/olive_leaves/train/Healthy/B-723.jpg,data/olive_leaves/train/Healthy,0,1
data/olive_leaves/train/Healthy/B-724.jpg,data/olive_leaves/train/Healthy,0,1
data/olive_leaves/train/Healthy/B-725.jpg,data/olive_leaves/train/Healthy,0,1
data/olive_leaves/train/Healthy/B-726.jpg,data/olive_leaves/train/Healthy,0,1
data/olive_leaves/train/Healthy/B-727.jpg,data/olive_leaves/train/Healthy,0,1
data/olive_leaves/train/Healthy/B-728.jpg,data/olive_leaves/train/Healthy,0,2
data/olive_leaves/train/Healthy/B-729.jpg,data/olive_leaves/train/Healthy,0,0
data/olive_leaves/train/Healthy/B-73.JPG,data/olive_leaves/train/Healthy,0,1
data/olive_leaves/train/Healthy/B-730.jpg,data/olive_leaves/train/Healthy,0,1
data/olive_leaves/train/Healthy/B-731.jpg,data/olive_leaves/train/Healthy,0,1
data/olive_leaves/train/Healthy/B-732.jpg,data/olive_leaves/train/Healthy,0,1
data/olive_leaves/train/Healthy/B-733.jpg,data/olive_leaves/train/Healthy,0,1
data/olive_leaves/train/Healthy/B-734.jpg,data/olive_leaves/train/Healthy,0,1
data/olive_leaves/train/Healthy/B-735.jpg,data/olive_leaves/train/Healthy,0,1
data/olive_leaves/train/Healthy/B-736.jpg,data/olive_leaves/train/Healthy,0,1
data/olive_leaves/train/Healthy/B-737.jpg,data/olive_leaves/train/Healthy,0,0
data/olive_leaves/train/Healthy/B-738.jpg,data/olive_leaves/train/Healthy,0,1
data/olive_leaves/train/Healthy/B-739.jpg,data/olive_leaves/train/Healthy,0,1
data/olive_leaves/train/Healthy/B-74.JPG,data/olive_leaves/train/Healthy,0,1
data/olive_leaves/train/Healthy/B-740.jpg,data/olive_leaves/train/Healthy,0,1
data/olive_leaves/train/Healthy/B-741.jpg,data/olive_leaves/train/Healthy,0,1
data/olive_leaves/train/Healthy/B-742.jpg,data/olive_leaves/train/Healthy,0,1
data/olive_leaves/train/Healthy/B-743.jpg,data/olive_leaves/train/Healthy,0,1
data/olive_leaves/train/Healthy/B-744.JPG,data/olive_leaves/train/Healthy,0,1
data/olive_leaves/train/Healthy/B-745.JPG,data/olive_leaves/train/Healthy,0,1
data/olive_leaves/train/Healthy/B-746.JPG,data/olive_leaves/train/Healthy,0,1
data/olive_leaves/train/Healthy/B-747.JPG,data/olive_leaves/train/Healthy,0,1
data/olive_leaves/train/Healthy/B-748.JPG,data/olive_leaves/train/Healthy,0,2
data/olive_leaves/train/Healthy/B-749.JPG,data/olive_leaves/train/Healthy,0,1
data/olive_leaves/train/Healthy/B-750.JPG,data/olive_leaves/train/Healthy,0,1
data/olive_leaves/train/Healthy/B-751.JPG,data/olive_leaves/train/Healthy,0,1
data/olive_leaves/train/Healthy/B-752.JPG,data/olive_leaves/train/Healthy,0,1
data/olive_leaves/train/Healthy/B-753.JPG,data/olive_leaves/train/Healthy,0,1
data/olive_leaves/train/Healthy/B-754.JPG,data/olive_leaves/train/Healthy,0,1
data/olive_leaves/train/Healthy/B-755.JPG,data/olive_leaves/train/Healthy,0,1
data/olive_leaves/train/Healthy/B-756.JPG,data/olive_leaves/train/Healthy,0,1
data/olive_leaves/train/Healthy/B-76.JPG,data/olive_leaves/train/Healthy,0,1
data/olive_leaves/train/Healthy/B-760.JPG,data/olive_leaves/train/Healthy,0,1
data/olive_leaves/train/Healthy/B-761.JPG,data/olive_leaves/train/Healthy,0,1
data/olive_leaves/train/Healthy/B-762.JPG,data/olive_leaves/train/Healthy,0,1
data/olive_leaves/train/Healthy/B-763.JPG,data/olive_leaves/train/Healthy,0,1
data/olive_leaves/train/Healthy/B-764.jpg,data/olive_leaves/train/Healthy,0,1
data/olive_leaves/train/Healthy/B-765.JPG,data/olive_leaves/train/Healthy,0,1
data/olive_leaves/train/Healthy/B-766.JPG,data/olive_leaves/train/Healthy,0,1
data/olive_leaves/train/Healthy/B-767.JPG,data/olive_leaves/train/Healthy,0,1
data/olive_leaves/train/Healthy/B-768.JPG,data/olive_leaves/train/Healthy,0,1
data/olive_leaves/train/Healthy/B-769.JPG,data/olive_leaves/train/Healthy,0,1
data/olive_leaves/train/Healthy/B-77.JPG,data/olive_leaves/train/Healthy,0,1
data/olive_leaves/train/Healthy/B-770.JPG,data/olive_leaves/train/Healthy,0,1
data/olive_leaves/train/Healthy/B-771.JPG,data/olive_leaves/train/Healthy,0,1
data/olive_leaves/train/Healthy/B-772.JPG,data/olive_leaves/train/Healthy,0,1
data/olive_leaves/train/Healthy/B-773.JPG,data/olive_leaves/train/Healthy,0,1
data/olive_leaves/train/Healthy/B-774.JPG,data/olive_leaves/train/Healthy,0,1
data/olive_leaves/train/Healthy/B-775.JPG,data/olive_leaves/train/Healthy,0,1
data/olive_leaves/train/Healthy/B-777.JPG,data/olive_leaves/train/Healthy,0,1
data/olive_leaves/train/Healthy/B-778.JPG,data/olive_leaves/train/Healthy,0,1
data/olive_leaves/train/Healthy/B-779.JPG,data/olive_leaves/train/Healthy,0,1
data/olive_leaves/train/Healthy/B-79.JPG,data/olive_leaves/train/Healthy,0,1
data/olive_leaves/train/Healthy/B-8.JPG,data/olive_leaves/train/Healthy,0,1
data/olive_leaves/train/Healthy/B-80.JPG,data/olive_leaves/train/Healthy,0,1
data/olive_leaves/train/Healthy/B-801.JPG,data/olive_leaves/train/Healthy,0,1
data/olive_leaves/train/Healthy/B-802.JPG,data/olive_leaves/train/Healthy,0,1
data/olive_leaves/train/Healthy/B-81.JPG,data/olive_leaves/train/Healthy,0,1
data/olive_leaves/train/Healthy/B-82.JPG,data/olive_leaves/train/Healthy,0,1
data/olive_leaves/train/Healthy/B-85.JPG,data/olive_leaves/train/Healthy,0,1
data/olive_leaves/train/Healthy/B-86.JPG,data/olive_leaves/train/Healthy,0,1
data/olive_leaves/train/Healthy/B-88.JPG,data/olive_leaves/train/Healthy,0,1
data/olive_leaves/train/Healthy/B-89.JPG,data/olive_leaves/train/Healthy,0,1
data/olive_leaves/train/Healthy/B-9.JPG,data/olive_leaves/train/Healthy,0,1
data/olive_leaves/train/Healthy/B-90.JPG,data/olive_leaves/train/Healthy,0,1
data/olive_leaves/train/Healthy/B-91.JPG,data/olive_leaves/train/Healthy,0,1
data/olive_leaves/train/Healthy/B-92.JPG,data/olive_leaves/train/Healthy,0,1
data/olive_leaves/train/Healthy/B-93.JPG,data/olive_leaves/train/Healthy,0,1
data/olive_leaves/train/Healthy/B-94.JPG,data/olive_leaves/train/Healthy,0,1
data/olive_leaves/train/Healthy/B-95.JPG,data/olive_leaves/train/Healthy,0,1
data/olive_leaves/train/Healthy/B-96.JPG,data/olive_leaves/train/Healthy,0,1
data/olive_leaves/train/Healthy/B-97.JPG,data/olive_leaves/train/Healthy,0,1
data/olive_leaves/train/Healthy/B-98.JPG,data/olive_leaves/train/Healthy,0,1
data/olive_leaves/train/Healthy/B-99.JPG,data/olive_leaves/train/Healthy,0,1
data/olive_leaves/train/Healthy/B450.JPG,data/olive_leaves/train/Healthy,0,1
data/olive_leaves/train/Healthy/B451.JPG,data/olive_leaves/train/Healthy,0,1
data/olive_leaves/train/Healthy/B455.JPG,data/olive_leaves/train/Healthy,0,1
data/olive_leaves/train/Healthy/B456.JPG,data/olive_leaves/train/Healthy,0,1
data/olive_leaves/train/Healthy/B457.JPG,data/olive_leaves/train/Healthy,0,1
data/olive_leaves/train/Healthy/B458.JPG,data/olive_leaves/train/Healthy,0,1
data/olive_leaves/train/Healthy/B459.JPG,data/olive_leaves/train/Healthy,0,1
data/olive_leaves/train/Healthy/B460.JPG,data/olive_leaves/train/Healthy,0,1
data/olive_leaves/train/Healthy/B461.JPG,data/olive_leaves/train/Healthy,0,1
data/olive_leaves/train/Healthy/B462.JPG,data/olive_leaves/train/Healthy,0,1
data/olive_leaves/train/Healthy/B463.JPG,data/olive_leaves/train/Healthy,0,1
data/olive_leaves/train/Healthy/B464.JPG,data/olive_leaves/train/Healthy,0,1
data/olive_leaves/train/Healthy/B465.JPG,data/olive_leaves/train/Healthy,0,1
data/olive_leaves/train/Healthy/B466.JPG,data/olive_leaves/train/Healthy,0,1
data/olive_leaves/train/Healthy/B467.JPG,data/olive_leaves/train/Healthy,0,1
data/olive_leaves/train/Healthy/B470.JPG,data/olive_leaves/train/Healthy,0,1
data/olive_leaves/train/Healthy/B471.JPG,data/olive_leaves/train/Healthy,0,1
data/olive_leaves/train/Healthy/B472.JPG,data/olive_leaves/train/Healthy,0,1
data/olive_leaves/train/Healthy/B473.JPG,data/olive_leaves/train/Healthy,0,1
data/olive_leaves/train/Healthy/B474.JPG,data/olive_leaves/train/Healthy,0,1
data/olive_leaves/train/Healthy/B475.JPG,data/olive_leaves/train/Healthy,0,1
data/olive_leaves/train/Healthy/DSC_0017.JPG,data/olive_leaves/train/Healthy,0,1
data/olive_leaves/train/Healthy/DSC_0024.JPG,data/olive_leaves/train/Healthy,0,1
data/olive_leaves/train/Healthy/DSC_0037.JPG,data/olive_leaves/train/Healthy,0,1
data/olive_leaves/train/Healthy/DSC_0064.JPG,data/olive_leaves/train/Healthy,0,1
data/olive_leaves/train/Healthy/IMG_20190724_133214.jpg,data/olive_leaves/train/Healthy,0,0
data/olive_leaves/train/Healthy/IMG_20190729_170319.jpg,data/olive_leaves/train/Healthy,0,1
data/olive_leaves/train/Healthy/IMG_20190729_170325.jpg,data/olive_leaves/train/Healthy,0,1
data/olive_leaves/train/Healthy/IMG_20190729_170410.jpg,data/olive_leaves/train/Healthy,0,1
data/olive_leaves/train/Healthy/IMG_20190729_170416.jpg,data/olive_leaves/train/Healthy,0,1
data/olive_leaves/train/Healthy/IMG_20190729_170712.jpg,data/olive_leaves/train/Healthy,0,1
data/olive_leaves/train/Healthy/IMG_20190729_170717.jpg,data/olive_leaves/train/Healthy,0,1
data/olive_leaves/train/Healthy/IMG_20190729_170756.jpg,data/olive_leaves/train/Healthy,0,1
data/olive_leaves/train/Healthy/IMG_20190729_170800.jpg,data/olive_leaves/train/Healthy,0,1
data/olive_leaves/train/Healthy/IMG_20190729_170911.jpg,data/olive_leaves/train/Healthy,0,1
data/olive_leaves/train/Healthy/IMG_20190729_170915.jpg,data/olive_leaves/train/Healthy,0,1
data/olive_leaves/train/Healthy/IMG_20190729_171107.jpg,data/olive_leaves/train/Healthy,0,1
data/olive_leaves/train/Healthy/IMG_20190729_171112.jpg,data/olive_leaves/train/Healthy,0,1
data/olive_leaves/train/Healthy/IMG_20190729_171130.jpg,data/olive_leaves/train/Healthy,0,1
data/olive_leaves/train/Healthy/IMG_20190729_171132.jpg,data/olive_leaves/train/Healthy,0,1
data/olive_leaves/train/Healthy/IMG_20190729_171436.jpg,data/olive_leaves/train/Healthy,0,1
data/olive_leaves/train/Healthy/IMG_20190729_171443.jpg,data/olive_leaves/train/Healthy,0,1
data/olive_leaves/train/Healthy/IMG_20190729_171458.jpg,data/olive_leaves/train/Healthy,0,1
data/olive_leaves/train/Healthy/IMG_20190806_151524.jpg,data/olive_leaves/train/Healthy,0,1
data/olive_leaves/train/Healthy/IMG_20190806_153002.jpg,data/olive_leaves/train/Healthy,0,0
data/olive_leaves/train/Healthy/IMG_20190806_153006.jpg,data/olive_leaves/train/Healthy,0,1
data/olive_leaves/train/Healthy/IMG_20190806_153010.jpg,data/olive_leaves/train/Healthy,0,1
data/olive_leaves/train/Healthy/IMG_20190806_153013.jpg,data/olive_leaves/train/Healthy,0,1
data/olive_leaves/train/Healthy/IMG_20190806_163917.jpg,data/olive_leaves/train/Healthy,0,1
data/olive_leaves/train/Healthy/IMG_20190806_170749.jpg,data/olive_leaves/train/Healthy,0,1
data/olive_leaves/train/Healthy/IMG_20190806_170752.jpg,data/olive_leaves/train/Healthy,0,0
data/olive_leaves/train/Healthy/IMG_20190806_170756.jpg,data/olive_leaves/train/Healthy,0,1
data/olive_leaves/train/Healthy/IMG_20190806_170800.jpg,data/olive_leaves/train/Healthy,0,1
data/olive_leaves/train/Healthy/IMG_20190806_170803.jpg,data/olive_leaves/train/Healthy,0,1
data/olive_leaves/train/Healthy/IMG_20190806_170839.jpg,data/olive_leaves/train/Healthy,0,1
data/olive_leaves/train/Healthy/IMG_20190806_170842.jpg,data/olive_leaves/train/Healthy,0,0
data/olive_leaves/train/Healthy/IMG_20190806_170845.jpg,data/olive_leaves/train/Healthy,0,2
data/olive_leaves/train/Healthy/IMG_20190806_170849.jpg,data/olive_leaves/train/Healthy,0,1
data/olive_leaves/train/Healthy/IMG_20190806_170852.jpg,data/olive_leaves/train/Healthy,0,1
data/olive_leaves/train/Healthy/IMG_20190806_171442.jpg,data/olive_leaves/train/Healthy,0,1
data/olive_leaves/train/Healthy/IMG_20190806_171444.jpg,data/olive_leaves/train/Healthy,0,0
data/olive_leaves/train/Healthy/IMG_20190806_171448.jpg,data/olive_leaves/train/Healthy,0,1
data/olive_leaves/train/Healthy/IMG_20190806_171451.jpg,data/olive_leaves/train/Healthy,0,1
data/olive_leaves/train/Healthy/IMG_20190806_171454.jpg,data/olive_leaves/train/Healthy,0,1
data/olive_leaves/train/Healthy/IMG_20190806_172854.jpg,data/olive_leaves/train/Healthy,0,1
data/olive_leaves/train/Healthy/IMG_20190806_172856.jpg,data/olive_leaves/train/Healthy,0,2
data/olive_leaves/train/Healthy/IMG_20190806_172900.jpg,data/olive_leaves/train/Healthy,0,2
data/olive_leaves/train/Healthy/IMG_20190806_172903.jpg,data/olive_leaves/train/Healthy,0,0
data/olive_leaves/train/Healthy/IMG_20190806_172906.jpg,data/olive_leaves/train/Healthy,0,1
data/olive_leaves/train/Healthy/IMG_20190807_140606.jpg,data/olive_leaves/train/Healthy,0,1
data/olive_leaves/train/Healthy/IMG_20190807_140616.jpg,data/olive_leaves/train/Healthy,0,1
data/olive_leaves/train/Healthy/IMG_20190807_140625.jpg,data/olive_leaves/train/Healthy,0,1
data/olive_leaves/train/Healthy/IMG_20190807_140630.jpg,data/olive_leaves/train/Healthy,0,2
data/olive_leaves/train/Healthy/IMG_20190807_140634.jpg,data/olive_leaves/train/Healthy,0,0
data/olive_leaves/train/Healthy/IMG_20190807_141317.jpg,data/olive_leaves/train/Healthy,0,1
data/olive_leaves/train/Healthy/IMG_20190807_141320.jpg,data/olive_leaves/train/Healthy,0,1
data/olive_leaves/train/Healthy/IMG_20190807_141323.jpg,data/olive_leaves/train/Healthy,0,0
data/olive_leaves/train/Healthy/IMG_20190807_141342.jpg,data/olive_leaves/train/Healthy,0,0
data/olive_leaves/train/Healthy/IMG_20190807_141545.jpg,data/olive_leaves/train/Healthy,0,1
data/olive_leaves/train/Healthy/IMG_20190807_141644.jpg,data/olive_leaves/train/Healthy,0,1
data/olive_leaves/train/Healthy/IMG_20190807_142128.jpg,data/olive_leaves/train/Healthy,0,0
data/olive_leaves/train/Healthy/IMG_20190807_142135.jpg,data/olive_leaves/train/Healthy,0,1
data/olive_leaves/train/Healthy/IMG_20190807_142139.jpg,data/olive_leaves/train/Healthy,0,1
data/olive_leaves/train/Healthy/IMG_20190807_142143.jpg,data/olive_leaves/train/Healthy,0,0
data/olive_leaves/train/Healthy/IMG_20190807_142232.jpg,data/olive_leaves/train/Healthy,0,1
data/olive_leaves/train/Healthy/IMG_20190807_142236.jpg,data/olive_leaves/train/Healthy,0,1
data/olive_leaves/train/Healthy/IMG_20190807_142239.jpg,data/olive_leaves/train/Healthy,0,2
data/olive_leaves/train/Healthy/IMG_20190807_142243.jpg,data/olive_leaves/train/Healthy,0,0
data/olive_leaves/train/Healthy/IMG_20190807_142248.jpg,data/olive_leaves/train/Healthy,0,1
data/olive_leaves/train/Healthy/IMG_20190807_142301.jpg,data/olive_leaves/train/Healthy,0,1
data/olive_leaves/train/Healthy/IMG_20190807_142304.jpg,data/olive_leaves/train/Healthy,0,0
data/olive_leaves/train/Healthy/IMG_20190807_142308.jpg,data/olive_leaves/train/Healthy,0,0
data/olive_leaves/train/Healthy/IMG_20190807_142314.jpg,data/olive_leaves/train/Healthy,0,1
data/olive_leaves/train/Healthy/IMG_20190807_143626.jpg,data/olive_leaves/train/Healthy,0,1
data/olive_leaves/train/Healthy/IMG_20190807_143629.jpg,data/olive_leaves/train/Healthy,0,0
data/olive_leaves/train/Healthy/IMG_20190807_143634.jpg,data/olive_leaves/train/Healthy,0,1
data/olive_leaves/train/Healthy/IMG_20190807_143637.jpg,data/olive_leaves/train/Healthy,0,0
data/olive_leaves/train/Healthy/IMG_20190807_143640.jpg,data/olive_leaves/train/Healthy,0,1
data/olive_leaves/train/Healthy/IMG_20190807_143643.jpg,data/olive_leaves/train/Healthy,0,1
data/olive_leaves/train/Healthy/IMG_20190807_143648.jpg,data/olive_leaves/train/Healthy,0,2
data/olive_leaves/train/Healthy/IMG_20190807_143700.jpg,data/olive_leaves/train/Healthy,0,1
data/olive_leaves/train/Healthy/IMG_20190807_143704.jpg,data/olive_leaves/train/Healthy,0,0
data/olive_leaves/train/Healthy/IMG_20190807_143708.jpg,data/olive_leaves/train/Healthy,0,1
data/olive_leaves/train/Healthy/IMG_20190807_143713.jpg,data/olive_leaves/train/Healthy,0,1
data/olive_leaves/train/Healthy/IMG_20190807_143717.jpg,data/olive_leaves/train/Healthy,0,1
data/olive_leaves/train/Healthy/IMG_20190807_143723.jpg,data/olive_leaves/train/Healthy,0,1
data/olive_leaves/train/Healthy/IMG_20190807_143731.jpg,data/olive_leaves/train/Healthy,0,2
data/olive_leaves/train/Healthy/IMG_20190807_143735.jpg,data/olive_leaves/train/Healthy,0,0
data/olive_leaves/train/Healthy/IMG_20190807_143739.jpg,data/olive_leaves/train/Healthy,0,2
data/olive_leaves/train/Healthy/IMG_20190807_143743.jpg,data/olive_leaves/train/Healthy,0,1
data/olive_leaves/train/Healthy/IMG_20190807_143747.jpg,data/olive_leaves/train/Healthy,0,1
data/olive_leaves/train/Healthy/IMG_20190807_143751.jpg,data/olive_leaves/train/Healthy,0,0
data/olive_leaves/train/Healthy/IMG_20190807_143756.jpg,data/olive_leaves/train/Healthy,0,1
data/olive_leaves/train/Healthy/IMG_20190807_143812.jpg,data/olive_leaves/train/Healthy,0,1
data/olive_leaves/train/Healthy/IMG_20190807_143814.jpg,data/olive_leaves/train/Healthy,0,1
data/olive_leaves/train/Healthy/IMG_20190807_143817.jpg,data/olive_leaves/train/Healthy,0,3
data/olive_leaves/train/Healthy/IMG_20190807_143820.jpg,data/olive_leaves/train/Healthy,0,1
data/olive_leaves/train/Healthy/IMG_20190807_143824.jpg,data/olive_leaves/train/Healthy,0,1
data/olive_leaves/train/Healthy/IMG_20190807_143828.jpg,data/olive_leaves/train/Healthy,0,1
data/olive_leaves/train/Healthy/IMG_20190807_143833.jpg,data/olive_leaves/train/Healthy,0,1
data/olive_leaves/train/Healthy/IMG_20190807_143842.jpg,data/olive_leaves/train/Healthy,0,1
data/olive_leaves/train/Healthy/IMG_20190807_143845.jpg,data/olive_leaves/train/Healthy,0,2
data/olive_leaves/train/Healthy/IMG_20190807_143849.jpg,data/olive_leaves/train/Healthy,0,1
data/olive_leaves/train/Healthy/IMG_20190807_143852.jpg,data/olive_leaves/train/Healthy,0,1
data/olive_leaves/train/Healthy/IMG_20190807_143856.jpg,data/olive_leaves/train/Healthy,0,1
data/olive_leaves/train/Healthy/IMG_20190807_143900.jpg,data/olive_leaves/train/Healthy,0,0
data/olive_leaves/train/Healthy/IMG_20190807_143905.jpg,data/olive_leaves/train/Healthy,0,1
data/olive_leaves/train/Healthy/IMG_20190807_143916.jpg,data/olive_leaves/train/Healthy,0,1
data/olive_leaves/train/Healthy/IMG_20190807_143919.jpg,data/olive_leaves/train/Healthy,0,0
data/olive_leaves/train/Healthy/IMG_20190807_143923.jpg,data/olive_leaves/train/Healthy,0,1
data/olive_leaves/train/Healthy/IMG_20190807_143927.jpg,data/olive_leaves/train/Healthy,0,1
data/olive_leaves/train/Healthy/IMG_20190807_143930.jpg,data/olive_leaves/train/Healthy,0,1
data/olive_leaves/train/Healthy/IMG_20190807_143950.jpg,data/olive_leaves/train/Healthy,0,1
data/olive_leaves/train/Healthy/IMG_20190807_143954.jpg,data/olive_leaves/train/Healthy,0,1
data/olive_leaves/train/Healthy/IMG_20190807_143959.jpg,data/olive_leaves/train/Healthy,0,1
data/olive_leaves/train/Healthy/IMG_20190807_144004.jpg,data/olive_leaves/train/Healthy,0,0
data/olive_leaves/train/Healthy/IMG_20190807_144008.jpg,data/olive_leaves/train/Healthy,0,1
data/olive_leaves/train/Healthy/IMG_20190807_144020.jpg,data/olive_leaves/train/Healthy,0,1
data/olive_leaves/train/Healthy/IMG_20190807_144024.jpg,data/olive_leaves/train/Healthy,0,0
data/olive_leaves/train/Healthy/IMG_20190807_144028.jpg,data/olive_leaves/train/Healthy,0,1
data/olive_leaves/train/Healthy/IMG_20190807_144033.jpg,data/olive_leaves/train/Healthy,0,1
data/olive_leaves/train/Healthy/IMG_20190807_144036.jpg,data/olive_leaves/train/Healthy,0,1
data/olive_leaves/train/Healthy/IMG_20190807_144049.jpg,data/olive_leaves/train/Healthy,0,1
data/olive_leaves/train/Healthy/IMG_20190807_144053.jpg,data/olive_leaves/train/Healthy,0,1
data/olive_leaves/train/Healthy/IMG_20190807_144058.jpg,data/olive_leaves/train/Healthy,0,0
data/olive_leaves/train/Healthy/IMG_20190807_144101.jpg,data/olive_leaves/train/Healthy,0,0
data/olive_leaves/train/Healthy/IMG_20190807_144105.jpg,data/olive_leaves/train/Healthy,0,1
data/olive_leaves/train/Healthy/IMG_20190807_144116.jpg,data/olive_leaves/train/Healthy,0,1
data/olive_leaves/train/Healthy/IMG_20190807_144119.jpg,data/olive_leaves/train/Healthy,0,1
data/olive_leaves/train/Healthy/IMG_20190807_144125.jpg,data/olive_leaves/train/Healthy,0,1
data/olive_leaves/train/Healthy/IMG_20190807_144129.jpg,data/olive_leaves/train/Healthy,0,0
data/olive_leaves/train/Healthy/IMG_20190807_144132.jpg,data/olive_leaves/train/Healthy,0,1
data/olive_leaves/train/Healthy/IMG_20190807_144144.jpg,data/olive_leaves/train/Healthy,0,1
data/olive_leaves/train/Healthy/IMG_20190807_144147.jpg,data/olive_leaves/train/Healthy,0,2
data/olive_leaves/train/Healthy/IMG_20190807_144151.jpg,data/olive_leaves/train/Healthy,0,1
data/olive_leaves/train/Healthy/IMG_20190807_144155.jpg,data/olive_leaves/train/Healthy,0,2
data/olive_leaves/train/Healthy/IMG_20190807_144158.jpg,data/olive_leaves/train/Healthy,0,2
data/olive_leaves/train/Healthy/IMG_20190807_144210.jpg,data/olive_leaves/train/Healthy,0,1
data/olive_leaves/train/Healthy/IMG_20190807_144212.jpg,data/olive_leaves/train/Healthy,0,1
data/olive_leaves/train/Healthy/IMG_20190807_144216.jpg,data/olive_leaves/train/Healthy,0,1
data/olive_leaves/train/Healthy/IMG_20190807_144220.jpg,data/olive_leaves/train/Healthy,0,0
data/olive_leaves/train/Healthy/IMG_20190807_144223.jpg,data/olive_leaves/train/Healthy,0,1
data/olive_leaves/train/Healthy/IMG_20190807_144233.jpg,data/olive_leaves/train/Healthy,0,1
data/olive_leaves/train/Healthy/IMG_20190807_144236.jpg,data/olive_leaves/train/Healthy,0,2
data/olive_leaves/train/Healthy/IMG_20190807_144239.jpg,data/olive_leaves/train/Healthy,0,1
data/olive_leaves/train/Healthy/IMG_20190807_144242.jpg,data/olive_leaves/train/Healthy,0,2
data/olive_leaves/train/Healthy/IMG_20190807_144245.jpg,data/olive_leaves/train/Healthy,0,1
data/olive_leaves/train/Healthy/IMG_20190807_144254.jpg,data/olive_leaves/train/Healthy,0,1
data/olive_leaves/train/Healthy/IMG_20190807_144258.jpg,data/olive_leaves/train/Healthy,0,2
data/olive_leaves/train/Healthy/IMG_20190807_144301.jpg,data/olive_leaves/train/Healthy,0,1
data/olive_leaves/train/Healthy/IMG_20190807_144304.jpg,data/olive_leaves/train/Healthy,0,0
data/olive_leaves/train/Healthy/IMG_20190807_144307.jpg,data/olive_leaves/train/Healthy,0,1
data/olive_leaves/train/Healthy/IMG_20190807_144311.jpg,data/olive_leaves/train/Healthy,0,1
data/olive_leaves/train/Healthy/IMG_20190807_144316.jpg,data/olive_leaves/train/Healthy,0,0
data/olive_leaves/train/Healthy/IMG_20190815_131359.jpg,data/olive_leaves/train/Healthy,0,1
data/olive_leaves/train/Healthy/IMG_20190815_131408.jpg,data/olive_leaves/train/Healthy,0,1
data/olive_leaves/train/Healthy/IMG_20190815_131411.jpg,data/olive_leaves/train/Healthy,0,0
data/olive_leaves/train/Healthy/IMG_20190815_131414.jpg,data/olive_leaves/train/Healthy,0,1
data/olive_leaves/train/Healthy/IMG_20190815_131417.jpg,data/olive_leaves/train/Healthy,0,2
data/olive_leaves/train/Healthy/IMG_20190815_131420.jpg,data/olive_leaves/train/Healthy,0,1
data/olive_leaves/train/Healthy/IMG_20190815_131425.jpg,data/olive_leaves/train/Healthy,0,0
data/olive_leaves/train/Healthy/IMG_20190815_131429.jpg,data/olive_leaves/train/Healthy,0,1
data/olive_leaves/train/Healthy/IMG_20190815_131439.jpg,data/olive_leaves/train/Healthy,0,0
data/olive_leaves/train/Healthy/IMG_20190815_131449.jpg,data/olive_leaves/train/Healthy,0,0
data/olive_leaves/train/Healthy/IMG_20190815_131452.jpg,data/olive_leaves/train/Healthy,0,0
data/olive_leaves/train/Healthy/IMG_20190815_131507.jpg,data/olive_leaves/train/Healthy,0,1
data/olive_leaves/train/Healthy/IMG_20190815_131510.jpg,data/olive_leaves/train/Healthy,0,1
data/olive_leaves/train/Healthy/IMG_20190815_131512.jpg,data/olive_leaves/train/Healthy,0,2
data/olive_leaves/train/Healthy/IMG_20190815_131515.jpg,data/olive_leaves/train/Healthy,0,1
data/olive_leaves/train/Healthy/IMG_20190815_131518.jpg,data/olive_leaves/train/Healthy,0,1
data/olive_leaves/train/Healthy/IMG_20190815_131521.jpg,data/olive_leaves/train/Healthy,0,1
data/olive_leaves/train/Healthy/IMG_20190815_131524.jpg,data/olive_leaves/train/Healthy,0,1
data/olive_leaves/train/Healthy/IMG_20190815_131527.jpg,data/olive_leaves/train/Healthy,0,1
data/olive_leaves/train/Healthy/IMG_20190815_131539.jpg,data/olive_leaves/train/Healthy,0,0
data/olive_leaves/train/Healthy/IMG_20190815_131541.jpg,data/olive_leaves/train/Healthy,0,1
data/olive_leaves/train/Healthy/IMG_20190815_131544.jpg,data/olive_leaves/train/Healthy,0,1
data/olive_leaves/train/Healthy/IMG_20190815_131548.jpg,data/olive_leaves/train/Healthy,0,2
data/olive_leaves/train/Healthy/IMG_20190815_131550.jpg,data/olive_leaves/train/Healthy,0,0
data/olive_leaves/train/Healthy/IMG_20190815_131554.jpg,data/olive_leaves/train/Healthy,0,1
data/olive_leaves/train/Healthy/IMG_20190815_131556.jpg,data/olive_leaves/train/Healthy,0,1
data/olive_leaves/train/Healthy/IMG_20190815_131605.jpg,data/olive_leaves/train/Healthy,0,0
data/olive_leaves/train/Healthy/IMG_20190815_131607.jpg,data/olive_leaves/train/Healthy,0,1
data/olive_leaves/train/Healthy/IMG_20190815_131609.jpg,data/olive_leaves/train/Healthy,0,1
data/olive_leaves/train/Healthy/IMG_20190815_131612.jpg,data/olive_leaves/train/Healthy,0,1
data/olive_leaves/train/Healthy/IMG_20190815_131616.jpg,data/olive_leaves/train/Healthy,0,0
data/olive_leaves/train/Healthy/IMG_20190815_131618.jpg,data/olive_leaves/train/Healthy,0,1
data/olive_leaves/train/Healthy/IMG_20190815_131621.jpg,data/olive_leaves/train/Healthy,0,1
data/olive_leaves/train/Healthy/IMG_20190815_131627.jpg,data/olive_leaves/train/Healthy,0,1
data/olive_leaves/train/Healthy/IMG_20190815_131630.jpg,data/olive_leaves/train/Healthy,0,2
data/olive_leaves/train/Healthy/IMG_20190815_131632.jpg,data/olive_leaves/train/Healthy,0,0
data/olive_leaves/train/Healthy/IMG_20190815_131635.jpg,data/olive_leaves/train/Healthy,0,2
data/olive_leaves/train/Healthy/IMG_20190815_131638.jpg,data/olive_leaves/train/Healthy,0,0
data/olive_leaves/train/Healthy/IMG_20190815_131641.jpg,data/olive_leaves/train/Healthy,0,1
data/olive_leaves/train/Healthy/IMG_20190815_131644.jpg,data/olive_leaves/train/Healthy,0,0
data/olive_leaves/train/Healthy/a237.jpg,data/olive_leaves/train/Healthy,0,1
data/olive_leaves/train/aculus_olearius/1.JPG,data/olive_leaves/train/aculus_olearius,1,1
data/olive_leaves/train/aculus_olearius/10.jpg,data/olive_leaves/train/aculus_olearius,1,1
data/olive_leaves/train/aculus_olearius/100.jpg,data/olive_leaves/train/aculus_olearius,1,1
data/olive_leaves/train/aculus_olearius/101.jpg,data/olive_leaves/train/aculus_olearius,1,1
data/olive_leaves/train/aculus_olearius/102.jpg,data/olive_leaves/train/aculus_olearius,1,1
data/olive_leaves/train/aculus_olearius/103.jpg,data/olive_leaves/train/aculus_olearius,1,1
data/olive_leaves/train/aculus_olearius/104.jpg,data/olive_leaves/train/aculus_olearius,1,1
data/olive_leaves/train/aculus_olearius/105.jpg,data/olive_leaves/train/aculus_olearius,1,1
data/olive_leaves/train/aculus_olearius/106.jpg,data/olive_leaves/train/aculus_olearius,1,1
data/olive_leaves/train/aculus_olearius/107.jpg,data/olive_leaves/train/aculus_olearius,1,1
data/olive_leaves/train/aculus_olearius/108.jpg,data/olive_leaves/train/aculus_olearius,1,1
data/olive_leaves/train/aculus_olearius/109.jpg,data/olive_leaves/train/aculus_olearius,1,2
data/olive_leaves/train/aculus_olearius/11.jpg,data/olive_leaves/train/aculus_olearius,1,1
data/olive_leaves/train/aculus_olearius/110.jpg,data/olive_leaves/train/aculus_olearius,1,1
data/olive_leaves/train/aculus_olearius/111.jpg,data/olive_leaves/train/aculus_olearius,1,2
data/olive_leaves/train/aculus_olearius/112.jpg,data/olive_leaves/train/aculus_olearius,1,1
data/olive_leaves/train/aculus_olearius/113.jpg,data/olive_leaves/train/aculus_olearius,1,1
data/olive_leaves/train/aculus_olearius/114.jpg,data/olive_leaves/train/aculus_olearius,1,2
data/olive_leaves/train/aculus_olearius/115.jpg,data/olive_leaves/train/aculus_olearius,1,0
data/olive_leaves/train/aculus_olearius/116.jpg,data/olive_leaves/train/aculus_olearius,1,0
data/olive_leaves/train/aculus_olearius/117.jpg,data/olive_leaves/train/aculus_olearius,1,1
data/olive_leaves/train/aculus_olearius/118.jpg,data/olive_leaves/train/aculus_olearius,1,1
data/olive_leaves/train/aculus_olearius/119.jpg,data/olive_leaves/train/aculus_olearius,1,1
data/olive_leaves/train/aculus_olearius/12.jpg,data/olive_leaves/train/aculus_olearius,1,1
data/olive_leaves/train/aculus_olearius/120.jpg,data/olive_leaves/train/aculus_olearius,1,1
data/olive_leaves/train/aculus_olearius/121.jpg,data/olive_leaves/train/aculus_olearius,1,1
data/olive_leaves/train/aculus_olearius/122.jpg,data/olive_leaves/train/aculus_olearius,1,1
data/olive_leaves/train/aculus_olearius/123.jpg,data/olive_leaves/train/aculus_olearius,1,0
data/olive_leaves/train/aculus_olearius/124.jpg,data/olive_leaves/train/aculus_olearius,1,1
data/olive_leaves/train/aculus_olearius/125.jpg,data/olive_leaves/train/aculus_olearius,1,2
data/olive_leaves/train/aculus_olearius/126.jpg,data/olive_leaves/train/aculus_olearius,1,2
data/olive_leaves/train/aculus_olearius/127.jpg,data/olive_leaves/train/aculus_olearius,1,1
data/olive_leaves/train/aculus_olearius/128.jpg,data/olive_leaves/train/aculus_olearius,1,0
data/olive_leaves/train/aculus_olearius/129.jpg,data/olive_leaves/train/aculus_olearius,1,1
data/olive_leaves/train/aculus_olearius/13.JPG,data/olive_leaves/train/aculus_olearius,1,1
data/olive_leaves/train/aculus_olearius/130.jpg,data/olive_leaves/train/aculus_olearius,1,1
data/olive_leaves/train/aculus_olearius/131.jpg,data/olive_leaves/train/aculus_olearius,1,1
data/olive_leaves/train/aculus_olearius/132.jpg,data/olive_leaves/train/aculus_olearius,1,1
data/olive_leaves/train/aculus_olearius/133.jpg,data/olive_leaves/train/aculus_olearius,1,1
data/olive_leaves/train/aculus_olearius/134.jpg,data/olive_leaves/train/aculus_olearius,1,1
data/olive_leaves/train/aculus_olearius/135.jpg,data/olive_leaves/train/aculus_olearius,1,1
data/olive_leaves/train/aculus_olearius/136.jpg,data/olive_leaves/train/aculus_olearius,1,1
data/olive_leaves/train/aculus_olearius/137.jpg,data/olive_leaves/train/aculus_olearius,1,1
data/olive_leaves/train/aculus_olearius/138.jpg,data/olive_leaves/train/aculus_olearius,1,2
data/olive_leaves/train/aculus_olearius/139.jpg,data/olive_leaves/train/aculus_olearius,1,1
data/olive_leaves/train/aculus_olearius/14.jpg,data/olive_leaves/train/aculus_olearius,1,1
data/olive_leaves/train/aculus_olearius/140.jpg,data/olive_leaves/train/aculus_olearius,1,1
data/olive_leaves/train/aculus_olearius/141.jpg,data/olive_leaves/train/aculus_olearius,1,1
data/olive_leaves/train/aculus_olearius/142.jpg,data/olive_leaves/train/aculus_olearius,1,0
data/olive_leaves/train/aculus_olearius/143.jpg,data/olive_leaves/train/aculus_olearius,1,1
data/olive_leaves/train/aculus_olearius/144.jpg,data/olive_leaves/train/aculus_olearius,1,1
data/olive_leaves/train/aculus_olearius/145.jpg,data/olive_leaves/train/aculus_olearius,1,1
data/olive_leaves/train/aculus_olearius/146.jpg,data/olive_leaves/train/aculus_olearius,1,1
data/olive_leaves/train/aculus_olearius/147.jpg,data/olive_leaves/train/aculus_olearius,1,1
data/olive_leaves/train/aculus_olearius/148.jpg,data/olive_leaves/train/aculus_olearius,1,1
data/olive_leaves/train/aculus_olearius/149.jpg,data/olive_leaves/train/aculus_olearius,1,1
data/olive_leaves/train/aculus_olearius/15.jpg,data/olive_leaves/train/aculus_olearius,1,2
data/olive_leaves/train/aculus_olearius/150.jpg,data/olive_leaves/train/aculus_olearius,1,1
data/olive_leaves/train/aculus_olearius/151.jpg,data/olive_leaves/train/aculus_olearius,1,1
data/olive_leaves/train/aculus_olearius/152.jpg,data/olive_leaves/train/aculus_olearius,1,1
data/olive_leaves/train/aculus_olearius/153.jpg,data/olive_leaves/train/aculus_olearius,1,1
data/olive_leaves/train/aculus_olearius/154.jpg,data/olive_leaves/train/aculus_olearius,1,1
data/olive_leaves/train/aculus_olearius/155.jpg,data/olive_leaves/train/aculus_olearius,1,1
data/olive_leaves/train/aculus_olearius/156.jpg,data/olive_leaves/train/aculus_olearius,1,1
data/olive_leaves/train/aculus_olearius/157.jpg,data/olive_leaves/train/aculus_olearius,1,1
data/olive_leaves/train/aculus_olearius/158.jpg,data/olive_leaves/train/aculus_olearius,1,1
data/olive_leaves/train/aculus_olearius/159.jpg,data/olive_leaves/train/aculus_olearius,1,1
data/olive_leaves/train/aculus_olearius/16.jpg,data/olive_leaves/train/aculus_olearius,1,0
data/olive_leaves/train/aculus_olearius/160.jpg,data/olive_leaves/train/aculus_olearius,1,1
data/olive_leaves/train/aculus_olearius/161.jpg,data/olive_leaves/train/aculus_olearius,1,1
data/olive_leaves/train/aculus_olearius/162.jpg,data/olive_leaves/train/aculus_olearius,1,1
data/olive_leaves/train/aculus_olearius/163.jpg,data/olive_leaves/train/aculus_olearius,1,1
data/olive_leaves/train/aculus_olearius/164.jpg,data/olive_leaves/train/aculus_olearius,1,1
data/olive_leaves/train/aculus_olearius/165.jpg,data/olive_leaves/train/aculus_olearius,1,1
data/olive_leaves/train/aculus_olearius/166.jpg,data/olive_leaves/train/aculus_olearius,1,1
data/olive_leaves/train/aculus_olearius/167.jpg,data/olive_leaves/train/aculus_olearius,1,1
data/olive_leaves/train/aculus_olearius/168.jpg,data/olive_leaves/train/aculus_olearius,1,1
data/olive_leaves/train/aculus_olearius/169.jpg,data/olive_leaves/train/aculus_olearius,1,2
data/olive_leaves/train/aculus_olearius/17.jpg,data/olive_leaves/train/aculus_olearius,1,1
data/olive_leaves/train/aculus_olearius/170.jpg,data/olive_leaves/train/aculus_olearius,1,1
data/olive_leaves/train/aculus_olearius/171.jpg,data/olive_leaves/train/aculus_olearius,1,1
data/olive_leaves/train/aculus_olearius/172.jpg,data/olive_leaves/train/aculus_olearius,1,1
data/olive_leaves/train/aculus_olearius/173.jpg,data/olive_leaves/train/aculus_olearius,1,1
data/olive_leaves/train/aculus_olearius/174.jpg,data/olive_leaves/train/aculus_olearius,1,1
data/olive_leaves/train/aculus_olearius/175.jpg,data/olive_leaves/train/aculus_olearius,1,1
data/olive_leaves/train/aculus_olearius/176.jpg,data/olive_leaves/train/aculus_olearius,1,1
data/olive_leaves/train/aculus_olearius/177.jpg,data/olive_leaves/train/aculus_olearius,1,1
data/olive_leaves/train/aculus_olearius/178.jpg,data/olive_leaves/train/aculus_olearius,1,1
data/olive_leaves/train/aculus_olearius/179.jpg,data/olive_leaves/train/aculus_olearius,1,2
data/olive_leaves/train/aculus_olearius/18.jpg,data/olive_leaves/train/aculus_olearius,1,1
data/olive_leaves/train/aculus_olearius/180.jpg,data/olive_leaves/train/aculus_olearius,1,1
data/olive_leaves/train/aculus_olearius/181.jpg,data/olive_leaves/train/aculus_olearius,1,1
data/olive_leaves/train/aculus_olearius/182.jpg,data/olive_leaves/train/aculus_olearius,1,2
data/olive_leaves/train/aculus_olearius/183.jpg,data/olive_leaves/train/aculus_olearius,1,1
data/olive_leaves/train/aculus_olearius/184.jpg,data/olive_leaves/train/aculus_olearius,1,1
data/olive_leaves/train/aculus_olearius/185.jpg,data/olive_leaves/train/aculus_olearius,1,1
data/olive_leaves/train/aculus_olearius/186.jpg,data/olive_leaves/train/aculus_olearius,1,2
data/olive_leaves/train/aculus_olearius/187.jpg,data/olive_leaves/train/aculus_olearius,1,1
data/olive_leaves/train/aculus_olearius/188.jpg,data/olive_leaves/train/aculus_olearius,1,1
data/olive_leaves/train/aculus_olearius/189.jpg,data/olive_leaves/train/aculus_olearius,1,1
data/olive_leaves/train/aculus_olearius/19.jpg,data/olive_leaves/train/aculus_olearius,1,1
data/olive_leaves/train/aculus_olearius/190.jpg,data/olive_leaves/train/aculus_olearius,1,2
data/olive_leaves/train/aculus_olearius/191.jpg,data/olive_leaves/train/aculus_olearius,1,1
data/olive_leaves/train/aculus_olearius/192.jpg,data/olive_leaves/train/aculus_olearius,1,1
data/olive_leaves/train/aculus_olearius/193.jpg,data/olive_leaves/train/aculus_olearius,1,1
data/olive_leaves/train/aculus_olearius/194.jpg,data/olive_leaves/train/aculus_olearius,1,2
data/olive_leaves/train/aculus_olearius/195.jpg,data/olive_leaves/train/aculus_olearius,1,1
data/olive_leaves/train/aculus_olearius/196.jpg,data/olive_leaves/train/aculus_olearius,1,1
data/olive_leaves/train/aculus_olearius/197.jpg,data/olive_leaves/train/aculus_olearius,1,1
data/olive_leaves/train/aculus_olearius/198.jpg,data/olive_leaves/train/aculus_olearius,1,1
data/olive_leaves/train/aculus_olearius/199.jpg,data/olive_leaves/train/aculus_olearius,1,1
data/olive_leaves/train/aculus_olearius/2.jpg,data/olive_leaves/train/aculus_olearius,1,2
data/olive_leaves/train/aculus_olearius/20.jpg,data/olive_leaves/train/aculus_olearius,1,1
data/olive_leaves/train/aculus_olearius/200.jpg,data/olive_leaves/train/aculus_olearius,1,1
data/olive_leaves/train/aculus_olearius/201.jpg,data/olive_leaves/train/aculus_olearius,1,1
data/olive_leaves/train/aculus_olearius/202.jpg,data/olive_leaves/train/aculus_olearius,1,1
data/olive_leaves/train/aculus_olearius/203.jpg,data/olive_leaves/train/aculus_olearius,1,3
data/olive_leaves/train/aculus_olearius/204.jpg,data/olive_leaves/train/aculus_olearius,1,1
data/olive_leaves/train/aculus_olearius/205.jpg,data/olive_leaves/train/aculus_olearius,1,1
data/olive_leaves/train/aculus_olearius/206.jpg,data/olive_leaves/train/aculus_olearius,1,1
data/olive_leaves/train/aculus_olearius/207.jpg,data/olive_leaves/train/aculus_olearius,1,0
data/olive_leaves/train/aculus_olearius/208.jpg,data/olive_leaves/train/aculus_olearius,1,1
data/olive_leaves/train/aculus_olearius/209.jpg,data/olive_leaves/train/aculus_olearius,1,1
data/olive_leaves/train/aculus_olearius/21.jpg,data/olive_leaves/train/aculus_olearius,1,1
data/olive_leaves/train/aculus_olearius/210.jpg,data/olive_leaves/train/aculus_olearius,1,1
data/olive_leaves/train/aculus_olearius/211.jpg,data/olive_leaves/train/aculus_olearius,1,1
data/olive_leaves/train/aculus_olearius/212.jpg,data/olive_leaves/train/aculus_olearius,1,1
data/olive_leaves/train/aculus_olearius/213.jpg,data/olive_leaves/train/aculus_olearius,1,1
data/olive_leaves/train/aculus_olearius/214.jpg,data/olive_leaves/train/aculus_olearius,1,2
data/olive_leaves/train/aculus_olearius/215.jpg,data/olive_leaves/train/aculus_olearius,1,1
data/olive_leaves/train/aculus_olearius/216.jpg,data/olive_leaves/train/aculus_olearius,1,1
data/olive_leaves/train/aculus_olearius/217.jpg,data/olive_leaves/train/aculus_olearius,1,1
data/olive_leaves/train/aculus_olearius/218.jpg,data/olive_leaves/train/aculus_olearius,1,1
data/olive_leaves/train/aculus_olearius/219.jpg,data/olive_leaves/train/aculus_olearius,1,1
data/olive_leaves/train/aculus_olearius/22.jpg,data/olive_leaves/train/aculus_olearius,1,1
data/olive_leaves/train/aculus_olearius/220.jpg,data/olive_leaves/train/aculus_olearius,1,1
data/olive_leaves/train/aculus_olearius/221.jpg,data/olive_leaves/train/aculus_olearius,1,1
data/olive_leaves/train/aculus_olearius/222.jpg,data/olive_leaves/train/aculus_olearius,1,2
data/olive_leaves/train/aculus_olearius/223.jpg,data/olive_leaves/train/aculus_olearius,1,1
data/olive_leaves/train/aculus_olearius/224.jpg,data/olive_leaves/train/aculus_olearius,1,1
data/olive_leaves/train/aculus_olearius/225.jpg,data/olive_leaves/train/aculus_olearius,1,1
data/olive_leaves/train/aculus_olearius/226.jpg,data/olive_leaves/train/aculus_olearius,1,1
data/olive_leaves/train/aculus_olearius/227.jpg,data/olive_leaves/train/aculus_olearius,1,1
data/olive_leaves/train/aculus_olearius/228.jpg,data/olive_leaves/train/aculus_olearius,1,1
data/olive_leaves/train/aculus_olearius/229.jpg,data/olive_leaves/train/aculus_olearius,1,1
data/olive_leaves/train/aculus_olearius/23.jpg,data/olive_leaves/train/aculus_olearius,1,0
data/olive_leaves/train/aculus_olearius/230.jpg,data/olive_leaves/train/aculus_olearius,1,1
data/olive_leaves/train/aculus_olearius/231.jpg,data/olive_leaves/train/aculus_olearius,1,1
data/olive_leaves/train/aculus_olearius/232.jpg,data/olive_leaves/train/aculus_olearius,1,1
data/olive_leaves/train/aculus_olearius/233.jpg,data/olive_leaves/train/aculus_olearius,1,1
data/olive_leaves/train/aculus_olearius/234.jpg,data/olive_leaves/train/aculus_olearius,1,1
data/olive_leaves/train/aculus_olearius/235.jpg,data/olive_leaves/train/aculus_olearius,1,1
data/olive_leaves/train/aculus_olearius/236.jpg,data/olive_leaves/train/aculus_olearius,1,1
data/olive_leaves/train/aculus_olearius/237.jpg,data/olive_leaves/train/aculus_olearius,1,1
data/olive_leaves/train/aculus_olearius/238.jpg,data/olive_leaves/train/aculus_olearius,1,1
data/olive_leaves/train/aculus_olearius/239.jpg,data/olive_leaves/train/aculus_olearius,1,1
data/olive_leaves/train/aculus_olearius/24.jpg,data/olive_leaves/train/aculus_olearius,1,2
data/olive_leaves/train/aculus_olearius/240.jpg,data/olive_leaves/train/aculus_olearius,1,0
data/olive_leaves/train/aculus_olearius/241.jpg,data/olive_leaves/train/aculus_olearius,1,2
data/olive_leaves/train/aculus_olearius/242.jpg,data/olive_leaves/train/aculus_olearius,1,1
data/olive_leaves/train/aculus_olearius/243.jpg,data/olive_leaves/train/aculus_olearius,1,0
data/olive_leaves/train/aculus_olearius/244.jpg,data/olive_leaves/train/aculus_olearius,1,0
data/olive_leaves/train/aculus_olearius/245.jpg,data/olive_leaves/train/aculus_olearius,1,1
data/olive_leaves/train/aculus_olearius/246.jpg,data/olive_leaves/train/aculus_olearius,1,1
data/olive_leaves/train/aculus_olearius/247.jpg,data/olive_leaves/train/aculus_olearius,1,1
data/olive_leaves/train/aculus_olearius/248.jpg,data/olive_leaves/train/aculus_olearius,1,1
data/olive_leaves/train/aculus_olearius/249.jpg,data/olive_leaves/train/aculus_olearius,1,1
data/olive_leaves/train/aculus_olearius/25.jpg,data/olive_leaves/train/aculus_olearius,1,2
data/olive_leaves/train/aculus_olearius/250.jpg,data/olive_leaves/train/aculus_olearius,1,1
data/olive_leaves/train/aculus_olearius/251.jpg,data/olive_leaves/train/aculus_olearius,1,1
data/olive_leaves/train/aculus_olearius/252.jpg,data/olive_leaves/train/aculus_olearius,1,1
data/olive_leaves/train/aculus_olearius/253.jpg,data/olive_leaves/train/aculus_olearius,1,1
data/olive_leaves/train/aculus_olearius/254.jpg,data/olive_leaves/train/aculus_olearius,1,0
data/olive_leaves/train/aculus_olearius/255.jpg,data/olive_leaves/train/aculus_olearius,1,1
data/olive_leaves/train/aculus_olearius/256.jpg,data/olive_leaves/train/aculus_olearius,1,1
data/olive_leaves/train/aculus_olearius/257.jpg,data/olive_leaves/train/aculus_olearius,1,1
data/olive_leaves/train/aculus_olearius/258.jpg,data/olive_leaves/train/aculus_olearius,1,1
data/olive_leaves/train/aculus_olearius/259.jpg,data/olive_leaves/train/aculus_olearius,1,0
data/olive_leaves/train/aculus_olearius/26.jpg,data/olive_leaves/train/aculus_olearius,1,1
data/olive_leaves/train/aculus_olearius/260.jpg,data/olive_leaves/train/aculus_olearius,1,0
data/olive_leaves/train/aculus_olearius/261.jpg,data/olive_leaves/train/aculus_olearius,1,1
data/olive_leaves/train/aculus_olearius/262.jpg,data/olive_leaves/train/aculus_olearius,1,1
data/olive_leaves/train/aculus_olearius/263.jpg,data/olive_leaves/train/aculus_olearius,1,0
data/olive_leaves/train/aculus_olearius/264.jpg,data/olive_leaves/train/aculus_olearius,1,1
data/olive_leaves/train/aculus_olearius/265.jpg,data/olive_leaves/train/aculus_olearius,1,1
data/olive_leaves/train/aculus_olearius/266.jpg,data/olive_leaves/train/aculus_olearius,1,1
data/olive_leaves/train/aculus_olearius/267.jpg,data/olive_leaves/train/aculus_olearius,1,0
data/olive_leaves/train/aculus_olearius/268.jpg,data/olive_leaves/train/aculus_olearius,1,1
data/olive_leaves/train/aculus_olearius/269.jpg,data/olive_leaves/train/aculus_olearius,1,1
data/olive_leaves/train/aculus_olearius/27.jpg,data/olive_leaves/train/aculus_olearius,1,0
data/olive_leaves/train/aculus_olearius/270.jpg,data/olive_leaves/train/aculus_olearius,1,0
data/olive_leaves/train/aculus_olearius/271.jpg,data/olive_leaves/train/aculus_olearius,1,1
data/olive_leaves/train/aculus_olearius/272.jpg,data/olive_leaves/train/aculus_olearius,1,1
data/olive_leaves/train/aculus_olearius/273.jpg,data/olive_leaves/train/aculus_olearius,1,1
data/olive_leaves/train/aculus_olearius/274.jpg,data/olive_leaves/train/aculus_olearius,1,0
data/olive_leaves/train/aculus_olearius/275.jpg,data/olive_leaves/train/aculus_olearius,1,1
data/olive_leaves/train/aculus_olearius/276.jpg,data/olive_leaves/train/aculus_olearius,1,1
data/olive_leaves/train/aculus_olearius/277.jpg,data/olive_leaves/train/aculus_olearius,1,0
data/olive_leaves/train/aculus_olearius/278.jpg,data/olive_leaves/train/aculus_olearius,1,1
data/olive_leaves/train/aculus_olearius/279.jpg,data/olive_leaves/train/aculus_olearius,1,1
data/olive_leaves/train/aculus_olearius/28.jpg,data/olive_leaves/train/aculus_olearius,1,1
data/olive_leaves/train/aculus_olearius/280.jpg,data/olive_leaves/train/aculus_olearius,1,1
data/olive_leaves/train/aculus_olearius/281.jpg,data/olive_leaves/train/aculus_olearius,1,1
data/olive_leaves/train/aculus_olearius/282.jpg,data/olive_leaves/train/aculus_olearius,1,1
data/olive_leaves/train/aculus_olearius/283.jpg,data/olive_leaves/train/aculus_olearius,1,2
data/olive_leaves/train/aculus_olearius/284.jpg,data/olive_leaves/train/aculus_olearius,1,1
data/olive_leaves/train/aculus_olearius/285.jpg,data/olive_leaves/train/aculus_olearius,1,1
data/olive_leaves/train/aculus_olearius/286.jpg,data/olive_leaves/train/aculus_olearius,1,0
data/olive_leaves/train/aculus_olearius/287.jpg,data/olive_leaves/train/aculus_olearius,1,1
data/olive_leaves/train/aculus_olearius/288.jpg,data/olive_leaves/train/aculus_olearius,1,1
data/olive_leaves/train/aculus_olearius/289.jpg,data/olive_leaves/train/aculus_olearius,1,0
data/olive_leaves/train/aculus_olearius/29.jpg,data/olive_leaves/train/aculus_olearius,1,2
data/olive_leaves/train/aculus_olearius/290.jpg,data/olive_leaves/train/aculus_olearius,1,1
data/olive_leaves/train/aculus_olearius/291.jpg,data/olive_leaves/train/aculus_olearius,1,1
data/olive_leaves/train/aculus_olearius/292.jpg,data/olive_leaves/train/aculus_olearius,1,2
data/olive_leaves/train/aculus_olearius/293.jpg,data/olive_leaves/train/aculus_olearius,1,0
data/olive_leaves/train/aculus_olearius/294.jpg,data/olive_leaves/train/aculus_olearius,1,1
data/olive_leaves/train/aculus_olearius/295.jpg,data/olive_leaves/train/aculus_olearius,1,1
data/olive_leaves/train/aculus_olearius/296.jpg,data/olive_leaves/train/aculus_olearius,1,1
data/olive_leaves/train/aculus_olearius/297.jpg,data/olive_leaves/train/aculus_olearius,1,1
data/olive_leaves/train/aculus_olearius/298.jpg,data/olive_leaves/train/aculus_olearius,1,1
data/olive_leaves/train/aculus_olearius/299.jpg,data/olive_leaves/train/aculus_olearius,1,1
data/olive_leaves/train/aculus_olearius/3.jpg,data/olive_leaves/train/aculus_olearius,1,1
data/olive_leaves/train/aculus_olearius/30.jpg,data/olive_leaves/train/aculus_olearius,1,1
data/olive_leaves/train/aculus_olearius/300.jpg,data/olive_leaves/train/aculus_olearius,1,2
data/olive_leaves/train/aculus_olearius/301.jpg,data/olive_leaves/train/aculus_olearius,1,1
data/olive_leaves/train/aculus_olearius/302.jpg,data/olive_leaves/train/aculus_olearius,1,1
data/olive_leaves/train/aculus_olearius/303.jpg,data/olive_leaves/train/aculus_olearius,1,1
data/olive_leaves/train/aculus_olearius/304.jpg,data/olive_leaves/train/aculus_olearius,1,1
data/olive_leaves/train/aculus_olearius/305.jpg,data/olive_leaves/train/aculus_olearius,1,0
data/olive_leaves/train/aculus_olearius/306.jpg,data/olive_leaves/train/aculus_olearius,1,1
data/olive_leaves/train/aculus_olearius/307 (1).jpg,data/olive_leaves/train/aculus_olearius,1,1
data/olive_leaves/train/aculus_olearius/308.jpg,data/olive_leaves/train/aculus_olearius,1,1
data/olive_leaves/train/aculus_olearius/309.jpg,data/olive_leaves/train/aculus_olearius,1,1
data/olive_leaves/train/aculus_olearius/31.JPG,data/olive_leaves/train/aculus_olearius,1,1
data/olive_leaves/train/aculus_olearius/310.jpg,data/olive_leaves/train/aculus_olearius,1,0
data/olive_leaves/train/aculus_olearius/311.jpg,data/olive_leaves/train/aculus_olearius,1,1
data/olive_leaves/train/aculus_olearius/312.jpg,data/olive_leaves/train/aculus_olearius,1,1
data/olive_leaves/train/aculus_olearius/313.jpg,data/olive_leaves/train/aculus_olearius,1,1
data/olive_leaves/train/aculus_olearius/314.jpg,data/olive_leaves/train/aculus_olearius,1,1
data/olive_leaves/train/aculus_olearius/315.jpg,data/olive_leaves/train/aculus_olearius,1,1
data/olive_leaves/train/aculus_olearius/316.jpg,data/olive_leaves/train/aculus_olearius,1,0
data/olive_leaves/train/aculus_olearius/317.jpg,data/olive_leaves/train/aculus_olearius,1,1
data/olive_leaves/train/aculus_olearius/318.jpg,data/olive_leaves/train/aculus_olearius,1,1
data/olive_leaves/train/aculus_olearius/319.jpg,data/olive_leaves/train/aculus_olearius,1,0
data/olive_leaves/train/aculus_olearius/32.jpg,data/olive_leaves/train/aculus_olearius,1,1
data/olive_leaves/train/aculus_olearius/320.jpg,data/olive_leaves/train/aculus_olearius,1,1
data/olive_leaves/train/aculus_olearius/321.jpg,data/olive_leaves/train/aculus_olearius,1,2
data/olive_leaves/train/aculus_olearius/322.jpg,data/olive_leaves/train/aculus_olearius,1,1
data/olive_leaves/train/aculus_olearius/323.jpg,data/olive_leaves/train/aculus_olearius,1,1
data/olive_leaves/train/aculus_olearius/324.jpg,data/olive_leaves/train/aculus_olearius,1,1
data/olive_leaves/train/aculus_olearius/325.jpg,data/olive_leaves/train/aculus_olearius,1,1
data/olive_leaves/train/aculus_olearius/326.jpg,data/olive_leaves/train/aculus_olearius,1,0
data/olive_leaves/train/aculus_olearius/327.jpg,data/olive_leaves/train/aculus_olearius,1,0
data/olive_leaves/train/aculus_olearius/328.jpg,data/olive_leaves/train/aculus_olearius,1,2
data/olive_leaves/train/aculus_olearius/329.jpg,data/olive_leaves/train/aculus_olearius,1,1
data/olive_leaves/train/aculus_olearius/33.JPG,data/olive_leaves/train/aculus_olearius,1,0
data/olive_leaves/train/aculus_olearius/330.jpg,data/olive_leaves/train/aculus_olearius,1,1
data/olive_leaves/train/aculus_olearius/331.jpg,data/olive_leaves/train/aculus_olearius,1,1
data/olive_leaves/train/aculus_olearius/332.jpg,data/olive_leaves/train/aculus_olearius,1,0
data/olive_leaves/train/aculus_olearius/333.jpg,data/olive_leaves/train/aculus_olearius,1,1
data/olive_leaves/train/aculus_olearius/334.jpg,data/olive_leaves/train/aculus_olearius,1,1
data/olive_leaves/train/aculus_olearius/335.jpg,data/olive_leaves/train/aculus_olearius,1,1
data/olive_leaves/train/aculus_olearius/336.jpg,data/olive_leaves/train/aculus_olearius,1,1
data/olive_leaves/train/aculus_olearius/337.jpg,data/olive_leaves/train/aculus_olearius,1,1
data/olive_leaves/train/aculus_olearius/338.jpg,data/olive_leaves/train/aculus_olearius,1,2
data/olive_leaves/train/aculus_olearius/339.jpg,data/olive_leaves/train/aculus_olearius,1,2
data/olive_leaves/train/aculus_olearius/34.jpg,data/olive_leaves/train/aculus_olearius,1,0
data/olive_leaves/train/aculus_olearius/340.jpg,data/olive_leaves/train/aculus_olearius,1,0
data/olive_leaves/train/aculus_olearius/341.jpg,data/olive_leaves/train/aculus_olearius,1,1
data/olive_leaves/train/aculus_olearius/342.jpg,data/olive_leaves/train/aculus_olearius,1,2
data/olive_leaves/train/aculus_olearius/343.jpg,data/olive_leaves/train/aculus_olearius,1,2
data/olive_leaves/train/aculus_olearius/344.jpg,data/olive_leaves/train/aculus_olearius,1,1
data/olive_leaves/train/aculus_olearius/345.jpg,data/olive_leaves/train/aculus_olearius,1,0
data/olive_leaves/train/aculus_olearius/346.jpg,data/olive_leaves/train/aculus_olearius,1,1
data/olive_leaves/train/aculus_olearius/347.jpg,data/olive_leaves/train/aculus_olearius,1,1
data/olive_leaves/train/aculus_olearius/348.jpg,data/olive_leaves/train/aculus_olearius,1,1
data/olive_leaves/train/aculus_olearius/349.jpg,data/olive_leaves/train/aculus_olearius,1,2
data/olive_leaves/train/aculus_olearius/35.JPG,data/olive_leaves/train/aculus_olearius,1,1
data/olive_leaves/train/aculus_olearius/350.jpg,data/olive_leaves/train/aculus_olearius,1,1
data/olive_leaves/train/aculus_olearius/351.jpg,data/olive_leaves/train/aculus_olearius,1,2
data/olive_leaves/train/aculus_olearius/352.jpg,data/olive_leaves/train/aculus_olearius,1,1
data/olive_leaves/train/aculus_olearius/353.jpg,data/olive_leaves/train/aculus_olearius,1,1
data/olive_leaves/train/aculus_olearius/354.jpg,data/olive_leaves/train/aculus_olearius,1,0
data/olive_leaves/train/aculus_olearius/355.jpg,data/olive_leaves/train/aculus_olearius,1,0
data/olive_leaves/train/aculus_olearius/356.jpg,data/olive_leaves/train/aculus_olearius,1,0
data/olive_leaves/train/aculus_olearius/357.jpg,data/olive_leaves/train/aculus_olearius,1,1
data/olive_leaves/train/aculus_olearius/358.jpg,data/olive_leaves/train/aculus_olearius,1,1
data/olive_leaves/train/aculus_olearius/359.jpg,data/olive_leaves/train/aculus_olearius,1,1
data/olive_leaves/train/aculus_olearius/36.JPG,data/olive_leaves/train/aculus_olearius,1,1
data/olive_leaves/train/aculus_olearius/360.jpg,data/olive_leaves/train/aculus_olearius,1,1
data/olive_leaves/train/aculus_olearius/361.jpg,data/olive_leaves/train/aculus_olearius,1,1
data/olive_leaves/train/aculus_olearius/362.jpg,data/olive_leaves/train/aculus_olearius,1,1
data/olive_leaves/train/aculus_olearius/363.jpg,data/olive_leaves/train/aculus_olearius,1,1
data/olive_leaves/train/aculus_olearius/364.jpg,data/olive_leaves/train/aculus_olearius,1,2
data/olive_leaves/train/aculus_olearius/365.jpg,data/olive_leaves/train/aculus_olearius,1,2
data/olive_leaves/train/aculus_olearius/366.jpg,data/olive_leaves/train/aculus_olearius,1,0
data/olive_leaves/train/aculus_olearius/367.jpg,data/olive_leaves/train/aculus_olearius,1,1
data/olive_leaves/train/aculus_olearius/368.jpg,data/olive_leaves/train/aculus_olearius,1,1
data/olive_leaves/train/aculus_olearius/369.jpg,data/olive_leaves/train/aculus_olearius,1,1
data/olive_leaves/train/aculus_olearius/37.jpg,data/olive_leaves/train/aculus_olearius,1,0
data/olive_leaves/train/aculus_olearius/370.jpg,data/olive_leaves/train/aculus_olearius,1,1
data/olive_leaves/train/aculus_olearius/371.jpg,data/olive_leaves/train/aculus_olearius,1,1
data/olive_leaves/train/aculus_olearius/372.jpg,data/olive_leaves/train/aculus_olearius,1,1
data/olive_leaves/train/aculus_olearius/373.jpg,data/olive_leaves/train/aculus_olearius,1,0
data/olive_leaves/train/aculus_olearius/374.jpg,data/olive_leaves/train/aculus_olearius,1,1
data/olive_leaves/train/aculus_olearius/375.jpg,data/olive_leaves/train/aculus_olearius,1,1
data/olive_leaves/train/aculus_olearius/376.jpg,data/olive_leaves/train/aculus_olearius,1,1
data/olive_leaves/train/aculus_olearius/377.jpg,data/olive_leaves/train/aculus_olearius,1,1
data/olive_leaves/train/aculus_olearius/378.jpg,data/olive_leaves/train/aculus_olearius,1,0
data/olive_leaves/train/aculus_olearius/379.jpg,data/olive_leaves/train/aculus_olearius,1,0
data/olive_leaves/train/aculus_olearius/38.JPG,data/olive_leaves/train/aculus_olearius,1,1
data/olive_leaves/train/aculus_olearius/380.jpg,data/olive_leaves/train/aculus_olearius,1,1
data/olive_leaves/train/aculus_olearius/381.jpg,data/olive_leaves/train/aculus_olearius,1,1
data/olive_leaves/train/aculus_olearius/382.jpg,data/olive_leaves/train/aculus_olearius,1,1
data/olive_leaves/train/aculus_olearius/383.jpg,data/olive_leaves/train/aculus_olearius,1,1
data/olive_leaves/train/aculus_olearius/384.jpg,data/olive_leaves/train/aculus_olearius,1,1
data/olive_leaves/train/aculus_olearius/385.jpg,data/olive_leaves/train/aculus_olearius,1,1
data/olive_leaves/train/aculus_olearius/386.jpg,data/olive_leaves/train/aculus_olearius,1,1
data/olive_leaves/train/aculus_olearius/387.jpg,data/olive_leaves/train/aculus_olearius,1,0
data/olive_leaves/train/aculus_olearius/388.jpg,data/olive_leaves/train/aculus_olearius,1,1
data/olive_leaves/train/aculus_olearius/389.jpg,data/olive_leaves/train/aculus_olearius,1,1
data/olive_leaves/train/aculus_olearius/39.JPG,data/olive_leaves/train/aculus_olearius,1,1
data/olive_leaves/train/aculus_olearius/390.jpg,data/olive_leaves/train/aculus_olearius,1,1
data/olive_leaves/train/aculus_olearius/391.jpg,data/olive_leaves/train/aculus_olearius,1,1
data/olive_leaves/train/aculus_olearius/392.jpg,data/olive_leaves/train/aculus_olearius,1,0
data/olive_leaves/train/aculus_olearius/393.jpg,data/olive_leaves/train/aculus_olearius,1,1
data/olive_leaves/train/aculus_olearius/394.jpg,data/olive_leaves/train/aculus_olearius,1,1
data/olive_leaves/train/aculus_olearius/395.jpg,data/olive_leaves/train/aculus_olearius,1,1
data/olive_leaves/train/aculus_olearius/396.jpg,data/olive_leaves/train/aculus_olearius,1,2
data/olive_leaves/train/aculus_olearius/397.jpg,data/olive_leaves/train/aculus_olearius,1,0
data/olive_leaves/train/aculus_olearius/398.jpg,data/olive_leaves/train/aculus_olearius,1,1
data/olive_leaves/train/aculus_olearius/399.jpg,data/olive_leaves/train/aculus_olearius,1,1
data/olive_leaves/train/aculus_olearius/4.jpg,data/olive_leaves/train/aculus_olearius,1,1
data/olive_leaves/train/aculus_olearius/40.jpg,data/olive_leaves/train/aculus_olearius,1,0
data/olive_leaves/train/aculus_olearius/400.jpg,data/olive_leaves/train/aculus_olearius,1,0
data/olive_leaves/train/aculus_olearius/401.jpg,data/olive_leaves/train/aculus_olearius,1,1
data/olive_leaves/train/aculus_olearius/402.jpg,data/olive_leaves/train/aculus_olearius,1,2
data/olive_leaves/train/aculus_olearius/403.jpg,data/olive_leaves/train/aculus_olearius,1,1
data/olive_leaves/train/aculus_olearius/404.jpg,data/olive_leaves/train/aculus_olearius,1,1
data/olive_leaves/train/aculus_olearius/405.jpg,data/olive_leaves/train/aculus_olearius,1,1
data/olive_leaves/train/aculus_olearius/406.jpg,data/olive_leaves/train/aculus_olearius,1,0
data/olive_leaves/train/aculus_olearius/407.jpg,data/olive_leaves/train/aculus_olearius,1,3
data/olive_leaves/train/aculus_olearius/408.jpg,data/olive_leaves/train/aculus_olearius,1,1
data/olive_leaves/train/aculus_olearius/409.jpg,data/olive_leaves/train/aculus_olearius,1,0
data/olive_leaves/train/aculus_olearius/41.JPG,data/olive_leaves/train/aculus_olearius,1,1
data/olive_leaves/train/aculus_olearius/410.jpg,data/olive_leaves/train/aculus_olearius,1,1
data/olive_leaves/train/aculus_olearius/411.jpg,data/olive_leaves/train/aculus_olearius,1,1
data/olive_leaves/train/aculus_olearius/412.jpg,data/olive_leaves/train/aculus_olearius,1,1
data/olive_leaves/train/aculus_olearius/413.jpg,data/olive_leaves/train/aculus_olearius,1,1
data/olive_leaves/train/aculus_olearius/414.jpg,data/olive_leaves/train/aculus_olearius,1,0
data/olive_leaves/train/aculus_olearius/415.jpg,data/olive_leaves/train/aculus_olearius,1,1
data/olive_leaves/train/aculus_olearius/416.jpg,data/olive_leaves/train/aculus_olearius,1,1
data/olive_leaves/train/aculus_olearius/417.jpg,data/olive_leaves/train/aculus_olearius,1,1
data/olive_leaves/train/aculus_olearius/418.jpg,data/olive_leaves/train/aculus_olearius,1,2
data/olive_leaves/train/aculus_olearius/419.jpg,data/olive_leaves/train/aculus_olearius,1,0
data/olive_leaves/train/aculus_olearius/42.jpg,data/olive_leaves/train/aculus_olearius,1,0
data/olive_leaves/train/aculus_olearius/420.jpg,data/olive_leaves/train/aculus_olearius,1,1
data/olive_leaves/train/aculus_olearius/421.jpg,data/olive_leaves/train/aculus_olearius,1,2
data/olive_leaves/train/aculus_olearius/422.jpg,data/olive_leaves/train/aculus_olearius,1,1
data/olive_leaves/train/aculus_olearius/423.jpg,data/olive_leaves/train/aculus_olearius,1,1
data/olive_leaves/train/aculus_olearius/424.jpg,data/olive_leaves/train/aculus_olearius,1,1
data/olive_leaves/train/aculus_olearius/425.jpg,data/olive_leaves/train/aculus_olearius,1,0
data/olive_leaves/train/aculus_olearius/426.jpg,data/olive_leaves/train/aculus_olearius,1,1
data/olive_leaves/train/aculus_olearius/427.jpg,data/olive_leaves/train/aculus_olearius,1,1
data/olive_leaves/train/aculus_olearius/428.jpg,data/olive_leaves/train/aculus_olearius,1,1
data/olive_leaves/train/aculus_olearius/429.jpg,data/olive_leaves/train/aculus_olearius,1,1
data/olive_leaves/train/aculus_olearius/43.jpg,data/olive_leaves/train/aculus_olearius,1,1
data/olive_leaves/train/aculus_olearius/430.jpg,data/olive_leaves/train/aculus_olearius,1,2
data/olive_leaves/train/aculus_olearius/431.jpg,data/olive_leaves/train/aculus_olearius,1,0
data/olive_leaves/train/aculus_olearius/432.jpg,data/olive_leaves/train/aculus_olearius,1,1
data/olive_leaves/train/aculus_olearius/433.jpg,data/olive_leaves/train/aculus_olearius,1,1
data/olive_leaves/train/aculus_olearius/434.jpg,data/olive_leaves/train/aculus_olearius,1,1
data/olive_leaves/train/aculus_olearius/435.jpg,data/olive_leaves/train/aculus_olearius,1,2
data/olive_leaves/train/aculus_olearius/436.jpg,data/olive_leaves/train/aculus_olearius,1,0
data/olive_leaves/train/aculus_olearius/437.jpg,data/olive_leaves/train/aculus_olearius,1,1
data/olive_leaves/train/aculus_olearius/438.jpg,data/olive_leaves/train/aculus_olearius,1,1
data/olive_leaves/train/aculus_olearius/439.jpg,data/olive_leaves/train/aculus_olearius,1,1
data/olive_leaves/train/aculus_olearius/44.JPG,data/olive_leaves/train/aculus_olearius,1,2
data/olive_leaves/train/aculus_olearius/440.jpg,data/olive_leaves/train/aculus_olearius,1,1
data/olive_leaves/train/aculus_olearius/441.jpg,data/olive_leaves/train/aculus_olearius,1,0
data/olive_leaves/train/aculus_olearius/442.jpg,data/olive_leaves/train/aculus_olearius,1,1
data/olive_leaves/train/aculus_olearius/443.jpg,data/olive_leaves/train/aculus_olearius,1,1
data/olive_leaves/train/aculus_olearius/444.jpg,data/olive_leaves/train/aculus_olearius,1,1
data/olive_leaves/train/aculus_olearius/445.jpg,data/olive_leaves/train/aculus_olearius,1,1
data/olive_leaves/train/aculus_olearius/446.jpg,data/olive_leaves/train/aculus_olearius,1,0
data/olive_leaves/train/aculus_olearius/447.jpg,data/olive_leaves/train/aculus_olearius,1,1
data/olive_leaves/train/aculus_olearius/448.jpg,data/olive_leaves/train/aculus_olearius,1,1
data/olive_leaves/train/aculus_olearius/449.jpg,data/olive_leaves/train/aculus_olearius,1,0
data/olive_leaves/train/aculus_olearius/45.JPG,data/olive_leaves/train/aculus_olearius,1,1
data/olive_leaves/train/aculus_olearius/450.jpg,data/olive_leaves/train/aculus_olearius,1,1
data/olive_leaves/train/aculus_olearius/451.jpg,data/olive_leaves/train/aculus_olearius,1,0
data/olive_leaves/train/aculus_olearius/452.jpg,data/olive_leaves/train/aculus_olearius,1,1
data/olive_leaves/train/aculus_olearius/453.jpg,data/olive_leaves/train/aculus_olearius,1,3
data/olive_leaves/train/aculus_olearius/454.jpg,data/olive_leaves/train/aculus_olearius,1,1
data/olive_leaves/train/aculus_olearius/455.jpg,data/olive_leaves/train/aculus_olearius,1,1
data/olive_leaves/train/aculus_olearius/456.jpg,data/olive_leaves/train/aculus_olearius,1,1
data/olive_leaves/train/aculus_olearius/457.jpg,data/olive_leaves/train/aculus_olearius,1,1
data/olive_leaves/train/aculus_olearius/458.jpg,data/olive_leaves/train/aculus_olearius,1,0
data/olive_leaves/train/aculus_olearius/459.jpg,data/olive_leaves/train/aculus_olearius,1,1
data/olive_leaves/train/aculus_olearius/46.JPG,data/olive_leaves/train/aculus_olearius,1,1
data/olive_leaves/train/aculus_olearius/460.jpg,data/olive_leaves/train/aculus_olearius,1,1
data/olive_leaves/train/aculus_olearius/461.jpg,data/olive_leaves/train/aculus_olearius,1,0
data/olive_leaves/train/aculus_olearius/462.jpg,data/olive_leaves/train/aculus_olearius,1,1
data/olive_leaves/train/aculus_olearius/463.jpg,data/olive_leaves/train/aculus_olearius,1,2
data/olive_leaves/train/aculus_olearius/464.jpg,data/olive_leaves/train/aculus_olearius,1,1
data/olive_leaves/train/aculus_olearius/465.jpg,data/olive_leaves/train/aculus_olearius,1,1
data/olive_leaves/train/aculus_olearius/466.jpg,data/olive_leaves/train/aculus_olearius,1,2
data/olive_leaves/train/aculus_olearius/467.jpg,data/olive_leaves/train/aculus_olearius,1,1
data/olive_leaves/train/aculus_olearius/468.jpg,data/olive_leaves/train/aculus_olearius,1,0
data/olive_leaves/train/aculus_olearius/469.jpg,data/olive_leaves/train/aculus_olearius,1,1
data/olive_leaves/train/aculus_olearius/47.JPG,data/olive_leaves/train/aculus_olearius,1,2
data/olive_leaves/train/aculus_olearius/470.jpg,data/olive_leaves/train/aculus_olearius,1,1
data/olive_leaves/train/aculus_olearius/471.jpg,data/olive_leaves/train/aculus_olearius,1,1
data/olive_leaves/train/aculus_olearius/472.jpg,data/olive_leaves/train/aculus_olearius,1,1
data/olive_leaves/train/aculus_olearius/473.jpg,data/olive_leaves/train/aculus_olearius,1,1
data/olive_leaves/train/aculus_olearius/474.jpg,data/olive_leaves/train/aculus_olearius,1,2
data/olive_leaves/train/aculus_olearius/475.jpg,data/olive_leaves/train/aculus_olearius,1,0
data/olive_leaves/train/aculus_olearius/476.jpg,data/olive_leaves/train/aculus_olearius,1,1
data/olive_leaves/train/aculus_olearius/477.jpg,data/olive_leaves/train/aculus_olearius,1,1
data/olive_leaves/train/aculus_olearius/478.jpg,data/olive_leaves/train/aculus_olearius,1,1
data/olive_leaves/train/aculus_olearius/479.jpg,data/olive_leaves/train/aculus_olearius,1,1
data/olive_leaves/train/aculus_olearius/48.JPG,data/olive_leaves/train/aculus_olearius,1,1
data/olive_leaves/train/aculus_olearius/480.jpg,data/olive_leaves/train/aculus_olearius,1,1
data/olive_leaves/train/aculus_olearius/481.jpg,data/olive_leaves/train/aculus_olearius,1,1
data/olive_leaves/train/aculus_olearius/482.jpg,data/olive_leaves/train/aculus_olearius,1,1
data/olive_leaves/train/aculus_olearius/483.jpg,data/olive_leaves/train/aculus_olearius,1,1
data/olive_leaves/train/aculus_olearius/484.jpg,data/olive_leaves/train/aculus_olearius,1,1
data/olive_leaves/train/aculus_olearius/485.jpg,data/olive_leaves/train/aculus_olearius,1,0
data/olive_leaves/train/aculus_olearius/486.jpg,data/olive_leaves/train/aculus_olearius,1,1
data/olive_leaves/train/aculus_olearius/487.jpg,data/olive_leaves/train/aculus_olearius,1,1
data/olive_leaves/train/aculus_olearius/488.jpg,data/olive_leaves/train/aculus_olearius,1,1
data/olive_leaves/train/aculus_olearius/489.jpg,data/olive_leaves/train/aculus_olearius,1,0
data/olive_leaves/train/aculus_olearius/49.JPG,data/olive_leaves/train/aculus_olearius,1,1
data/olive_leaves/train/aculus_olearius/490.jpg,data/olive_leaves/train/aculus_olearius,1,1
data/olive_leaves/train/aculus_olearius/491.jpg,data/olive_leaves/train/aculus_olearius,1,2
data/olive_leaves/train/aculus_olearius/492.jpg,data/olive_leaves/train/aculus_olearius,1,1
data/olive_leaves/train/aculus_olearius/493.jpg,data/olive_leaves/train/aculus_olearius,1,2
data/olive_leaves/train/aculus_olearius/494.jpg,data/olive_leaves/train/aculus_olearius,1,1
data/olive_leaves/train/aculus_olearius/495.jpg,data/olive_leaves/train/aculus_olearius,1,1
data/olive_leaves/train/aculus_olearius/496.jpg,data/olive_leaves/train/aculus_olearius,1,2
data/olive_leaves/train/aculus_olearius/497.jpg,data/olive_leaves/train/aculus_olearius,1,1
data/olive_leaves/train/aculus_olearius/498.jpg,data/olive_leaves/train/aculus_olearius,1,1
data/olive_leaves/train/aculus_olearius/499.jpg,data/olive_leaves/train/aculus_olearius,1,2
data/olive_leaves/train/aculus_olearius/5.jpg,data/olive_leaves/train/aculus_olearius,1,1
data/olive_leaves/train/aculus_olearius/50.JPG,data/olive_leaves/train/aculus_olearius,1,1
data/olive_leaves/train/aculus_olearius/500.jpg,data/olive_leaves/train/aculus_olearius,1,1
data/olive_leaves/train/aculus_olearius/501.jpg,data/olive_leaves/train/aculus_olearius,1,2
data/olive_leaves/train/aculus_olearius/502.jpg,data/olive_leaves/train/aculus_olearius,1,1
data/olive_leaves/train/aculus_olearius/503.jpg,data/olive_leaves/train/aculus_olearius,1,0
data/olive_leaves/train/aculus_olearius/504.jpg,data/olive_leaves/train/aculus_olearius,1,1
data/olive_leaves/train/aculus_olearius/505.jpg,data/olive_leaves/train/aculus_olearius,1,1
data/olive_leaves/train/aculus_olearius/506.jpg,data/olive_leaves/train/aculus_olearius,1,0
data/olive_leaves/train/aculus_olearius/507.jpg,data/olive_leaves/train/aculus_olearius,1,1
data/olive_leaves/train/aculus_olearius/508.jpg,data/olive_leaves/train/aculus_olearius,1,0
data/olive_leaves/train/aculus_olearius/509.jpg,data/olive_leaves/train/aculus_olearius,1,1
data/olive_leaves/train/aculus_olearius/51.JPG,data/olive_leaves/train/aculus_olearius,1,1
data/olive_leaves/train/aculus_olearius/510.jpg,data/olive_leaves/train/aculus_olearius,1,1
data/olive_leaves/train/aculus_olearius/511.jpg,data/olive_leaves/train/aculus_olearius,1,1
data/olive_leaves/train/aculus_olearius/512.jpg,data/olive_leaves/train/aculus_olearius,1,1
data/olive_leaves/train/aculus_olearius/513.jpg,data/olive_leaves/train/aculus_olearius,1,1
data/olive_leaves/train/aculus_olearius/514.jpg,data/olive_leaves/train/aculus_olearius,1,1
data/olive_leaves/train/aculus_olearius/515.jpg,data/olive_leaves/train/aculus_olearius,1,0
data/olive_leaves/train/aculus_olearius/516.jpg,data/olive_leaves/train/aculus_olearius,1,1
data/olive_leaves/train/aculus_olearius/517.jpg,data/olive_leaves/train/aculus_olearius,1,1
data/olive_leaves/train/aculus_olearius/518.jpg,data/olive_leaves/train/aculus_olearius,1,1
data/olive_leaves/train/aculus_olearius/519.jpg,data/olive_leaves/train/aculus_olearius,1,1
data/olive_leaves/train/aculus_olearius/52.JPG,data/olive_leaves/train/aculus_olearius,1,1
data/olive_leaves/train/aculus_olearius/520.jpg,data/olive_leaves/train/aculus_olearius,1,1
data/olive_leaves/train/aculus_olearius/521.jpg,data/olive_leaves/train/aculus_olearius,1,1
data/olive_leaves/train/aculus_olearius/522.jpg,data/olive_leaves/train/aculus_olearius,1,2
data/olive_leaves/train/aculus_olearius/523.jpg,data/olive_leaves/train/aculus_olearius,1,1
data/olive_leaves/train/aculus_olearius/524.jpg,data/olive_leaves/train/aculus_olearius,1,1
data/olive_leaves/train/aculus_olearius/525.jpg,data/olive_leaves/train/aculus_olearius,1,1
data/olive_leaves/train/aculus_olearius/526.jpg,data/olive_leaves/train/aculus_olearius,1,1
data/olive_leaves/train/aculus_olearius/527.jpg,data/olive_leaves/train/aculus_olearius,1,1
data/olive_leaves/train/aculus_olearius/528.jpg,data/olive_leaves/train/aculus_olearius,1,1
data/olive_leaves/train/aculus_olearius/529.jpg,data/olive_leaves/train/aculus_olearius,1,1
data/olive_leaves/train/aculus_olearius/53.JPG,data/olive_leaves/train/aculus_olearius,1,1
data/olive_leaves/train/aculus_olearius/530.jpg,data/olive_leaves/train/aculus_olearius,1,1
data/olive_leaves/train/aculus_olearius/531.jpg,data/olive_leaves/train/aculus_olearius,1,1
data/olive_leaves/train/aculus_olearius/532.jpg,data/olive_leaves/train/aculus_olearius,1,1
data/olive_leaves/train/aculus_olearius/533.jpg,data/olive_leaves/train/aculus_olearius,1,1
data/olive_leaves/train/aculus_olearius/534.jpg,data/olive_leaves/train/aculus_olearius,1,1
data/olive_leaves/train/aculus_olearius/535.jpg,data/olive_leaves/train/aculus_olearius,1,1
data/olive_leaves/train/aculus_olearius/536.jpg,data/olive_leaves/train/aculus_olearius,1,1
data/olive_leaves/train/aculus_olearius/537.jpg,data/olive_leaves/train/aculus_olearius,1,1
data/olive_leaves/train/aculus_olearius/538.jpg,data/olive_leaves/train/aculus_olearius,1,0
data/olive_leaves/train/aculus_olearius/539.jpg,data/olive_leaves/train/aculus_olearius,1,1
data/olive_leaves/train/aculus_olearius/54.jpg,data/olive_leaves/train/aculus_olearius,1,1
data/olive_leaves/train/aculus_olearius/540.jpg,data/olive_leaves/train/aculus_olearius,1,1
data/olive_leaves/train/aculus_olearius/541.jpg,data/olive_leaves/train/aculus_olearius,1,1
data/olive_leaves/train/aculus_olearius/542.jpg,data/olive_leaves/train/aculus_olearius,1,1
data/olive_leaves/train/aculus_olearius/543.jpg,data/olive_leaves/train/aculus_olearius,1,0
data/olive_leaves/train/aculus_olearius/544.jpg,data/olive_leaves/train/aculus_olearius,1,1
data/olive_leaves/train/aculus_olearius/545.jpg,data/olive_leaves/train/aculus_olearius,1,1
data/olive_leaves/train/aculus_olearius/546.jpg,data/olive_leaves/train/aculus_olearius,1,1
data/olive_leaves/train/aculus_olearius/547.jpg,data/olive_leaves/train/aculus_olearius,1,0
data/olive_leaves/train/aculus_olearius/548.jpg,data/olive_leaves/train/aculus_olearius,1,1
data/olive_leaves/train/aculus_olearius/549.jpg,data/olive_leaves/train/aculus_olearius,1,1
data/olive_leaves/train/aculus_olearius/55.jpg,data/olive_leaves/train/aculus_olearius,1,1
data/olive_leaves/train/aculus_olearius/550.jpg,data/olive_leaves/train/aculus_olearius,1,1
data/olive_leaves/train/aculus_olearius/551.jpg,data/olive_leaves/train/aculus_olearius,1,1
data/olive_leaves/train/aculus_olearius/552.jpg,data/olive_leaves/train/aculus_olearius,1,0
data/olive_leaves/train/aculus_olearius/553.jpg,data/olive_leaves/train/aculus_olearius,1,2
data/olive_leaves/train/aculus_olearius/554.jpg,data/olive_leaves/train/aculus_olearius,1,1
data/olive_leaves/train/aculus_olearius/555.jpg,data/olive_leaves/train/aculus_olearius,1,0
data/olive_leaves/train/aculus_olearius/556.jpg,data/olive_leaves/train/aculus_olearius,1,1
data/olive_leaves/train/aculus_olearius/557.jpg,data/olive_leaves/train/aculus_olearius,1,2
data/olive_leaves/train/aculus_olearius/558.jpg,data/olive_leaves/train/aculus_olearius,1,1
data/olive_leaves/train/aculus_olearius/559.jpg,data/olive_leaves/train/aculus_olearius,1,0
data/olive_leaves/train/aculus_olearius/56.jpg,data/olive_leaves/train/aculus_olearius,1,1
data/olive_leaves/train/aculus_olearius/560.jpg,data/olive_leaves/train/aculus_olearius,1,1
data/olive_leaves/train/aculus_olearius/561.jpg,data/olive_leaves/train/aculus_olearius,1,2
data/olive_leaves/train/aculus_olearius/562.jpg,data/olive_leaves/train/aculus_olearius,1,2
data/olive_leaves/train/aculus_olearius/563.jpg,data/olive_leaves/train/aculus_olearius,1,1
data/olive_leaves/train/aculus_olearius/564.jpg,data/olive_leaves/train/aculus_olearius,1,1
data/olive_leaves/train/aculus_olearius/565.jpg,data/olive_leaves/train/aculus_olearius,1,1
data/olive_leaves/train/aculus_olearius/566.jpg,data/olive_leaves/train/aculus_olearius,1,1
data/olive_leaves/train/aculus_olearius/567.jpg,data/olive_leaves/train/aculus_olearius,1,1
data/olive_leaves/train/aculus_olearius/568.jpg,data/olive_leaves/train/aculus_olearius,1,1
data/olive_leaves/train/aculus_olearius/569.jpg,data/olive_leaves/train/aculus_olearius,1,0
data/olive_leaves/train/aculus_olearius/57.jpg,data/olive_leaves/train/aculus_olearius,1,1
data/olive_leaves/train/aculus_olearius/570.jpg,data/olive_leaves/train/aculus_olearius,1,1
data/olive_leaves/train/aculus_olearius/571.jpg,data/olive_leaves/train/aculus_olearius,1,1
data/olive_leaves/train/aculus_olearius/572.jpg,data/olive_leaves/train/aculus_olearius,1,1
data/olive_leaves/train/aculus_olearius/573.jpg,data/olive_leaves/train/aculus_olearius,1,1
data/olive_leaves/train/aculus_olearius/574.jpg,data/olive_leaves/train/aculus_olearius,1,1
data/olive_leaves/train/aculus_olearius/575.jpg,data/olive_leaves/train/aculus_olearius,1,1
data/olive_leaves/train/aculus_olearius/576.jpg,data/olive_leaves/train/aculus_olearius,1,1
data/olive_leaves/train/aculus_olearius/577.jpg,data/olive_leaves/train/aculus_olearius,1,1
data/olive_leaves/train/aculus_olearius/578.jpg,data/olive_leaves/train/aculus_olearius,1,1
data/olive_leaves/train/aculus_olearius/579.jpg,data/olive_leaves/train/aculus_olearius,1,1
data/olive_leaves/train/aculus_olearius/58.jpg,data/olive_leaves/train/aculus_olearius,1,1
data/olive_leaves/train/aculus_olearius/580.jpg,data/olive_leaves/train/aculus_olearius,1,1
data/olive_leaves/train/aculus_olearius/581.jpg,data/olive_leaves/train/aculus_olearius,1,1
data/olive_leaves/train/aculus_olearius/582.jpg,data/olive_leaves/train/aculus_olearius,1,1
data/olive_leaves/train/aculus_olearius/583.jpg,data/olive_leaves/train/aculus_olearius,1,1
data/olive_leaves/train/aculus_olearius/584.jpg,data/olive_leaves/train/aculus_olearius,1,1
data/olive_leaves/train/aculus_olearius/585.jpg,data/olive_leaves/train/aculus_olearius,1,0
data/olive_leaves/train/aculus_olearius/586.jpg,data/olive_leaves/train/aculus_olearius,1,1
data/olive_leaves/train/aculus_olearius/587.jpg,data/olive_leaves/train/aculus_olearius,1,1
data/olive_leaves/train/aculus_olearius/588.jpg,data/olive_leaves/train/aculus_olearius,1,1
data/olive_leaves/train/aculus_olearius/589.jpg,data/olive_leaves/train/aculus_olearius,1,1
data/olive_leaves/train/aculus_olearius/59.jpg,data/olive_leaves/train/aculus_olearius,1,1
data/olive_leaves/train/aculus_olearius/590.jpg,data/olive_leaves/train/aculus_olearius,1,1
data/olive_leaves/train/aculus_olearius/591.jpg,data/olive_leaves/train/aculus_olearius,1,0
data/olive_leaves/train/aculus_olearius/592.jpg,data/olive_leaves/train/aculus_olearius,1,1
data/olive_leaves/train/aculus_olearius/593.jpg,data/olive_leaves/train/aculus_olearius,1,1
data/olive_leaves/train/aculus_olearius/594.jpg,data/olive_leaves/train/aculus_olearius,1,1
data/olive_leaves/train/aculus_olearius/595.jpg,data/olive_leaves/train/aculus_olearius,1,1
data/olive_leaves/train/aculus_olearius/596.jpg,data/olive_leaves/train/aculus_olearius,1,1
data/olive_leaves/train/aculus_olearius/597.jpg,data/olive_leaves/train/aculus_olearius,1,2
data/olive_leaves/train/aculus_olearius/598.jpg,data/olive_leaves/train/aculus_olearius,1,1
data/olive_leaves/train/aculus_olearius/599.jpg,data/olive_leaves/train/aculus_olearius,1,1
data/olive_leaves/train/aculus_olearius/6.jpg,data/olive_leaves/train/aculus_olearius,1,1
data/olive_leaves/train/aculus_olearius/60.jpg,data/olive_leaves/train/aculus_olearius,1,1
data/olive_leaves/train/aculus_olearius/600.jpg,data/olive_leaves/train/aculus_olearius,1,1
data/olive_leaves/train/aculus_olearius/601.jpg,data/olive_leaves/train/aculus_olearius,1,1
data/olive_leaves/train/aculus_olearius/602.jpg,data/olive_leaves/train/aculus_olearius,1,1
data/olive_leaves/train/aculus_olearius/603.jpg,data/olive_leaves/train/aculus_olearius,1,0
data/olive_leaves/train/aculus_olearius/604.jpg,data/olive_leaves/train/aculus_olearius,1,1
data/olive_leaves/train/aculus_olearius/605.jpg,data/olive_leaves/train/aculus_olearius,1,1
data/olive_leaves/train/aculus_olearius/606.jpg,data/olive_leaves/train/aculus_olearius,1,1
data/olive_leaves/train/aculus_olearius/607.jpg,data/olive_leaves/train/aculus_olearius,1,1
data/olive_leaves/train/aculus_olearius/608.jpg,data/olive_leaves/train/aculus_olearius,1,1
data/olive_leaves/train/aculus_olearius/609.jpg,data/olive_leaves/train/aculus_olearius,1,0
data/olive_leaves/train/aculus_olearius/61.jpg,data/olive_leaves/train/aculus_olearius,1,1
data/olive_leaves/train/aculus_olearius/610.jpg,data/olive_leaves/train/aculus_olearius,1,1
data/olive_leaves/train/aculus_olearius/611.jpg,data/olive_leaves/train/aculus_olearius,1,0
data/olive_leaves/train/aculus_olearius/612.jpg,data/olive_leaves/train/aculus_olearius,1,1
data/olive_leaves/train/aculus_olearius/613.jpg,data/olive_leaves/train/aculus_olearius,1,1
data/olive_leaves/train/aculus_olearius/614.jpg,data/olive_leaves/train/aculus_olearius,1,1
data/olive_leaves/train/aculus_olearius/615.jpg,data/olive_leaves/train/aculus_olearius,1,1
data/olive_leaves/train/aculus_olearius/616.jpg,data/olive_leaves/train/aculus_olearius,1,1
data/olive_leaves/train/aculus_olearius/617.jpg,data/olive_leaves/train/aculus_olearius,1,1
data/olive_leaves/train/aculus_olearius/618.jpg,data/olive_leaves/train/aculus_olearius,1,1
data/olive_leaves/train/aculus_olearius/619.jpg,data/olive_leaves/train/aculus_olearius,1,1
data/olive_leaves/train/aculus_olearius/62.jpg,data/olive_leaves/train/aculus_olearius,1,1
data/olive_leaves/train/aculus_olearius/620.jpg,data/olive_leaves/train/aculus_olearius,1,0
data/olive_leaves/train/aculus_olearius/621.jpg,data/olive_leaves/train/aculus_olearius,1,1
data/olive_leaves/train/aculus_olearius/622.jpg,data/olive_leaves/train/aculus_olearius,1,1
data/olive_leaves/train/aculus_olearius/623.jpg,data/olive_leaves/train/aculus_olearius,1,3
data/olive_leaves/train/aculus_olearius/624.jpg,data/olive_leaves/train/aculus_olearius,1,0
data/olive_leaves/train/aculus_olearius/625.jpg,data/olive_leaves/train/aculus_olearius,1,1
data/olive_leaves/train/aculus_olearius/626.jpg,data/olive_leaves/train/aculus_olearius,1,1
data/olive_leaves/train/aculus_olearius/627.jpg,data/olive_leaves/train/aculus_olearius,1,0
data/olive_leaves/train/aculus_olearius/628.jpg,data/olive_leaves/train/aculus_olearius,1,1
data/olive_leaves/train/aculus_olearius/629.jpg,data/olive_leaves/train/aculus_olearius,1,1
data/olive_leaves/train/aculus_olearius/63.jpg,data/olive_leaves/train/aculus_olearius,1,1
data/olive_leaves/train/aculus_olearius/630.jpg,data/olive_leaves/train/aculus_olearius,1,1
data/olive_leaves/train/aculus_olearius/631.jpg,data/olive_leaves/train/aculus_olearius,1,1
data/olive_leaves/train/aculus_olearius/632.jpg,data/olive_leaves/train/aculus_olearius,1,0
data/olive_leaves/train/aculus_olearius/633.jpg,data/olive_leaves/train/aculus_olearius,1,1
data/olive_leaves/train/aculus_olearius/634.jpg,data/olive_leaves/train/aculus_olearius,1,3
data/olive_leaves/train/aculus_olearius/635.jpg,data/olive_leaves/train/aculus_olearius,1,1
data/olive_leaves/train/aculus_olearius/636.jpg,data/olive_leaves/train/aculus_olearius,1,1
data/olive_leaves/train/aculus_olearius/637.jpg,data/olive_leaves/train/aculus_olearius,1,2
data/olive_leaves/train/aculus_olearius/638.jpg,data/olive_leaves/train/aculus_olearius,1,1
data/olive_leaves/train/aculus_olearius/639.jpg,data/olive_leaves/train/aculus_olearius,1,1
data/olive_leaves/train/aculus_olearius/64.jpg,data/olive_leaves/train/aculus_olearius,1,1
data/olive_leaves/train/aculus_olearius/640.jpg,data/olive_leaves/train/aculus_olearius,1,0
data/olive_leaves/train/aculus_olearius/641.jpg,data/olive_leaves/train/aculus_olearius,1,0
data/olive_leaves/train/aculus_olearius/642.jpg,data/olive_leaves/train/aculus_olearius,1,1
data/olive_leaves/train/aculus_olearius/643.jpg,data/olive_leaves/train/aculus_olearius,1,0
data/olive_leaves/train/aculus_olearius/644.jpg,data/olive_leaves/train/aculus_olearius,1,1
data/olive_leaves/train/aculus_olearius/645.jpg,data/olive_leaves/train/aculus_olearius,1,1
data/olive_leaves/train/aculus_olearius/646.jpg,data/olive_leaves/train/aculus_olearius,1,0
data/olive_leaves/train/aculus_olearius/647.jpg,data/olive_leaves/train/aculus_olearius,1,1
data/olive_leaves/train/aculus_olearius/648.jpg,data/olive_leaves/train/aculus_olearius,1,1
data/olive_leaves/train/aculus_olearius/649.jpg,data/olive_leaves/train/aculus_olearius,1,1
data/olive_leaves/train/aculus_olearius/65.jpg,data/olive_leaves/train/aculus_olearius,1,1
data/olive_leaves/train/aculus_olearius/650.jpg,data/olive_leaves/train/aculus_olearius,1,1
data/olive_leaves/train/aculus_olearius/651.jpg,data/olive_leaves/train/aculus_olearius,1,1
data/olive_leaves/train/aculus_olearius/652.jpg,data/olive_leaves/train/aculus_olearius,1,0
data/olive_leaves/train/aculus_olearius/653.jpg,data/olive_leaves/train/aculus_olearius,1,1
data/olive_leaves/train/aculus_olearius/654.jpg,data/olive_leaves/train/aculus_olearius,1,1
data/olive_leaves/train/aculus_olearius/655.jpg,data/olive_leaves/train/aculus_olearius,1,1
data/olive_leaves/train/aculus_olearius/656.jpg,data/olive_leaves/train/aculus_olearius,1,1
data/olive_leaves/train/aculus_olearius/657.jpg,data/olive_leaves/train/aculus_olearius,1,1
data/olive_leaves/train/aculus_olearius/658.jpg,data/olive_leaves/train/aculus_olearius,1,1
data/olive_leaves/train/aculus_olearius/659.jpg,data/olive_leaves/train/aculus_olearius,1,1
data/olive_leaves/train/aculus_olearius/66.jpg,data/olive_leaves/train/aculus_olearius,1,1
data/olive_leaves/train/aculus_olearius/660.jpg,data/olive_leaves/train/aculus_olearius,1,1
data/olive_leaves/train/aculus_olearius/661.jpg,data/olive_leaves/train/aculus_olearius,1,0
data/olive_leaves/train/aculus_olearius/662.jpg,data/olive_leaves/train/aculus_olearius,1,1
data/olive_leaves/train/aculus_olearius/663.jpg,data/olive_leaves/train/aculus_olearius,1,1
data/olive_leaves/train/aculus_olearius/664.jpg,data/olive_leaves/train/aculus_olearius,1,1
data/olive_leaves/train/aculus_olearius/665.jpg,data/olive_leaves/train/aculus_olearius,1,1
data/olive_leaves/train/aculus_olearius/666.jpg,data/olive_leaves/train/aculus_olearius,1,1
data/olive_leaves/train/aculus_olearius/667.jpg,data/olive_leaves/train/aculus_olearius,1,2
data/olive_leaves/train/aculus_olearius/668.jpg,data/olive_leaves/train/aculus_olearius,1,1
data/olive_leaves/train/aculus_olearius/669.jpg,data/olive_leaves/train/aculus_olearius,1,2
data/olive_leaves/train/aculus_olearius/67.jpg,data/olive_leaves/train/aculus_olearius,1,1
data/olive_leaves/train/aculus_olearius/670.jpg,data/olive_leaves/train/aculus_olearius,1,1
data/olive_leaves/train/aculus_olearius/671.jpg,data/olive_leaves/train/aculus_olearius,1,1
data/olive_leaves/train/aculus_olearius/672.jpg,data/olive_leaves/train/aculus_olearius,1,1
data/olive_leaves/train/aculus_olearius/673.jpg,data/olive_leaves/train/aculus_olearius,1,0
data/olive_leaves/train/aculus_olearius/674.jpg,data/olive_leaves/train/aculus_olearius,1,1
data/olive_leaves/train/aculus_olearius/675.jpg,data/olive_leaves/train/aculus_olearius,1,1
data/olive_leaves/train/aculus_olearius/676.jpg,data/olive_leaves/train/aculus_olearius,1,1
data/olive_leaves/train/aculus_olearius/677.jpg,data/olive_leaves/train/aculus_olearius,1,1
data/olive_leaves/train/aculus_olearius/678.jpg,data/olive_leaves/train/aculus_olearius,1,0
data/olive_leaves/train/aculus_olearius/679.jpg,data/olive_leaves/train/aculus_olearius,1,1
data/olive_leaves/train/aculus_olearius/68.jpg,data/olive_leaves/train/aculus_olearius,1,1
data/olive_leaves/train/aculus_olearius/680.jpg,data/olive_leaves/train/aculus_olearius,1,1
data/olive_leaves/train/aculus_olearius/681.jpg,data/olive_leaves/train/aculus_olearius,1,0
data/olive_leaves/train/aculus_olearius/682.jpg,data/olive_leaves/train/aculus_olearius,1,1
data/olive_leaves/train/aculus_olearius/683.jpg,data/olive_leaves/train/aculus_olearius,1,2
data/olive_leaves/train/aculus_olearius/684.jpg,data/olive_leaves/train/aculus_olearius,1,1
data/olive_leaves/train/aculus_olearius/685.jpg,data/olive_leaves/train/aculus_olearius,1,1
data/olive_leaves/train/aculus_olearius/686.jpg,data/olive_leaves/train/aculus_olearius,1,0
data/olive_leaves/train/aculus_olearius/687.jpg,data/olive_leaves/train/aculus_olearius,1,1
data/olive_leaves/train/aculus_olearius/688.jpg,data/olive_leaves/train/aculus_olearius,1,1
data/olive_leaves/train/aculus_olearius/689.jpg,data/olive_leaves/train/aculus_olearius,1,2
data/olive_leaves/train/aculus_olearius/69.jpg,data/olive_leaves/train/aculus_olearius,1,1
data/olive_leaves/train/aculus_olearius/690.jpg,data/olive_leaves/train/aculus_olearius,1,1
data/olive_leaves/train/aculus_olearius/7.jpg,data/olive_leaves/train/aculus_olearius,1,1
data/olive_leaves/train/aculus_olearius/70.jpg,data/olive_leaves/train/aculus_olearius,1,1
data/olive_leaves/train/aculus_olearius/71.jpg,data/olive_leaves/train/aculus_olearius,1,1
data/olive_leaves/train/aculus_olearius/72.jpg,data/olive_leaves/train/aculus_olearius,1,1
data/olive_leaves/train/aculus_olearius/73.jpg,data/olive_leaves/train/aculus_olearius,1,1
data/olive_leaves/train/aculus_olearius/74.jpg,data/olive_leaves/train/aculus_olearius,1,1
data/olive_leaves/train/aculus_olearius/75.jpg,data/olive_leaves/train/aculus_olearius,1,1
data/olive_leaves/train/aculus_olearius/76.jpg,data/olive_leaves/train/aculus_olearius,1,1
data/olive_leaves/train/aculus_olearius/77.jpg,data/olive_leaves/train/aculus_olearius,1,1
data/olive_leaves/train/aculus_olearius/78.jpg,data/olive_leaves/train/aculus_olearius,1,1
data/olive_leaves/train/aculus_olearius/79.jpg,data/olive_leaves/train/aculus_olearius,1,1
data/olive_leaves/train/aculus_olearius/8.jpg,data/olive_leaves/train/aculus_olearius,1,1
data/olive_leaves/train/aculus_olearius/80.jpg,data/olive_leaves/train/aculus_olearius,1,1
data/olive_leaves/train/aculus_olearius/81.jpg,data/olive_leaves/train/aculus_olearius,1,1
data/olive_leaves/train/aculus_olearius/82.jpg,data/olive_leaves/train/aculus_olearius,1,2
data/olive_leaves/train/aculus_olearius/83.jpg,data/olive_leaves/train/aculus_olearius,1,1
data/olive_leaves/train/aculus_olearius/84.jpg,data/olive_leaves/train/aculus_olearius,1,1
data/olive_leaves/train/aculus_olearius/85.jpg,data/olive_leaves/train/aculus_olearius,1,1
data/olive_leaves/train/aculus_olearius/86.jpg,data/olive_leaves/train/aculus_olearius,1,1
data/olive_leaves/train/aculus_olearius/87.jpg,data/olive_leaves/train/aculus_olearius,1,1
data/olive_leaves/train/aculus_olearius/88.jpg,data/olive_leaves/train/aculus_olearius,1,1
data/olive_leaves/train/aculus_olearius/89.jpg,data/olive_leaves/train/aculus_olearius,1,1
data/olive_leaves/train/aculus_olearius/9.jpg,data/olive_leaves/train/aculus_olearius,1,1
data/olive_leaves/train/aculus_olearius/90.jpg,data/olive_leaves/train/aculus_olearius,1,1
data/olive_leaves/train/aculus_olearius/91.jpg,data/olive_leaves/train/aculus_olearius,1,1
data/olive_leaves/train/aculus_olearius/92.jpg,data/olive_leaves/train/aculus_olearius,1,1
data/olive_leaves/train/aculus_olearius/93.jpg,data/olive_leaves/train/aculus_olearius,1,1
data/olive_leaves/train/aculus_olearius/94.jpg,data/olive_leaves/train/aculus_olearius,1,1
data/olive_leaves/train/aculus_olearius/95.jpg,data/olive_leaves/train/aculus_olearius,1,1
data/olive_leaves/train/aculus_olearius/96.jpg,data/olive_leaves/train/aculus_olearius,1,1
data/olive_leaves/train/aculus_olearius/97.jpg,data/olive_leaves/train/aculus_olearius,1,1
data/olive_leaves/train/aculus_olearius/98.jpg,data/olive_leaves/train/aculus_olearius,1,1
data/olive_leaves/train/aculus_olearius/99.jpg,data/olive_leaves/train/aculus_olearius,1,1
data/olive_leaves/train/olive_peacock_spot/A-13.JPG,data/olive_leaves/train/olive_peacock_spot,2,2
data/olive_leaves/train/olive_peacock_spot/A-15.JPG,data/olive_leaves/train/olive_peacock_spot,2,2
data/olive_leaves/train/olive_peacock_spot/A-17.JPG,data/olive_leaves/train/olive_peacock_spot,2,1
data/olive_leaves/train/olive_peacock_spot/A119.jpg,data/olive_leaves/train/olive_peacock_spot,2,1
data/olive_leaves/train/olive_peacock_spot/A13.JPG,data/olive_leaves/train/olive_peacock_spot,2,1
data/olive_leaves/train/olive_peacock_spot/A132.jpg,data/olive_leaves/train/olive_peacock_spot,2,2
data/olive_leaves/train/olive_peacock_spot/A136.jpg,data/olive_leaves/train/olive_peacock_spot,2,1
data/olive_leaves/train/olive_peacock_spot/A139.jpg,data/olive_leaves/train/olive_peacock_spot,2,1
data/olive_leaves/train/olive_peacock_spot/A140.jpg,data/olive_leaves/train/olive_peacock_spot,2,1
data/olive_leaves/train/olive_peacock_spot/A143.jpg,data/olive_leaves/train/olive_peacock_spot,2,1
data/olive_leaves/train/olive_peacock_spot/A146.jpg,data/olive_leaves/train/olive_peacock_spot,2,1
data/olive_leaves/train/olive_peacock_spot/A15.JPG,data/olive_leaves/train/olive_peacock_spot,2,1
data/olive_leaves/train/olive_peacock_spot/A151.jpg,data/olive_leaves/train/olive_peacock_spot,2,1
data/olive_leaves/train/olive_peacock_spot/A153.jpg,data/olive_leaves/train/olive_peacock_spot,2,2
data/olive_leaves/train/olive_peacock_spot/A23.JPG,data/olive_leaves/train/olive_peacock_spot,2,1
data/olive_leaves/train/olive_peacock_spot/A24.JPG,data/olive_leaves/train/olive_peacock_spot,2,1
data/olive_leaves/train/olive_peacock_spot/A258.jpg,data/olive_leaves/train/olive_peacock_spot,2,1
data/olive_leaves/train/olive_peacock_spot/A261.jpg,data/olive_leaves/train/olive_peacock_spot,2,1
data/olive_leaves/train/olive_peacock_spot/A263.jpg,data/olive_leaves/train/olive_peacock_spot,2,2
data/olive_leaves/train/olive_peacock_spot/A264.jpg,data/olive_leaves/train/olive_peacock_spot,2,1
data/olive_leaves/train/olive_peacock_spot/A266.jpg,data/olive_leaves/train/olive_peacock_spot,2,1
data/olive_leaves/train/olive_peacock_spot/A268.jpg,data/olive_leaves/train/olive_peacock_spot,2,1
data/olive_leaves/train/olive_peacock_spot/A269.jpg,data/olive_leaves/train/olive_peacock_spot,2,1
data/olive_leaves/train/olive_peacock_spot/A27.JPG,data/olive_leaves/train/olive_peacock_spot,2,1
data/olive_leaves/train/olive_peacock_spot/A271.jpg,data/olive_leaves/train/olive_peacock_spot,2,1
data/olive_leaves/train/olive_peacock_spot/A283.jpg,data/olive_leaves/train/olive_peacock_spot,2,1
data/olive_leaves/train/olive_peacock_spot/A285.jpg,data/olive_leaves/train/olive_peacock_spot,2,1
data/olive_leaves/train/olive_peacock_spot/A286.jpg,data/olive_leaves/train/olive_peacock_spot,2,1
data/olive_leaves/train/olive_peacock_spot/A288.jpg,data/olive_leaves/train/olive_peacock_spot,2,1
data/olive_leaves/train/olive_peacock_spot/A29.JPG,data/olive_leaves/train/olive_peacock_spot,2,1
data/olive_leaves/train/olive_peacock_spot/A294.jpg,data/olive_leaves/train/olive_peacock_spot,2,1
data/olive_leaves/train/olive_peacock_spot/A296.jpg,data/olive_leaves/train/olive_peacock_spot,2,1
data/olive_leaves/train/olive_peacock_spot/A300.jpg,data/olive_leaves/train/olive_peacock_spot,2,1
data/olive_leaves/train/olive_peacock_spot/A301.jpg,data/olive_leaves/train/olive_peacock_spot,2,1
data/olive_leaves/train/olive_peacock_spot/A302.jpg,data/olive_leaves/train/olive_peacock_spot,2,1
data/olive_leaves/train/olive_peacock_spot/A306.jpg,data/olive_leaves/train/olive_peacock_spot,2,1
data/olive_leaves/train/olive_peacock_spot/A307.jpg,data/olive_leaves/train/olive_peacock_spot,2,2
data/olive_leaves/train/olive_peacock_spot/A318.jpg,data/olive_leaves/train/olive_peacock_spot,2,1
data/olive_leaves/train/olive_peacock_spot/A323.jpg,data/olive_leaves/train/olive_peacock_spot,2,1
data/olive_leaves/train/olive_peacock_spot/A324.jpg,data/olive_leaves/train/olive_peacock_spot,2,1
data/olive_leaves/train/olive_peacock_spot/A344.jpg,data/olive_leaves/train/olive_peacock_spot,2,1
data/olive_leaves/train/olive_peacock_spot/A345.jpg,data/olive_leaves/train/olive_peacock_spot,2,1
data/olive_leaves/train/olive_peacock_spot/A352.jpg,data/olive_leaves/train/olive_peacock_spot,2,1
data/olive_leaves/train/olive_peacock_spot/A356.jpg,data/olive_leaves/train/olive_peacock_spot,2,1
data/olive_leaves/train/olive_peacock_spot/A36.JPG,data/olive_leaves/train/olive_peacock_spot,2,1
data/olive_leaves/train/olive_peacock_spot/A365.jpg,data/olive_leaves/train/olive_peacock_spot,2,1
data/olive_leaves/train/olive_peacock_spot/A368.jpg,data/olive_leaves/train/olive_peacock_spot,2,1
data/olive_leaves/train/olive_peacock_spot/A369.jpg,data/olive_leaves/train/olive_peacock_spot,2,1
data/olive_leaves/train/olive_peacock_spot/A375.JPG,data/olive_leaves/train/olive_peacock_spot,2,1
data/olive_leaves/train/olive_peacock_spot/A379.JPG,data/olive_leaves/train/olive_peacock_spot,2,1
data/olive_leaves/train/olive_peacock_spot/A380.JPG,data/olive_leaves/train/olive_peacock_spot,2,1
data/olive_leaves/train/olive_peacock_spot/A382.JPG,data/olive_leaves/train/olive_peacock_spot,2,1
data/olive_leaves/train/olive_peacock_spot/A386.JPG,data/olive_leaves/train/olive_peacock_spot,2,1
data/olive_leaves/train/olive_peacock_spot/A389.JPG,data/olive_leaves/train/olive_peacock_spot,2,1
data/olive_leaves/train/olive_peacock_spot/A39.JPG,data/olive_leaves/train/olive_peacock_spot,2,1
data/olive_leaves/train/olive_peacock_spot/A391.JPG,data/olive_leaves/train/olive_peacock_spot,2,1
data/olive_leaves/train/olive_peacock_spot/A393.JPG,data/olive_leaves/train/olive_peacock_spot,2,1
data/olive_leaves/train/olive_peacock_spot/A395.JPG,data/olive_leaves/train/olive_peacock_spot,2,1
data/olive_leaves/train/olive_peacock_spot/A396.JPG,data/olive_leaves/train/olive_peacock_spot,2,1
data/olive_leaves/train/olive_peacock_spot/A401.JPG,data/olive_leaves/train/olive_peacock_spot,2,1
data/olive_leaves/train/olive_peacock_spot/A406.JPG,data/olive_leaves/train/olive_peacock_spot,2,1
data/olive_leaves/train/olive_peacock_spot/A407.JPG,data/olive_leaves/train/olive_peacock_spot,2,1
data/olive_leaves/train/olive_peacock_spot/A409.JPG,data/olive_leaves/train/olive_peacock_spot,2,1
data/olive_leaves/train/olive_peacock_spot/A410.JPG,data/olive_leaves/train/olive_peacock_spot,2,1
data/olive_leaves/train/olive_peacock_spot/A418.jpg,data/olive_leaves/train/olive_peacock_spot,2,1
data/olive_leaves/train/olive_peacock_spot/A419.jpg,data/olive_leaves/train/olive_peacock_spot,2,1
data/olive_leaves/train/olive_peacock_spot/A424.jpg,data/olive_leaves/train/olive_peacock_spot,2,1
data/olive_leaves/train/olive_peacock_spot/A429.jpg,data/olive_leaves/train/olive_peacock_spot,2,2
data/olive_leaves/train/olive_peacock_spot/A430.jpg,data/olive_leaves/train/olive_peacock_spot,2,1
data/olive_leaves/train/olive_peacock_spot/A431.jpg,data/olive_leaves/train/olive_peacock_spot,2,1
data/olive_leaves/train/olive_peacock_spot/A432.jpg,data/olive_leaves/train/olive_peacock_spot,2,1
data/olive_leaves/train/olive_peacock_spot/A440.jpg,data/olive_leaves/train/olive_peacock_spot,2,1
data/olive_leaves/train/olive_peacock_spot/A441.jpg,data/olive_leaves/train/olive_peacock_spot,2,1
data/olive_leaves/train/olive_peacock_spot/A443.jpg,data/olive_leaves/train/olive_peacock_spot,2,1
data/olive_leaves/train/olive_peacock_spot/A446.jpg,data/olive_leaves/train/olive_peacock_spot,2,1
data/olive_leaves/train/olive_peacock_spot/A449.jpg,data/olive_leaves/train/olive_peacock_spot,2,1
data/olive_leaves/train/olive_peacock_spot/A45.JPG,data/olive_leaves/train/olive_peacock_spot,2,1
data/olive_leaves/train/olive_peacock_spot/A453.jpg,data/olive_leaves/train/olive_peacock_spot,2,1
data/olive_leaves/train/olive_peacock_spot/A458.jpg,data/olive_leaves/train/olive_peacock_spot,2,1
data/olive_leaves/train/olive_peacock_spot/A459.jpg,data/olive_leaves/train/olive_peacock_spot,2,1
data/olive_leaves/train/olive_peacock_spot/A460.jpg,data/olive_leaves/train/olive_peacock_spot,2,1
data/olive_leaves/train/olive_peacock_spot/A463.jpg,data/olive_leaves/train/olive_peacock_spot,2,1
data/olive_leaves/train/olive_peacock_spot/A464.jpg,data/olive_leaves/train/olive_peacock_spot,2,1
data/olive_leaves/train/olive_peacock_spot/A466.jpg,data/olive_leaves/train/olive_peacock_spot,2,1
data/olive_leaves/train/olive_peacock_spot/A467.jpg,data/olive_leaves/train/olive_peacock_spot,2,2
data/olive_leaves/train/olive_peacock_spot/A474.jpg,data/olive_leaves/train/olive_peacock_spot,2,1
data/olive_leaves/train/olive_peacock_spot/A476.jpg,data/olive_leaves/train/olive_peacock_spot,2,2
data/olive_leaves/train/olive_peacock_spot/A477.jpg,data/olive_leaves/train/olive_peacock_spot,2,1
data/olive_leaves/train/olive_peacock_spot/A48.JPG,data/olive_leaves/train/olive_peacock_spot,2,1
data/olive_leaves/train/olive_peacock_spot/A481.jpg,data/olive_leaves/train/olive_peacock_spot,2,1
data/olive_leaves/train/olive_peacock_spot/A488.jpg,data/olive_leaves/train/olive_peacock_spot,2,1
data/olive_leaves/train/olive_peacock_spot/A492.jpg,data/olive_leaves/train/olive_peacock_spot,2,1
data/olive_leaves/train/olive_peacock_spot/A493.jpg,data/olive_leaves/train/olive_peacock_spot,2,1
data/olive_leaves/train/olive_peacock_spot/A496.jpg,data/olive_leaves/train/olive_peacock_spot,2,1
data/olive_leaves/train/olive_peacock_spot/A497.jpg,data/olive_leaves/train/olive_peacock_spot,2,1
data/olive_leaves/train/olive_peacock_spot/A502.jpg,data/olive_leaves/train/olive_peacock_spot,2,2
data/olive_leaves/train/olive_peacock_spot/A504.jpg,data/olive_leaves/train/olive_peacock_spot,2,1
data/olive_leaves/train/olive_peacock_spot/A506.jpg,data/olive_leaves/train/olive_peacock_spot,2,1
data/olive_leaves/train/olive_peacock_spot/A508.jpg,data/olive_leaves/train/olive_peacock_spot,2,1
data/olive_leaves/train/olive_peacock_spot/A51.JPG,data/olive_leaves/train/olive_peacock_spot,2,1
data/olive_leaves/train/olive_peacock_spot/A510.jpg,data/olive_leaves/train/olive_peacock_spot,2,1
data/olive_leaves/train/olive_peacock_spot/A515.jpg,data/olive_leaves/train/olive_peacock_spot,2,1
data/olive_leaves/train/olive_peacock_spot/A516.jpg,data/olive_leaves/train/olive_peacock_spot,2,1
data/olive_leaves/train/olive_peacock_spot/A517.jpg,data/olive_leaves/train/olive_peacock_spot,2,2
data/olive_leaves/train/olive_peacock_spot/A518.jpg,data/olive_leaves/train/olive_peacock_spot,2,1
data/olive_leaves/train/olive_peacock_spot/A523.jpg,data/olive_leaves/train/olive_peacock_spot,2,1
data/olive_leaves/train/olive_peacock_spot/A526.jpg,data/olive_leaves/train/olive_peacock_spot,2,1
data/olive_leaves/train/olive_peacock_spot/A528.jpg,data/olive_leaves/train/olive_peacock_spot,2,1
data/olive_leaves/train/olive_peacock_spot/A532.jpg,data/olive_leaves/train/olive_peacock_spot,2,1
data/olive_leaves/train/olive_peacock_spot/A536.jpg,data/olive_leaves/train/olive_peacock_spot,2,2
data/olive_leaves/train/olive_peacock_spot/A537.jpg,data/olive_leaves/train/olive_peacock_spot,2,1
data/olive_leaves/train/olive_peacock_spot/A538.jpg,data/olive_leaves/train/olive_peacock_spot,2,1
data/olive_leaves/train/olive_peacock_spot/A539.jpg,data/olive_leaves/train/olive_peacock_spot,2,1
data/olive_leaves/train/olive_peacock_spot/A540.jpg,data/olive_leaves/train/olive_peacock_spot,2,1
data/olive_leaves/train/olive_peacock_spot/A541.jpg,data/olive_leaves/train/olive_peacock_spot,2,1
data/olive_leaves/train/olive_peacock_spot/A542.jpg,data/olive_leaves/train/olive_peacock_spot,2,1
data/olive_leaves/train/olive_peacock_spot/A544.jpg,data/olive_leaves/train/olive_peacock_spot,2,1
data/olive_leaves/train/olive_peacock_spot/A546.jpg,data/olive_leaves/train/olive_peacock_spot,2,1
data/olive_leaves/train/olive_peacock_spot/A551.jpg,data/olive_leaves/train/olive_peacock_spot,2,1
data/olive_leaves/train/olive_peacock_spot/A555.jpg,data/olive_leaves/train/olive_peacock_spot,2,2
data/olive_leaves/train/olive_peacock_spot/A557.jpg,data/olive_leaves/train/olive_peacock_spot,2,1
data/olive_leaves/train/olive_peacock_spot/A560.jpg,data/olive_leaves/train/olive_peacock_spot,2,1
data/olive_leaves/train/olive_peacock_spot/A561.jpg,data/olive_leaves/train/olive_peacock_spot,2,1
data/olive_leaves/train/olive_peacock_spot/A562.jpg,data/olive_leaves/train/olive_peacock_spot,2,1
data/olive_leaves/train/olive_peacock_spot/A563.jpg,data/olive_leaves/train/olive_peacock_spot,2,1
data/olive_leaves/train/olive_peacock_spot/A564.jpg,data/olive_leaves/train/olive_peacock_spot,2,1
data/olive_leaves/train/olive_peacock_spot/A565.jpg,data/olive_leaves/train/olive_peacock_spot,2,1
data/olive_leaves/train/olive_peacock_spot/A567.jpg,data/olive_leaves/train/olive_peacock_spot,2,1
data/olive_leaves/train/olive_peacock_spot/A568.jpg,data/olive_leaves/train/olive_peacock_spot,2,1
data/olive_leaves/train/olive_peacock_spot/A571.jpg,data/olive_leaves/train/olive_peacock_spot,2,1
data/olive_leaves/train/olive_peacock_spot/A572.jpg,data/olive_leaves/train/olive_peacock_spot,2,1
data/olive_leaves/train/olive_peacock_spot/A573.jpg,data/olive_leaves/train/olive_peacock_spot,2,1
data/olive_leaves/train/olive_peacock_spot/A580.jpg,data/olive_leaves/train/olive_peacock_spot,2,1
data/olive_leaves/train/olive_peacock_spot/A582.jpg,data/olive_leaves/train/olive_peacock_spot,2,1
data/olive_leaves/train/olive_peacock_spot/A589.jpg,data/olive_leaves/train/olive_peacock_spot,2,1
data/olive_leaves/train/olive_peacock_spot/A596.jpg,data/olive_leaves/train/olive_peacock_spot,2,1
data/olive_leaves/train/olive_peacock_spot/A597.jpg,data/olive_leaves/train/olive_peacock_spot,2,1
data/olive_leaves/train/olive_peacock_spot/A598.jpg,data/olive_leaves/train/olive_peacock_spot,2,1
data/olive_leaves/train/olive_peacock_spot/A599.jpg,data/olive_leaves/train/olive_peacock_spot,2,1
data/olive_leaves/train/olive_peacock_spot/A6.JPG,data/olive_leaves/train/olive_peacock_spot,2,1
data/olive_leaves/train/olive_peacock_spot/A608.jpg,data/olive_leaves/train/olive_peacock_spot,2,1
data/olive_leaves/train/olive_peacock_spot/A609.jpg,data/olive_leaves/train/olive_peacock_spot,2,1
data/olive_leaves/train/olive_peacock_spot/A612.jpg,data/olive_leaves/train/olive_peacock_spot,2,2
data/olive_leaves/train/olive_peacock_spot/A615.jpg,data/olive_leaves/train/olive_peacock_spot,2,1
data/olive_leaves/train/olive_peacock_spot/A616.jpg,data/olive_leaves/train/olive_peacock_spot,2,1
data/olive_leaves/train/olive_peacock_spot/A628.JPG,data/olive_leaves/train/olive_peacock_spot,2,1
data/olive_leaves/train/olive_peacock_spot/A630.JPG,data/olive_leaves/train/olive_peacock_spot,2,1
data/olive_leaves/train/olive_peacock_spot/A633.JPG,data/olive_leaves/train/olive_peacock_spot,2,1
data/olive_leaves/train/olive_peacock_spot/A634.JPG,data/olive_leaves/train/olive_peacock_spot,2,1
data/olive_leaves/train/olive_peacock_spot/A635.JPG,data/olive_leaves/train/olive_peacock_spot,2,1
data/olive_leaves/train/olive_peacock_spot/A637.JPG,data/olive_leaves/train/olive_peacock_spot,2,1
data/olive_leaves/train/olive_peacock_spot/A645.JPG,data/olive_leaves/train/olive_peacock_spot,2,1
data/olive_leaves/train/olive_peacock_spot/A647.JPG,data/olive_leaves/train/olive_peacock_spot,2,1
data/olive_leaves/train/olive_peacock_spot/A663.JPG,data/olive_leaves/train/olive_peacock_spot,2,1
data/olive_leaves/train/olive_peacock_spot/A664.JPG,data/olive_leaves/train/olive_peacock_spot,2,1
data/olive_leaves/train/olive_peacock_spot/A665.JPG,data/olive_leaves/train/olive_peacock_spot,2,1
data/olive_leaves/train/olive_peacock_spot/A666.JPG,data/olive_leaves/train/olive_peacock_spot,2,1
data/olive_leaves/train/olive_peacock_spot/A669.JPG,data/olive_leaves/train/olive_peacock_spot,2,1
data/olive_leaves/train/olive_peacock_spot/A670.JPG,data/olive_leaves/train/olive_peacock_spot,2,1
data/olive_leaves/train/olive_peacock_spot/A671.JPG,data/olive_leaves/train/olive_peacock_spot,2,1
data/olive_leaves/train/olive_peacock_spot/A672.JPG,data/olive_leaves/train/olive_peacock_spot,2,1
data/olive_leaves/train/olive_peacock_spot/A673 - Kopya.JPG,data/olive_leaves/train/olive_peacock_spot,2,1
data/olive_leaves/train/olive_peacock_spot/A673.JPG,data/olive_leaves/train/olive_peacock_spot,2,1
data/olive_leaves/train/olive_peacock_spot/A674 - Kopya.JPG,data/olive_leaves/train/olive_peacock_spot,2,1
data/olive_leaves/train/olive_peacock_spot/A674.JPG,data/olive_leaves/train/olive_peacock_spot,2,1
data/olive_leaves/train/olive_peacock_spot/A678.JPG,data/olive_leaves/train/olive_peacock_spot,2,1
data/olive_leaves/train/olive_peacock_spot/A679.JPG,data/olive_leaves/train/olive_peacock_spot,2,1
data/olive_leaves/train/olive_peacock_spot/A682.JPG,data/olive_leaves/train/olive_peacock_spot,2,1
data/olive_leaves/train/olive_peacock_spot/A683.JPG,data/olive_leaves/train/olive_peacock_spot,2,1
data/olive_leaves/train/olive_peacock_spot/A684.JPG,data/olive_leaves/train/olive_peacock_spot,2,1
data/olive_leaves/train/olive_peacock_spot/A685.JPG,data/olive_leaves/train/olive_peacock_spot,2,1
data/olive_leaves/train/olive_peacock_spot/A688.JPG,data/olive_leaves/train/olive_peacock_spot,2,1
data/olive_leaves/train/olive_peacock_spot/A689.JPG,data/olive_leaves/train/olive_peacock_spot,2,1
data/olive_leaves/train/olive_peacock_spot/A706.JPG,data/olive_leaves/train/olive_peacock_spot,2,1
data/olive_leaves/train/olive_peacock_spot/A707.JPG,data/olive_leaves/train/olive_peacock_spot,2,1
data/olive_leaves/train/olive_peacock_spot/A710.JPG,data/olive_leaves/train/olive_peacock_spot,2,1
data/olive_leaves/train/olive_peacock_spot/A711.JPG,data/olive_leaves/train/olive_peacock_spot,2,1
data/olive_leaves/train/olive_peacock_spot/A712.JPG,data/olive_leaves/train/olive_peacock_spot,2,1
data/olive_leaves/train/olive_peacock_spot/A718.JPG,data/olive_leaves/train/olive_peacock_spot,2,1
data/olive_leaves/train/olive_peacock_spot/A724.JPG,data/olive_leaves/train/olive_peacock_spot,2,1
data/olive_leaves/train/olive_peacock_spot/A727.JPG,data/olive_leaves/train/olive_peacock_spot,2,1
data/olive_leaves/train/olive_peacock_spot/A731.JPG,data/olive_leaves/train/olive_peacock_spot,2,1
data/olive_leaves/train/olive_peacock_spot/A732.JPG,data/olive_leaves/train/olive_peacock_spot,2,1
data/olive_leaves/train/olive_peacock_spot/A733.JPG,data/olive_leaves/train/olive_peacock_spot,2,1
data/olive_leaves/train/olive_peacock_spot/A738.JPG,data/olive_leaves/train/olive_peacock_spot,2,1
data/olive_leaves/train/olive_peacock_spot/A744.JPG,data/olive_leaves/train/olive_peacock_spot,2,1
data/olive_leaves/train/olive_peacock_spot/A745.JPG,data/olive_leaves/train/olive_peacock_spot,2,1
data/olive_leaves/train/olive_peacock_spot/A748.JPG,data/olive_leaves/train/olive_peacock_spot,2,1
data/olive_leaves/train/olive_peacock_spot/A749.JPG,data/olive_leaves/train/olive_peacock_spot,2,1
data/olive_leaves/train/olive_peacock_spot/A750.JPG,data/olive_leaves/train/olive_peacock_spot,2,1
data/olive_leaves/train/olive_peacock_spot/A754.JPG,data/olive_leaves/train/olive_peacock_spot,2,1
data/olive_leaves/train/olive_peacock_spot/A756.JPG,data/olive_leaves/train/olive_peacock_spot,2,1
data/olive_leaves/train/olive_peacock_spot/A757.JPG,data/olive_leaves/train/olive_peacock_spot,2,1
data/olive_leaves/train/olive_peacock_spot/A759.JPG,data/olive_leaves/train/olive_peacock_spot,2,1
data/olive_leaves/train/olive_peacock_spot/A760.JPG,data/olive_leaves/train/olive_peacock_spot,2,1
data/olive_leaves/train/olive_peacock_spot/A761.JPG,data/olive_leaves/train/olive_peacock_spot,2,1
data/olive_leaves/train/olive_peacock_spot/A763.JPG,data/olive_leaves/train/olive_peacock_spot,2,1
data/olive_leaves/train/olive_peacock_spot/A767.JPG,data/olive_leaves/train/olive_peacock_spot,2,1
data/olive_leaves/train/olive_peacock_spot/A769.JPG,data/olive_leaves/train/olive_peacock_spot,2,1
data/olive_leaves/train/olive_peacock_spot/A772.JPG,data/olive_leaves/train/olive_peacock_spot,2,1
data/olive_leaves/train/olive_peacock_spot/A778.JPG,data/olive_leaves/train/olive_peacock_spot,2,1
data/olive_leaves/train/olive_peacock_spot/A779.JPG,data/olive_leaves/train/olive_peacock_spot,2,1
data/olive_leaves/train/olive_peacock_spot/A780.JPG,data/olive_leaves/train/olive_peacock_spot,2,1
data/olive_leaves/train/olive_peacock_spot/A786.JPG,data/olive_leaves/train/olive_peacock_spot,2,1
data/olive_leaves/train/olive_peacock_spot/A790.JPG,data/olive_leaves/train/olive_peacock_spot,2,1
data/olive_leaves/train/olive_peacock_spot/A795.JPG,data/olive_leaves/train/olive_peacock_spot,2,1
data/olive_leaves/train/olive_peacock_spot/A799.JPG,data/olive_leaves/train/olive_peacock_spot,2,1
data/olive_leaves/train/olive_peacock_spot/A802.JPG,data/olive_leaves/train/olive_peacock_spot,2,3
data/olive_leaves/train/olive_peacock_spot/A806.JPG,data/olive_leaves/train/olive_peacock_spot,2,1
data/olive_leaves/train/olive_peacock_spot/A809.JPG,data/olive_leaves/train/olive_peacock_spot,2,1
data/olive_leaves/train/olive_peacock_spot/A813.JPG,data/olive_leaves/train/olive_peacock_spot,2,1
data/olive_leaves/train/olive_peacock_spot/A814.JPG,data/olive_leaves/train/olive_peacock_spot,2,1
data/olive_leaves/train/olive_peacock_spot/A815.JPG,data/olive_leaves/train/olive_peacock_spot,2,2
data/olive_leaves/train/olive_peacock_spot/A821.JPG,data/olive_leaves/train/olive_peacock_spot,2,1
data/olive_leaves/train/olive_peacock_spot/A826 (2).jpg,data/olive_leaves/train/olive_peacock_spot,2,1
data/olive_leaves/train/olive_peacock_spot/B-457.jpg,data/olive_leaves/train/olive_peacock_spot,2,1
data/olive_leaves/train/olive_peacock_spot/DSC_0036.JPG,data/olive_leaves/train/olive_peacock_spot,2,1
data/olive_leaves/train/olive_peacock_spot/DSC_0050.JPG,data/olive_leaves/train/olive_peacock_spot,2,1
data/olive_leaves/train/olive_peacock_spot/DSC_1470.JPG,data/olive_leaves/train/olive_peacock_spot,2,1
data/olive_leaves/train/olive_peacock_spot/DSC_1471.JPG,data/olive_leaves/train/olive_peacock_spot,2,1
data/olive_leaves/train/olive_peacock_spot/DSC_1474.JPG,data/olive_leaves/train/olive_peacock_spot,2,1
data/olive_leaves/train/olive_peacock_spot/DSC_1555.JPG,data/olive_leaves/train/olive_peacock_spot,2,1
data/olive_leaves/train/olive_peacock_spot/DSC_1567.JPG,data/olive_leaves/train/olive_peacock_spot,2,1
data/olive_leaves/train/olive_peacock_spot/DSC_1575.JPG,data/olive_leaves/train/olive_peacock_spot,2,1
data/olive_leaves/train/olive_peacock_spot/DSC_1594.JPG,data/olive_leaves/train/olive_peacock_spot,2,1
data/olive_leaves/train/olive_peacock_spot/DSC_1595.JPG,data/olive_leaves/train/olive_peacock_spot,2,1
data/olive_leaves/train/olive_peacock_spot/DSC_1641.JPG,data/olive_leaves/train/olive_peacock_spot,2,2
data/olive_leaves/train/olive_peacock_spot/DSC_1645.JPG,data/olive_leaves/train/olive_peacock_spot,2,1
data/olive_leaves/train/olive_peacock_spot/DSC_1652.JPG,data/olive_leaves/train/olive_peacock_spot,2,1
data/olive_leaves/train/olive_peacock_spot/DSC_1670.JPG,data/olive_leaves/train/olive_peacock_spot,2,0
data/olive_leaves/train/olive_peacock_spot/DSC_1671.JPG,data/olive_leaves/train/olive_peacock_spot,2,1
data/olive_leaves/train/olive_peacock_spot/IMG_20190211_191213.jpg,data/olive_leaves/train/olive_peacock_spot,2,1
data/olive_leaves/train/olive_peacock_spot/IMG_20190211_191240.jpg,data/olive_leaves/train/olive_peacock_spot,2,1
data/olive_leaves/train/olive_peacock_spot/IMG_20190211_191749.jpg,data/olive_leaves/train/olive_peacock_spot,2,0
data/olive_leaves/train/olive_peacock_spot/IMG_20190211_192025.jpg,data/olive_leaves/train/olive_peacock_spot,2,1
data/olive_leaves/train/olive_peacock_spot/IMG_20190211_192034.jpg,data/olive_leaves/train/olive_peacock_spot,2,1
data/olive_leaves/train/olive_peacock_spot/IMG_20190211_192059.jpg,data/olive_leaves/train/olive_peacock_spot,2,1
data/olive_leaves/train/olive_peacock_spot/IMG_20190211_192203.jpg,data/olive_leaves/train/olive_peacock_spot,2,1
data/olive_leaves/train/olive_peacock_spot/IMG_20190211_192346.jpg,data/olive_leaves/train/olive_peacock_spot,2,1
data/olive_leaves/train/olive_peacock_spot/IMG_20190211_192421.jpg,data/olive_leaves/train/olive_peacock_spot,2,1
data/olive_leaves/train/olive_peacock_spot/IMG_20190211_192430.jpg,data/olive_leaves/train/olive_peacock_spot,2,1
data/olive_leaves/train/olive_peacock_spot/IMG_20190724_131604.jpg,data/olive_leaves/train/olive_peacock_spot,2,0
data/olive_leaves/train/olive_peacock_spot/IMG_20190724_131607.jpg,data/olive_leaves/train/olive_peacock_spot,2,1
data/olive_leaves/train/olive_peacock_spot/IMG_20190724_131729.jpg,data/olive_leaves/train/olive_peacock_spot,2,1
data/olive_leaves/train/olive_peacock_spot/IMG_20190724_131734.jpg,data/olive_leaves/train/olive_peacock_spot,2,1
data/olive_leaves/train/olive_peacock_spot/IMG_20190724_132113.jpg,data/olive_leaves/train/olive_peacock_spot,2,1
data/olive_leaves/train/olive_peacock_spot/IMG_20190724_132118.jpg,data/olive_leaves/train/olive_peacock_spot,2,1
data/olive_leaves/train/olive_peacock_spot/IMG_20190724_132132.jpg,data/olive_leaves/train/olive_peacock_spot,2,1
data/olive_leaves/train/olive_peacock_spot/IMG_20190724_132138.jpg,data/olive_leaves/train/olive_peacock_spot,2,1
data/olive_leaves/train/olive_peacock_spot/IMG_20190724_132552.jpg,data/olive_leaves/train/olive_peacock_spot,2,1
data/olive_leaves/train/olive_peacock_spot/IMG_20190724_132556.jpg,data/olive_leaves/train/olive_peacock_spot,2,1
data/olive_leaves/train/olive_peacock_spot/IMG_20190724_132610.jpg,data/olive_leaves/train/olive_peacock_spot,2,1
data/olive_leaves/train/olive_peacock_spot/IMG_20190724_132912.jpg,data/olive_leaves/train/olive_peacock_spot,2,1
data/olive_leaves/train/olive_peacock_spot/IMG_20190724_132919.jpg,data/olive_leaves/train/olive_peacock_spot,2,1
data/olive_leaves/train/olive_peacock_spot/IMG_20190724_133129.jpg,data/olive_leaves/train/olive_peacock_spot,2,1
data/olive_leaves/train/olive_peacock_spot/IMG_20190724_133137.jpg,data/olive_leaves/train/olive_peacock_spot,2,1
data/olive_leaves/train/olive_peacock_spot/IMG_20190724_133346.jpg,data/olive_leaves/train/olive_peacock_spot,2,2
data/olive_leaves/train/olive_peacock_spot/IMG_20190724_133353.jpg,data/olive_leaves/train/olive_peacock_spot,2,0
data/olive_leaves/train/olive_peacock_spot/IMG_20190724_133643.jpg,data/olive_leaves/train/olive_peacock_spot,2,1
data/olive_leaves/train/olive_peacock_spot/IMG_20190724_133648.jpg,data/olive_leaves/train/olive_peacock_spot,2,1
data/olive_leaves/train/olive_peacock_spot/IMG_20190724_133731.jpg,data/olive_leaves/train/olive_peacock_spot,2,1
data/olive_leaves/train/olive_peacock_spot/IMG_20190724_133736.jpg,data/olive_leaves/train/olive_peacock_spot,2,1
data/olive_leaves/train/olive_peacock_spot/IMG_20190724_133746.jpg,data/olive_leaves/train/olive_peacock_spot,2,1
data/olive_leaves/train/olive_peacock_spot/IMG_20190724_133749.jpg,data/olive_leaves/train/olive_peacock_spot,2,1
data/olive_leaves/train/olive_peacock_spot/IMG_20190724_133924.jpg,data/olive_leaves/train/olive_peacock_spot,2,1
data/olive_leaves/train/olive_peacock_spot/IMG_20190724_133929.jpg,data/olive_leaves/train/olive_peacock_spot,2,1
data/olive_leaves/train/olive_peacock_spot/IMG_20190724_133937.jpg,data/olive_leaves/train/olive_peacock_spot,2,1
data/olive_leaves/train/olive_peacock_spot/IMG_20190724_133941.jpg,data/olive_leaves/train/olive_peacock_spot,2,1
data/olive_leaves/train/olive_peacock_spot/IMG_20190724_134012.jpg,data/olive_leaves/train/olive_peacock_spot,2,1
data/olive_leaves/train/olive_peacock_spot/IMG_20190724_134017.jpg,data/olive_leaves/train/olive_peacock_spot,2,1
data/olive_leaves/train/olive_peacock_spot/IMG_20190724_134036.jpg,data/olive_leaves/train/olive_peacock_spot,2,1
data/olive_leaves/train/olive_peacock_spot/IMG_20190724_134041.jpg,data/olive_leaves/train/olive_peacock_spot,2,1
data/olive_leaves/train/olive_peacock_spot/IMG_20190724_134134.jpg,data/olive_leaves/train/olive_peacock_spot,2,1
data/olive_leaves/train/olive_peacock_spot/IMG_20190724_134139.jpg,data/olive_leaves/train/olive_peacock_spot,2,1
data/olive_leaves/train/olive_peacock_spot/IMG_20190724_134144.jpg,data/olive_leaves/train/olive_peacock_spot,2,1
data/olive_leaves/train/olive_peacock_spot/IMG_20190724_134158.jpg,data/olive_leaves/train/olive_peacock_spot,2,1
data/olive_leaves/train/olive_peacock_spot/IMG_20190724_134204.jpg,data/olive_leaves/train/olive_peacock_spot,2,1
data/olive_leaves/train/olive_peacock_spot/IMG_20190724_134606.jpg,data/olive_leaves/train/olive_peacock_spot,2,1
data/olive_leaves/train/olive_peacock_spot/IMG_20190724_134611.jpg,data/olive_leaves/train/olive_peacock_spot,2,1
data/olive_leaves/train/olive_peacock_spot/IMG_20190724_134747.jpg,data/olive_leaves/train/olive_peacock_spot,2,1
data/olive_leaves/train/olive_peacock_spot/IMG_20190724_134753.jpg,data/olive_leaves/train/olive_peacock_spot,2,1
data/olive_leaves/train/olive_peacock_spot/IMG_20190724_134806.jpg,data/olive_leaves/train/olive_peacock_spot,2,1
data/olive_leaves/train/olive_peacock_spot/IMG_20190724_134811.jpg,data/olive_leaves/train/olive_peacock_spot,2,0
data/olive_leaves/train/olive_peacock_spot/IMG_20190724_134823.jpg,data/olive_leaves/train/olive_peacock_spot,2,1
data/olive_leaves/train/olive_peacock_spot/IMG_20190724_134828.jpg,data/olive_leaves/train/olive_peacock_spot,2,1
data/olive_leaves/train/olive_peacock_spot/IMG_20190724_134856.jpg,data/olive_leaves/train/olive_peacock_spot,2,1
data/olive_leaves/train/olive_peacock_spot/IMG_20190724_134912.jpg,data/olive_leaves/train/olive_peacock_spot,2,1
data/olive_leaves/train/olive_peacock_spot/IMG_20190724_135019.jpg,data/olive_leaves/train/olive_peacock_spot,2,1
data/olive_leaves/train/olive_peacock_spot/IMG_20190724_135032.jpg,data/olive_leaves/train/olive_peacock_spot,2,1
data/olive_leaves/train/olive_peacock_spot/IMG_20190724_135121.jpg,data/olive_leaves/train/olive_peacock_spot,2,1
data/olive_leaves/train/olive_peacock_spot/IMG_20190724_135126.jpg,data/olive_leaves/train/olive_peacock_spot,2,1
data/olive_leaves/train/olive_peacock_spot/IMG_20190724_135217.jpg,data/olive_leaves/train/olive_peacock_spot,2,1
data/olive_leaves/train/olive_peacock_spot/IMG_20190724_135228.jpg,data/olive_leaves/train/olive_peacock_spot,2,0
data/olive_leaves/train/olive_peacock_spot/IMG_20190724_135245.jpg,data/olive_leaves/train/olive_peacock_spot,2,1
data/olive_leaves/train/olive_peacock_spot/IMG_20190724_135253.jpg,data/olive_leaves/train/olive_peacock_spot,2,2
data/olive_leaves/train/olive_peacock_spot/IMG_20190724_135407.jpg,data/olive_leaves/train/olive_peacock_spot,2,1
data/olive_leaves/train/olive_peacock_spot/IMG_20190724_135412.jpg,data/olive_leaves/train/olive_peacock_spot,2,1
data/olive_leaves/train/olive_peacock_spot/IMG_20190729_170141.jpg,data/olive_leaves/train/olive_peacock_spot,2,2
data/olive_leaves/train/olive_peacock_spot/IMG_20190729_170147.jpg,data/olive_leaves/train/olive_peacock_spot,2,1
data/olive_leaves/train/olive_peacock_spot/IMG_20190729_170205.jpg,data/olive_leaves/train/olive_peacock_spot,2,1
data/olive_leaves/train/olive_peacock_spot/IMG_20190729_170209.jpg,data/olive_leaves/train/olive_peacock_spot,2,1
data/olive_leaves/train/olive_peacock_spot/IMG_20190729_170258.jpg,data/olive_leaves/train/olive_peacock_spot,2,1
data/olive_leaves/train/olive_peacock_spot/IMG_20190729_170303.jpg,data/olive_leaves/train/olive_peacock_spot,2,1
data/olive_leaves/train/olive_peacock_spot/IMG_20190729_170342.jpg,data/olive_leaves/train/olive_peacock_spot,2,1
data/olive_leaves/train/olive_peacock_spot/IMG_20190729_170346.jpg,data/olive_leaves/train/olive_peacock_spot,2,1
data/olive_leaves/train/olive_peacock_spot/IMG_20190729_170445.jpg,data/olive_leaves/train/olive_peacock_spot,2,1
data/olive_leaves/train/olive_peacock_spot/IMG_20190729_170454.jpg,data/olive_leaves/train/olive_peacock_spot,2,1
data/olive_leaves/train/olive_peacock_spot/IMG_20190729_170537.jpg,data/olive_leaves/train/olive_peacock_spot,2,1
data/olive_leaves/train/olive_peacock_spot/IMG_20190729_170547.jpg,data/olive_leaves/train/olive_peacock_spot,2,2
data/olive_leaves/train/olive_peacock_spot/IMG_20190729_170608.jpg,data/olive_leaves/train/olive_peacock_spot,2,1
data/olive_leaves/train/olive_peacock_spot/IMG_20190729_170611.jpg,data/olive_leaves/train/olive_peacock_spot,2,1
data/olive_leaves/train/olive_peacock_spot/IMG_20190729_170734.jpg,data/olive_leaves/train/olive_peacock_spot,2,1
data/olive_leaves/train/olive_peacock_spot/IMG_20190729_170740.jpg,data/olive_leaves/train/olive_peacock_spot,2,1
data/olive_leaves/train/olive_peacock_spot/IMG_20190729_171043.jpg,data/olive_leaves/train/olive_peacock_spot,2,1
data/olive_leaves/train/olive_peacock_spot/IMG_20190729_171046.jpg,data/olive_leaves/train/olive_peacock_spot,2,1
data/olive_leaves/train/olive_peacock_spot/IMG_20190729_171143.jpg,data/olive_leaves/train/olive_peacock_spot,2,1
data/olive_leaves/train/olive_peacock_spot/IMG_20190729_171147.jpg,data/olive_leaves/train/olive_peacock_spot,2,1
data/olive_leaves/train/olive_peacock_spot/IMG_20190729_171204.jpg,data/olive_leaves/train/olive_peacock_spot,2,1
data/olive_leaves/train/olive_peacock_spot/IMG_20190729_171208.jpg,data/olive_leaves/train/olive_peacock_spot,2,1
data/olive_leaves/train/olive_peacock_spot/IMG_20190729_171237.jpg,data/olive_leaves/train/olive_peacock_spot,2,1
data/olive_leaves/train/olive_peacock_spot/IMG_20190729_171242.jpg,data/olive_leaves/train/olive_peacock_spot,2,1
data/olive_leaves/train/olive_peacock_spot/IMG_20190729_171257.jpg,data/olive_leaves/train/olive_peacock_spot,2,1
data/olive_leaves/train/olive_peacock_spot/IMG_20190729_171302.jpg,data/olive_leaves/train/olive_peacock_spot,2,1
data/olive_leaves/train/olive_peacock_spot/IMG_20190729_171347.jpg,data/olive_leaves/train/olive_peacock_spot,2,1
data/olive_leaves/train/olive_peacock_spot/IMG_20190729_171355.jpg,data/olive_leaves/train/olive_peacock_spot,2,1
data/olive_leaves/train/olive_peacock_spot/IMG_20190729_171725.jpg,data/olive_leaves/train/olive_peacock_spot,2,1
data/olive_leaves/train/olive_peacock_spot/IMG_20190729_171733.jpg,data/olive_leaves/train/olive_peacock_spot,2,1
data/olive_leaves/train/olive_peacock_spot/IMG_20190729_171820.jpg,data/olive_leaves/train/olive_peacock_spot,2,1
data/olive_leaves/train/olive_peacock_spot/IMG_20190729_171824.jpg,data/olive_leaves/train/olive_peacock_spot,2,1
data/olive_leaves/train/olive_peacock_spot/IMG_20190729_172015.jpg,data/olive_leaves/train/olive_peacock_spot,2,1
data/olive_leaves/train/olive_peacock_spot/IMG_20190729_172116.jpg,data/olive_leaves/train/olive_peacock_spot,2,1
data/olive_leaves/train/olive_peacock_spot/IMG_20190729_172119.jpg,data/olive_leaves/train/olive_peacock_spot,2,1
data/olive_leaves/train/olive_peacock_spot/IMG_20190729_172217.jpg,data/olive_leaves/train/olive_peacock_spot,2,1
data/olive_leaves/train/olive_peacock_spot/IMG_20190729_172220.jpg,data/olive_leaves/train/olive_peacock_spot,2,1
data/olive_leaves/train/olive_peacock_spot/IMG_20190729_172246.jpg,data/olive_leaves/train/olive_peacock_spot,2,1
data/olive_leaves/train/olive_peacock_spot/IMG_20190729_172249.jpg,data/olive_leaves/train/olive_peacock_spot,2,1
data/olive_leaves/train/olive_peacock_spot/IMG_20190729_172342.jpg,data/olive_leaves/train/olive_peacock_spot,2,1
data/olive_leaves/train/olive_peacock_spot/IMG_20190729_172351.jpg,data/olive_leaves/train/olive_peacock_spot,2,1
data/olive_leaves/train/olive_peacock_spot/IMG_20190729_172518.jpg,data/olive_leaves/train/olive_peacock_spot,2,1
data/olive_leaves/train/olive_peacock_spot/IMG_20190729_172524.jpg,data/olive_leaves/train/olive_peacock_spot,2,1
data/olive_leaves/train/olive_peacock_spot/IMG_20190729_173045.jpg,data/olive_leaves/train/olive_peacock_spot,2,1
data/olive_leaves/train/olive_peacock_spot/IMG_20190729_173102.jpg,data/olive_leaves/train/olive_peacock_spot,2,1
data/olive_leaves/train/olive_peacock_spot/IMG_20190729_173114.jpg,data/olive_leaves/train/olive_peacock_spot,2,1
data/olive_leaves/train/olive_peacock_spot/IMG_20190729_173118.jpg,data/olive_leaves/train/olive_peacock_spot,2,1
data/olive_leaves/train/olive_peacock_spot/IMG_20190729_173159.jpg,data/olive_leaves/train/olive_peacock_spot,2,1
data/olive_leaves/train/olive_peacock_spot/IMG_20190729_173338.jpg,data/olive_leaves/train/olive_peacock_spot,2,1
data/olive_leaves/train/olive_peacock_spot/IMG_20190729_173341.jpg,data/olive_leaves/train/olive_peacock_spot,2,1
data/olive_leaves/train/olive_peacock_spot/IMG_20190729_173505.jpg,data/olive_leaves/train/olive_peacock_spot,2,1
data/olive_leaves/train/olive_peacock_spot/IMG_20190729_174458.jpg,data/olive_leaves/train/olive_peacock_spot,2,1
data/olive_leaves/train/olive_peacock_spot/IMG_20190729_174505.jpg,data/olive_leaves/train/olive_peacock_spot,2,1
data/olive_leaves/train/olive_peacock_spot/IMG_20190729_174629.jpg,data/olive_leaves/train/olive_peacock_spot,2,1
data/olive_leaves/train/olive_peacock_spot/IMG_20190729_174633.jpg,data/olive_leaves/train/olive_peacock_spot,2,1
data/olive_leaves/train/olive_peacock_spot/IMG_20190729_174711.jpg,data/olive_leaves/train/olive_peacock_spot,2,1
data/olive_leaves/train/olive_peacock_spot/IMG_20190729_174719.jpg,data/olive_leaves/train/olive_peacock_spot,2,1
data/olive_leaves/train/olive_peacock_spot/IMG_20190729_175203.jpg,data/olive_leaves/train/olive_peacock_spot,2,1
data/olive_leaves/train/olive_peacock_spot/IMG_20190729_175206.jpg,data/olive_leaves/train/olive_peacock_spot,2,1
data/olive_leaves/train/olive_peacock_spot/IMG_20190729_175750.jpg,data/olive_leaves/train/olive_peacock_spot,2,1
data/olive_leaves/train/olive_peacock_spot/IMG_20190729_175755.jpg,data/olive_leaves/train/olive_peacock_spot,2,0
data/olive_leaves/train/olive_peacock_spot/IMG_20190729_175832.jpg,data/olive_leaves/train/olive_peacock_spot,2,1
data/olive_leaves/train/olive_peacock_spot/IMG_20190729_175835.jpg,data/olive_leaves/train/olive_peacock_spot,2,1
data/olive_leaves/train/olive_peacock_spot/IMG_20190729_175936.jpg,data/olive_leaves/train/olive_peacock_spot,2,1
data/olive_leaves/train/olive_peacock_spot/IMG_20190729_175938.jpg,data/olive_leaves/train/olive_peacock_spot,2,1
data/olive_leaves/train/olive_peacock_spot/IMG_20190729_180206.jpg,data/olive_leaves/train/olive_peacock_spot,2,2
data/olive_leaves/train/olive_peacock_spot/IMG_20190729_180213.jpg,data/olive_leaves/train/olive_peacock_spot,2,1
data/olive_leaves/train/olive_peacock_spot/IMG_20190729_180241.jpg,data/olive_leaves/train/olive_peacock_spot,2,1
data/olive_leaves/train/olive_peacock_spot/IMG_20190729_180243.jpg,data/olive_leaves/train/olive_peacock_spot,2,1
data/olive_leaves/train/olive_peacock_spot/IMG_20190729_180840.jpg,data/olive_leaves/train/olive_peacock_spot,2,1
data/olive_leaves/train/olive_peacock_spot/IMG_20190729_181105.jpg,data/olive_leaves/train/olive_peacock_spot,2,1
data/olive_leaves/train/olive_peacock_spot/IMG_20190729_181112.jpg,data/olive_leaves/train/olive_peacock_spot,2,1
data/olive_leaves/train/olive_peacock_spot/IMG_20190729_181649.jpg,data/olive_leaves/train/olive_peacock_spot,2,1
data/olive_leaves/train/olive_peacock_spot/IMG_20190729_181655.jpg,data/olive_leaves/train/olive_peacock_spot,2,1
data/olive_leaves/train/olive_peacock_spot/IMG_20190729_181852.jpg,data/olive_leaves/train/olive_peacock_spot,2,1
data/olive_leaves/train/olive_peacock_spot/IMG_20190729_181854.jpg,data/olive_leaves/train/olive_peacock_spot,2,1
data/olive_leaves/train/olive_peacock_spot/IMG_20190729_182023.jpg,data/olive_leaves/train/olive_peacock_spot,2,1
data/olive_leaves/train/olive_peacock_spot/IMG_20190729_182026.jpg,data/olive_leaves/train/olive_peacock_spot,2,1
data/olive_leaves/train/olive_peacock_spot/IMG_20190729_182225.jpg,data/olive_leaves/train/olive_peacock_spot,2,1
data/olive_leaves/train/olive_peacock_spot/IMG_20190729_182228.jpg,data/olive_leaves/train/olive_peacock_spot,2,1
data/olive_leaves/train/olive_peacock_spot/IMG_20190729_182354.jpg,data/olive_leaves/train/olive_peacock_spot,2,1
data/olive_leaves/train/olive_peacock_spot/IMG_20190806_142459.jpg,data/olive_leaves/train/olive_peacock_spot,2,2
data/olive_leaves/train/olive_peacock_spot/IMG_20190806_142504.jpg,data/olive_leaves/train/olive_peacock_spot,2,1
data/olive_leaves/train/olive_peacock_spot/IMG_20190806_142509.jpg,data/olive_leaves/train/olive_peacock_spot,2,1
data/olive_leaves/train/olive_peacock_spot/IMG_20190806_142516.jpg,data/olive_leaves/train/olive_peacock_spot,2,1
data/olive_leaves/train/olive_peacock_spot/IMG_20190806_142525.jpg,data/olive_leaves/train/olive_peacock_spot,2,0
data/olive_leaves/train/olive_peacock_spot/IMG_20190806_142531.jpg,data/olive_leaves/train/olive_peacock_spot,2,2
data/olive_leaves/train/olive_peacock_spot/IMG_20190806_142653.jpg,data/olive_leaves/train/olive_peacock_spot,2,1
data/olive_leaves/train/olive_peacock_spot/IMG_20190806_142704.jpg,data/olive_leaves/train/olive_peacock_spot,2,1
data/olive_leaves/train/olive_peacock_spot/IMG_20190806_142708.jpg,data/olive_leaves/train/olive_peacock_spot,2,1
data/olive_leaves/train/olive_peacock_spot/IMG_20190806_142724.jpg,data/olive_leaves/train/olive_peacock_spot,2,1
data/olive_leaves/train/olive_peacock_spot/IMG_20190806_142736.jpg,data/olive_leaves/train/olive_peacock_spot,2,1
data/olive_leaves/train/olive_peacock_spot/IMG_20190806_142742.jpg,data/olive_leaves/train/olive_peacock_spot,2,1
data/olive_leaves/train/olive_peacock_spot/IMG_20190806_142747.jpg,data/olive_leaves/train/olive_peacock_spot,2,1
data/olive_leaves/train/olive_peacock_spot/IMG_20190806_142755.jpg,data/olive_leaves/train/olive_peacock_spot,2,1
data/olive_leaves/train/olive_peacock_spot/IMG_20190806_143101.jpg,data/olive_leaves/train/olive_peacock_spot,2,1
data/olive_leaves/train/olive_peacock_spot/IMG_20190806_143106.jpg,data/olive_leaves/train/olive_peacock_spot,2,1
data/olive_leaves/train/olive_peacock_spot/IMG_20190806_143110.jpg,data/olive_leaves/train/olive_peacock_spot,2,1
data/olive_leaves/train/olive_peacock_spot/IMG_20190806_143118.jpg,data/olive_leaves/train/olive_peacock_spot,2,1
data/olive_leaves/train/olive_peacock_spot/IMG_20190806_143129.jpg,data/olive_leaves/train/olive_peacock_spot,2,1
data/olive_leaves/train/olive_peacock_spot/IMG_20190806_143133.jpg,data/olive_leaves/train/olive_peacock_spot,2,1
data/olive_leaves/train/olive_peacock_spot/IMG_20190806_143138.jpg,data/olive_leaves/train/olive_peacock_spot,2,1
data/olive_leaves/train/olive_peacock_spot/IMG_20190806_143145.jpg,data/olive_leaves/train/olive_peacock_spot,2,0
data/olive_leaves/train/olive_peacock_spot/IMG_20190806_143200.jpg,data/olive_leaves/train/olive_peacock_spot,2,1
data/olive_leaves/train/olive_peacock_spot/IMG_20190806_143204.jpg,data/olive_leaves/train/olive_peacock_spot,2,1
data/olive_leaves/train/olive_peacock_spot/IMG_20190806_143210.jpg,data/olive_leaves/train/olive_peacock_spot,2,1
data/olive_leaves/train/olive_peacock_spot/IMG_20190806_143217.jpg,data/olive_leaves/train/olive_peacock_spot,2,1
data/olive_leaves/train/olive_peacock_spot/IMG_20190806_143250.jpg,data/olive_leaves/train/olive_peacock_spot,2,1
data/olive_leaves/train/olive_peacock_spot/IMG_20190806_143255.jpg,data/olive_leaves/train/olive_peacock_spot,2,0
data/olive_leaves/train/olive_peacock_spot/IMG_20190806_143303.jpg,data/olive_leaves/train/olive_peacock_spot,2,1
data/olive_leaves/train/olive_peacock_spot/IMG_20190806_143314.jpg,data/olive_leaves/train/olive_peacock_spot,2,1
data/olive_leaves/train/olive_peacock_spot/IMG_20190806_143336.jpg,data/olive_leaves/train/olive_peacock_spot,2,1
data/olive_leaves/train/olive_peacock_spot/IMG_20190806_143343.jpg,data/olive_leaves/train/olive_peacock_spot,2,2
data/olive_leaves/train/olive_peacock_spot/IMG_20190806_143349.jpg,data/olive_leaves/train/olive_peacock_spot,2,1
data/olive_leaves/train/olive_peacock_spot/IMG_20190806_143400.jpg,data/olive_leaves/train/olive_peacock_spot,2,1
data/olive_leaves/train/olive_peacock_spot/IMG_20190806_143418.jpg,data/olive_leaves/train/olive_peacock_spot,2,1
data/olive_leaves/train/olive_peacock_spot/IMG_20190806_143422.jpg,data/olive_leaves/train/olive_peacock_spot,2,2
data/olive_leaves/train/olive_peacock_spot/IMG_20190806_143426.jpg,data/olive_leaves/train/olive_peacock_spot,2,3
data/olive_leaves/train/olive_peacock_spot/IMG_20190806_143432.jpg,data/olive_leaves/train/olive_peacock_spot,2,0
data/olive_leaves/train/olive_peacock_spot/IMG_20190806_143437.jpg,data/olive_leaves/train/olive_peacock_spot,2,1
data/olive_leaves/train/olive_peacock_spot/IMG_20190806_143537.jpg,data/olive_leaves/train/olive_peacock_spot,2,2
data/olive_leaves/train/olive_peacock_spot/IMG_20190806_143544.jpg,data/olive_leaves/train/olive_peacock_spot,2,0
data/olive_leaves/train/olive_peacock_spot/IMG_20190806_143548.jpg,data/olive_leaves/train/olive_peacock_spot,2,1
data/olive_leaves/train/olive_peacock_spot/IMG_20190806_143555.jpg,data/olive_leaves/train/olive_peacock_spot,2,0
data/olive_leaves/train/olive_peacock_spot/IMG_20190806_143605.jpg,data/olive_leaves/train/olive_peacock_spot,2,2
data/olive_leaves/train/olive_peacock_spot/IMG_20190806_143623.jpg,data/olive_leaves/train/olive_peacock_spot,2,1
data/olive_leaves/train/olive_peacock_spot/IMG_20190806_143628.jpg,data/olive_leaves/train/olive_peacock_spot,2,2
data/olive_leaves/train/olive_peacock_spot/IMG_20190806_143632.jpg,data/olive_leaves/train/olive_peacock_spot,2,1
data/olive_leaves/train/olive_peacock_spot/IMG_20190806_143642.jpg,data/olive_leaves/train/olive_peacock_spot,2,0
data/olive_leaves/train/olive_peacock_spot/IMG_20190806_143646.jpg,data/olive_leaves/train/olive_peacock_spot,2,1
data/olive_leaves/train/olive_peacock_spot/IMG_20190806_143723.jpg,data/olive_leaves/train/olive_peacock_spot,2,1
data/olive_leaves/train/olive_peacock_spot/IMG_20190806_143735.jpg,data/olive_leaves/train/olive_peacock_spot,2,1
data/olive_leaves/train/olive_peacock_spot/IMG_20190806_143756.jpg,data/olive_leaves/train/olive_peacock_spot,2,0
data/olive_leaves/train/olive_peacock_spot/IMG_20190806_143800.jpg,data/olive_leaves/train/olive_peacock_spot,2,0
data/olive_leaves/train/olive_peacock_spot/IMG_20190806_143804.jpg,data/olive_leaves/train/olive_peacock_spot,2,1
data/olive_leaves/train/olive_peacock_spot/IMG_20190806_143815.jpg,data/olive_leaves/train/olive_peacock_spot,2,2
data/olive_leaves/train/olive_peacock_spot/IMG_20190806_143828.jpg,data/olive_leaves/train/olive_peacock_spot,2,1
data/olive_leaves/train/olive_peacock_spot/IMG_20190806_143845.jpg,data/olive_leaves/train/olive_peacock_spot,2,1
data/olive_leaves/train/olive_peacock_spot/IMG_20190806_143850.jpg,data/olive_leaves/train/olive_peacock_spot,2,0
data/olive_leaves/train/olive_peacock_spot/IMG_20190806_143855.jpg,data/olive_leaves/train/olive_peacock_spot,2,2
data/olive_leaves/train/olive_peacock_spot/IMG_20190806_143859.jpg,data/olive_leaves/train/olive_peacock_spot,2,1
data/olive_leaves/train/olive_peacock_spot/IMG_20190806_143904.jpg,data/olive_leaves/train/olive_peacock_spot,2,4
data/olive_leaves/train/olive_peacock_spot/IMG_20190806_144002.jpg,data/olive_leaves/train/olive_peacock_spot,2,1
data/olive_leaves/train/olive_peacock_spot/IMG_20190806_144007.jpg,data/olive_leaves/train/olive_peacock_spot,2,1
data/olive_leaves/train/olive_peacock_spot/IMG_20190806_144011.jpg,data/olive_leaves/train/olive_peacock_spot,2,1
data/olive_leaves/train/olive_peacock_spot/IMG_20190806_144018.jpg,data/olive_leaves/train/olive_peacock_spot,2,0
data/olive_leaves/train/olive_peacock_spot/IMG_20190806_144029.jpg,data/olive_leaves/train/olive_peacock_spot,2,1
data/olive_leaves/train/olive_peacock_spot/IMG_20190806_144128.jpg,data/olive_leaves/train/olive_peacock_spot,2,1
data/olive_leaves/train/olive_peacock_spot/IMG_20190806_144136.jpg,data/olive_leaves/train/olive_peacock_spot,2,0
data/olive_leaves/train/olive_peacock_spot/IMG_20190806_144144.jpg,data/olive_leaves/train/olive_peacock_spot,2,0
data/olive_leaves/train/olive_peacock_spot/IMG_20190806_144205.jpg,data/olive_leaves/train/olive_peacock_spot,2,0
data/olive_leaves/train/olive_peacock_spot/IMG_20190806_144215.jpg,data/olive_leaves/train/olive_peacock_spot,2,1
data/olive_leaves/train/olive_peacock_spot/IMG_20190806_144218.jpg,data/olive_leaves/train/olive_peacock_spot,2,1
data/olive_leaves/train/olive_peacock_spot/IMG_20190806_144222.jpg,data/olive_leaves/train/olive_peacock_spot,2,1
data/olive_leaves/train/olive_peacock_spot/IMG_20190806_144226.jpg,data/olive_leaves/train/olive_peacock_spot,2,0
data/olive_leaves/train/olive_peacock_spot/IMG_20190806_144229.jpg,data/olive_leaves/train/olive_peacock_spot,2,1
data/olive_leaves/train/olive_peacock_spot/IMG_20190806_144300.jpg,data/olive_leaves/train/olive_peacock_spot,2,1
data/olive_leaves/train/olive_peacock_spot/IMG_20190806_144308.jpg,data/olive_leaves/train/olive_peacock_spot,2,0
data/olive_leaves/train/olive_peacock_spot/IMG_20190806_144313.jpg,data/olive_leaves/train/olive_peacock_spot,2,0
data/olive_leaves/train/olive_peacock_spot/IMG_20190806_144318.jpg,data/olive_leaves/train/olive_peacock_spot,2,1
data/olive_leaves/train/olive_peacock_spot/IMG_20190806_144326.jpg,data/olive_leaves/train/olive_peacock_spot,2,2
data/olive_leaves/train/olive_peacock_spot/IMG_20190806_144346.jpg,data/olive_leaves/train/olive_peacock_spot,2,1
data/olive_leaves/train/olive_peacock_spot/IMG_20190806_144349.jpg,data/olive_leaves/train/olive_peacock_spot,2,1
data/olive_leaves/train/olive_peacock_spot/IMG_20190806_144353.jpg,data/olive_leaves/train/olive_peacock_spot,2,2
data/olive_leaves/train/olive_peacock_spot/IMG_20190806_144400.jpg,data/olive_leaves/train/olive_peacock_spot,2,2
data/olive_leaves/train/olive_peacock_spot/IMG_20190806_144405.jpg,data/olive_leaves/train/olive_peacock_spot,2,1
data/olive_leaves/train/olive_peacock_spot/IMG_20190806_144448.jpg,data/olive_leaves/train/olive_peacock_spot,2,1
data/olive_leaves/train/olive_peacock_spot/IMG_20190806_144453.jpg,data/olive_leaves/train/olive_peacock_spot,2,1
data/olive_leaves/train/olive_peacock_spot/IMG_20190806_144458.jpg,data/olive_leaves/train/olive_peacock_spot,2,2
data/olive_leaves/train/olive_peacock_spot/IMG_20190806_144503.jpg,data/olive_leaves/train/olive_peacock_spot,2,0
data/olive_leaves/train/olive_peacock_spot/IMG_20190806_144508.jpg,data/olive_leaves/train/olive_peacock_spot,2,1
data/olive_leaves/train/olive_peacock_spot/IMG_20190806_144522.jpg,data/olive_leaves/train/olive_peacock_spot,2,0
data/olive_leaves/train/olive_peacock_spot/IMG_20190806_144525.jpg,data/olive_leaves/train/olive_peacock_spot,2,0
data/olive_leaves/train/olive_peacock_spot/IMG_20190806_144529.jpg,data/olive_leaves/train/olive_peacock_spot,2,1
data/olive_leaves/train/olive_peacock_spot/IMG_20190806_144533.jpg,data/olive_leaves/train/olive_peacock_spot,2,2
data/olive_leaves/train/olive_peacock_spot/IMG_20190806_144536.jpg,data/olive_leaves/train/olive_peacock_spot,2,1
data/olive_leaves/train/olive_peacock_spot/IMG_20190806_144547.jpg,data/olive_leaves/train/olive_peacock_spot,2,1
data/olive_leaves/train/olive_peacock_spot/IMG_20190806_144551.jpg,data/olive_leaves/train/olive_peacock_spot,2,0
data/olive_leaves/train/olive_peacock_spot/IMG_20190806_144555.jpg,data/olive_leaves/train/olive_peacock_spot,2,1
data/olive_leaves/train/olive_peacock_spot/IMG_20190806_144600.jpg,data/olive_leaves/train/olive_peacock_spot,2,1
data/olive_leaves/train/olive_peacock_spot/IMG_20190806_144604.jpg,data/olive_leaves/train/olive_peacock_spot,2,1
data/olive_leaves/train/olive_peacock_spot/IMG_20190806_144618.jpg,data/olive_leaves/train/olive_peacock_spot,2,1
data/olive_leaves/train/olive_peacock_spot/IMG_20190806_144623.jpg,data/olive_leaves/train/olive_peacock_spot,2,2
data/olive_leaves/train/olive_peacock_spot/IMG_20190806_144628.jpg,data/olive_leaves/train/olive_peacock_spot,2,1
data/olive_leaves/train/olive_peacock_spot/IMG_20190806_144634.jpg,data/olive_leaves/train/olive_peacock_spot,2,1
data/olive_leaves/train/olive_peacock_spot/IMG_20190806_144638.jpg,data/olive_leaves/train/olive_peacock_spot,2,1
data/olive_leaves/train/olive_peacock_spot/IMG_20190806_144655.jpg,data/olive_leaves/train/olive_peacock_spot,2,1
data/olive_leaves/train/olive_peacock_spot/IMG_20190806_144659.jpg,data/olive_leaves/train/olive_peacock_spot,2,0
data/olive_leaves/train/olive_peacock_spot/IMG_20190806_144703.jpg,data/olive_leaves/train/olive_peacock_spot,2,1
data/olive_leaves/train/olive_peacock_spot/IMG_20190806_144708.jpg,data/olive_leaves/train/olive_peacock_spot,2,1
data/olive_leaves/train/olive_peacock_spot/IMG_20190806_144713.jpg,data/olive_leaves/train/olive_peacock_spot,2,1
data/olive_leaves/train/olive_peacock_spot/IMG_20190806_144727.jpg,data/olive_leaves/train/olive_peacock_spot,2,1
data/olive_leaves/train/olive_peacock_spot/IMG_20190806_144732.jpg,data/olive_leaves/train/olive_peacock_spot,2,1
data/olive_leaves/train/olive_peacock_spot/IMG_20190806_144735.jpg,data/olive_leaves/train/olive_peacock_spot,2,2
data/olive_leaves/train/olive_peacock_spot/IMG_20190806_144740.jpg,data/olive_leaves/train/olive_peacock_spot,2,1
data/olive_leaves/train/olive_peacock_spot/IMG_20190806_144744.jpg,data/olive_leaves/train/olive_peacock_spot,2,1
data/olive_leaves/train/olive_peacock_spot/IMG_20190806_144841.jpg,data/olive_leaves/train/olive_peacock_spot,2,1
data/olive_leaves/train/olive_peacock_spot/IMG_20190806_144850.jpg,data/olive_leaves/train/olive_peacock_spot,2,1
data/olive_leaves/train/olive_peacock_spot/IMG_20190806_144855.jpg,data/olive_leaves/train/olive_peacock_spot,2,2
data/olive_leaves/train/olive_peacock_spot/IMG_20190806_144901.jpg,data/olive_leaves/train/olive_peacock_spot,2,1
data/olive_leaves/train/olive_peacock_spot/IMG_20190806_144907.jpg,data/olive_leaves/train/olive_peacock_spot,2,1
data/olive_leaves/train/olive_peacock_spot/IMG_20190806_144919.jpg,data/olive_leaves/train/olive_peacock_spot,2,0
data/olive_leaves/train/olive_peacock_spot/IMG_20190806_144925.jpg,data/olive_leaves/train/olive_peacock_spot,2,0
data/olive_leaves/train/olive_peacock_spot/IMG_20190806_144930.jpg,data/olive_leaves/train/olive_peacock_spot,2,1
data/olive_leaves/train/olive_peacock_spot/IMG_20190806_144935.jpg,data/olive_leaves/train/olive_peacock_spot,2,2
data/olive_leaves/train/olive_peacock_spot/IMG_20190806_144939.jpg,data/olive_leaves/train/olive_peacock_spot,2,1
data/olive_leaves/train/olive_peacock_spot/IMG_20190806_145005.jpg,data/olive_leaves/train/olive_peacock_spot,2,1
data/olive_leaves/train/olive_peacock_spot/IMG_20190806_145009.jpg,data/olive_leaves/train/olive_peacock_spot,2,0
data/olive_leaves/train/olive_peacock_spot/IMG_20190806_145013.jpg,data/olive_leaves/train/olive_peacock_spot,2,1
data/olive_leaves/train/olive_peacock_spot/IMG_20190806_145020.jpg,data/olive_leaves/train/olive_peacock_spot,2,2
data/olive_leaves/train/olive_peacock_spot/IMG_20190806_145026.jpg,data/olive_leaves/train/olive_peacock_spot,2,1
data/olive_leaves/train/olive_peacock_spot/IMG_20190806_145044.jpg,data/olive_leaves/train/olive_peacock_spot,2,1
data/olive_leaves/train/olive_peacock_spot/IMG_20190806_145049.jpg,data/olive_leaves/train/olive_peacock_spot,2,0
data/olive_leaves/train/olive_peacock_spot/IMG_20190806_145053.jpg,data/olive_leaves/train/olive_peacock_spot,2,1
data/olive_leaves/train/olive_peacock_spot/IMG_20190806_145058.jpg,data/olive_leaves/train/olive_peacock_spot,2,1
data/olive_leaves/train/olive_peacock_spot/IMG_20190806_145101.jpg,data/olive_leaves/train/olive_peacock_spot,2,1
data/olive_leaves/train/olive_peacock_spot/IMG_20190806_145115.jpg,data/olive_leaves/train/olive_peacock_spot,2,1
data/olive_leaves/train/olive_peacock_spot/IMG_20190806_145126.jpg,data/olive_leaves/train/olive_peacock_spot,2,0
data/olive_leaves/train/olive_peacock_spot/IMG_20190806_145130.jpg,data/olive_leaves/train/olive_peacock_spot,2,1
data/olive_leaves/train/olive_peacock_spot/IMG_20190806_145134.jpg,data/olive_leaves/train/olive_peacock_spot,2,0
data/olive_leaves/train/olive_peacock_spot/IMG_20190806_145140.jpg,data/olive_leaves/train/olive_peacock_spot,2,1
data/olive_leaves/train/olive_peacock_spot/IMG_20190806_145157.jpg,data/olive_leaves/train/olive_peacock_spot,2,1
data/olive_leaves/train/olive_peacock_spot/IMG_20190806_145203.jpg,data/olive_leaves/train/olive_peacock_spot,2,0
data/olive_leaves/train/olive_peacock_spot/IMG_20190806_145207.jpg,data/olive_leaves/train/olive_peacock_spot,2,1
data/olive_leaves/train/olive_peacock_spot/IMG_20190806_145212.jpg,data/olive_leaves/train/olive_peacock_spot,2,0
data/olive_leaves/train/olive_peacock_spot/IMG_20190806_145216.jpg,data/olive_leaves/train/olive_peacock_spot,2,2
data/olive_leaves/train/olive_peacock_spot/IMG_20190806_145225.jpg,data/olive_leaves/train/olive_peacock_spot,2,0
data/olive_leaves/train/olive_peacock_spot/IMG_20190806_145247.jpg,data/olive_leaves/train/olive_peacock_spot,2,1
data/olive_leaves/train/olive_peacock_spot/IMG_20190806_145254.jpg,data/olive_leaves/train/olive_peacock_spot,2,0
data/olive_leaves/train/olive_peacock_spot/IMG_20190806_145257.jpg,data/olive_leaves/train/olive_peacock_spot,2,1
data/olive_leaves/train/olive_peacock_spot/IMG_20190806_145301.jpg,data/olive_leaves/train/olive_peacock_spot,2,1
data/olive_leaves/train/olive_peacock_spot/IMG_20190806_145310.jpg,data/olive_leaves/train/olive_peacock_spot,2,1
data/olive_leaves/train/olive_peacock_spot/IMG_20190806_151145.jpg,data/olive_leaves/train/olive_peacock_spot,2,0
data/olive_leaves/train/olive_peacock_spot/IMG_20190806_151149.jpg,data/olive_leaves/train/olive_peacock_spot,2,0
data/olive_leaves/train/olive_peacock_spot/IMG_20190806_151153.jpg,data/olive_leaves/train/olive_peacock_spot,2,1
data/olive_leaves/train/olive_peacock_spot/IMG_20190806_151157.jpg,data/olive_leaves/train/olive_peacock_spot,2,2
data/olive_leaves/train/olive_peacock_spot/IMG_20190806_151201.jpg,data/olive_leaves/train/olive_peacock_spot,2,1
data/olive_leaves/train/olive_peacock_spot/IMG_20190806_151206.jpg,data/olive_leaves/train/olive_peacock_spot,2,0
data/olive_leaves/train/olive_peacock_spot/IMG_20190806_151238.jpg,data/olive_leaves/train/olive_peacock_spot,2,1
data/olive_leaves/train/olive_peacock_spot/IMG_20190806_151243.jpg,data/olive_leaves/train/olive_peacock_spot,2,0
data/olive_leaves/train/olive_peacock_spot/IMG_20190806_151248.jpg,data/olive_leaves/train/olive_peacock_spot,2,1
data/olive_leaves/train/olive_peacock_spot/IMG_20190806_151254.jpg,data/olive_leaves/train/olive_peacock_spot,2,1
data/olive_leaves/train/olive_peacock_spot/IMG_20190806_151300.jpg,data/olive_leaves/train/olive_peacock_spot,2,1
data/olive_leaves/train/olive_peacock_spot/IMG_20190806_151313.jpg,data/olive_leaves/train/olive_peacock_spot,2,1
data/olive_leaves/train/olive_peacock_spot/IMG_20190806_151317.jpg,data/olive_leaves/train/olive_peacock_spot,2,1
data/olive_leaves/train/olive_peacock_spot/IMG_20190806_151322.jpg,data/olive_leaves/train/olive_peacock_spot,2,0
data/olive_leaves/train/olive_peacock_spot/IMG_20190806_151328.jpg,data/olive_leaves/train/olive_peacock_spot,2,0
data/olive_leaves/train/olive_peacock_spot/IMG_20190806_151331.jpg,data/olive_leaves/train/olive_peacock_spot,2,0
data/olive_leaves/train/olive_peacock_spot/IMG_20190806_151538.jpg,data/olive_leaves/train/olive_peacock_spot,2,0
data/olive_leaves/train/olive_peacock_spot/IMG_20190806_151541.jpg,data/olive_leaves/train/olive_peacock_spot,2,0
data/olive_leaves/train/olive_peacock_spot/IMG_20190806_151545.jpg,data/olive_leaves/train/olive_peacock_spot,2,1
data/olive_leaves/train/olive_peacock_spot/IMG_20190806_151548.jpg,data/olive_leaves/train/olive_peacock_spot,2,2
data/olive_leaves/train/olive_peacock_spot/IMG_20190806_151551.jpg,data/olive_leaves/train/olive_peacock_spot,2,1
data/olive_leaves/train/olive_peacock_spot/IMG_20190806_151602.jpg,data/olive_leaves/train/olive_peacock_spot,2,1
data/olive_leaves/train/olive_peacock_spot/IMG_20190806_151605.jpg,data/olive_leaves/train/olive_peacock_spot,2,0
data/olive_leaves/train/olive_peacock_spot/IMG_20190806_151610.jpg,data/olive_leaves/train/olive_peacock_spot,2,2
data/olive_leaves/train/olive_peacock_spot/IMG_20190806_151614.jpg,data/olive_leaves/train/olive_peacock_spot,2,1
data/olive_leaves/train/olive_peacock_spot/IMG_20190806_151618.jpg,data/olive_leaves/train/olive_peacock_spot,2,2
data/olive_leaves/train/olive_peacock_spot/IMG_20190806_151641.jpg,data/olive_leaves/train/olive_peacock_spot,2,1
data/olive_leaves/train/olive_peacock_spot/IMG_20190806_151644.jpg,data/olive_leaves/train/olive_peacock_spot,2,0
data/olive_leaves/train/olive_peacock_spot/IMG_20190806_151648.jpg,data/olive_leaves/train/olive_peacock_spot,2,1
data/olive_leaves/train/olive_peacock_spot/IMG_20190806_151654.jpg,data/olive_leaves/train/olive_peacock_spot,2,1
data/olive_leaves/train/olive_peacock_spot/IMG_20190806_151706.jpg,data/olive_leaves/train/olive_peacock_spot,2,1
data/olive_leaves/train/olive_peacock_spot/IMG_20190806_151723.jpg,data/olive_leaves/train/olive_peacock_spot,2,1
data/olive_leaves/train/olive_peacock_spot/IMG_20190806_151727.jpg,data/olive_leaves/train/olive_peacock_spot,2,0
data/olive_leaves/train/olive_peacock_spot/IMG_20190806_151731.jpg,data/olive_leaves/train/olive_peacock_spot,2,2
data/olive_leaves/train/olive_peacock_spot/IMG_20190806_151740.jpg,data/olive_leaves/train/olive_peacock_spot,2,0
data/olive_leaves/train/olive_peacock_spot/IMG_20190806_151744.jpg,data/olive_leaves/train/olive_peacock_spot,2,0
data/olive_leaves/train/olive_peacock_spot/IMG_20190806_151805.jpg,data/olive_leaves/train/olive_peacock_spot,2,1
data/olive_leaves/train/olive_peacock_spot/IMG_20190806_151809.jpg,data/olive_leaves/train/olive_peacock_spot,2,0
data/olive_leaves/train/olive_peacock_spot/IMG_20190806_151814.jpg,data/olive_leaves/train/olive_peacock_spot,2,1
data/olive_leaves/train/olive_peacock_spot/IMG_20190806_151817.jpg,data/olive_leaves/train/olive_peacock_spot,2,1
data/olive_leaves/train/olive_peacock_spot/IMG_20190806_151820.jpg,data/olive_leaves/train/olive_peacock_spot,2,1
data/olive_leaves/train/olive_peacock_spot/IMG_20190806_151901.jpg,data/olive_leaves/train/olive_peacock_spot,2,1
data/olive_leaves/train/olive_peacock_spot/IMG_20190806_151904.jpg,data/olive_leaves/train/olive_peacock_spot,2,0
data/olive_leaves/train/olive_peacock_spot/IMG_20190806_151908.jpg,data/olive_leaves/train/olive_peacock_spot,2,1
data/olive_leaves/train/olive_peacock_spot/IMG_20190806_151911.jpg,data/olive_leaves/train/olive_peacock_spot,2,1
data/olive_leaves/train/olive_peacock_spot/IMG_20190806_151915.jpg,data/olive_leaves/train/olive_peacock_spot,2,1
data/olive_leaves/train/olive_peacock_spot/IMG_20190806_151939.jpg,data/olive_leaves/train/olive_peacock_spot,2,1
data/olive_leaves/train/olive_peacock_spot/IMG_20190806_151943.jpg,data/olive_leaves/train/olive_peacock_spot,2,0
data/olive_leaves/train/olive_peacock_spot/IMG_20190806_151945.jpg,data/olive_leaves/train/olive_peacock_spot,2,1
data/olive_leaves/train/olive_peacock_spot/IMG_20190806_151948.jpg,data/olive_leaves/train/olive_peacock_spot,2,1
data/olive_leaves/train/olive_peacock_spot/IMG_20190806_151952.jpg,data/olive_leaves/train/olive_peacock_spot,2,1
data/olive_leaves/train/olive_peacock_spot/IMG_20190806_152110.jpg,data/olive_leaves/train/olive_peacock_spot,2,1
data/olive_leaves/train/olive_peacock_spot/IMG_20190806_152113.jpg,data/olive_leaves/train/olive_peacock_spot,2,2
data/olive_leaves/train/olive_peacock_spot/IMG_20190806_152116.jpg,data/olive_leaves/train/olive_peacock_spot,2,1
data/olive_leaves/train/olive_peacock_spot/IMG_20190806_152120.jpg,data/olive_leaves/train/olive_peacock_spot,2,0
data/olive_leaves/train/olive_peacock_spot/IMG_20190806_152155.jpg,data/olive_leaves/train/olive_peacock_spot,2,1
data/olive_leaves/train/olive_peacock_spot/IMG_20190806_152229.jpg,data/olive_leaves/train/olive_peacock_spot,2,1
data/olive_leaves/train/olive_peacock_spot/IMG_20190806_152233.jpg,data/olive_leaves/train/olive_peacock_spot,2,1
data/olive_leaves/train/olive_peacock_spot/IMG_20190806_152236.jpg,data/olive_leaves/train/olive_peacock_spot,2,1
data/olive_leaves/train/olive_peacock_spot/IMG_20190806_152349.jpg,data/olive_leaves/train/olive_peacock_spot,2,2
data/olive_leaves/train/olive_peacock_spot/IMG_20190806_152355.jpg,data/olive_leaves/train/olive_peacock_spot,2,2
data/olive_leaves/train/olive_peacock_spot/IMG_20190806_152400.jpg,data/olive_leaves/train/olive_peacock_spot,2,1
data/olive_leaves/train/olive_peacock_spot/IMG_20190806_152403.jpg,data/olive_leaves/train/olive_peacock_spot,2,1
data/olive_leaves/train/olive_peacock_spot/IMG_20190806_152430.jpg,data/olive_leaves/train/olive_peacock_spot,2,1
data/olive_leaves/train/olive_peacock_spot/IMG_20190806_152433.jpg,data/olive_leaves/train/olive_peacock_spot,2,1
data/olive_leaves/train/olive_peacock_spot/IMG_20190806_152519.jpg,data/olive_leaves/train/olive_peacock_spot,2,1
data/olive_leaves/train/olive_peacock_spot/IMG_20190806_152522.jpg,data/olive_leaves/train/olive_peacock_spot,2,1
data/olive_leaves/train/olive_peacock_spot/IMG_20190806_152525.jpg,data/olive_leaves/train/olive_peacock_spot,2,2
data/olive_leaves/train/olive_peacock_spot/IMG_20190806_152529.jpg,data/olive_leaves/train/olive_peacock_spot,2,0
data/olive_leaves/train/olive_peacock_spot/IMG_20190806_152532.jpg,data/olive_leaves/train/olive_peacock_spot,2,1
data/olive_leaves/train/olive_peacock_spot/IMG_20190806_152607.jpg,data/olive_leaves/train/olive_peacock_spot,2,1
data/olive_leaves/train/olive_peacock_spot/IMG_20190806_152615.jpg,data/olive_leaves/train/olive_peacock_spot,2,0
data/olive_leaves/train/olive_peacock_spot/IMG_20190806_152711.jpg,data/olive_leaves/train/olive_peacock_spot,2,2
data/olive_leaves/train/olive_peacock_spot/IMG_20190806_152715.jpg,data/olive_leaves/train/olive_peacock_spot,2,0
data/olive_leaves/train/olive_peacock_spot/IMG_20190806_152731.jpg,data/olive_leaves/train/olive_peacock_spot,2,1
data/olive_leaves/train/olive_peacock_spot/IMG_20190806_152740.jpg,data/olive_leaves/train/olive_peacock_spot,2,2
data/olive_leaves/train/olive_peacock_spot/IMG_20190806_152748.jpg,data/olive_leaves/train/olive_peacock_spot,2,0
data/olive_leaves/train/olive_peacock_spot/IMG_20190806_152811.jpg,data/olive_leaves/train/olive_peacock_spot,2,1
data/olive_leaves/train/olive_peacock_spot/IMG_20190806_152815.jpg,data/olive_leaves/train/olive_peacock_spot,2,1
data/olive_leaves/train/olive_peacock_spot/IMG_20190806_152818.jpg,data/olive_leaves/train/olive_peacock_spot,2,1
data/olive_leaves/train/olive_peacock_spot/IMG_20190806_152822.jpg,data/olive_leaves/train/olive_peacock_spot,2,0
data/olive_leaves/train/olive_peacock_spot/IMG_20190806_152826.jpg,data/olive_leaves/train/olive_peacock_spot,2,1
data/olive_leaves/train/olive_peacock_spot/IMG_20190806_152902.jpg,data/olive_leaves/train/olive_peacock_spot,2,1
data/olive_leaves/train/olive_peacock_spot/IMG_20190806_152905.jpg,data/olive_leaves/train/olive_peacock_spot,2,0
data/olive_leaves/train/olive_peacock_spot/IMG_20190806_152909.jpg,data/olive_leaves/train/olive_peacock_spot,2,1
data/olive_leaves/train/olive_peacock_spot/IMG_20190806_153036.jpg,data/olive_leaves/train/olive_peacock_spot,2,1
data/olive_leaves/train/olive_peacock_spot/IMG_20190806_153052.jpg,data/olive_leaves/train/olive_peacock_spot,2,1
data/olive_leaves/train/olive_peacock_spot/IMG_20190806_153055.jpg,data/olive_leaves/train/olive_peacock_spot,2,0
data/olive_leaves/train/olive_peacock_spot/IMG_20190806_153058.jpg,data/olive_leaves/train/olive_peacock_spot,2,2
data/olive_leaves/train/olive_peacock_spot/IMG_20190806_153102.jpg,data/olive_leaves/train/olive_peacock_spot,2,0
data/olive_leaves/train/olive_peacock_spot/IMG_20190806_153116.jpg,data/olive_leaves/train/olive_peacock_spot,2,1
data/olive_leaves/train/olive_peacock_spot/IMG_20190806_153120.jpg,data/olive_leaves/train/olive_peacock_spot,2,0
data/olive_leaves/train/olive_peacock_spot/IMG_20190806_153124.jpg,data/olive_leaves/train/olive_peacock_spot,2,2
data/olive_leaves/train/olive_peacock_spot/IMG_20190806_153127.jpg,data/olive_leaves/train/olive_peacock_spot,2,1
data/olive_leaves/train/olive_peacock_spot/IMG_20190806_153154.jpg,data/olive_leaves/train/olive_peacock_spot,2,1
data/olive_leaves/train/olive_peacock_spot/IMG_20190806_153158.jpg,data/olive_leaves/train/olive_peacock_spot,2,1
data/olive_leaves/train/olive_peacock_spot/IMG_20190806_153213.jpg,data/olive_leaves/train/olive_peacock_spot,2,0
data/olive_leaves/train/olive_peacock_spot/IMG_20190806_153226.jpg,data/olive_leaves/train/olive_peacock_spot,2,1
data/olive_leaves/train/olive_peacock_spot/IMG_20190806_153231.jpg,data/olive_leaves/train/olive_peacock_spot,2,1
data/olive_leaves/train/olive_peacock_spot/IMG_20190806_153234.jpg,data/olive_leaves/train/olive_peacock_spot,2,2
data/olive_leaves/train/olive_peacock_spot/IMG_20190806_153247.jpg,data/olive_leaves/train/olive_peacock_spot,2,1
data/olive_leaves/train/olive_peacock_spot/IMG_20190806_153250.jpg,data/olive_leaves/train/olive_peacock_spot,2,1
data/olive_leaves/train/olive_peacock_spot/IMG_20190806_153253.jpg,data/olive_leaves/train/olive_peacock_spot,2,2
data/olive_leaves/train/olive_peacock_spot/IMG_20190806_153257.jpg,data/olive_leaves/train/olive_peacock_spot,2,0
data/olive_leaves/train/olive_peacock_spot/IMG_20190806_153359.jpg,data/olive_leaves/train/olive_peacock_spot,2,2
data/olive_leaves/train/olive_peacock_spot/IMG_20190806_153402.jpg,data/olive_leaves/train/olive_peacock_spot,2,1
data/olive_leaves/train/olive_peacock_spot/IMG_20190806_153406.jpg,data/olive_leaves/train/olive_peacock_spot,2,1
data/olive_leaves/train/olive_peacock_spot/IMG_20190806_153417.jpg,data/olive_leaves/train/olive_peacock_spot,2,1
data/olive_leaves/train/olive_peacock_spot/IMG_20190806_153425.jpg,data/olive_leaves/train/olive_peacock_spot,2,2
data/olive_leaves/train/olive_peacock_spot/IMG_20190806_153428.jpg,data/olive_leaves/train/olive_peacock_spot,2,0
data/olive_leaves/train/olive_peacock_spot/IMG_20190806_153432.jpg,data/olive_leaves/train/olive_peacock_spot,2,1
data/olive_leaves/train/olive_peacock_spot/IMG_20190806_153502.jpg,data/olive_leaves/train/olive_peacock_spot,2,1
data/olive_leaves/train/olive_peacock_spot/IMG_20190806_153506.jpg,data/olive_leaves/train/olive_peacock_spot,2,0
data/olive_leaves/train/olive_peacock_spot/IMG_20190806_153510.jpg,data/olive_leaves/train/olive_peacock_spot,2,1
data/olive_leaves/train/olive_peacock_spot/IMG_20190806_153605.jpg,data/olive_leaves/train/olive_peacock_spot,2,0
data/olive_leaves/train/olive_peacock_spot/IMG_20190806_153610.jpg,data/olive_leaves/train/olive_peacock_spot,2,1
data/olive_leaves/train/olive_peacock_spot/IMG_20190806_153614.jpg,data/olive_leaves/train/olive_peacock_spot,2,1
data/olive_leaves/train/olive_peacock_spot/IMG_20190806_153636.jpg,data/olive_leaves/train/olive_peacock_spot,2,0
data/olive_leaves/train/olive_peacock_spot/IMG_20190806_153640.jpg,data/olive_leaves/train/olive_peacock_spot,2,2
data/olive_leaves/train/olive_peacock_spot/IMG_20190806_153645.jpg,data/olive_leaves/train/olive_peacock_spot,2,1
data/olive_leaves/train/olive_peacock_spot/IMG_20190806_153648.jpg,data/olive_leaves/train/olive_peacock_spot,2,2
data/olive_leaves/train/olive_peacock_spot/IMG_20190806_153720.jpg,data/olive_leaves/train/olive_peacock_spot,2,0
data/olive_leaves/train/olive_peacock_spot/IMG_20190806_153727.jpg,data/olive_leaves/train/olive_peacock_spot,2,1
data/olive_leaves/train/olive_peacock_spot/IMG_20190806_153737.jpg,data/olive_leaves/train/olive_peacock_spot,2,1
data/olive_leaves/train/olive_peacock_spot/IMG_20190806_153739.jpg,data/olive_leaves/train/olive_peacock_spot,2,2
data/olive_leaves/train/olive_peacock_spot/IMG_20190806_153748.jpg,data/olive_leaves/train/olive_peacock_spot,2,0
data/olive_leaves/train/olive_peacock_spot/IMG_20190806_153751.jpg,data/olive_leaves/train/olive_peacock_spot,2,1
data/olive_leaves/train/olive_peacock_spot/IMG_20190806_153804.jpg,data/olive_leaves/train/olive_peacock_spot,2,1
data/olive_leaves/train/olive_peacock_spot/IMG_20190806_153816.jpg,data/olive_leaves/train/olive_peacock_spot,2,1
data/olive_leaves/train/olive_peacock_spot/IMG_20190806_153821.jpg,data/olive_leaves/train/olive_peacock_spot,2,1
data/olive_leaves/train/olive_peacock_spot/IMG_20190806_153903.jpg,data/olive_leaves/train/olive_peacock_spot,2,1
data/olive_leaves/train/olive_peacock_spot/IMG_20190806_153907.jpg,data/olive_leaves/train/olive_peacock_spot,2,0
data/olive_leaves/train/olive_peacock_spot/IMG_20190806_153914.jpg,data/olive_leaves/train/olive_peacock_spot,2,1
data/olive_leaves/train/olive_peacock_spot/IMG_20190806_153917.jpg,data/olive_leaves/train/olive_peacock_spot,2,2
data/olive_leaves/train/olive_peacock_spot/IMG_20190806_153936.jpg,data/olive_leaves/train/olive_peacock_spot,2,1
data/olive_leaves/train/olive_peacock_spot/IMG_20190806_153943.jpg,data/olive_leaves/train/olive_peacock_spot,2,1
data/olive_leaves/train/olive_peacock_spot/IMG_20190806_153947.jpg,data/olive_leaves/train/olive_peacock_spot,2,0
data/olive_leaves/train/olive_peacock_spot/IMG_20190806_153952.jpg,data/olive_leaves/train/olive_peacock_spot,2,1
data/olive_leaves/train/olive_peacock_spot/IMG_20190806_154002.jpg,data/olive_leaves/train/olive_peacock_spot,2,1
data/olive_leaves/train/olive_peacock_spot/IMG_20190806_154005.jpg,data/olive_leaves/train/olive_peacock_spot,2,1
data/olive_leaves/train/olive_peacock_spot/IMG_20190806_154009.jpg,data/olive_leaves/train/olive_peacock_spot,2,1
data/olive_leaves/train/olive_peacock_spot/IMG_20190806_154020.jpg,data/olive_leaves/train/olive_peacock_spot,2,0
data/olive_leaves/train/olive_peacock_spot/IMG_20190806_154023.jpg,data/olive_leaves/train/olive_peacock_spot,2,1
data/olive_leaves/train/olive_peacock_spot/IMG_20190806_161721.jpg,data/olive_leaves/train/olive_peacock_spot,2,1
data/olive_leaves/train/olive_peacock_spot/IMG_20190806_161816.jpg,data/olive_leaves/train/olive_peacock_spot,2,1
data/olive_leaves/train/olive_peacock_spot/IMG_20190806_161831.jpg,data/olive_leaves/train/olive_peacock_spot,2,1
data/olive_leaves/train/olive_peacock_spot/IMG_20190806_161838.jpg,data/olive_leaves/train/olive_peacock_spot,2,1
data/olive_leaves/train/olive_peacock_spot/IMG_20190806_161913.jpg,data/olive_leaves/train/olive_peacock_spot,2,1
data/olive_leaves/train/olive_peacock_spot/IMG_20190806_161923.jpg,data/olive_leaves/train/olive_peacock_spot,2,0
data/olive_leaves/train/olive_peacock_spot/IMG_20190806_161941.jpg,data/olive_leaves/train/olive_peacock_spot,2,0
data/olive_leaves/train/olive_peacock_spot/IMG_20190806_162001.jpg,data/olive_leaves/train/olive_peacock_spot,2,1
data/olive_leaves/train/olive_peacock_spot/IMG_20190806_162031.jpg,data/olive_leaves/train/olive_peacock_spot,2,2
data/olive_leaves/train/olive_peacock_spot/IMG_20190806_162522.jpg,data/olive_leaves/train/olive_peacock_spot,2,1
data/olive_leaves/train/olive_peacock_spot/IMG_20190806_162544.jpg,data/olive_leaves/train/olive_peacock_spot,2,1
data/olive_leaves/train/olive_peacock_spot/IMG_20190806_162551.jpg,data/olive_leaves/train/olive_peacock_spot,2,2
data/olive_leaves/train/olive_peacock_spot/IMG_20190806_162600.jpg,data/olive_leaves/train/olive_peacock_spot,2,0
data/olive_leaves/train/olive_peacock_spot/IMG_20190806_162608.jpg,data/olive_leaves/train/olive_peacock_spot,2,0
data/olive_leaves/train/olive_peacock_spot/IMG_20190806_162621.jpg,data/olive_leaves/train/olive_peacock_spot,2,1
data/olive_leaves/train/olive_peacock_spot/IMG_20190806_162629.jpg,data/olive_leaves/train/olive_peacock_spot,2,1
data/olive_leaves/train/olive_peacock_spot/IMG_20190806_162636.jpg,data/olive_leaves/train/olive_peacock_spot,2,3
data/olive_leaves/train/olive_peacock_spot/IMG_20190806_162642.jpg,data/olive_leaves/train/olive_peacock_spot,2,0
data/olive_leaves/train/olive_peacock_spot/IMG_20190806_162646.jpg,data/olive_leaves/train/olive_peacock_spot,2,0
data/olive_leaves/train/olive_peacock_spot/IMG_20190806_162823.jpg,data/olive_leaves/train/olive_peacock_spot,2,1
data/olive_leaves/train/olive_peacock_spot/IMG_20190806_162900.jpg,data/olive_leaves/train/olive_peacock_spot,2,1
data/olive_leaves/train/olive_peacock_spot/IMG_20190806_162916.jpg,data/olive_leaves/train/olive_peacock_spot,2,0
data/olive_leaves/train/olive_peacock_spot/IMG_20190806_163107.jpg,data/olive_leaves/train/olive_peacock_spot,2,0
data/olive_leaves/train/olive_peacock_spot/IMG_20190806_163823.jpg,data/olive_leaves/train/olive_peacock_spot,2,2
data/olive_leaves/train/olive_peacock_spot/IMG_20190806_163828.jpg,data/olive_leaves/train/olive_peacock_spot,2,2
data/olive_leaves/train/olive_peacock_spot/IMG_20190806_163840.jpg,data/olive_leaves/train/olive_peacock_spot,2,1
data/olive_leaves/train/olive_peacock_spot/IMG_20190806_163852.jpg,data/olive_leaves/train/olive_peacock_spot,2,1
data/olive_leaves/train/olive_peacock_spot/IMG_20190806_163857.jpg,data/olive_leaves/train/olive_peacock_spot,2,0
data/olive_leaves/train/olive_peacock_spot/IMG_20190806_163908.jpg,data/olive_leaves/train/olive_peacock_spot,2,1
data/olive_leaves/train/olive_peacock_spot/IMG_20190806_163940.jpg,data/olive_leaves/train/olive_peacock_spot,2,1
data/olive_leaves/train/olive_peacock_spot/IMG_20190806_163943.jpg,data/olive_leaves/train/olive_peacock_spot,2,1
data/olive_leaves/train/olive_peacock_spot/IMG_20190806_163948.jpg,data/olive_leaves/train/olive_peacock_spot,2,2
data/olive_leaves/train/olive_peacock_spot/IMG_20190806_163952.jpg,data/olive_leaves/train/olive_peacock_spot,2,0
data/olive_leaves/train/olive_peacock_spot/IMG_20190806_163956.jpg,data/olive_leaves/train/olive_peacock_spot,2,1
data/olive_leaves/train/olive_peacock_spot/IMG_20190806_164025.jpg,data/olive_leaves/train/olive_peacock_spot,2,1
data/olive_leaves/train/olive_peacock_spot/IMG_20190806_164029.jpg,data/olive_leaves/train/olive_peacock_spot,2,1
data/olive_leaves/train/olive_peacock_spot/IMG_20190806_164035.jpg,data/olive_leaves/train/olive_peacock_spot,2,2
data/olive_leaves/train/olive_peacock_spot/IMG_20190806_164054.jpg,data/olive_leaves/train/olive_peacock_spot,2,2
data/olive_leaves/train/olive_peacock_spot/IMG_20190806_164101.jpg,data/olive_leaves/train/olive_peacock_spot,2,1
data/olive_leaves/train/olive_peacock_spot/IMG_20190806_164208.jpg,data/olive_leaves/train/olive_peacock_spot,2,2
data/olive_leaves/train/olive_peacock_spot/IMG_20190806_164211.jpg,data/olive_leaves/train/olive_peacock_spot,2,0
data/olive_leaves/train/olive_peacock_spot/IMG_20190806_164215.jpg,data/olive_leaves/train/olive_peacock_spot,2,2
data/olive_leaves/train/olive_peacock_spot/IMG_20190806_164309.jpg,data/olive_leaves/train/olive_peacock_spot,2,2
data/olive_leaves/train/olive_peacock_spot/IMG_20190806_164312.jpg,data/olive_leaves/train/olive_peacock_spot,2,1
data/olive_leaves/train/olive_peacock_spot/IMG_20190806_164358.jpg,data/olive_leaves/train/olive_peacock_spot,2,1
data/olive_leaves/train/olive_peacock_spot/IMG_20190806_164402.jpg,data/olive_leaves/train/olive_peacock_spot,2,0
data/olive_leaves/train/olive_peacock_spot/IMG_20190806_164405.jpg,data/olive_leaves/train/olive_peacock_spot,2,1
data/olive_leaves/train/olive_peacock_spot/IMG_20190806_164409.jpg,data/olive_leaves/train/olive_peacock_spot,2,2
data/olive_leaves/train/olive_peacock_spot/IMG_20190806_164413.jpg,data/olive_leaves/train/olive_peacock_spot,2,1
data/olive_leaves/train/olive_peacock_spot/IMG_20190806_164503.jpg,data/olive_leaves/train/olive_peacock_spot,2,1
data/olive_leaves/train/olive_peacock_spot/IMG_20190806_164729.jpg,data/olive_leaves/train/olive_peacock_spot,2,0
data/olive_leaves/train/olive_peacock_spot/IMG_20190806_164732.jpg,data/olive_leaves/train/olive_peacock_spot,2,1
data/olive_leaves/train/olive_peacock_spot/IMG_20190806_164737.jpg,data/olive_leaves/train/olive_peacock_spot,2,2
data/olive_leaves/train/olive_peacock_spot/IMG_20190806_164740.jpg,data/olive_leaves/train/olive_peacock_spot,2,1
data/olive_leaves/train/olive_peacock_spot/IMG_20190806_164802.jpg,data/olive_leaves/train/olive_peacock_spot,2,0
data/olive_leaves/train/olive_peacock_spot/IMG_20190806_164808.jpg,data/olive_leaves/train/olive_peacock_spot,2,1
data/olive_leaves/train/olive_peacock_spot/IMG_20190806_164811.jpg,data/olive_leaves/train/olive_peacock_spot,2,1
data/olive_leaves/train/olive_peacock_spot/IMG_20190806_164829.jpg,data/olive_leaves/train/olive_peacock_spot,2,1
data/olive_leaves/train/olive_peacock_spot/IMG_20190806_164832.jpg,data/olive_leaves/train/olive_peacock_spot,2,1
data/olive_leaves/train/olive_peacock_spot/IMG_20190806_164858.jpg,data/olive_leaves/train/olive_peacock_spot,2,0
data/olive_leaves/train/olive_peacock_spot/IMG_20190806_164901.jpg,data/olive_leaves/train/olive_peacock_spot,2,1
data/olive_leaves/train/olive_peacock_spot/IMG_20190806_164917.jpg,data/olive_leaves/train/olive_peacock_spot,2,1
data/olive_leaves/train/olive_peacock_spot/IMG_20190806_164920.jpg,data/olive_leaves/train/olive_peacock_spot,2,1
data/olive_leaves/train/olive_peacock_spot/IMG_20190806_164947.jpg,data/olive_leaves/train/olive_peacock_spot,2,1
data/olive_leaves/train/olive_peacock_spot/IMG_20190806_165048.jpg,data/olive_leaves/train/olive_peacock_spot,2,0
data/olive_leaves/train/olive_peacock_spot/IMG_20190806_165052.jpg,data/olive_leaves/train/olive_peacock_spot,2,1
data/olive_leaves/train/olive_peacock_spot/IMG_20190806_165056.jpg,data/olive_leaves/train/olive_peacock_spot,2,1
data/olive_leaves/train/olive_peacock_spot/IMG_20190806_165100.jpg,data/olive_leaves/train/olive_peacock_spot,2,1
data/olive_leaves/train/olive_peacock_spot/IMG_20190806_165143.jpg,data/olive_leaves/train/olive_peacock_spot,2,1
data/olive_leaves/train/olive_peacock_spot/IMG_20190806_165147.jpg,data/olive_leaves/train/olive_peacock_spot,2,1
data/olive_leaves/train/olive_peacock_spot/IMG_20190806_165159.jpg,data/olive_leaves/train/olive_peacock_spot,2,1
data/olive_leaves/train/olive_peacock_spot/IMG_20190806_165234.jpg,data/olive_leaves/train/olive_peacock_spot,2,1
data/olive_leaves/train/olive_peacock_spot/IMG_20190806_165237.jpg,data/olive_leaves/train/olive_peacock_spot,2,0
data/olive_leaves/train/olive_peacock_spot/IMG_20190806_165244.jpg,data/olive_leaves/train/olive_peacock_spot,2,1
data/olive_leaves/train/olive_peacock_spot/IMG_20190806_165248.jpg,data/olive_leaves/train/olive_peacock_spot,2,1
data/olive_leaves/train/olive_peacock_spot/IMG_20190806_165316.jpg,data/olive_leaves/train/olive_peacock_spot,2,1
data/olive_leaves/train/olive_peacock_spot/IMG_20190806_165320.jpg,data/olive_leaves/train/olive_peacock_spot,2,0
data/olive_leaves/train/olive_peacock_spot/IMG_20190806_165327.jpg,data/olive_leaves/train/olive_peacock_spot,2,1
data/olive_leaves/train/olive_peacock_spot/IMG_20190806_165330.jpg,data/olive_leaves/train/olive_peacock_spot,2,1
data/olive_leaves/train/olive_peacock_spot/IMG_20190806_165341.jpg,data/olive_leaves/train/olive_peacock_spot,2,1
data/olive_leaves/train/olive_peacock_spot/IMG_20190806_165352.jpg,data/olive_leaves/train/olive_peacock_spot,2,1
data/olive_leaves/train/olive_peacock_spot/IMG_20190806_165356.jpg,data/olive_leaves/train/olive_peacock_spot,2,0
data/olive_leaves/train/olive_peacock_spot/IMG_20190806_165408.jpg,data/olive_leaves/train/olive_peacock_spot,2,1
data/olive_leaves/train/olive_peacock_spot/IMG_20190806_165417.jpg,data/olive_leaves/train/olive_peacock_spot,2,1
data/olive_leaves/train/olive_peacock_spot/IMG_20190806_165420.jpg,data/olive_leaves/train/olive_peacock_spot,2,2
data/olive_leaves/train/olive_peacock_spot/IMG_20190806_165423.jpg,data/olive_leaves/train/olive_peacock_spot,2,1
data/olive_leaves/train/olive_peacock_spot/IMG_20190806_165437.jpg,data/olive_leaves/train/olive_peacock_spot,2,1
data/olive_leaves/train/olive_peacock_spot/IMG_20190806_165440.jpg,data/olive_leaves/train/olive_peacock_spot,2,0
data/olive_leaves/train/olive_peacock_spot/IMG_20190806_165447.jpg,data/olive_leaves/train/olive_peacock_spot,2,1
data/olive_leaves/train/olive_peacock_spot/IMG_20190806_165450.jpg,data/olive_leaves/train/olive_peacock_spot,2,1
data/olive_leaves/train/olive_peacock_spot/IMG_20190806_165510.jpg,data/olive_leaves/train/olive_peacock_spot,2,0
data/olive_leaves/train/olive_peacock_spot/IMG_20190806_165540.jpg,data/olive_leaves/train/olive_peacock_spot,2,1
data/olive_leaves/train/olive_peacock_spot/IMG_20190806_165546.jpg,data/olive_leaves/train/olive_peacock_spot,2,3
data/olive_leaves/train/olive_peacock_spot/IMG_20190806_165550.jpg,data/olive_leaves/train/olive_peacock_spot,2,0
data/olive_leaves/train/olive_peacock_spot/IMG_20190806_165553.jpg,data/olive_leaves/train/olive_peacock_spot,2,1
data/olive_leaves/train/olive_peacock_spot/IMG_20190806_165627.jpg,data/olive_leaves/train/olive_peacock_spot,2,1
data/olive_leaves/train/olive_peacock_spot/IMG_20190806_165634.jpg,data/olive_leaves/train/olive_peacock_spot,2,1
data/olive_leaves/train/olive_peacock_spot/IMG_20190806_165638.jpg,data/olive_leaves/train/olive_peacock_spot,2,1
data/olive_leaves/train/olive_peacock_spot/IMG_20190806_165641.jpg,data/olive_leaves/train/olive_peacock_spot,2,1
data/olive_leaves/train/olive_peacock_spot/IMG_20190806_165654.jpg,data/olive_leaves/train/olive_peacock_spot,2,2
data/olive_leaves/train/olive_peacock_spot/IMG_20190806_165706.jpg,data/olive_leaves/train/olive_peacock_spot,2,2
data/olive_leaves/train/olive_peacock_spot/IMG_20190806_165715.jpg,data/olive_leaves/train/olive_peacock_spot,2,1
data/olive_leaves/train/olive_peacock_spot/IMG_20190806_165718.jpg,data/olive_leaves/train/olive_peacock_spot,2,0
data/olive_leaves/train/olive_peacock_spot/IMG_20190806_165723.jpg,data/olive_leaves/train/olive_peacock_spot,2,1
data/olive_leaves/train/olive_peacock_spot/IMG_20190806_165726.jpg,data/olive_leaves/train/olive_peacock_spot,2,1
data/olive_leaves/train/olive_peacock_spot/IMG_20190806_165728.jpg,data/olive_leaves/train/olive_peacock_spot,2,1
data/olive_leaves/train/olive_peacock_spot/IMG_20190806_165745.jpg,data/olive_leaves/train/olive_peacock_spot,2,2
data/olive_leaves/train/olive_peacock_spot/IMG_20190806_165748.jpg,data/olive_leaves/train/olive_peacock_spot,2,0
data/olive_leaves/train/olive_peacock_spot/IMG_20190806_165752.jpg,data/olive_leaves/train/olive_peacock_spot,2,2
data/olive_leaves/train/olive_peacock_spot/IMG_20190806_165756.jpg,data/olive_leaves/train/olive_peacock_spot,2,1
data/olive_leaves/train/olive_peacock_spot/IMG_20190806_165758.jpg,data/olive_leaves/train/olive_peacock_spot,2,1
data/olive_leaves/train/olive_peacock_spot/IMG_20190806_165819.jpg,data/olive_leaves/train/olive_peacock_spot,2,1
data/olive_leaves/train/olive_peacock_spot/IMG_20190806_165822.jpg,data/olive_leaves/train/olive_peacock_spot,2,2
data/olive_leaves/train/olive_peacock_spot/IMG_20190806_165825.jpg,data/olive_leaves/train/olive_peacock_spot,2,1
data/olive_leaves/train/olive_peacock_spot/IMG_20190806_165940.jpg,data/olive_leaves/train/olive_peacock_spot,2,1
data/olive_leaves/train/olive_peacock_spot/IMG_20190806_165942.jpg,data/olive_leaves/train/olive_peacock_spot,2,1
data/olive_leaves/train/olive_peacock_spot/IMG_20190806_165945.jpg,data/olive_leaves/train/olive_peacock_spot,2,1
data/olive_leaves/train/olive_peacock_spot/IMG_20190806_165957.jpg,data/olive_leaves/train/olive_peacock_spot,2,1
data/olive_leaves/train/olive_peacock_spot/IMG_20190806_170000.jpg,data/olive_leaves/train/olive_peacock_spot,2,2
data/olive_leaves/train/olive_peacock_spot/IMG_20190806_170003.jpg,data/olive_leaves/train/olive_peacock_spot,2,2
data/olive_leaves/train/olive_peacock_spot/IMG_20190806_170006.jpg,data/olive_leaves/train/olive_peacock_spot,2,1
data/olive_leaves/train/olive_peacock_spot/IMG_20190806_170009.jpg,data/olive_leaves/train/olive_peacock_spot,2,1
data/olive_leaves/train/olive_peacock_spot/IMG_20190806_170030.jpg,data/olive_leaves/train/olive_peacock_spot,2,1
data/olive_leaves/train/olive_peacock_spot/IMG_20190806_170111.jpg,data/olive_leaves/train/olive_peacock_spot,2,1
data/olive_leaves/train/olive_peacock_spot/IMG_20190806_170114.jpg,data/olive_leaves/train/olive_peacock_spot,2,0
data/olive_leaves/train/olive_peacock_spot/IMG_20190806_170119.jpg,data/olive_leaves/train/olive_peacock_spot,2,1
data/olive_leaves/train/olive_peacock_spot/IMG_20190806_170122.jpg,data/olive_leaves/train/olive_peacock_spot,2,1
data/olive_leaves/train/olive_peacock_spot/IMG_20190806_170128.jpg,data/olive_leaves/train/olive_peacock_spot,2,1
data/olive_leaves/train/olive_peacock_spot/IMG_20190806_170149.jpg,data/olive_leaves/train/olive_peacock_spot,2,2
data/olive_leaves/train/olive_peacock_spot/IMG_20190806_170152.jpg,data/olive_leaves/train/olive_peacock_spot,2,0
data/olive_leaves/train/olive_peacock_spot/IMG_20190806_170157.jpg,data/olive_leaves/train/olive_peacock_spot,2,1
data/olive_leaves/train/olive_peacock_spot/IMG_20190806_170201.jpg,data/olive_leaves/train/olive_peacock_spot,2,1
data/olive_leaves/train/olive_peacock_spot/IMG_20190806_170204.jpg,data/olive_leaves/train/olive_peacock_spot,2,1
data/olive_leaves/train/olive_peacock_spot/IMG_20190806_170225.jpg,data/olive_leaves/train/olive_peacock_spot,2,1
data/olive_leaves/train/olive_peacock_spot/IMG_20190806_170228.jpg,data/olive_leaves/train/olive_peacock_spot,2,0
data/olive_leaves/train/olive_peacock_spot/IMG_20190806_170234.jpg,data/olive_leaves/train/olive_peacock_spot,2,1
data/olive_leaves/train/olive_peacock_spot/IMG_20190806_170245.jpg,data/olive_leaves/train/olive_peacock_spot,2,1
data/olive_leaves/train/olive_peacock_spot/IMG_20190806_170248.jpg,data/olive_leaves/train/olive_peacock_spot,2,1
data/olive_leaves/train/olive_peacock_spot/IMG_20190806_170251.jpg,data/olive_leaves/train/olive_peacock_spot,2,2
data/olive_leaves/train/olive_peacock_spot/IMG_20190806_170254.jpg,data/olive_leaves/train/olive_peacock_spot,2,1
data/olive_leaves/train/olive_peacock_spot/IMG_20190806_170258.jpg,data/olive_leaves/train/olive_peacock_spot,2,1
data/olive_leaves/train/olive_peacock_spot/IMG_20190806_170329.jpg,data/olive_leaves/train/olive_peacock_spot,2,2
data/olive_leaves/train/olive_peacock_spot/IMG_20190806_170332.jpg,data/olive_leaves/train/olive_peacock_spot,2,0
data/olive_leaves/train/olive_peacock_spot/IMG_20190806_170336.jpg,data/olive_leaves/train/olive_peacock_spot,2,1
data/olive_leaves/train/olive_peacock_spot/IMG_20190806_170340.jpg,data/olive_leaves/train/olive_peacock_spot,2,1
data/olive_leaves/train/olive_peacock_spot/IMG_20190806_170420.jpg,data/olive_leaves/train/olive_peacock_spot,2,1
data/olive_leaves/train/olive_peacock_spot/IMG_20190806_170423.jpg,data/olive_leaves/train/olive_peacock_spot,2,1
data/olive_leaves/train/olive_peacock_spot/IMG_20190806_170425.jpg,data/olive_leaves/train/olive_peacock_spot,2,1
data/olive_leaves/train/olive_peacock_spot/IMG_20190806_170428.jpg,data/olive_leaves/train/olive_peacock_spot,2,1
data/olive_leaves/train/olive_peacock_spot/IMG_20190806_170431.jpg,data/olive_leaves/train/olive_peacock_spot,2,1
data/olive_leaves/train/olive_peacock_spot/IMG_20190806_170444.jpg,data/olive_leaves/train/olive_peacock_spot,2,1
data/olive_leaves/train/olive_peacock_spot/IMG_20190806_170448.jpg,data/olive_leaves/train/olive_peacock_spot,2,0
data/olive_leaves/train/olive_peacock_spot/IMG_20190806_170452.jpg,data/olive_leaves/train/olive_peacock_spot,2,1
data/olive_leaves/train/olive_peacock_spot/IMG_20190806_170455.jpg,data/olive_leaves/train/olive_peacock_spot,2,1
data/olive_leaves/train/olive_peacock_spot/IMG_20190806_170458.jpg,data/olive_leaves/train/olive_peacock_spot,2,1
data/olive_leaves/train/olive_peacock_spot/IMG_20190806_170511.jpg,data/olive_leaves/train/olive_peacock_spot,2,1
data/olive_leaves/train/olive_peacock_spot/IMG_20190806_170514.jpg,data/olive_leaves/train/olive_peacock_spot,2,1
data/olive_leaves/train/olive_peacock_spot/IMG_20190806_170519.jpg,data/olive_leaves/train/olive_peacock_spot,2,1
data/olive_leaves/train/olive_peacock_spot/IMG_20190806_170522.jpg,data/olive_leaves/train/olive_peacock_spot,2,1
data/olive_leaves/train/olive_peacock_spot/IMG_20190806_170526.jpg,data/olive_leaves/train/olive_peacock_spot,2,1
data/olive_leaves/train/olive_peacock_spot/IMG_20190806_170539.jpg,data/olive_leaves/train/olive_peacock_spot,2,1
data/olive_leaves/train/olive_peacock_spot/IMG_20190806_170542.jpg,data/olive_leaves/train/olive_peacock_spot,2,0
data/olive_leaves/train/olive_peacock_spot/IMG_20190806_170545.jpg,data/olive_leaves/train/olive_peacock_spot,2,1
data/olive_leaves/train/olive_peacock_spot/IMG_20190806_170548.jpg,data/olive_leaves/train/olive_peacock_spot,2,1
data/olive_leaves/train/olive_peacock_spot/IMG_20190806_170551.jpg,data/olive_leaves/train/olive_peacock_spot,2,1
data/olive_leaves/train/olive_peacock_spot/IMG_20190806_170603.jpg,data/olive_leaves/train/olive_peacock_spot,2,2
data/olive_leaves/train/olive_peacock_spot/IMG_20190806_170606.jpg,data/olive_leaves/train/olive_peacock_spot,2,0
data/olive_leaves/train/olive_peacock_spot/IMG_20190806_170609.jpg,data/olive_leaves/train/olive_peacock_spot,2,2
data/olive_leaves/train/olive_peacock_spot/IMG_20190806_170613.jpg,data/olive_leaves/train/olive_peacock_spot,2,1
data/olive_leaves/train/olive_peacock_spot/IMG_20190806_170621.jpg,data/olive_leaves/train/olive_peacock_spot,2,1
data/olive_leaves/train/olive_peacock_spot/IMG_20190806_170624.jpg,data/olive_leaves/train/olive_peacock_spot,2,1
data/olive_leaves/train/olive_peacock_spot/IMG_20190806_170628.jpg,data/olive_leaves/train/olive_peacock_spot,2,2
data/olive_leaves/train/olive_peacock_spot/IMG_20190806_170631.jpg,data/olive_leaves/train/olive_peacock_spot,2,0
data/olive_leaves/train/olive_peacock_spot/IMG_20190806_170631_1.jpg,data/olive_leaves/train/olive_peacock_spot,2,0
data/olive_leaves/train/olive_peacock_spot/IMG_20190806_170634.jpg,data/olive_leaves/train/olive_peacock_spot,2,1
data/olive_leaves/train/olive_peacock_spot/IMG_20190806_170652.jpg,data/olive_leaves/train/olive_peacock_spot,2,1
data/olive_leaves/train/olive_peacock_spot/IMG_20190806_170654.jpg,data/olive_leaves/train/olive_peacock_spot,2,0
data/olive_leaves/train/olive_peacock_spot/IMG_20190806_170657.jpg,data/olive_leaves/train/olive_peacock_spot,2,1
data/olive_leaves/train/olive_peacock_spot/IMG_20190806_170703.jpg,data/olive_leaves/train/olive_peacock_spot,2,1
data/olive_leaves/train/olive_peacock_spot/IMG_20190806_170709.jpg,data/olive_leaves/train/olive_peacock_spot,2,1
data/olive_leaves/train/olive_peacock_spot/IMG_20190806_170720.jpg,data/olive_leaves/train/olive_peacock_spot,2,1
data/olive_leaves/train/olive_peacock_spot/IMG_20190806_170724.jpg,data/olive_leaves/train/olive_peacock_spot,2,0
data/olive_leaves/train/olive_peacock_spot/IMG_20190806_170729.jpg,data/olive_leaves/train/olive_peacock_spot,2,1
data/olive_leaves/train/olive_peacock_spot/IMG_20190806_170733.jpg,data/olive_leaves/train/olive_peacock_spot,2,1
data/olive_leaves/train/olive_peacock_spot/IMG_20190806_170736.jpg,data/olive_leaves/train/olive_peacock_spot,2,1
data/olive_leaves/train/olive_peacock_spot/IMG_20190806_170818.jpg,data/olive_leaves/train/olive_peacock_spot,2,1
data/olive_leaves/train/olive_peacock_spot/IMG_20190806_170820.jpg,data/olive_leaves/train/olive_peacock_spot,2,1
data/olive_leaves/train/olive_peacock_spot/IMG_20190806_170823.jpg,data/olive_leaves/train/olive_peacock_spot,2,2
data/olive_leaves/train/olive_peacock_spot/IMG_20190806_170826.jpg,data/olive_leaves/train/olive_peacock_spot,2,0
data/olive_leaves/train/olive_peacock_spot/IMG_20190806_170830.jpg,data/olive_leaves/train/olive_peacock_spot,2,1
data/olive_leaves/train/olive_peacock_spot/IMG_20190806_170932.jpg,data/olive_leaves/train/olive_peacock_spot,2,1
data/olive_leaves/train/olive_peacock_spot/IMG_20190806_170935.jpg,data/olive_leaves/train/olive_peacock_spot,2,1
data/olive_leaves/train/olive_peacock_spot/IMG_20190806_170938.jpg,data/olive_leaves/train/olive_peacock_spot,2,2
data/olive_leaves/train/olive_peacock_spot/IMG_20190806_170942.jpg,data/olive_leaves/train/olive_peacock_spot,2,0
data/olive_leaves/train/olive_peacock_spot/IMG_20190806_170946.jpg,data/olive_leaves/train/olive_peacock_spot,2,1
data/olive_leaves/train/olive_peacock_spot/IMG_20190806_171002.jpg,data/olive_leaves/train/olive_peacock_spot,2,1
data/olive_leaves/train/olive_peacock_spot/IMG_20190806_171006.jpg,data/olive_leaves/train/olive_peacock_spot,2,0
data/olive_leaves/train/olive_peacock_spot/IMG_20190806_171012.jpg,data/olive_leaves/train/olive_peacock_spot,2,1
data/olive_leaves/train/olive_peacock_spot/IMG_20190806_171015.jpg,data/olive_leaves/train/olive_peacock_spot,2,1
data/olive_leaves/train/olive_peacock_spot/IMG_20190806_171029.jpg,data/olive_leaves/train/olive_peacock_spot,2,1
data/olive_leaves/train/olive_peacock_spot/IMG_20190806_171032.jpg,data/olive_leaves/train/olive_peacock_spot,2,0
data/olive_leaves/train/olive_peacock_spot/IMG_20190806_171034.jpg,data/olive_leaves/train/olive_peacock_spot,2,1
data/olive_leaves/train/olive_peacock_spot/IMG_20190806_171037.jpg,data/olive_leaves/train/olive_peacock_spot,2,1
data/olive_leaves/train/olive_peacock_spot/IMG_20190806_171040.jpg,data/olive_leaves/train/olive_peacock_spot,2,1
data/olive_leaves/train/olive_peacock_spot/IMG_20190806_171049.jpg,data/olive_leaves/train/olive_peacock_spot,2,1
data/olive_leaves/train/olive_peacock_spot/IMG_20190806_171052.jpg,data/olive_leaves/train/olive_peacock_spot,2,1
data/olive_leaves/train/olive_peacock_spot/IMG_20190806_171055.jpg,data/olive_leaves/train/olive_peacock_spot,2,1
data/olive_leaves/train/olive_peacock_spot/IMG_20190806_171058.jpg,data/olive_leaves/train/olive_peacock_spot,2,0
data/olive_leaves/train/olive_peacock_spot/IMG_20190806_171101.jpg,data/olive_leaves/train/olive_peacock_spot,2,1
data/olive_leaves/train/olive_peacock_spot/IMG_20190806_171110.jpg,data/olive_leaves/train/olive_peacock_spot,2,1
data/olive_leaves/train/olive_peacock_spot/IMG_20190806_171114.jpg,data/olive_leaves/train/olive_peacock_spot,2,0
data/olive_leaves/train/olive_peacock_spot/IMG_20190806_171117.jpg,data/olive_leaves/train/olive_peacock_spot,2,2
data/olive_leaves/train/olive_peacock_spot/IMG_20190806_171121.jpg,data/olive_leaves/train/olive_peacock_spot,2,1
data/olive_leaves/train/olive_peacock_spot/IMG_20190806_171124.jpg,data/olive_leaves/train/olive_peacock_spot,2,1
data/olive_leaves/train/olive_peacock_spot/IMG_20190806_171132.jpg,data/olive_leaves/train/olive_peacock_spot,2,1
data/olive_leaves/train/olive_peacock_spot/IMG_20190806_171135.jpg,data/olive_leaves/train/olive_peacock_spot,2,1
data/olive_leaves/train/olive_peacock_spot/IMG_20190806_171138.jpg,data/olive_leaves/train/olive_peacock_spot,2,1
data/olive_leaves/train/olive_peacock_spot/IMG_20190806_171141.jpg,data/olive_leaves/train/olive_peacock_spot,2,0
data/olive_leaves/train/olive_peacock_spot/IMG_20190806_171144.jpg,data/olive_leaves/train/olive_peacock_spot,2,1
data/olive_leaves/train/olive_peacock_spot/IMG_20190806_171155.jpg,data/olive_leaves/train/olive_peacock_spot,2,1
data/olive_leaves/train/olive_peacock_spot/IMG_20190806_171204.jpg,data/olive_leaves/train/olive_peacock_spot,2,0
data/olive_leaves/train/olive_peacock_spot/IMG_20190806_171208.jpg,data/olive_leaves/train/olive_peacock_spot,2,1
data/olive_leaves/train/olive_peacock_spot/IMG_20190806_171222.jpg,data/olive_leaves/train/olive_peacock_spot,2,1
data/olive_leaves/train/olive_peacock_spot/IMG_20190806_171224.jpg,data/olive_leaves/train/olive_peacock_spot,2,0
data/olive_leaves/train/olive_peacock_spot/IMG_20190806_171233.jpg,data/olive_leaves/train/olive_peacock_spot,2,1
data/olive_leaves/train/olive_peacock_spot/IMG_20190806_171241.jpg,data/olive_leaves/train/olive_peacock_spot,2,1
data/olive_leaves/train/olive_peacock_spot/IMG_20190806_171243.jpg,data/olive_leaves/train/olive_peacock_spot,2,0
data/olive_leaves/train/olive_peacock_spot/IMG_20190806_171246.jpg,data/olive_leaves/train/olive_peacock_spot,2,1
data/olive_leaves/train/olive_peacock_spot/IMG_20190806_171249.jpg,data/olive_leaves/train/olive_peacock_spot,2,1
data/olive_leaves/train/olive_peacock_spot/IMG_20190806_171252.jpg,data/olive_leaves/train/olive_peacock_spot,2,1
data/olive_leaves/train/olive_peacock_spot/IMG_20190806_171308.jpg,data/olive_leaves/train/olive_peacock_spot,2,1
data/olive_leaves/train/olive_peacock_spot/IMG_20190806_171311.jpg,data/olive_leaves/train/olive_peacock_spot,2,1
data/olive_leaves/train/olive_peacock_spot/IMG_20190806_171314.jpg,data/olive_leaves/train/olive_peacock_spot,2,2
data/olive_leaves/train/olive_peacock_spot/IMG_20190806_171317.jpg,data/olive_leaves/train/olive_peacock_spot,2,0
data/olive_leaves/train/olive_peacock_spot/IMG_20190806_171323.jpg,data/olive_leaves/train/olive_peacock_spot,2,1
data/olive_leaves/train/olive_peacock_spot/IMG_20190806_171332.jpg,data/olive_leaves/train/olive_peacock_spot,2,1
data/olive_leaves/train/olive_peacock_spot/IMG_20190806_171335.jpg,data/olive_leaves/train/olive_peacock_spot,2,0
data/olive_leaves/train/olive_peacock_spot/IMG_20190806_171337.jpg,data/olive_leaves/train/olive_peacock_spot,2,1
data/olive_leaves/train/olive_peacock_spot/IMG_20190806_171341.jpg,data/olive_leaves/train/olive_peacock_spot,2,1
data/olive_leaves/train/olive_peacock_spot/IMG_20190806_171343.jpg,data/olive_leaves/train/olive_peacock_spot,2,1
data/olive_leaves/train/olive_peacock_spot/IMG_20190806_171419.jpg,data/olive_leaves/train/olive_peacock_spot,2,1
data/olive_leaves/train/olive_peacock_spot/IMG_20190806_171422.jpg,data/olive_leaves/train/olive_peacock_spot,2,0
data/olive_leaves/train/olive_peacock_spot/IMG_20190806_171428.jpg,data/olive_leaves/train/olive_peacock_spot,2,2
data/olive_leaves/train/olive_peacock_spot/IMG_20190806_171431.jpg,data/olive_leaves/train/olive_peacock_spot,2,1
data/olive_leaves/train/olive_peacock_spot/IMG_20190806_171506.jpg,data/olive_leaves/train/olive_peacock_spot,2,1
data/olive_leaves/train/olive_peacock_spot/IMG_20190806_171509.jpg,data/olive_leaves/train/olive_peacock_spot,2,2
data/olive_leaves/train/olive_peacock_spot/IMG_20190806_171512.jpg,data/olive_leaves/train/olive_peacock_spot,2,2
data/olive_leaves/train/olive_peacock_spot/IMG_20190806_171516.jpg,data/olive_leaves/train/olive_peacock_spot,2,0
data/olive_leaves/train/olive_peacock_spot/IMG_20190806_171520.jpg,data/olive_leaves/train/olive_peacock_spot,2,1
data/olive_leaves/train/olive_peacock_spot/IMG_20190806_171556.jpg,data/olive_leaves/train/olive_peacock_spot,2,1
data/olive_leaves/train/olive_peacock_spot/IMG_20190806_171602.jpg,data/olive_leaves/train/olive_peacock_spot,2,1
data/olive_leaves/train/olive_peacock_spot/IMG_20190806_171613.jpg,data/olive_leaves/train/olive_peacock_spot,2,1
data/olive_leaves/train/olive_peacock_spot/IMG_20190806_171624.jpg,data/olive_leaves/train/olive_peacock_spot,2,1
data/olive_leaves/train/olive_peacock_spot/IMG_20190806_171628.jpg,data/olive_leaves/train/olive_peacock_spot,2,0
data/olive_leaves/train/olive_peacock_spot/IMG_20190806_171634.jpg,data/olive_leaves/train/olive_peacock_spot,2,2
data/olive_leaves/train/olive_peacock_spot/IMG_20190806_171638.jpg,data/olive_leaves/train/olive_peacock_spot,2,1
data/olive_leaves/train/olive_peacock_spot/IMG_20190806_171657.jpg,data/olive_leaves/train/olive_peacock_spot,2,1
data/olive_leaves/train/olive_peacock_spot/IMG_20190806_171701.jpg,data/olive_leaves/train/olive_peacock_spot,2,0
data/olive_leaves/train/olive_peacock_spot/IMG_20190806_171711.jpg,data/olive_leaves/train/olive_peacock_spot,2,2
data/olive_leaves/train/olive_peacock_spot/IMG_20190806_171719.jpg,data/olive_leaves/train/olive_peacock_spot,2,1
data/olive_leaves/train/olive_peacock_spot/IMG_20190806_171722.jpg,data/olive_leaves/train/olive_peacock_spot,2,0
data/olive_leaves/train/olive_peacock_spot/IMG_20190806_171725.jpg,data/olive_leaves/train/olive_peacock_spot,2,1
data/olive_leaves/train/olive_peacock_spot/IMG_20190806_171728.jpg,data/olive_leaves/train/olive_peacock_spot,2,1
data/olive_leaves/train/olive_peacock_spot/IMG_20190806_171731.jpg,data/olive_leaves/train/olive_peacock_spot,2,1
data/olive_leaves/train/olive_peacock_spot/IMG_20190806_171812.jpg,data/olive_leaves/train/olive_peacock_spot,2,1
data/olive_leaves/train/olive_peacock_spot/IMG_20190806_171815.jpg,data/olive_leaves/train/olive_peacock_spot,2,2
data/olive_leaves/train/olive_peacock_spot/IMG_20190806_171818.jpg,data/olive_leaves/train/olive_peacock_spot,2,2
data/olive_leaves/train/olive_peacock_spot/IMG_20190806_171821.jpg,data/olive_leaves/train/olive_peacock_spot,2,1
data/olive_leaves/train/olive_peacock_spot/IMG_20190806_171824.jpg,data/olive_leaves/train/olive_peacock_spot,2,1
data/olive_leaves/train/olive_peacock_spot/IMG_20190806_171832.jpg,data/olive_leaves/train/olive_peacock_spot,2,1
data/olive_leaves/train/olive_peacock_spot/IMG_20190806_171836.jpg,data/olive_leaves/train/olive_peacock_spot,2,1
data/olive_leaves/train/olive_peacock_spot/IMG_20190806_171838.jpg,data/olive_leaves/train/olive_peacock_spot,2,2
data/olive_leaves/train/olive_peacock_spot/IMG_20190806_171842.jpg,data/olive_leaves/train/olive_peacock_spot,2,0
data/olive_leaves/train/olive_peacock_spot/IMG_20190806_171845.jpg,data/olive_leaves/train/olive_peacock_spot,2,1
data/olive_leaves/train/olive_peacock_spot/IMG_20190806_171857.jpg,data/olive_leaves/train/olive_peacock_spot,2,1
data/olive_leaves/train/olive_peacock_spot/IMG_20190806_171859.jpg,data/olive_leaves/train/olive_peacock_spot,2,1
data/olive_leaves/train/olive_peacock_spot/IMG_20190806_171906.jpg,data/olive_leaves/train/olive_peacock_spot,2,1
data/olive_leaves/train/olive_peacock_spot/IMG_20190806_172008.jpg,data/olive_leaves/train/olive_peacock_spot,2,2
data/olive_leaves/train/olive_peacock_spot/IMG_20190806_172018.jpg,data/olive_leaves/train/olive_peacock_spot,2,2
data/olive_leaves/train/olive_peacock_spot/IMG_20190806_172021.jpg,data/olive_leaves/train/olive_peacock_spot,2,1
data/olive_leaves/train/olive_peacock_spot/IMG_20190806_172627.jpg,data/olive_leaves/train/olive_peacock_spot,2,2
data/olive_leaves/train/olive_peacock_spot/IMG_20190806_172630.jpg,data/olive_leaves/train/olive_peacock_spot,2,1
data/olive_leaves/train/olive_peacock_spot/IMG_20190806_172633.jpg,data/olive_leaves/train/olive_peacock_spot,2,1
data/olive_leaves/train/olive_peacock_spot/IMG_20190806_172635.jpg,data/olive_leaves/train/olive_peacock_spot,2,0
data/olive_leaves/train/olive_peacock_spot/IMG_20190806_172638.jpg,data/olive_leaves/train/olive_peacock_spot,2,1
data/olive_leaves/train/olive_peacock_spot/IMG_20190806_172655.jpg,data/olive_leaves/train/olive_peacock_spot,2,1
data/olive_leaves/train/olive_peacock_spot/IMG_20190806_172928.jpg,data/olive_leaves/train/olive_peacock_spot,2,1
data/olive_leaves/train/olive_peacock_spot/IMG_20190806_172932.jpg,data/olive_leaves/train/olive_peacock_spot,2,1
data/olive_leaves/train/olive_peacock_spot/IMG_20190806_172941.jpg,data/olive_leaves/train/olive_peacock_spot,2,1
data/olive_leaves/train/olive_peacock_spot/IMG_20190806_172952.jpg,data/olive_leaves/train/olive_peacock_spot,2,1
data/olive_leaves/train/olive_peacock_spot/IMG_20190806_173037.jpg,data/olive_leaves/train/olive_peacock_spot,2,1
data/olive_leaves/train/olive_peacock_spot/IMG_20190806_173040.jpg,data/olive_leaves/train/olive_peacock_spot,2,0
data/olive_leaves/train/olive_peacock_spot/IMG_20190806_173044.jpg,data/olive_leaves/train/olive_peacock_spot,2,1
data/olive_leaves/train/olive_peacock_spot/IMG_20190806_173048.jpg,data/olive_leaves/train/olive_peacock_spot,2,1
data/olive_leaves/train/olive_peacock_spot/IMG_20190806_173101.jpg,data/olive_leaves/train/olive_peacock_spot,2,1
data/olive_leaves/train/olive_peacock_spot/IMG_20190806_173104.jpg,data/olive_leaves/train/olive_peacock_spot,2,1
data/olive_leaves/train/olive_peacock_spot/IMG_20190806_173107.jpg,data/olive_leaves/train/olive_peacock_spot,2,1
data/olive_leaves/train/olive_peacock_spot/IMG_20190806_173110.jpg,data/olive_leaves/train/olive_peacock_spot,2,1
data/olive_leaves/train/olive_peacock_spot/IMG_20190806_173129.jpg,data/olive_leaves/train/olive_peacock_spot,2,1
data/olive_leaves/train/olive_peacock_spot/IMG_20190806_173134.jpg,data/olive_leaves/train/olive_peacock_spot,2,1
data/olive_leaves/train/olive_peacock_spot/IMG_20190806_173137.jpg,data/olive_leaves/train/olive_peacock_spot,2,1
data/olive_leaves/train/olive_peacock_spot/IMG_20190806_173139.jpg,data/olive_leaves/train/olive_peacock_spot,2,0
data/olive_leaves/train/olive_peacock_spot/IMG_20190806_173142.jpg,data/olive_leaves/train/olive_peacock_spot,2,1
data/olive_leaves/train/olive_peacock_spot/IMG_20190806_173152.jpg,data/olive_leaves/train/olive_peacock_spot,2,1
data/olive_leaves/train/olive_peacock_spot/IMG_20190806_173155.jpg,data/olive_leaves/train/olive_peacock_spot,2,3
data/olive_leaves/train/olive_peacock_spot/IMG_20190806_173158.jpg,data/olive_leaves/train/olive_peacock_spot,2,2
data/olive_leaves/train/olive_peacock_spot/IMG_20190806_173201.jpg,data/olive_leaves/train/olive_peacock_spot,2,0
data/olive_leaves/train/olive_peacock_spot/IMG_20190806_173204.jpg,data/olive_leaves/train/olive_peacock_spot,2,1
data/olive_leaves/train/olive_peacock_spot/IMG_20190806_173224.jpg,data/olive_leaves/train/olive_peacock_spot,2,1
data/olive_leaves/train/olive_peacock_spot/IMG_20190806_173234.jpg,data/olive_leaves/train/olive_peacock_spot,2,1
data/olive_leaves/train/olive_peacock_spot/IMG_20190806_173242.jpg,data/olive_leaves/train/olive_peacock_spot,2,1
data/olive_leaves/train/olive_peacock_spot/IMG_20190806_173245.jpg,data/olive_leaves/train/olive_peacock_spot,2,1
data/olive_leaves/train/olive_peacock_spot/IMG_20190806_173252.jpg,data/olive_leaves/train/olive_peacock_spot,2,1
data/olive_leaves/train/olive_peacock_spot/IMG_20190806_173309.jpg,data/olive_leaves/train/olive_peacock_spot,2,1
data/olive_leaves/train/olive_peacock_spot/IMG_20190806_173312.jpg,data/olive_leaves/train/olive_peacock_spot,2,0
data/olive_leaves/train/olive_peacock_spot/IMG_20190806_173315.jpg,data/olive_leaves/train/olive_peacock_spot,2,1
data/olive_leaves/train/olive_peacock_spot/IMG_20190806_173318.jpg,data/olive_leaves/train/olive_peacock_spot,2,2
data/olive_leaves/train/olive_peacock_spot/IMG_20190806_173321.jpg,data/olive_leaves/train/olive_peacock_spot,2,1
data/olive_leaves/train/olive_peacock_spot/IMG_20190806_173331.jpg,data/olive_leaves/train/olive_peacock_spot,2,1
data/olive_leaves/train/olive_peacock_spot/IMG_20190806_173335.jpg,data/olive_leaves/train/olive_peacock_spot,2,2
data/olive_leaves/train/olive_peacock_spot/IMG_20190806_173338.jpg,data/olive_leaves/train/olive_peacock_spot,2,1
data/olive_leaves/train/olive_peacock_spot/IMG_20190806_173342.jpg,data/olive_leaves/train/olive_peacock_spot,2,0
data/olive_leaves/train/olive_peacock_spot/IMG_20190806_173346.jpg,data/olive_leaves/train/olive_peacock_spot,2,2
data/olive_leaves/train/olive_peacock_spot/IMG_20190806_173416.jpg,data/olive_leaves/train/olive_peacock_spot,2,2
data/olive_leaves/train/olive_peacock_spot/IMG_20190806_173419.jpg,data/olive_leaves/train/olive_peacock_spot,2,0
data/olive_leaves/train/olive_peacock_spot/IMG_20190806_173422.jpg,data/olive_leaves/train/olive_peacock_spot,2,2
data/olive_leaves/train/olive_peacock_spot/IMG_20190806_173425.jpg,data/olive_leaves/train/olive_peacock_spot,2,1
data/olive_leaves/train/olive_peacock_spot/IMG_20190806_173428.jpg,data/olive_leaves/train/olive_peacock_spot,2,2
data/olive_leaves/train/olive_peacock_spot/IMG_20190806_173439.jpg,data/olive_leaves/train/olive_peacock_spot,2,1
data/olive_leaves/train/olive_peacock_spot/IMG_20190806_173442.jpg,data/olive_leaves/train/olive_peacock_spot,2,1
data/olive_leaves/train/olive_peacock_spot/IMG_20190806_173444.jpg,data/olive_leaves/train/olive_peacock_spot,2,1
data/olive_leaves/train/olive_peacock_spot/IMG_20190806_173447.jpg,data/olive_leaves/train/olive_peacock_spot,2,1
data/olive_leaves/train/olive_peacock_spot/IMG_20190806_173451.jpg,data/olive_leaves/train/olive_peacock_spot,2,1
data/olive_leaves/train/olive_peacock_spot/IMG_20190806_173459.jpg,data/olive_leaves/train/olive_peacock_spot,2,1
data/olive_leaves/train/olive_peacock_spot/IMG_20190806_173502.jpg,data/olive_leaves/train/olive_peacock_spot,2,0
data/olive_leaves/train/olive_peacock_spot/IMG_20190806_173504.jpg,data/olive_leaves/train/olive_peacock_spot,2,1
data/olive_leaves/train/olive_peacock_spot/IMG_20190806_173507.jpg,data/olive_leaves/train/olive_peacock_spot,2,1
data/olive_leaves/train/olive_peacock_spot/IMG_20190806_173510.jpg,data/olive_leaves/train/olive_peacock_spot,2,1
data/olive_leaves/train/olive_peacock_spot/IMG_20190806_173521.jpg,data/olive_leaves/train/olive_peacock_spot,2,1
data/olive_leaves/train/olive_peacock_spot/IMG_20190806_173523.jpg,data/olive_leaves/train/olive_peacock_spot,2,1
data/olive_leaves/train/olive_peacock_spot/IMG_20190806_173526.jpg,data/olive_leaves/train/olive_peacock_spot,2,1
data/olive_leaves/train/olive_peacock_spot/IMG_20190806_173529.jpg,data/olive_leaves/train/olive_peacock_spot,2,0
data/olive_leaves/train/olive_peacock_spot/IMG_20190806_173532.jpg,data/olive_leaves/train/olive_peacock_spot,2,1
data/olive_leaves/train/olive_peacock_spot/IMG_20190806_173705.jpg,data/olive_leaves/train/olive_peacock_spot,2,1
data/olive_leaves/train/olive_peacock_spot/IMG_20190806_173709.jpg,data/olive_leaves/train/olive_peacock_spot,2,1
data/olive_leaves/train/olive_peacock_spot/IMG_20190806_173712.jpg,data/olive_leaves/train/olive_peacock_spot,2,2
data/olive_leaves/train/olive_peacock_spot/IMG_20190806_173715.jpg,data/olive_leaves/train/olive_peacock_spot,2,0
data/olive_leaves/train/olive_peacock_spot/IMG_20190806_173746.jpg,data/olive_leaves/train/olive_peacock_spot,2,1
data/olive_leaves/train/olive_peacock_spot/IMG_20190806_173749.jpg,data/olive_leaves/train/olive_peacock_spot,2,1
data/olive_leaves/train/olive_peacock_spot/IMG_20190806_173752.jpg,data/olive_leaves/train/olive_peacock_spot,2,1
data/olive_leaves/train/olive_peacock_spot/IMG_20190806_173806.jpg,data/olive_leaves/train/olive_peacock_spot,2,2
data/olive_leaves/train/olive_peacock_spot/IMG_20190806_173809.jpg,data/olive_leaves/train/olive_peacock_spot,2,0
data/olive_leaves/train/olive_peacock_spot/IMG_20190806_173812.jpg,data/olive_leaves/train/olive_peacock_spot,2,1
data/olive_leaves/train/olive_peacock_spot/IMG_20190806_173829.jpg,data/olive_leaves/train/olive_peacock_spot,2,1
data/olive_leaves/train/olive_peacock_spot/IMG_20190806_173831.jpg,data/olive_leaves/train/olive_peacock_spot,2,1
data/olive_leaves/train/olive_peacock_spot/IMG_20190806_173834.jpg,data/olive_leaves/train/olive_peacock_spot,2,2
data/olive_leaves/train/olive_peacock_spot/IMG_20190806_173838.jpg,data/olive_leaves/train/olive_peacock_spot,2,0
data/olive_leaves/train/olive_peacock_spot/IMG_20190806_173841.jpg,data/olive_leaves/train/olive_peacock_spot,2,1
data/olive_leaves/train/olive_peacock_spot/IMG_20190806_173900.jpg,data/olive_leaves/train/olive_peacock_spot,2,1
data/olive_leaves/train/olive_peacock_spot/IMG_20190806_173903.jpg,data/olive_leaves/train/olive_peacock_spot,2,1
data/olive_leaves/train/olive_peacock_spot/IMG_20190806_173931.jpg,data/olive_leaves/train/olive_peacock_spot,2,0
data/olive_leaves/train/olive_peacock_spot/IMG_20190806_173934.jpg,data/olive_leaves/train/olive_peacock_spot,2,1
data/olive_leaves/train/olive_peacock_spot/IMG_20190806_173938.jpg,data/olive_leaves/train/olive_peacock_spot,2,1
data/olive_leaves/train/olive_peacock_spot/IMG_20190806_173942.jpg,data/olive_leaves/train/olive_peacock_spot,2,1
data/olive_leaves/train/olive_peacock_spot/IMG_20190806_173951.jpg,data/olive_leaves/train/olive_peacock_spot,2,1
data/olive_leaves/train/olive_peacock_spot/IMG_20190806_173955.jpg,data/olive_leaves/train/olive_peacock_spot,2,1
data/olive_leaves/train/olive_peacock_spot/IMG_20190806_173957.jpg,data/olive_leaves/train/olive_peacock_spot,2,1
data/olive_leaves/train/olive_peacock_spot/IMG_20190806_174000.jpg,data/olive_leaves/train/olive_peacock_spot,2,0
data/olive_leaves/train/olive_peacock_spot/IMG_20190806_174003.jpg,data/olive_leaves/train/olive_peacock_spot,2,1
data/olive_leaves/train/olive_peacock_spot/IMG_20190806_174011.jpg,data/olive_leaves/train/olive_peacock_spot,2,1
data/olive_leaves/train/olive_peacock_spot/IMG_20190806_174015.jpg,data/olive_leaves/train/olive_peacock_spot,2,1
data/olive_leaves/train/olive_peacock_spot/IMG_20190806_174017.jpg,data/olive_leaves/train/olive_peacock_spot,2,2
data/olive_leaves/train/olive_peacock_spot/IMG_20190806_174021.jpg,data/olive_leaves/train/olive_peacock_spot,2,1
data/olive_leaves/train/olive_peacock_spot/IMG_20190806_174024.jpg,data/olive_leaves/train/olive_peacock_spot,2,1
data/olive_leaves/train/olive_peacock_spot/IMG_20190806_174040.jpg,data/olive_leaves/train/olive_peacock_spot,2,1
data/olive_leaves/train/olive_peacock_spot/IMG_20190806_174044.jpg,data/olive_leaves/train/olive_peacock_spot,2,1
data/olive_leaves/train/olive_peacock_spot/IMG_20190806_174046.jpg,data/olive_leaves/train/olive_peacock_spot,2,2
data/olive_leaves/train/olive_peacock_spot/IMG_20190806_174055.jpg,data/olive_leaves/train/olive_peacock_spot,2,1
data/olive_leaves/train/olive_peacock_spot/IMG_20190806_174212.jpg,data/olive_leaves/train/olive_peacock_spot,2,1
data/olive_leaves/train/olive_peacock_spot/IMG_20190806_174221.jpg,data/olive_leaves/train/olive_peacock_spot,2,0
data/olive_leaves/train/olive_peacock_spot/IMG_20190806_174243.jpg,data/olive_leaves/train/olive_peacock_spot,2,1
data/olive_leaves/train/olive_peacock_spot/IMG_20190806_174246.jpg,data/olive_leaves/train/olive_peacock_spot,2,0
data/olive_leaves/train/olive_peacock_spot/IMG_20190806_174249.jpg,data/olive_leaves/train/olive_peacock_spot,2,2
data/olive_leaves/train/olive_peacock_spot/IMG_20190806_174310.jpg,data/olive_leaves/train/olive_peacock_spot,2,1
data/olive_leaves/train/olive_peacock_spot/IMG_20190806_174313.jpg,data/olive_leaves/train/olive_peacock_spot,2,1
data/olive_leaves/train/olive_peacock_spot/IMG_20190806_174316.jpg,data/olive_leaves/train/olive_peacock_spot,2,2
data/olive_leaves/train/olive_peacock_spot/IMG_20190815_122410.jpg,data/olive_leaves/train/olive_peacock_spot,2,1
data/olive_leaves/train/olive_peacock_spot/IMG_20190815_122420.jpg,data/olive_leaves/train/olive_peacock_spot,2,1
data/olive_leaves/train/olive_peacock_spot/IMG_20190815_122423.jpg,data/olive_leaves/train/olive_peacock_spot,2,1
data/olive_leaves/train/olive_peacock_spot/IMG_20190815_122429.jpg,data/olive_leaves/train/olive_peacock_spot,2,1
data/olive_leaves/train/olive_peacock_spot/IMG_20190815_122433.jpg,data/olive_leaves/train/olive_peacock_spot,2,1
data/olive_leaves/train/olive_peacock_spot/IMG_20190815_122436.jpg,data/olive_leaves/train/olive_peacock_spot,2,1
data/olive_leaves/train/olive_peacock_spot/IMG_20190815_122439.jpg,data/olive_leaves/train/olive_peacock_spot,2,1
data/olive_leaves/train/olive_peacock_spot/IMG_20190815_122442.jpg,data/olive_leaves/train/olive_peacock_spot,2,1
data/olive_leaves/train/olive_peacock_spot/IMG_20190815_122507.jpg,data/olive_leaves/train/olive_peacock_spot,2,1
data/olive_leaves/train/olive_peacock_spot/IMG_20190815_122510.jpg,data/olive_leaves/train/olive_peacock_spot,2,1
data/olive_leaves/train/olive_peacock_spot/IMG_20190815_122515.jpg,data/olive_leaves/train/olive_peacock_spot,2,2
data/olive_leaves/train/olive_peacock_spot/IMG_20190815_122520.jpg,data/olive_leaves/train/olive_peacock_spot,2,0
data/olive_leaves/train/olive_peacock_spot/IMG_20190815_122523.jpg,data/olive_leaves/train/olive_peacock_spot,2,1
data/olive_leaves/train/olive_peacock_spot/IMG_20190815_122543.jpg,data/olive_leaves/train/olive_peacock_spot,2,1
data/olive_leaves/train/olive_peacock_spot/IMG_20190815_122546.jpg,data/olive_leaves/train/olive_peacock_spot,2,1
data/olive_leaves/train/olive_peacock_spot/IMG_20190815_122639.jpg,data/olive_leaves/train/olive_peacock_spot,2,1
data/olive_leaves/train/olive_peacock_spot/IMG_20190815_122652.jpg,data/olive_leaves/train/olive_peacock_spot,2,2
data/olive_leaves/train/olive_peacock_spot/IMG_20190815_122700.jpg,data/olive_leaves/train/olive_peacock_spot,2,0
data/olive_leaves/train/olive_peacock_spot/IMG_20190815_122702.jpg,data/olive_leaves/train/olive_peacock_spot,2,1
data/olive_leaves/train/olive_peacock_spot/IMG_20190815_122706.jpg,data/olive_leaves/train/olive_peacock_spot,2,1
data/olive_leaves/train/olive_peacock_spot/IMG_20190815_122714.jpg,data/olive_leaves/train/olive_peacock_spot,2,1
data/olive_leaves/train/olive_peacock_spot/IMG_20190815_122733.jpg,data/olive_leaves/train/olive_peacock_spot,2,1
data/olive_leaves/train/olive_peacock_spot/IMG_20190815_122736.jpg,data/olive_leaves/train/olive_peacock_spot,2,0
data/olive_leaves/train/olive_peacock_spot/IMG_20190815_122740.jpg,data/olive_leaves/train/olive_peacock_spot,2,1
data/olive_leaves/train/olive_peacock_spot/IMG_20190815_122742.jpg,data/olive_leaves/train/olive_peacock_spot,2,1
data/olive_leaves/train/olive_peacock_spot/IMG_20190815_122745.jpg,data/olive_leaves/train/olive_peacock_spot,2,1
data/olive_leaves/train/olive_peacock_spot/IMG_20190815_122748.jpg,data/olive_leaves/train/olive_peacock_spot,2,0
data/olive_leaves/train/olive_peacock_spot/IMG_20190815_122757.jpg,data/olive_leaves/train/olive_peacock_spot,2,0
data/olive_leaves/train/olive_peacock_spot/IMG_20190815_122800.jpg,data/olive_leaves/train/olive_peacock_spot,2,1
data/olive_leaves/train/olive_peacock_spot/IMG_20190815_122803.jpg,data/olive_leaves/train/olive_peacock_spot,2,1
data/olive_leaves/train/olive_peacock_spot/IMG_20190815_122806.jpg,data/olive_leaves/train/olive_peacock_spot,2,2
data/olive_leaves/train/olive_peacock_spot/IMG_20190815_122809.jpg,data/olive_leaves/train/olive_peacock_spot,2,0
data/olive_leaves/train/olive_peacock_spot/IMG_20190815_122812.jpg,data/olive_leaves/train/olive_peacock_spot,2,1
data/olive_leaves/train/olive_peacock_spot/IMG_20190815_122815.jpg,data/olive_leaves/train/olive_peacock_spot,2,0
data/olive_leaves/train/olive_peacock_spot/IMG_20190815_122824.jpg,data/olive_leaves/train/olive_peacock_spot,2,0
data/olive_leaves/train/olive_peacock_spot/IMG_20190815_122827.jpg,data/olive_leaves/train/olive_peacock_spot,2,1
data/olive_leaves/train/olive_peacock_spot/IMG_20190815_122830.jpg,data/olive_leaves/train/olive_peacock_spot,2,2
data/olive_leaves/train/olive_peacock_spot/IMG_20190815_122901.jpg,data/olive_leaves/train/olive_peacock_spot,2,1
data/olive_leaves/train/olive_peacock_spot/IMG_20190815_122904.jpg,data/olive_leaves/train/olive_peacock_spot,2,1
data/olive_leaves/train/olive_peacock_spot/IMG_20190815_122908.jpg,data/olive_leaves/train/olive_peacock_spot,2,0
data/olive_leaves/train/olive_peacock_spot/IMG_20190815_122923.jpg,data/olive_leaves/train/olive_peacock_spot,2,1
data/olive_leaves/train/olive_peacock_spot/IMG_20190815_122942.jpg,data/olive_leaves/train/olive_peacock_spot,2,1
data/olive_leaves/train/olive_peacock_spot/IMG_20190815_122945.jpg,data/olive_leaves/train/olive_peacock_spot,2,2
data/olive_leaves/train/olive_peacock_spot/IMG_20190815_122948.jpg,data/olive_leaves/train/olive_peacock_spot,2,1
data/olive_leaves/train/olive_peacock_spot/IMG_20190815_122951.jpg,data/olive_leaves/train/olive_peacock_spot,2,1
data/olive_leaves/train/olive_peacock_spot/IMG_20190815_123057.jpg,data/olive_leaves/train/olive_peacock_spot,2,0
data/olive_leaves/train/olive_peacock_spot/IMG_20190815_123100.jpg,data/olive_leaves/train/olive_peacock_spot,2,1
data/olive_leaves/train/olive_peacock_spot/IMG_20190815_123103.jpg,data/olive_leaves/train/olive_peacock_spot,2,1
data/olive_leaves/train/olive_peacock_spot/IMG_20190815_123106.jpg,data/olive_leaves/train/olive_peacock_spot,2,2
data/olive_leaves/train/olive_peacock_spot/IMG_20190815_123109.jpg,data/olive_leaves/train/olive_peacock_spot,2,0
data/olive_leaves/train/olive_peacock_spot/IMG_20190815_123135.jpg,data/olive_leaves/train/olive_peacock_spot,2,1
data/olive_leaves/train/olive_peacock_spot/IMG_20190815_123139.jpg,data/olive_leaves/train/olive_peacock_spot,2,0
data/olive_leaves/train/olive_peacock_spot/IMG_20190815_123142.jpg,data/olive_leaves/train/olive_peacock_spot,2,1
data/olive_leaves/train/olive_peacock_spot/IMG_20190815_123151.jpg,data/olive_leaves/train/olive_peacock_spot,2,1
data/olive_leaves/train/olive_peacock_spot/IMG_20190815_123154.jpg,data/olive_leaves/train/olive_peacock_spot,2,1
data/olive_leaves/train/olive_peacock_spot/IMG_20190815_123157.jpg,data/olive_leaves/train/olive_peacock_spot,2,1
data/olive_leaves/train/olive_peacock_spot/IMG_20190815_123211.jpg,data/olive_leaves/train/olive_peacock_spot,2,0
data/olive_leaves/train/olive_peacock_spot/IMG_20190815_123228.jpg,data/olive_leaves/train/olive_peacock_spot,2,1
data/olive_leaves/train/olive_peacock_spot/IMG_20190815_123231.jpg,data/olive_leaves/train/olive_peacock_spot,2,2
data/olive_leaves/train/olive_peacock_spot/IMG_20190815_123234.jpg,data/olive_leaves/train/olive_peacock_spot,2,0
data/olive_leaves/train/olive_peacock_spot/IMG_20190815_123237.jpg,data/olive_leaves/train/olive_peacock_spot,2,1
data/olive_leaves/train/olive_peacock_spot/IMG_20190815_123346.jpg,data/olive_leaves/train/olive_peacock_spot,2,1
data/olive_leaves/train/olive_peacock_spot/IMG_20190815_123350.jpg,data/olive_leaves/train/olive_peacock_spot,2,2
data/olive_leaves/train/olive_peacock_spot/IMG_20190815_123355.jpg,data/olive_leaves/train/olive_peacock_spot,2,1
data/olive_leaves/train/olive_peacock_spot/IMG_20190815_123412.jpg,data/olive_leaves/train/olive_peacock_spot,2,0
data/olive_leaves/train/olive_peacock_spot/IMG_20190815_123416.jpg,data/olive_leaves/train/olive_peacock_spot,2,1
data/olive_leaves/train/olive_peacock_spot/IMG_20190815_123418.jpg,data/olive_leaves/train/olive_peacock_spot,2,1
data/olive_leaves/train/olive_peacock_spot/IMG_20190815_123421.jpg,data/olive_leaves/train/olive_peacock_spot,2,1
data/olive_leaves/train/olive_peacock_spot/IMG_20190815_123424.jpg,data/olive_leaves/train/olive_peacock_spot,2,1
data/olive_leaves/train/olive_peacock_spot/IMG_20190815_123427.jpg,data/olive_leaves/train/olive_peacock_spot,2,1
data/olive_leaves/train/olive_peacock_spot/IMG_20190815_123516.jpg,data/olive_leaves/train/olive_peacock_spot,2,0
data/olive_leaves/train/olive_peacock_spot/IMG_20190815_123519.jpg,data/olive_leaves/train/olive_peacock_spot,2,1
data/olive_leaves/train/olive_peacock_spot/IMG_20190815_123524.jpg,data/olive_leaves/train/olive_peacock_spot,2,1
data/olive_leaves/train/olive_peacock_spot/IMG_20190815_123527.jpg,data/olive_leaves/train/olive_peacock_spot,2,0
data/olive_leaves/train/olive_peacock_spot/IMG_20190815_123637.jpg,data/olive_leaves/train/olive_peacock_spot,2,1
data/olive_leaves/train/olive_peacock_spot/IMG_20190815_123721.jpg,data/olive_leaves/train/olive_peacock_spot,2,0
data/olive_leaves/train/olive_peacock_spot/IMG_20190815_123724.jpg,data/olive_leaves/train/olive_peacock_spot,2,1
data/olive_leaves/train/olive_peacock_spot/IMG_20190815_123727.jpg,data/olive_leaves/train/olive_peacock_spot,2,1
data/olive_leaves/train/olive_peacock_spot/IMG_20190815_123731.jpg,data/olive_leaves/train/olive_peacock_spot,2,2
data/olive_leaves/train/olive_peacock_spot/IMG_20190815_123841.jpg,data/olive_leaves/train/olive_peacock_spot,2,1
data/olive_leaves/train/olive_peacock_spot/IMG_20190815_123944.jpg,data/olive_leaves/train/olive_peacock_spot,2,1
data/olive_leaves/train/olive_peacock_spot/IMG_20190815_123947.jpg,data/olive_leaves/train/olive_peacock_spot,2,1
data/olive_leaves/train/olive_peacock_spot/IMG_20190815_123950.jpg,data/olive_leaves/train/olive_peacock_spot,2,0
data/olive_leaves/train/olive_peacock_spot/IMG_20190815_123954.jpg,data/olive_leaves/train/olive_peacock_spot,2,1
data/olive_leaves/train/olive_peacock_spot/IMG_20190815_123957.jpg,data/olive_leaves/train/olive_peacock_spot,2,1
data/olive_leaves/train/olive_peacock_spot/IMG_20190815_123959.jpg,data/olive_leaves/train/olive_peacock_spot,2,1
data/olive_leaves/train/olive_peacock_spot/IMG_20190815_124002.jpg,data/olive_leaves/train/olive_peacock_spot,2,0
data/olive_leaves/train/olive_peacock_spot/IMG_20190815_124013.jpg,data/olive_leaves/train/olive_peacock_spot,2,0
data/olive_leaves/train/olive_peacock_spot/IMG_20190815_124016.jpg,data/olive_leaves/train/olive_peacock_spot,2,1
data/olive_leaves/train/olive_peacock_spot/IMG_20190815_124019.jpg,data/olive_leaves/train/olive_peacock_spot,2,1
data/olive_leaves/train/olive_peacock_spot/IMG_20190815_124022.jpg,data/olive_leaves/train/olive_peacock_spot,2,1
data/olive_leaves/train/olive_peacock_spot/IMG_20190815_124026.jpg,data/olive_leaves/train/olive_peacock_spot,2,0
data/olive_leaves/train/olive_peacock_spot/IMG_20190815_124028.jpg,data/olive_leaves/train/olive_peacock_spot,2,1
data/olive_leaves/train/olive_peacock_spot/IMG_20190815_124047.jpg,data/olive_leaves/train/olive_peacock_spot,2,0
data/olive_leaves/train/olive_peacock_spot/IMG_20190815_124343.jpg,data/olive_leaves/train/olive_peacock_spot,2,1
data/olive_leaves/train/olive_peacock_spot/IMG_20190815_124346.jpg,data/olive_leaves/train/olive_peacock_spot,2,1
data/olive_leaves/train/olive_peacock_spot/IMG_20190815_124406.jpg,data/olive_leaves/train/olive_peacock_spot,2,1
data/olive_leaves/train/olive_peacock_spot/IMG_20190815_124410.jpg,data/olive_leaves/train/olive_peacock_spot,2,1
data/olive_leaves/train/olive_peacock_spot/IMG_20190815_124412.jpg,data/olive_leaves/train/olive_peacock_spot,2,1
data/olive_leaves/train/olive_peacock_spot/IMG_20190815_124416.jpg,data/olive_leaves/train/olive_peacock_spot,2,1
data/olive_leaves/train/olive_peacock_spot/IMG_20190815_124447.jpg,data/olive_leaves/train/olive_peacock_spot,2,1
data/olive_leaves/train/olive_peacock_spot/IMG_20190815_124640.jpg,data/olive_leaves/train/olive_peacock_spot,2,2
data/olive_leaves/train/olive_peacock_spot/IMG_20190815_124643.jpg,data/olive_leaves/train/olive_peacock_spot,2,1
data/olive_leaves/train/olive_peacock_spot/IMG_20190815_124646.jpg,data/olive_leaves/train/olive_peacock_spot,2,1
data/olive_leaves/train/olive_peacock_spot/IMG_20190815_124657.jpg,data/olive_leaves/train/olive_peacock_spot,2,0
data/olive_leaves/train/olive_peacock_spot/IMG_20190815_124659.jpg,data/olive_leaves/train/olive_peacock_spot,2,1
data/olive_leaves/train/olive_peacock_spot/IMG_20190815_124702.jpg,data/olive_leaves/train/olive_peacock_spot,2,1
data/olive_leaves/train/olive_peacock_spot/IMG_20190815_124706.jpg,data/olive_leaves/train/olive_peacock_spot,2,2
data/olive_leaves/train/olive_peacock_spot/IMG_20190815_124709.jpg,data/olive_leaves/train/olive_peacock_spot,2,0
data/olive_leaves/train/olive_peacock_spot/IMG_20190815_124714.jpg,data/olive_leaves/train/olive_peacock_spot,2,2
data/olive_leaves/train/olive_peacock_spot/IMG_20190815_124722.jpg,data/olive_leaves/train/olive_peacock_spot,2,0
data/olive_leaves/train/olive_peacock_spot/IMG_20190815_124725.jpg,data/olive_leaves/train/olive_peacock_spot,2,1
data/olive_leaves/train/olive_peacock_spot/IMG_20190815_124728.jpg,data/olive_leaves/train/olive_peacock_spot,2,1
data/olive_leaves/train/olive_peacock_spot/IMG_20190815_124732.jpg,data/olive_leaves/train/olive_peacock_spot,2,0
data/olive_leaves/train/olive_peacock_spot/IMG_20190815_124735.jpg,data/olive_leaves/train/olive_peacock_spot,2,0
data/olive_leaves/train/olive_peacock_spot/IMG_20190815_124737.jpg,data/olive_leaves/train/olive_peacock_spot,2,1
data/olive_leaves/train/olive_peacock_spot/IMG_20190815_124740.jpg,data/olive_leaves/train/olive_peacock_spot,2,1
data/olive_leaves/train/olive_peacock_spot/IMG_20190815_124844.jpg,data/olive_leaves/train/olive_peacock_spot,2,0
data/olive_leaves/train/olive_peacock_spot/IMG_20190815_124847.jpg,data/olive_leaves/train/olive_peacock_spot,2,1
data/olive_leaves/train/olive_peacock_spot/IMG_20190815_124850.jpg,data/olive_leaves/train/olive_peacock_spot,2,1
data/olive_leaves/train/olive_peacock_spot/IMG_20190815_124853.jpg,data/olive_leaves/train/olive_peacock_spot,2,1
data/olive_leaves/train/olive_peacock_spot/IMG_20190815_124855.jpg,data/olive_leaves/train/olive_peacock_spot,2,1
data/olive_leaves/train/olive_peacock_spot/IMG_20190815_124858.jpg,data/olive_leaves/train/olive_peacock_spot,2,1
data/olive_leaves/train/olive_peacock_spot/IMG_20190815_124929.jpg,data/olive_leaves/train/olive_peacock_spot,2,1
data/olive_leaves/train/olive_peacock_spot/IMG_20190815_124939.jpg,data/olive_leaves/train/olive_peacock_spot,2,1
data/olive_leaves/train/olive_peacock_spot/IMG_20190815_124942.jpg,data/olive_leaves/train/olive_peacock_spot,2,0
data/olive_leaves/train/olive_peacock_spot/IMG_20190815_124946.jpg,data/olive_leaves/train/olive_peacock_spot,2,1
data/olive_leaves/train/olive_peacock_spot/IMG_20190815_124948.jpg,data/olive_leaves/train/olive_peacock_spot,2,0
data/olive_leaves/train/olive_peacock_spot/IMG_20190815_124951.jpg,data/olive_leaves/train/olive_peacock_spot,2,1
data/olive_leaves/train/olive_peacock_spot/IMG_20190815_124953.jpg,data/olive_leaves/train/olive_peacock_spot,2,2
data/olive_leaves/train/olive_peacock_spot/IMG_20190815_125008.jpg,data/olive_leaves/train/olive_peacock_spot,2,1
data/olive_leaves/train/olive_peacock_spot/IMG_20190815_125124.jpg,data/olive_leaves/train/olive_peacock_spot,2,1
data/olive_leaves/train/olive_peacock_spot/IMG_20190815_125135.jpg,data/olive_leaves/train/olive_peacock_spot,2,1
data/olive_leaves/train/olive_peacock_spot/IMG_20190815_125138.jpg,data/olive_leaves/train/olive_peacock_spot,2,1
data/olive_leaves/train/olive_peacock_spot/IMG_20190815_125202.jpg,data/olive_leaves/train/olive_peacock_spot,2,1
data/olive_leaves/train/olive_peacock_spot/a224.jpg,data/olive_leaves/train/olive_peacock_spot,2,1
data/olive_leaves/train/olive_peacock_spot/a226.jpg,data/olive_leaves/train/olive_peacock_spot,2,1
data/olive_leaves/train/olive_peacock_spot/a228.jpg,data/olive_leaves/train/olive_peacock_spot,2,1
data/olive_leaves/train/olive_peacock_spot/a231.jpg,data/olive_leaves/train/olive_peacock_spot,2,1
data/olive_leaves/train/olive_peacock_spot/a233.jpg,data/olive_leaves/train/olive_peacock_spot,2,1
data/olive_leaves/train/olive_peacock_spot/a244.jpg,data/olive_leaves/train/olive_peacock_spot,2,1
data/olive_leaves/train/olive_peacock_spot/a248.jpg,data/olive_leaves/train/olive_peacock_spot,2,1
