file,class,label,source_image,frac_green,frac_yellow,frac_brown,frac_dark,frac_gray,glcm_contrast,glcm_homogeneity,glcm_energy,glcm_correlation
train/Healthy/A163.jpg,Healthy,0,train/Healthy/A163.jpg,0.08668367556890663,0.0,0.0,0.006810419324307641,0.9063413028270442,7.479260837009796,0.7665413175260971,0.11257774041968524,0.9708775452865651
train/Healthy/A299.jpg,Healthy,0,train/Healthy/A299.jpg,0.13346204403549128,0.0,0.0,0.02585852776864936,0.8571927374301676,9.872442680720003,0.7435706727774901,0.12159820827814315,0.9582543841106694
train/Healthy/A310.jpg,Healthy,0,train/Healthy/A310.jpg,0.04396042763682783,0.0,0.0,0.025111696186373066,0.9444909845220999,7.19894616931797,0.7805062252097348,0.1483465491286745,0.9499613915321756
train/Healthy/A319.jpg,Healthy,0,train/Healthy/A319.jpg,0.052187441071091835,0.00023571563266075807,0.0,0.0,0.9436168206675467,6.3322577910087094,0.7875033931014592,0.14015870439539269,0.9566222861766791
train/Healthy/A442.jpg,Healthy,0,train/Healthy/A442.jpg,0.09558166002764003,0.00020323550930818632,0.0,0.05084952442890822,0.8953133891553532,7.207898156891186,0.7553954079893616,0.11017067931281713,0.9777436140758218
train/Healthy/A46.JPG,Healthy,0,train/Healthy/A46.JPG,0.32670198376916143,0.004621280432822362,0.0006199278629395852,0.05630072137060415,0.6552073940486925,5.129713688036429,0.7451377015654572,0.20168798029535445,0.9825421913164991
train/Healthy/A587.jpg,Healthy,0,train/Healthy/A587.jpg,0.10025771053287888,0.002119876964003658,0.0,0.03603790838806218,0.8416535040319229,9.350879627247492,0.7600042047480761,0.10674432344301386,0.9671877115839168
train/Healthy/A593.jpg,Healthy,0,train/Healthy/A593.jpg,0.10033437826541275,0.00022988505747126436,0.0,0.055276907001044935,0.8270637408568443,9.610619588469973,0.7623703470046674,0.10571067545962273,0.9710847474995705
train/Healthy/A60.JPG,Healthy,0,train/Healthy/A60.JPG,0.2992063909181689,0.024596625847479896,0.08330267514584538,0.0140326903873443,0.5239922215798603,4.495575186568212,0.7266295685551658,0.1660799964206276,0.9841063707727311
train/Healthy/A623.JPG,Healthy,0,train/Healthy/A623.JPG,0.046637004970338305,0.0017436267436267436,0.00468975468975469,0.0,0.10561968895302229,1.669635610366948,0.6949836136865323,0.16839319628546984,0.9567322713095573
train/Healthy/A624.JPG,Healthy,0,train/Healthy/A624.JPG,0.01624282525510204,0.000896843112244898,0.041135204081632654,0.0,0.08613679846938775,1.2068095779187824,0.6926950846606377,0.1599543868149656,0.9564986245497868
train/Healthy/A629.JPG,Healthy,0,train/Healthy/A629.JPG,0.07226064797961412,0.00839299437770497,0.001132548638919225,0.0,0.9143510091817336,2.3490163452842383,0.8162873352929325,0.2670261561518847,0.9739547911151436
train/Healthy/A657.JPG,Healthy,0,train/Healthy/A657.JPG,0.1302044420294777,0.018576377097059022,0.018644298037084832,0.0,0.8067988860965836,2.1080836924714736,0.8027748518850248,0.2382541620667899,0.982847388089282
train/Healthy/A667.JPG,Healthy,0,train/Healthy/A667.JPG,0.11317331844822774,0.00482835612615127,0.00039073402176946693,0.0,0.8780909852079263,3.4891757852244085,0.825100819548042,0.3006423163248017,0.9735096286146165
train/Healthy/A668.JPG,Healthy,0,train/Healthy/A668.JPG,0.098716607557472,0.00464368637256653,0.0002551476028882709,0.0,0.8938841119587682,3.512155107817538,0.8159241407632434,0.28688599525741976,0.972002480031454
train/Healthy/A686.JPG,Healthy,0,train/Healthy/A686.JPG,0.16639540978179912,0.006206725331714987,0.0010482469449118645,0.0,0.8229566080935699,4.458126724732678,0.8177623281917006,0.2908008830300287,0.9767877688366131
train/Healthy/A687.JPG,Healthy,0,train/Healthy/A687.JPG,0.18793602737922865,0.006055021719099644,0.001151770435698302,0.0,0.8010398841648019,4.215413765540727,0.8310371432125712,0.30916924425831666,0.9767728387425242
train/Healthy/A692.JPG,Healthy,0,train/Healthy/A692.JPG,0.22203770635928494,0.03086841848197714,0.011819869102276058,4.8842434306925856e-05,0.706163915209534,3.407647925719099,0.793301652957113,0.24608688611949625,0.98267421484972
train/Healthy/A693.JPG,Healthy,0,train/Healthy/A693.JPG,0.18968088279152998,0.008563759533040774,0.0011503557581696562,0.021856759405223466,0.7744876656299263,4.347803302935505,0.8005584812294002,0.24980016831496477,0.9786869959879533
train/Healthy/A696.JPG,Healthy,0,train/Healthy/A696.JPG,0.103065584583178,0.013220154282928508,0.0002580941183218147,0.0702016001835336,0.8614321355854435,3.9660355162675813,0.819125152292441,0.3134023553456232,0.9837033281766323
train/Healthy/A697.JPG,Healthy,0,train/Healthy/A697.JPG,0.11941456533239288,0.011391289014283195,3.526714865103157e-05,0.06944101569388116,0.842496914124493,3.6525731897191616,0.837558472975302,0.32782459246333917,0.9841651864111014
train/Healthy/A702.JPG,Healthy,0,train/Healthy/A702.JPG,0.12250312109862671,0.006429463171036205,0.0003745318352059925,3.121098626716604e-05,0.8655118601747815,3.714973388027171,0.8332175603283087,0.3003729373577177,0.975493697474087
train/Healthy/A713.JPG,Healthy,0,train/Healthy/A713.JPG,0.11644540366903405,0.008030717494416141,0.008206389439606495,0.01919843401008859,0.8550204532336186,4.828846710942036,0.8016309318123822,0.2576836697514271,0.9779113116815082
train/Healthy/A720.JPG,Healthy,0,train/Healthy/A720.JPG,0.1268172068636797,0.010486177311725452,0.023951382268827454,0.0,0.8305529075309819,2.8544748660071053,0.7877570815625908,0.21607638284115518,0.9806951023394094
train/Healthy/A721.JPG,Healthy,0,train/Healthy/A721.JPG,0.12042696300628747,0.011288200029244041,0.020851001608422282,0.0,0.8398011405176196,2.7470823800803443,0.790914775700923,0.22678164577956103,0.9803673081292679
train/Healthy/A723.JPG,Healthy,0,train/Healthy/A723.JPG,0.27883141762452107,0.006768837803320562,0.00044699872286079183,0.004150702426564496,0.7113346104725415,6.615242533284419,0.7720808754486215,0.23673044792507347,0.9770718240443148
train/Healthy/A735.JPG,Healthy,0,train/Healthy/A735.JPG,0.09905812528223985,0.015966711825043545,0.0034836462163731373,0.012708857493064964,0.8462679827107928,4.1101041841796935,0.7896216416847341,0.24623469569782874,0.9794760725396698
train/Healthy/B-10.JPG,Healthy,0,train/Healthy/B-10.JPG,0.024952168367346938,0.003049266581632653,0.006915656887755102,0.00025908801020408165,0.9601801658163265,1.467245818429132,0.8440014661774574,0.2873300539411724,0.9638734070197013
train/Healthy/B-100.JPG,Healthy,0,train/Healthy/B-100.JPG,0.018015681423697704,0.00011970552440995152,0.09452746244239171,0.0,0.12082277597111106,1.9178900432197648,0.6624646617425499,0.1357360274602395,0.960272807177339
train/Healthy/B-101.JPG,Healthy,0,train/Healthy/B-101.JPG,0.04481585268214572,0.0016613290632506005,0.05802642113690953,0.0,0.12516012810248198,2.208988049341836,0.6498718565367462,0.1270836093405959,0.9656532341907217
train/Healthy/B-102.JPG,Healthy,0,train/Healthy/B-102.JPG,0.020407330313048446,0.00016325864250438759,0.001550957103791682,0.0,0.46155258969021673,1.849534965331425,0.6800499752019531,0.15445707341200732,0.9583140021765987
train/Healthy/B-104.JPG,Healthy,0,train/Healthy/B-104.JPG,0.04219221347154455,0.00016196627052416333,0.00581053995505436,0.0,0.2164679205555443,3.3567289982999076,0.65743312678617,0.1436541258274875,0.9523655573315193
train/Healthy/B-105.JPG,Healthy,0,train/Healthy/B-105.JPG,0.04380891388316289,0.00010006604358876858,0.013649008345508036,0.0,0.12230071847419297,2.628115366317267,0.6721788703240051,0.15561656685508574,0.9420798598214676
train/Healthy/B-106.JPG,Healthy,0,train/Healthy/B-106.JPG,0.00794427034471746,3.9920956506117886e-05,0.16756821493442983,0.0,0.11279666260803609,0.9803754590832526,0.7363737716777226,0.1625747893481167,0.9718948000041924
train/Healthy/B-107.JPG,Healthy,0,train/Healthy/B-107.JPG,0.04243319182099715,0.0013535962591521564,0.03660862609979696,0.0,0.1219056994606124,1.7118955917137377,0.7119338979042329,0.129551489162118,0.9761124092225417
train/Healthy/B-108.JPG,Healthy,0,train/Healthy/B-108.JPG,0.04142814401116984,0.0003590306173332004,0.16120474718260697,0.0,0.7655928991722349,3.682601632408716,0.6084412087518665,0.11099792840802346,0.9646437237362591
train/Healthy/B-109 - Kopya.JPG,Healthy,0,train/Healthy/B-109 - Kopya.JPG,0.28018733455508044,0.009926695174098962,0.0021380574221136223,0.06098554265933619,0.6993484015475463,5.443762142878855,0.7637350255422817,0.18693932725588022,0.9803694833514567
train/Healthy/B-109.JPG,Healthy,0,train/Healthy/B-109.JPG,0.28018733455508044,0.009926695174098962,0.0021380574221136223,0.06098554265933619,0.6993484015475463,5.443762142878855,0.7637350255422817,0.18693932725588022,0.9803694833514567
train/Healthy/B-11.JPG,Healthy,0,train/Healthy/B-11.JPG,0.026755786113328014,0.0012769353551476455,0.001137270550678372,0.012130885873902634,0.9452513966480447,2.9170690967401183,0.8268614473019089,0.2852489419525157,0.9732871782492019
train/Healthy/B-112 - Kopya.JPG,Healthy,0,train/Healthy/B-112 - Kopya.JPG,0.17146302691443294,0.005262292386120704,0.001973359644795264,0.0,0.7511922381187305,3.12700307679989,0.7497254612239239,0.22092359466183342,0.9704042120261935
train/Healthy/B-112.JPG,Healthy,0,train/Healthy/B-112.JPG,0.17146302691443294,0.005262292386120704,0.001973359644795264,0.0,0.7511922381187305,3.12700307679989,0.7497254612239239,0.22092359466183342,0.9704042120261935
train/Healthy/B-113 - Kopya.JPG,Healthy,0,train/Healthy/B-113 - Kopya.JPG,0.004535192695742513,3.99576448964098e-05,0.10824526002437417,0.0,0.8325574890615947,2.983927919218723,0.6411178713108708,0.1280367147692983,0.9586385589548858
train/Healthy/B-113.JPG,Healthy,0,train/Healthy/B-113.JPG,0.004535192695742513,3.99576448964098e-05,0.10824526002437417,0.0,0.8325574890615947,2.983927919218723,0.6411178713108708,0.1280367147692983,0.9586385589548858
train/Healthy/B-114.JPG,Healthy,0,train/Healthy/B-114.JPG,0.21102875112309075,0.010220125786163521,5.615453728661276e-05,0.0,0.7658355795148248,3.8102804257698346,0.7987142109716019,0.24109232164144295,0.9748416818476823
train/Healthy/B-115.JPG,Healthy,0,train/Healthy/B-115.JPG,0.02999574096984201,0.00032449753584683715,0.11560224714543574,0.00032449753584683715,0.8108990609852557,3.8351899271263985,0.6357979969925402,0.12493139328441241,0.9585321965850885
train/Healthy/B-116 - Kopya.JPG,Healthy,0,train/Healthy/B-116 - Kopya.JPG,0.03728874362244898,0.00013950892857142856,0.007075095663265306,0.0,0.17344945790816327,1.9383845822306158,0.7460919774223401,0.17246834654104917,0.9594735066581512
train/Healthy/B-116.JPG,Healthy,0,train/Healthy/B-116.JPG,0.03728874362244898,0.00013950892857142856,0.007075095663265306,0.0,0.17344945790816327,1.9383845822306158,0.7460919774223401,0.17246834654104917,0.9594735066581512
train/Healthy/B-119 - Kopya.JPG,Healthy,0,train/Healthy/B-119 - Kopya.JPG,0.1697766770570904,0.0024339211751142234,8.540074298646398e-05,0.012511208847516973,0.8228788590460737,4.021111715210398,0.768343466538855,0.21983027458454113,0.9767416972868742
train/Healthy/B-119.JPG,Healthy,0,train/Healthy/B-119.JPG,0.1697766770570904,0.0024339211751142234,8.540074298646398e-05,0.012511208847516973,0.8228788590460737,4.021111715210398,0.768343466538855,0.21983027458454113,0.9767416972868742
train/Healthy/B-12.JPG,Healthy,0,train/Healthy/B-12.JPG,0.02519383707719599,0.0012357736541029679,0.0012357736541029679,0.011082099220665324,0.9524027824839051,2.7043011743762735,0.8302359747998047,0.2820387954816456,0.9702842075567627
train/Healthy/B-120 - Kopya.JPG,Healthy,0,train/Healthy/B-120 - Kopya.JPG,0.044044961734693876,0.001136001275510204,0.022739955357142856,0.0,0.5402782206632653,1.7408837823677246,0.673863915427514,0.1543220927764163,0.9484136934110167
train/Healthy/B-120.JPG,Healthy,0,train/Healthy/B-120.JPG,0.044044961734693876,0.001136001275510204,0.022739955357142856,0.0,0.5402782206632653,1.7408837823677246,0.673863915427514,0.1543220927764163,0.9484136934110167
train/Healthy/B-121.JPG,Healthy,0,train/Healthy/B-121.JPG,0.06687530518932837,0.0010209970257912726,8.878235006880632e-05,0.009610689394948285,0.9299729213832291,3.4573717239137696,0.7881355074168828,0.22396400652280746,0.9725917938703891
train/Healthy/B-122.JPG,Healthy,0,train/Healthy/B-122.JPG,0.06529065709442616,0.0023132914547811345,0.0019343902682221557,0.0,0.842097916043474,1.4397764161287137,0.7303793521072703,0.1746427938571538,0.9663054159379725
train/Healthy/B-123.JPG,Healthy,0,train/Healthy/B-123.JPG,0.18436785298720057,0.003209886450266822,0.00024074148377001164,0.03322232476026161,0.808891385467239,4.819185331945786,0.7630901423857591,0.21060456891771312,0.977746150608878
train/Healthy/B-124.JPG,Healthy,0,train/Healthy/B-124.JPG,0.03665098852040816,0.0006377551020408163,0.03537547831632653,0.0,0.2618383290816326,1.4920691963832782,0.6649270289289427,0.15882521715957154,0.9528635730980723
train/Healthy/B-125.JPG,Healthy,0,train/Healthy/B-125.JPG,0.36341872157050514,0.011970313622216903,0.0056858989705530286,0.07445535073018913,0.6067751975101747,5.661925244614901,0.726843907412704,0.18957761449245264,0.9817818243113199
train/Healthy/B-126.JPG,Healthy,0,train/Healthy/B-126.JPG,0.034478635204081634,0.0001793686224489796,0.021145567602040817,0.0,0.3306361607142857,1.526382929422199,0.6602217109738515,0.15674700232914024,0.951145526418671
train/Healthy/B-127.JPG,Healthy,0,train/Healthy/B-127.JPG,0.24456085957128348,0.009728978457261988,0.005880151814828673,0.032715026460683166,0.707916822579783,2.969924181512888,0.7897451534104598,0.2016253391510963,0.9873808367427583
train/Healthy/B-128.JPG,Healthy,0,train/Healthy/B-128.JPG,0.029097576530612245,0.0006377551020408163,0.022441007653061226,0.0,0.44321986607142855,1.5245859328122418,0.6817768409362609,0.16185185368029018,0.9527045392551956
train/Healthy/B-129.JPG,Healthy,0,train/Healthy/B-129.JPG,0.2152155172413793,0.010474137931034484,8.620689655172413e-05,0.0,0.7629310344827587,4.641394584955375,0.7866946067285836,0.23018404645902849,0.9783913387686852
train/Healthy/B-13.JPG,Healthy,0,train/Healthy/B-13.JPG,0.035974953136840425,0.0013959239022055597,0.00039883540063015996,0.02448849359869182,0.9548119491086029,4.466170351591819,0.8422996018000666,0.28691829708392547,0.9512931138974997
train/Healthy/B-131 - Kopya.JPG,Healthy,0,train/Healthy/B-131 - Kopya.JPG,0.34786010955275987,0.011135857461024499,0.0006621320652501053,0.0,0.6316137964244869,4.86073019238737,0.7464533297983249,0.21090605511126798,0.9780828872753454
train/Healthy/B-131.JPG,Healthy,0,train/Healthy/B-131.JPG,0.34786010955275987,0.011135857461024499,0.0006621320652501053,0.0,0.6316137964244869,4.86073019238737,0.7464533297983249,0.21090605511126798,0.9780828872753454
train/Healthy/B-132 - Kopya.JPG,Healthy,0,train/Healthy/B-132 - Kopya.JPG,0.041912468112244895,0.001136001275510204,0.014748086734693877,0.0,0.4966517857142857,1.7125065402152568,0.6617685759619352,0.16136711232957784,0.9453490607123198
train/Healthy/B-132.JPG,Healthy,0,train/Healthy/B-132.JPG,0.041912468112244895,0.001136001275510204,0.014748086734693877,0.0,0.4966517857142857,1.7125065402152568,0.6617685759619352,0.16136711232957784,0.9453490607123198
train/Healthy/B-133.JPG,Healthy,0,train/Healthy/B-133.JPG,0.20726789695905878,0.0027515536790170313,0.00028464348403624463,0.06157787371317425,0.7547796385027753,4.184979231646107,0.7541836828145385,0.21803820353454534,0.9828369532199656
train/Healthy/B-134.JPG,Healthy,0,train/Healthy/B-134.JPG,0.02911750637755102,0.001136001275510204,0.014528858418367346,5.978954081632653e-05,0.45737005739795916,1.626414910350134,0.6539069616868622,0.15031294996220537,0.9572357130553527
train/Healthy/B-135.JPG,Healthy,0,train/Healthy/B-135.JPG,0.24814133235185867,0.004711078395288922,0.0005888847994111152,0.05292602134707398,0.641958041958042,4.207715560784522,0.7629548062659255,0.23003863419931928,0.9815599893085354
train/Healthy/B-136.JPG,Healthy,0,train/Healthy/B-136.JPG,0.021484375,0.00047831632653061223,0.03198740433673469,0.0,0.35190130739795916,1.654729105552189,0.6494259520327825,0.1526645258835503,0.9439283287772386
train/Healthy/B-137.JPG,Healthy,0,train/Healthy/B-137.JPG,0.1987602320591274,0.0023841691170627035,0.0017483906858459827,0.0022252245092585234,0.7123897321783359,3.093788339973786,0.7556079449684996,0.21883880487110435,0.9797499369612891
train/Healthy/B-138.JPG,Healthy,0,train/Healthy/B-138.JPG,0.021344866071428572,0.0002192283163265306,0.05123963647959184,0.0,0.41555723852040816,1.9926022193975894,0.659538517299642,0.15746184129207064,0.9433267046890723
train/Healthy/B-139.JPG,Healthy,0,train/Healthy/B-139.JPG,0.24417727249861662,0.01146938980834046,0.017002867347452086,0.06227677448563811,0.7026510387846471,6.757075480243831,0.7052155654622159,0.18739950531866822,0.9784322014824043
train/Healthy/B-140.JPG,Healthy,0,train/Healthy/B-140.JPG,0.026566485969387755,0.0003985969387755102,0.029356664540816327,0.0,0.4064891581632653,1.6731275825697631,0.6493428805417887,0.1453526266540517,0.9518032209157609
train/Healthy/B-141.JPG,Healthy,0,train/Healthy/B-141.JPG,0.2953416883423977,0.007850555686923623,0.002175455190352329,0.02771340742492315,0.6838496098368408,5.424055283117033,0.7168637527874604,0.18233870396443527,0.9788381489490798
train/Healthy/B-142.JPG,Healthy,0,train/Healthy/B-142.JPG,0.05606265943877551,0.0014548788265306123,0.016880580357142856,0.0,0.19367825255102042,1.8800955931268666,0.6358601813206837,0.1410049384827918,0.9511833372022118
train/Healthy/B-143.JPG,Healthy,0,train/Healthy/B-143.JPG,0.46162736939435967,0.010055478502080445,0.0006934812760055479,0.0,0.48104484512251505,3.8947300720909332,0.8086276543076794,0.25465654915980135,0.9770559383335549
train/Healthy/B-144.JPG,Healthy,0,train/Healthy/B-144.JPG,0.05970982142857143,0.0016940369897959183,0.021902901785714284,0.0,0.21936782525510204,1.9915745359889372,0.6766345913503584,0.15317858879523044,0.9464104842457344
train/Healthy/B-145.JPG,Healthy,0,train/Healthy/B-145.JPG,0.2553019824804057,0.005532503457814661,0.0024204702627939143,0.0012102351313969572,0.7232595666205625,4.496463188371263,0.738356925625306,0.2034088973764764,0.9765644083351785
train/Healthy/B-146.JPG,Healthy,0,train/Healthy/B-146.JPG,0.04179288903061224,0.0014947385204081632,0.05315290178571429,0.0,0.07836415816326531,1.5346447974671056,0.6646671383130671,0.16108105787058943,0.9409017242073261
train/Healthy/B-150.JPG,Healthy,0,train/Healthy/B-150.JPG,0.21994871794871795,0.00841025641025641,0.005897435897435898,0.0,0.7405641025641025,1.898034511320918,0.8012894378831832,0.22630494717632121,0.9837021447428135
train/Healthy/B-151.JPG,Healthy,0,train/Healthy/B-151.JPG,0.027403539540816327,0.001295440051020408,0.0635562818877551,0.0,0.059091996173469385,1.3654792537487563,0.6939292024251622,0.1567965378884051,0.952660038657649
train/Healthy/B-152.JPG,Healthy,0,train/Healthy/B-152.JPG,0.31046003598046773,0.0065107513064336505,0.0025700334104343356,0.0,0.6133813072903281,1.7865818833138656,0.8181867407997088,0.24954146902920604,0.9830553963024807
train/Healthy/B-153.JPG,Healthy,0,train/Healthy/B-153.JPG,0.02889827806122449,0.0010363520408163266,0.10395408163265306,0.0,0.05335220025510204,1.402643166399018,0.6812872004474004,0.15244361625813357,0.9533409326916394
train/Healthy/B-154.JPG,Healthy,0,train/Healthy/B-154.JPG,0.05905720338983051,0.001015183615819209,2.2069209039548023e-05,0.0056276483050847455,0.9369924081920904,2.747972442685258,0.759125961247019,0.20528871332178023,0.9750558200457806
train/Healthy/B-155.JPG,Healthy,0,train/Healthy/B-155.JPG,0.05006533812479582,0.0015313622999019929,0.020173146030708917,6.125449199607971e-05,0.061009474028095395,3.4073327362593715,0.6173055905915276,0.11465009314838057,0.9638004664443036
train/Healthy/B-156.JPG,Healthy,0,train/Healthy/B-156.JPG,0.1986381779760507,0.003521953510213665,0.00023479690068091102,0.014792204742897394,0.7871566095327541,4.445047449171101,0.7984210693526823,0.23571454137147518,0.9734721225553301
train/Healthy/B-157.JPG,Healthy,0,train/Healthy/B-157.JPG,0.12396453619161042,0.014238454413126902,0.009739314542807992,0.011591901548233426,0.8450707952891359,4.486303027376846,0.7947525892231566,0.22938517360965763,0.9768277321380621
train/Healthy/B-16.JPG,Healthy,0,train/Healthy/B-16.JPG,0.041706653870761355,0.00045985284708893157,0.0007597568777991043,0.0033389315419065898,0.952455214331414,1.7676074234885433,0.8404184873471388,0.3044306316501615,0.9780322941734338
train/Healthy/B-160.JPG,Healthy,0,train/Healthy/B-160.JPG,0.17900527160210863,0.003667201466880587,0.0006417602567041026,0.13275269310107723,0.806234242493697,6.8174178885938375,0.7176991472157633,0.17997381718816952,0.9850095116750778
train/Healthy/B-162.JPG,Healthy,0,train/Healthy/B-162.JPG,0.03693000637755102,0.0019730548469387753,0.0389030612244898,0.0,0.08161272321428571,1.1273037500615966,0.733215603898372,0.16644160947385148,0.9647369045613218
train/Healthy/B-163.JPG,Healthy,0,train/Healthy/B-163.JPG,0.24739613809245173,0.0034523112931538914,0.0008777062609713282,0.001053247513165594,0.7331187829139848,4.0871588308486695,0.7533635544621269,0.20988230249150738,0.9720271585222934
train/Healthy/B-166.JPG,Healthy,0,train/Healthy/B-166.JPG,0.017996651785714284,0.001753826530612245,0.0732421875,0.0,0.029316804846938774,1.6187786655279515,0.6898848213857101,0.16351171739863676,0.9427395686596745
train/Healthy/B-167.JPG,Healthy,0,train/Healthy/B-167.JPG,0.12180423099624119,0.0034792333260849307,0.0009319374980584636,0.0,0.8648379981982541,2.7758595989706754,0.7566899957906409,0.21271715430351107,0.9757308285659843
train/Healthy/B-169.JPG,Healthy,0,train/Healthy/B-169.JPG,0.016063456632653062,0.0011957908163265306,0.06407445790816327,0.0,0.0166015625,1.2708832605998586,0.7113196083737754,0.17517903643192934,0.944106142338518
train/Healthy/B-171.JPG,Healthy,0,train/Healthy/B-171.JPG,0.014400127823603427,0.00033953144660368693,0.00013980706624857698,0.0,0.1284427490063712,2.131700550175228,0.7143483394621294,0.1834364442438932,0.9381976469191996
train/Healthy/B-172.JPG,Healthy,0,train/Healthy/B-172.JPG,0.036252391581632654,0.000817123724489796,0.20178970025510204,0.0,0.005082110969387755,1.488101088357039,0.7078444263450152,0.18295335294279577,0.9360771374110712
train/Healthy/B-173.JPG,Healthy,0,train/Healthy/B-173.JPG,0.014768016581632654,0.00033880739795918367,0.004045758928571429,0.0,0.816764987244898,1.8963467598577881,0.6884331574373009,0.16685292558653683,0.953819736961155
train/Healthy/B-174.JPG,Healthy,0,train/Healthy/B-174.JPG,0.017637914540816327,0.0005978954081632653,0.03138950892857143,0.0,0.018534757653061226,1.6183429304802246,0.6966317861385203,0.16259847139975528,0.9406304076468234
train/Healthy/B-175.JPG,Healthy,0,train/Healthy/B-175.JPG,0.027330356430906626,0.0014552268559126066,0.0005182999760784627,0.0,0.117295271509449,1.7687391887161867,0.7101092261534645,0.18179572276937062,0.9433986406902675
train/Healthy/B-176.JPG,Healthy,0,train/Healthy/B-176.JPG,0.03736846301020408,0.0005181760204081633,0.029257015306122448,0.0,0.531867825255102,2.3453923232366347,0.6282285212918509,0.130357659018877,0.9572536987910628
train/Healthy/B-177.JPG,Healthy,0,train/Healthy/B-177.JPG,0.021324936224489797,0.001295440051020408,0.0021125637755102043,3.985969387755102e-05,0.013691804846938776,1.443209191230819,0.7024453664622888,0.1742304894205768,0.9399848632970641
train/Healthy/B-179.JPG,Healthy,0,train/Healthy/B-179.JPG,0.07454059871646669,0.0015745206680750988,0.009367401442978434,0.0,0.5341810499461873,2.165171890807031,0.6451069244810473,0.14847841877500229,0.9575268154830108
train/Healthy/B-18.JPG,Healthy,0,train/Healthy/B-18.JPG,0.08200697286645445,0.0006442322267697438,0.0,0.01675003789601334,0.9099969683189328,3.8172777540647056,0.8501542919906937,0.3023407127885796,0.9661898499103886
train/Healthy/B-180.JPG,Healthy,0,train/Healthy/B-180.JPG,0.17388065877679384,0.004386327898700654,0.00033104361499627574,0.047794421915087315,0.7809318877762145,5.040754667467192,0.7569172952341608,0.2192134384417932,0.9790413475169415
train/Healthy/B-182.JPG,Healthy,0,train/Healthy/B-182.JPG,0.0452485966319166,0.0004611066559743384,0.008660785886126704,0.0,0.2704089815557338,2.60139288015136,0.6817742672635307,0.1551673083317585,0.9586115433066802
train/Healthy/B-183.JPG,Healthy,0,train/Healthy/B-183.JPG,0.047532684948979595,0.000896843112244898,0.0001992984693877551,3.985969387755102e-05,0.9492386798469388,1.9121534954098964,0.7921188167620477,0.23892701009434655,0.9709001317524931
train/Healthy/B-184.JPG,Healthy,0,train/Healthy/B-184.JPG,0.010004783163265306,0.00025908801020408165,0.040338010204081634,0.0,0.04563934948979592,1.2274698869285552,0.7002771973952857,0.1682386830653781,0.9490434756700975
train/Healthy/B-185.JPG,Healthy,0,train/Healthy/B-185.JPG,0.03966039540816327,0.001096141581632653,0.1102718431122449,0.0,0.025849011479591837,1.5128345609975593,0.7044371733499466,0.16968815926815842,0.946732647204219
train/Healthy/B-186.JPG,Healthy,0,train/Healthy/B-186.JPG,0.12617769827072153,0.006261180679785331,0.00041741204531902206,0.0,0.7418008348240906,2.904178056182813,0.7598694305346912,0.22080786749700743,0.98133980855628
train/Healthy/B-187.JPG,Healthy,0,train/Healthy/B-187.JPG,0.03322305484693878,0.0007772640306122449,0.000896843112244898,0.0,0.05333227040816327,1.665954474666721,0.6842141751554601,0.15462417715140325,0.9516528020354192
train/Healthy/B-188.JPG,Healthy,0,train/Healthy/B-188.JPG,0.009745695153061224,0.0003985969387755102,0.14829799107142858,0.0036073022959183672,0.030213647959183673,1.8978957129160745,0.6917282526207267,0.1652769643356915,0.9483504256994667
train/Healthy/B-189.JPG,Healthy,0,train/Healthy/B-189.JPG,0.007932237169905331,9.96512207274539e-05,0.0008171400099651221,0.0,0.09496761335326358,2.125572744404754,0.7062171721063218,0.17068819724361173,0.9495597548247746
train/Healthy/B-19.JPG,Healthy,0,train/Healthy/B-19.JPG,0.2221465849784434,0.0025716662884804477,0.0001512744875576734,0.014900537024430829,0.7497919975796082,4.904749170062958,0.8373395722034637,0.302862835596293,0.9677529621038091
train/Healthy/B-191.JPG,Healthy,0,train/Healthy/B-191.JPG,0.1110842937307669,0.0012369516683762747,0.0,0.05017196645145719,0.8857780727689616,4.491133796136573,0.8527910857278712,0.26764613990169944,0.9772610384984518
train/Healthy/B-192.JPG,Healthy,0,train/Healthy/B-192.JPG,0.06578842474489796,0.0013352997448979591,0.04388552295918367,7.971938775510203e-05,0.007912149234693877,1.992125132434825,0.6970705041126727,0.16085014233343337,0.9570058402727133
train/Healthy/B-193.JPG,Healthy,0,train/Healthy/B-193.JPG,0.03716734510196985,0.0019841675701106633,0.00042956205126107143,0.0,0.2070693640436108,2.5118125617787674,0.7203928024981985,0.18658232605695044,0.9476520063803233
train/Healthy/B-194.JPG,Healthy,0,train/Healthy/B-194.JPG,0.03944116709183673,0.0014748086734693877,0.003866390306122449,0.0,0.019870057397959183,1.4012001974384096,0.7507733527059919,0.18834218027256486,0.9522490599501893
train/Healthy/B-195.JPG,Healthy,0,train/Healthy/B-195.JPG,0.020647321428571428,0.0013552295918367347,0.007314253826530612,0.0,0.03627232142857143,1.2018651933005002,0.7147636249341485,0.18199331194161056,0.9447162668531174
train/Healthy/B-196.JPG,Healthy,0,train/Healthy/B-196.JPG,0.019312406576980568,0.0001195814648729447,0.00013951170901843547,0.0,0.0622820129546587,1.2909511456790368,0.7246761114714909,0.18066368889055506,0.9430510546003592
train/Healthy/B-197.JPG,Healthy,0,train/Healthy/B-197.JPG,0.33544898918664784,0.009402914903620122,0.002997179125528914,0.0025858015984955335,0.6235307945463093,3.4888316086610622,0.7502277372370145,0.19855894752517553,0.983619139982026
train/Healthy/B-198.JPG,Healthy,0,train/Healthy/B-198.JPG,0.021464445153061226,0.0008769132653061224,0.07993861607142858,5.978954081632653e-05,0.008510044642857142,1.2102724950794377,0.7166307661384812,0.18357130205159608,0.9464379244371486
train/Healthy/B-199.JPG,Healthy,0,train/Healthy/B-199.JPG,0.024115114795918366,0.0013153698979591836,0.04856903698979592,0.0,0.022341358418367346,1.6402386336131562,0.7076318758465783,0.17777563503782368,0.9410133536228125
train/Healthy/B-2.JPG,Healthy,0,train/Healthy/B-2.JPG,0.13657870791628754,0.005004549590536852,0.012693357597816196,0.0013193812556869882,0.7883985441310282,2.905449118031142,0.7724870222783846,0.23151661734710452,0.9782207870628172
train/Healthy/B-20.JPG,Healthy,0,train/Healthy/B-20.JPG,0.028979126223307384,0.0010206736446054395,0.00018011887845978346,0.0166910160706066,0.9665379150239158,2.744748646483419,0.8551619107590132,0.3036984161117351,0.9607994152395455
train/Healthy/B-200.JPG,Healthy,0,train/Healthy/B-200.JPG,0.02853954081632653,0.0010363520408163266,0.05514588647959184,0.0,0.023377710459183673,1.7534155413631414,0.7061354099263117,0.17252769446438385,0.9383385842091003
train/Healthy/B-201.JPG,Healthy,0,train/Healthy/B-201.JPG,0.02947624362244898,0.0006377551020408163,0.0003786670918367347,0.0,0.051259566326530615,1.4433255246303422,0.7227719146039447,0.1791667489890746,0.9457948814202599
train/Healthy/B-202.JPG,Healthy,0,train/Healthy/B-202.JPG,0.029316804846938774,0.001136001275510204,0.07603236607142858,0.0,0.011459661989795918,1.3480071638003244,0.697994372494959,0.17522900750703227,0.9452677427593759
train/Healthy/B-203.JPG,Healthy,0,train/Healthy/B-203.JPG,0.023198341836734693,0.0017737563775510204,0.053810586734693876,0.0,0.01518654336734694,1.189394352515065,0.7126825819525844,0.17591514898948474,0.949748408654031
train/Healthy/B-205.JPG,Healthy,0,train/Healthy/B-205.JPG,0.019152582908163265,0.0011559311224489796,0.03842474489795918,0.0,0.05765704719387755,1.2877096175224136,0.7098737078004609,0.17167980998690355,0.9454711235416778
train/Healthy/B-207.JPG,Healthy,0,train/Healthy/B-207.JPG,0.03200733418367347,0.0007374043367346938,0.017458545918367346,0.0,0.07818478954081633,1.2793296496763582,0.7014905633519656,0.15150897228667748,0.966422513263245
train/Healthy/B-21.JPG,Healthy,0,train/Healthy/B-21.JPG,0.029865704550010023,0.008238123872519543,0.0010422930446983363,0.0170976147524554,0.9563640008017639,3.1656459884747132,0.8515585545184327,0.3101804942046249,0.9618598356484942
train/Healthy/B-211.JPG,Healthy,0,train/Healthy/B-211.JPG,0.03237575008472718,0.0009569187217160742,0.03554554335041168,0.0,0.0843882697713363,1.8210990242940874,0.6727830377316606,0.13597732465382553,0.9661833981941318
train/Healthy/B-212.JPG,Healthy,0,train/Healthy/B-212.JPG,0.024865928856930525,0.0005222246771245506,0.020125735633799987,2.0085564504790408e-05,0.11541165364452569,1.6212608221539728,0.6792991539635199,0.14569449105155452,0.9594493780108218
train/Healthy/B-213.JPG,Healthy,0,train/Healthy/B-213.JPG,0.031532160012756376,0.000677682326443563,0.009985848398477208,0.0,0.09748659584221961,1.3362943131288385,0.6925265261965565,0.16364055695402696,0.9437275108258839
train/Healthy/B-215.JPG,Healthy,0,train/Healthy/B-215.JPG,0.038688459238588796,0.0012756627466613513,0.011879609328283835,0.00019932230416583617,0.0917281243771178,1.3349476583492987,0.6941523661426965,0.159486994936057,0.9571427567202817
train/Healthy/B-216.JPG,Healthy,0,train/Healthy/B-216.JPG,0.04534040178571429,0.001953125,0.04320790816326531,0.0,0.07280373086734694,1.172451639546814,0.7052992885879033,0.1719407937609962,0.9449413923557517
train/Healthy/B-217.JPG,Healthy,0,train/Healthy/B-217.JPG,0.037107269751287475,0.0016367918878997165,0.006487284921553755,0.0,0.09273823306319613,1.7958790438821266,0.6955354913914168,0.15982295920951473,0.9465057821123175
train/Healthy/B-218.JPG,Healthy,0,train/Healthy/B-218.JPG,0.032159572544844625,0.0015065383765542454,0.0010043589177028303,0.0,0.08185525179278066,2.1295608942956306,0.696805744173564,0.17350998292309275,0.9366863786864131
train/Healthy/B-22.JPG,Healthy,0,train/Healthy/B-22.JPG,0.039331563080240384,0.0011779503663625292,0.001697047137979915,0.016151895701479426,0.9401441491804261,2.917811642162909,0.8316499658701204,0.29465240988316843,0.974669122014021
train/Healthy/B-220.JPG,Healthy,0,train/Healthy/B-220.JPG,0.0811334705541456,0.001418836554025699,0.0009991806718490836,0.0,0.09088547391139266,1.889455030675602,0.6863913681813508,0.16173255111940446,0.9576131066574106
train/Healthy/B-221.JPG,Healthy,0,train/Healthy/B-221.JPG,0.045818718112244895,0.0018136160714285715,0.014588647959183673,0.0,0.08147321428571429,1.4003402542458852,0.6972364399191617,0.15696010575857108,0.9581787744367053
train/Healthy/B-223.JPG,Healthy,0,train/Healthy/B-223.JPG,0.04217155612244898,0.0015744579081632653,0.04984454719387755,3.985969387755102e-05,0.07314253826530612,1.3850020454024992,0.6922030904829011,0.15839601265642375,0.952167034935199
train/Healthy/B-224.JPG,Healthy,0,train/Healthy/B-224.JPG,0.03553491709183673,0.0015545280612244898,0.05504623724489796,3.985969387755102e-05,0.08051658163265306,1.4235195199155894,0.6858342396998168,0.15399860772347412,0.9559977497641543
train/Healthy/B-225.JPG,Healthy,0,train/Healthy/B-225.JPG,0.013034119897959183,0.0012555803571428572,0.02604830994897959,5.978954081632653e-05,0.08031728316326531,2.435981370169655,0.6826799195132977,0.1590949522876323,0.9419050676687909
train/Healthy/B-226.JPG,Healthy,0,train/Healthy/B-226.JPG,0.04446616661346952,0.0013764762208745612,0.008059368017874243,0.0,0.08526172997127354,1.7396324000452208,0.6848240757731372,0.1533975281024081,0.9595405019433889
train/Healthy/B-227.JPG,Healthy,0,train/Healthy/B-227.JPG,0.028548058891593186,0.0008578382476160076,0.006024817460000798,0.0,0.09587838646610541,1.313875777760223,0.6974558837761505,0.17067449731919715,0.9482158806727232
train/Healthy/B-23.JPG,Healthy,0,train/Healthy/B-23.JPG,0.045224427967790796,0.0010563661006138883,0.001694172048154349,0.018835206888304232,0.9382723431395997,2.4969119449694395,0.8407721176078147,0.2948731166707711,0.977528092168133
train/Healthy/B-230.JPG,Healthy,0,train/Healthy/B-230.JPG,0.015884404583956152,5.979073243647235e-05,0.025929247633283508,0.0,0.09560538116591928,1.1910488367475298,0.6900088470098562,0.1581550057899595,0.9561261735272972
train/Healthy/B-232.JPG,Healthy,0,train/Healthy/B-232.JPG,0.3474358128176358,0.001980067322288958,0.0003960134644577916,0.006666226651706158,0.646095967262887,5.575454381907969,0.8173716549293466,0.23220014504872877,0.976529708448206
train/Healthy/B-233.JPG,Healthy,0,train/Healthy/B-233.JPG,0.01215720663265306,0.00023915816326530612,0.1119858099489796,0.0,0.07059151785714286,1.1725803830500796,0.6965917476186319,0.16464784125088355,0.9552620461696435
train/Healthy/B-234.JPG,Healthy,0,train/Healthy/B-234.JPG,0.033823646655505066,0.001136091844056446,0.02728613569321534,0.0,0.08634298014828988,1.494105948044964,0.6872039261074312,0.162091072255824,0.9502980844582207
train/Healthy/B-235.JPG,Healthy,0,train/Healthy/B-235.JPG,0.005324134080440288,0.00033898981036511197,0.010389040658836666,0.0,0.07816706215477875,1.6330656389409857,0.6875918477833756,0.1648571726340238,0.9489016729516342
train/Healthy/B-236.JPG,Healthy,0,train/Healthy/B-236.JPG,0.04356664540816327,0.001295440051020408,0.008490114795918368,0.0,0.06572863520408163,1.5913682791588515,0.6881331201194684,0.16157349443145275,0.9446515509929383
train/Healthy/B-237.JPG,Healthy,0,train/Healthy/B-237.JPG,0.04418447066326531,0.00025908801020408165,0.029456313775510203,0.0,0.08117426658163265,1.3935630014768925,0.7048561811067657,0.1637319319777799,0.9600535008067845
train/Healthy/B-239.JPG,Healthy,0,train/Healthy/B-239.JPG,0.03664274322169059,0.0015350877192982456,0.004565390749601276,0.0,0.07747208931419458,1.7028183934405088,0.7016671816131128,0.16723858053313706,0.9472450233045462
train/Healthy/B-24.JPG,Healthy,0,train/Healthy/B-24.JPG,0.04643478699523293,0.0014124650036572756,0.00090801321663682,0.0010845713420939793,0.9173960198754004,3.676997157089809,0.8176808167542602,0.27987892790524,0.968815075023227
train/Healthy/B-240.JPG,Healthy,0,train/Healthy/B-240.JPG,0.17307328873266054,0.007446044525078429,0.0013229013115621574,0.09487092262917186,0.8132441319877537,6.777662257124336,0.8100335504327167,0.22550381916377804,0.9789207667469094
train/Healthy/B-242.JPG,Healthy,0,train/Healthy/B-242.JPG,0.024174904336734693,0.0013552295918367347,0.011459661989795918,0.0,0.09091996173469388,1.850273094750147,0.6944052530263264,0.15587429711614403,0.9543393045726369
train/Healthy/B-243.JPG,Healthy,0,train/Healthy/B-243.JPG,0.015465561224489796,0.0005978954081632653,0.028180803571428572,0.0,0.030074139030612245,1.3161728698464548,0.6997267155983528,0.16936742288318907,0.9413817513245344
train/Healthy/B-244.JPG,Healthy,0,train/Healthy/B-244.JPG,0.02277981505102041,0.000817123724489796,0.0362922512755102,0.0,0.013950892857142858,1.277181388250366,0.6971372549502102,0.17009529766329579,0.9397253980428137
train/Healthy/B-245.JPG,Healthy,0,train/Healthy/B-245.JPG,0.00564014668367347,0.00025908801020408165,0.010403380102040817,0.0,0.03160873724489796,1.8060768881112255,0.6931841807250478,0.17166101220896998,0.9324923499517217
train/Healthy/B-246.JPG,Healthy,0,train/Healthy/B-246.JPG,0.014728156887755101,9.964923469387755e-05,0.019830197704081634,0.0,0.03045280612244898,1.2873071949976946,0.6957206390482796,0.1731196367621097,0.9368603179674837
train/Healthy/B-247.JPG,Healthy,0,train/Healthy/B-247.JPG,0.013452646683673469,0.00023915816326530612,0.04555963010204082,0.0,0.05404974489795918,1.0996502796530814,0.7193802535862142,0.1909847570087745,0.936897565547306
train/Healthy/B-25.JPG,Healthy,0,train/Healthy/B-25.JPG,0.048135690553345094,0.0013946429303909101,0.00034866073259772753,0.0013331145658148406,0.9311907789490955,3.548595973401443,0.8225292533091837,0.2868807768267415,0.969014921593123
train/Healthy/B-250.JPG,Healthy,0,train/Healthy/B-250.JPG,0.018122873079478866,0.0,6.0409576931596223e-05,0.0,0.07039729365095347,1.656745453010454,0.7206355974437336,0.18995771595426283,0.9334963140740453
train/Healthy/B-251.JPG,Healthy,0,train/Healthy/B-251.JPG,0.00665410670621718,0.0002605523710265763,0.0003808073115003808,0.0,0.06982803543512246,1.7273413472408627,0.6959199492017935,0.18043780677141172,0.9318460641956255
train/Healthy/B-253.JPG,Healthy,0,train/Healthy/B-253.JPG,0.012197066326530613,0.0009167729591836735,0.08884725765306123,0.0,0.05426897321428571,1.3356492594882032,0.7143154198920536,0.18566247640616532,0.9419254462011425
train/Healthy/B-255.JPG,Healthy,0,train/Healthy/B-255.JPG,0.06852114100748534,0.00026299817924337445,0.008577786769168521,0.0,0.17932429698563626,1.9409949162055244,0.6717823583172063,0.13566786154448493,0.9632087587995787
train/Healthy/B-256.JPG,Healthy,0,train/Healthy/B-256.JPG,0.0013946103673189152,0.00010727772056299348,0.00012873326467559217,0.00032183316168898045,0.05554840370751802,4.621273345488596,0.7109596402689211,0.1798362812913552,0.9416029535259103
train/Healthy/B-257.JPG,Healthy,0,train/Healthy/B-257.JPG,0.011753321371691229,0.00040320141926899583,0.00028224099348829706,0.0,0.07890651775094248,1.532956389264915,0.7141617334989715,0.18441089291425233,0.9385985644313608
train/Healthy/B-258.JPG,Healthy,0,train/Healthy/B-258.JPG,0.29242025649457415,0.00739888194672805,0.001644195988161789,0.10066589937520552,0.6768332785268004,4.856552901645287,0.8184322720287699,0.21169785207022046,0.987453485627961
train/Healthy/B-259.JPG,Healthy,0,train/Healthy/B-259.JPG,0.026167889030612245,0.0007374043367346938,0.041713169642857144,0.0006576849489795918,0.06483179209183673,1.8368040785217152,0.7031567440941655,0.18065809598482727,0.9391316542067694
train/Healthy/B-26.JPG,Healthy,0,train/Healthy/B-26.JPG,0.35929698422208906,0.005392450569203115,0.0025963650888755742,0.001597763131615738,0.5991611743559018,4.3991646686701715,0.8308973020828998,0.29337933723361553,0.9737139381973279
train/Healthy/B-260.JPG,Healthy,0,train/Healthy/B-260.JPG,0.009765625,0.0008370535714285714,0.10269850127551021,0.0,0.0657485650510204,1.8161987544241573,0.7038303374650934,0.1845866020524093,0.9334492236726376
train/Healthy/B-261.JPG,Healthy,0,train/Healthy/B-261.JPG,0.02245488084554791,0.0008575132116861103,0.12240502542626383,0.0,0.16141190547412504,1.4666754292265383,0.710137752888797,0.15289967046748562,0.9685904988230175
train/Healthy/B-262.JPG,Healthy,0,train/Healthy/B-262.JPG,0.03706009919910678,0.0003864900264101518,0.0002791316857406652,0.0,0.07819981534365404,3.7972653521136,0.6886664709673749,0.16615443400909213,0.9517083596127185
train/Healthy/B-263.JPG,Healthy,0,train/Healthy/B-263.JPG,0.03408008109477952,0.0012164216928535225,4.054738976178408e-05,0.0,0.0680182463253928,1.9823758636345183,0.6939785620930436,0.17943477731833798,0.9363088174133811
train/Healthy/B-264.JPG,Healthy,0,train/Healthy/B-264.JPG,0.023385726423109602,0.00019116397621070518,0.00010620220900594733,0.0,0.05439677145284622,2.1720762339085367,0.7102203385751062,0.17953820219625613,0.9518325915840403
train/Healthy/B-265.JPG,Healthy,0,train/Healthy/B-265.JPG,0.020560554348950252,0.0002895852725204261,0.00016547729858310063,0.0,0.07057606784569243,1.5476028707015752,0.7035176328517031,0.1792951872128162,0.9510096941059649
train/Healthy/B-266.JPG,Healthy,0,train/Healthy/B-266.JPG,0.010954836379687406,0.0003611484520776068,0.0007824883128348147,0.0,0.0854316727192472,1.7073570718387392,0.6942990299530538,0.17652418756344623,0.9495577829071136
train/Healthy/B-267.JPG,Healthy,0,train/Healthy/B-267.JPG,0.06065816306129793,0.00031988484145707545,0.05176136590827302,0.00041984885441241155,0.12731416689991604,2.958930958335375,0.6662177657120834,0.14435850838164072,0.9552847217786833
train/Healthy/B-268.JPG,Healthy,0,train/Healthy/B-268.JPG,0.007985601092330926,0.0002068808573142727,0.0009723400293770817,0.0,0.07000848211514989,2.010762617180366,0.6876771527717278,0.16786848645830077,0.9515030483224138
train/Healthy/B-269.JPG,Healthy,0,train/Healthy/B-269.JPG,0.034019927810318366,0.0011671385652841117,0.00012968206280934575,0.0,0.04664231525709469,2.005248930375878,0.7069686342420658,0.17372168308857858,0.9500125756289457
train/Healthy/B-27.JPG,Healthy,0,train/Healthy/B-27.JPG,0.13496480602389915,0.001636929120969062,0.0009821574725814373,0.0032329350139138975,0.8527582255688329,3.987905198945732,0.8411820852703805,0.30041027351163835,0.9724278645545605
train/Healthy/B-270.JPG,Healthy,0,train/Healthy/B-270.JPG,0.01832045546970313,0.0006303375355835706,0.0001220008133387556,0.0,0.06807645384302562,1.479742996715761,0.7073930229607062,0.18436377443791582,0.9486902665132322
train/Healthy/B-271.JPG,Healthy,0,train/Healthy/B-271.JPG,0.030470801359685724,0.0007531193388833479,0.03213987665126504,0.0,0.14744855380732358,1.4280656941976453,0.7213166544137952,0.1392735879710579,0.9748478440030903
train/Healthy/B-272.JPG,Healthy,0,train/Healthy/B-272.JPG,0.024999499609695563,0.0009207181601649287,0.07427793679069675,0.0001601248974199876,0.1135685834951262,2.9498490043654417,0.639709731465893,0.11840410201895077,0.9607441160409619
train/Healthy/B-273.JPG,Healthy,0,train/Healthy/B-273.JPG,0.03171876560471387,0.00013981823629281934,0.17792869269949066,0.0,0.10752022370917806,1.9896780094410895,0.6963128173626515,0.1273812533569072,0.9702007748729695
train/Healthy/B-274.JPG,Healthy,0,train/Healthy/B-274.JPG,0.05804744049886712,0.00018045836424518278,0.018206243859402883,0.0,0.13319832374230545,1.9851945877091697,0.6723058719293498,0.13728278349096565,0.9603741239591077
train/Healthy/B-275.JPG,Healthy,0,train/Healthy/B-275.JPG,0.05183085093638941,0.0006588667491913908,0.010142554805734137,0.0,0.16447709938905083,2.359653774410755,0.6658723632618426,0.14154239136880453,0.9596776882727192
train/Healthy/B-276.JPG,Healthy,0,train/Healthy/B-276.JPG,0.029422942294229423,0.00014001400140014,0.015061506150615061,0.0,0.11577157715771577,1.8304386917322901,0.6993496056897561,0.14974005232024212,0.9636271930172573
train/Healthy/B-277.JPG,Healthy,0,train/Healthy/B-277.JPG,0.08531127627267641,0.00039958443219052184,0.020019180052745146,0.00011987532965715655,0.1188364101334612,2.5312191785562015,0.6466079200803185,0.13569872266590555,0.9642829505773584
train/Healthy/B-278.JPG,Healthy,0,train/Healthy/B-278.JPG,0.049921589127025615,0.0005026338011178575,0.019281032610881016,0.0,0.12728698379508624,1.8528204723593453,0.6910268360004899,0.16883117758968774,0.9549711043309164
train/Healthy/B-279.JPG,Healthy,0,train/Healthy/B-279.JPG,0.04609773596938776,0.0,0.0013352997448979591,0.0,0.18225845025510204,2.2862290559117753,0.695792686227002,0.1694241424462381,0.9581390578411456
train/Healthy/B-28.JPG,Healthy,0,train/Healthy/B-28.JPG,0.17187315808086762,0.00648355534598609,0.0073087351172934105,0.0,0.7463161617352352,2.9950111382945814,0.8035446592174931,0.25186122030309277,0.9774130126219873
train/Healthy/B-280.JPG,Healthy,0,train/Healthy/B-280.JPG,0.040138711734693876,0.0006776147959183673,0.007254464285714286,0.0,0.17396763392857142,1.7903237560546814,0.7317321630370125,0.15635530539284612,0.9709026784219774
train/Healthy/B-281.JPG,Healthy,0,train/Healthy/B-281.JPG,0.05361663112156425,0.0,0.00011959099878415817,0.0,0.25096171094855596,2.0364296104350625,0.6983905764797007,0.15807073508215344,0.9550877411332552
train/Healthy/B-282.JPG,Healthy,0,train/Healthy/B-282.JPG,0.04739317602040816,0.0008370535714285714,0.01482780612244898,0.0,0.08414381377551021,1.6148575936066036,0.6671481027507956,0.13747627708562302,0.9694512648088056
train/Healthy/B-283.JPG,Healthy,0,train/Healthy/B-283.JPG,0.005400988520408163,5.978954081632653e-05,0.013014190051020409,0.0,0.07916135204081633,2.056687632797166,0.6570812965423974,0.1382491582044604,0.9562467202353846
train/Healthy/B-284.JPG,Healthy,0,train/Healthy/B-284.JPG,0.03431919642857143,0.0,0.0007573341836734694,0.0,0.13572225765306123,1.6810569594774778,0.6893969680493973,0.1592481735540076,0.9498073366131243
train/Healthy/B-285.JPG,Healthy,0,train/Healthy/B-285.JPG,0.0176578443877551,0.00027901785714285713,0.07983896683673469,0.0,0.05978954081632653,1.3881831082726288,0.6951907027810829,0.16481340447236456,0.9526860791693804
train/Healthy/B-286.JPG,Healthy,0,train/Healthy/B-286.JPG,0.035853794642857144,0.0004982461734693878,0.020049426020408163,0.0,0.05279416454081633,1.8370808827152794,0.6721859542061244,0.14805145193211702,0.9610195367620928
train/Healthy/B-287.JPG,Healthy,0,train/Healthy/B-287.JPG,0.02889827806122449,0.0014748086734693877,0.09165736607142858,0.0,0.06265943877551021,1.3340456385641526,0.6878770631810174,0.15036763108356835,0.961784615682042
train/Healthy/B-288.JPG,Healthy,0,train/Healthy/B-288.JPG,0.048509247448979595,0.001096141581632653,0.016581632653061226,0.0,0.09127869897959184,1.5973059702925605,0.6788620060695446,0.13177970288554863,0.9748693149334243
train/Healthy/B-29.JPG,Healthy,0,train/Healthy/B-29.JPG,0.1351338199513382,0.0037956204379562043,0.00851581508515815,0.0,0.8035523114355231,2.9188476593638546,0.8078278471340395,0.2563031101482325,0.9767238328920378
train/Healthy/B-290.JPG,Healthy,0,train/Healthy/B-290.JPG,0.05666055484693878,0.0013950892857142857,0.01309390943877551,0.0,0.04545998086734694,2.0983571604305764,0.663222274675538,0.1533931702827863,0.95823723217592
train/Healthy/B-291.JPG,Healthy,0,train/Healthy/B-291.JPG,0.05544483418367347,0.00045838647959183676,0.0021125637755102043,0.0,0.23858019770408162,2.1224721207472297,0.6876176657651251,0.15968637543036893,0.9557881490494781
train/Healthy/B-294.JPG,Healthy,0,train/Healthy/B-294.JPG,0.029296875,0.0009765625,0.05112005739795918,0.0,0.09683912627551021,1.4951990336061987,0.6851680226505019,0.1587242938660187,0.951959002159387
train/Healthy/B-296.JPG,Healthy,0,train/Healthy/B-296.JPG,0.08261690602792825,0.0015156785767529693,2.4847189782835563e-05,9.938875913134225e-05,0.9072951349202405,2.6446762421336327,0.7785062009060946,0.2209838097596341,0.9773341375306803
train/Healthy/B-298.JPG,Healthy,0,train/Healthy/B-298.JPG,0.03248565051020408,0.001136001275510204,0.008290816326530613,0.0,0.10154257015306123,2.0825989556308917,0.6627600235069813,0.14216579375660626,0.9580484240483165
train/Healthy/B-299.JPG,Healthy,0,train/Healthy/B-299.JPG,0.044602997448979595,0.00047831632653061223,0.020268654336734693,0.0,0.04037786989795918,1.739449962461694,0.66072458626122,0.14489366323609892,0.9555106629887915
train/Healthy/B-3.JPG,Healthy,0,train/Healthy/B-3.JPG,0.050900829081632654,0.0018534757653061226,0.0018534757653061226,0.008669483418367346,0.9387954400510204,4.150997808574978,0.8066248841349951,0.26155411940698126,0.960701785658773
train/Healthy/B-300.JPG,Healthy,0,train/Healthy/B-300.JPG,0.017558195153061226,0.00033880739795918367,0.056740274234693876,0.0,0.04398517219387755,1.1258516999849235,0.710735958537377,0.16093899480483265,0.9608152863146119
train/Healthy/B-301.JPG,Healthy,0,train/Healthy/B-301.JPG,0.06479193239795919,0.0013153698979591836,0.011798469387755101,0.0,0.04940609056122449,1.897692327620941,0.6614968859084318,0.15048358062288125,0.9441882147916021
train/Healthy/B-304.JPG,Healthy,0,train/Healthy/B-304.JPG,0.03888313137755102,0.0018534757653061226,0.023975605867346938,0.0,0.06861846301020408,2.0541097960829653,0.6424077367093117,0.13159865890125327,0.9654677847200464
train/Healthy/B-305.JPG,Healthy,0,train/Healthy/B-305.JPG,0.02756297831632653,0.0009964923469387755,0.025091677295918366,0.0,0.02867904974489796,1.4824296030071173,0.6570503429589853,0.15788426800136682,0.940960795427277
train/Healthy/B-306.JPG,Healthy,0,train/Healthy/B-306.JPG,0.031568877551020405,0.0007174744897959184,0.002969547193877551,0.0,0.05492665816326531,1.9832488736698533,0.6656383949897648,0.17149586747731937,0.9367235536012147
train/Healthy/B-309.JPG,Healthy,0,train/Healthy/B-309.JPG,0.04141422193877551,0.00027901785714285713,0.025410554846938774,0.0,0.0673030931122449,1.7649599724332603,0.7030226429965367,0.17268992011798942,0.9397828545958244
train/Healthy/B-310.JPG,Healthy,0,train/Healthy/B-310.JPG,0.04179288903061224,0.0010762117346938774,0.048170440051020405,0.0,0.09111926020408163,1.6699363968595367,0.7184703377915269,0.16175942070956456,0.963235932704912
train/Healthy/B-311.JPG,Healthy,0,train/Healthy/B-311.JPG,0.04123485331632653,9.964923469387755e-05,0.02040816326530612,0.0,0.06873804209183673,1.3520905861482226,0.7378922059227507,0.17290822014252463,0.9572735265504291
train/Healthy/B-312.JPG,Healthy,0,train/Healthy/B-312.JPG,0.08486128826530612,0.0015744579081632653,0.0012157206632653062,0.0,0.05269451530612245,1.6772218750815258,0.6958860131301328,0.1718315782505615,0.9487454617670371
train/Healthy/B-313.JPG,Healthy,0,train/Healthy/B-313.JPG,0.03774713010204082,0.0002192283163265306,0.00253109056122449,0.0,0.05797592474489796,1.6588470406703555,0.6753121506527858,0.16953967585501875,0.9432741161260809
train/Healthy/B-314.JPG,Healthy,0,train/Healthy/B-314.JPG,0.015106823979591837,0.00027901785714285713,0.10255899234693877,0.0,0.06732302295918367,1.1669011527084092,0.7050186704453834,0.16193523213854838,0.954633995381493
train/Healthy/B-315.JPG,Healthy,0,train/Healthy/B-315.JPG,0.03724888392857143,0.0015943877551020409,0.008111447704081632,0.0,0.0537109375,1.7512690916311322,0.6977812777068506,0.16030321374133535,0.9529618656989278
train/Healthy/B-316.JPG,Healthy,0,train/Healthy/B-316.JPG,0.036212531887755105,0.0010363520408163266,0.007174744897959184,0.0,0.046954719387755105,2.047099423591445,0.6606877836168648,0.15484613589080531,0.942674793824381
train/Healthy/B-317.JPG,Healthy,0,train/Healthy/B-317.JPG,0.04920679209183673,0.0005978954081632653,0.0040058992346938774,0.0,0.07360092474489796,2.6418708340097004,0.6596234138323668,0.1536631001530872,0.9537041703969257
train/Healthy/B-318.JPG,Healthy,0,train/Healthy/B-318.JPG,0.026885363520408163,0.0,0.002650669642857143,0.0,0.08155293367346939,1.6724284045715545,0.6797935221874484,0.15776037205938157,0.9429763288126936
train/Healthy/B-319.JPG,Healthy,0,train/Healthy/B-319.JPG,0.09315581775421533,0.0019133415713317654,0.010543309283692749,0.0003388209032566668,0.042492127396659626,1.9191180320437855,0.6523066498466976,0.13887933381700837,0.9650811965963554
train/Healthy/B-321.JPG,Healthy,0,train/Healthy/B-321.JPG,0.04864875637755102,0.0009964923469387755,0.01805644132653061,0.0,0.04261001275510204,1.7197859945547693,0.6504867848787472,0.14316707052705446,0.9491446319683245
train/Healthy/B-322.JPG,Healthy,0,train/Healthy/B-322.JPG,0.024660543130990416,0.0001597444089456869,0.0002995207667731629,0.0,0.06922923322683706,2.0304676426020487,0.6695235645308515,0.15810771213250072,0.9460177389956137
train/Healthy/B-323.JPG,Healthy,0,train/Healthy/B-323.JPG,0.018753985969387755,0.0013751594387755102,0.04669563137755102,0.0,0.07842394770408163,1.1487215962618222,0.7063311826261984,0.15921761421378788,0.9603617237654385
train/Healthy/B-324.JPG,Healthy,0,train/Healthy/B-324.JPG,0.04257015306122449,0.002232142857142857,0.0006975446428571429,0.0,0.04906728316326531,1.6713651440224235,0.685831268230302,0.16274696647556453,0.9489855720786471
train/Healthy/B-325.JPG,Healthy,0,train/Healthy/B-325.JPG,0.05951052295918367,0.0013950892857142857,0.013372927295918368,0.0,0.04510124362244898,1.701308459741263,0.69445845610446,0.15300920782864466,0.9653155487133389
train/Healthy/B-326.JPG,Healthy,0,train/Healthy/B-326.JPG,0.01739875637755102,0.00011957908163265306,0.0320671237244898,0.0,0.04059709821428571,1.674530196047028,0.6670159758438214,0.15769989033420576,0.9456716285167903
train/Healthy/B-327.JPG,Healthy,0,train/Healthy/B-327.JPG,0.048150510204081634,0.00029894770408163266,0.0028300382653061226,0.0,0.05026307397959184,1.6724149753899482,0.6854602612553611,0.1739107526925593,0.9430985631685485
train/Healthy/B-328.JPG,Healthy,0,train/Healthy/B-328.JPG,0.050880899234693876,0.0004384566326530612,0.014927455357142858,0.0,0.04390545280612245,1.7849702456439616,0.6651275179702022,0.15253418435818886,0.9424217228057197
train/Healthy/B-329.JPG,Healthy,0,train/Healthy/B-329.JPG,0.004583864795918368,0.0002192283163265306,0.005002391581632653,7.971938775510203e-05,0.07455755739795919,2.644588759960695,0.7079148097863627,0.17450734727429126,0.9568766519841111
train/Healthy/B-33.JPG,Healthy,0,train/Healthy/B-33.JPG,0.016561702806122448,0.0009566326530612245,0.008868781887755101,0.0,0.06373565051020408,1.2962893472756463,0.7147313277921173,0.1878191850069117,0.939204762708461
train/Healthy/B-330.JPG,Healthy,0,train/Healthy/B-330.JPG,0.0018933354591836734,0.00013950892857142856,0.00940688775510204,0.0,0.07248485331632654,2.5242297311301094,0.6828948358305722,0.16121491544045985,0.9492930137901157
train/Healthy/B-331.JPG,Healthy,0,train/Healthy/B-331.JPG,0.05584343112244898,0.0010363520408163266,0.008988360969387755,0.0,0.07206632653061225,1.6880831389989563,0.6607682361798595,0.15318573880840652,0.9477702022715749
train/Healthy/B-332.JPG,Healthy,0,train/Healthy/B-332.JPG,0.03691007653061224,0.0006776147959183673,0.02210220025510204,9.964923469387755e-05,0.08231026785714286,1.7963966222052812,0.6955490751663808,0.19087010412174327,0.9431471418899653
train/Healthy/B-333.JPG,Healthy,0,train/Healthy/B-333.JPG,0.06050701530612245,0.0012356505102040817,0.011300223214285714,0.0,0.045240752551020405,1.6839681478835062,0.6581914447775318,0.17533512398564577,0.9293242005386201
train/Healthy/B-334.JPG,Healthy,0,train/Healthy/B-334.JPG,0.02919722576530612,0.0021723533163265306,0.033322704081632654,0.0,0.03946109693877551,1.576973872292966,0.6758508093842998,0.18598990498737505,0.9264508139117891
train/Healthy/B-335.JPG,Healthy,0,train/Healthy/B-335.JPG,0.03126992984693878,0.001913265306122449,0.03892299107142857,0.0,0.025530133928571428,1.5921008829109422,0.6776774724630908,0.18393039550544046,0.9282538783439057
train/Healthy/B-336.JPG,Healthy,0,train/Healthy/B-336.JPG,0.032545440051020405,0.0013552295918367347,0.011957908163265306,0.0,0.05982940051020408,1.7709828811224388,0.6666162589228631,0.18664235558953515,0.9355304396316464
train/Healthy/B-337.JPG,Healthy,0,train/Healthy/B-337.JPG,0.02760283801020408,0.0006178252551020409,0.023198341836734693,0.0,0.06421396683673469,2.089555339641894,0.6524409571541818,0.1675861315312453,0.9280994142349482
train/Healthy/B-339.JPG,Healthy,0,train/Healthy/B-339.JPG,0.0361328125,0.0009367028061224489,0.002032844387755102,0.0,0.06174266581632653,2.2397713116809332,0.6863720829882672,0.19273440025297336,0.9523275597699774
train/Healthy/B-34.JPG,Healthy,0,train/Healthy/B-34.JPG,0.04272959183673469,0.0016940369897959183,0.005181760204081632,0.0,0.08153300382653061,1.8909075563219417,0.7003867700723796,0.1675972954187679,0.9580542439941161
train/Healthy/B-340.JPG,Healthy,0,train/Healthy/B-340.JPG,0.02744339923469388,0.0002192283163265306,0.02293925382653061,0.0,0.08330676020408163,1.3720923217510528,0.6985042430568292,0.18182990673794747,0.9347775516302496
train/Healthy/B-341.JPG,Healthy,0,train/Healthy/B-341.JPG,0.041015625,0.001096141581632653,0.021205357142857144,0.0,0.06909677933673469,1.9379339686460908,0.6636636773781502,0.17536526544483852,0.9388333463203519
train/Healthy/B-342.JPG,Healthy,0,train/Healthy/B-342.JPG,0.050860969387755105,0.0015545280612244898,0.006018813775510204,0.0,0.0587531887755102,1.7367880178546053,0.6676682603782255,0.18129550022651406,0.9286467182297253
train/Healthy/B-343.JPG,Healthy,0,train/Healthy/B-343.JPG,0.044443558673469385,0.0024513711734693877,0.023058832908163265,0.0,0.04920679209183673,1.2193053747887563,0.7053384261147396,0.19587016915998973,0.9469721206694341
train/Healthy/B-344.JPG,Healthy,0,train/Healthy/B-344.JPG,0.07270697971060709,0.0003986128273607845,0.011798939689879221,0.0,0.05771913740184159,1.7010871839681023,0.6567386368777549,0.16171623036412577,0.9398736286222972
train/Healthy/B-346.JPG,Healthy,0,train/Healthy/B-346.JPG,0.05976961096938776,0.00033880739795918367,0.003926179846938775,0.0,0.06353635204081633,1.8953797681973774,0.6803923211664575,0.1861129124507132,0.9192004474467593
train/Healthy/B-347.JPG,Healthy,0,train/Healthy/B-347.JPG,0.017598054846938774,5.978954081632653e-05,0.009506536989795918,0.0,0.07880261479591837,1.507643876583058,0.6727996539811778,0.17466300428395237,0.9310838516852766
train/Healthy/B-35.JPG,Healthy,0,train/Healthy/B-35.JPG,0.027283960459183673,0.001833545918367347,0.09592235331632654,0.0,0.053053252551020405,1.1353601040709478,0.7036390772116283,0.163807231272784,0.9566575640963537
train/Healthy/B-350.jpg,Healthy,0,train/Healthy/B-350.jpg,0.032979621367418305,0.0007034044776719322,0.0,0.014088186824229269,0.94676232967563,7.4954625671413115,0.790188839867717,0.14036183855195658,0.9448461671487486
train/Healthy/B-352.jpg,Healthy,0,train/Healthy/B-352.jpg,0.05177691730695157,0.0009730978977030836,0.0,0.04425568147262149,0.9406410282401119,7.967747295321994,0.7722890429612785,0.12155280485714322,0.9681672238590926
train/Healthy/B-353.jpg,Healthy,0,train/Healthy/B-353.jpg,0.05424254165052305,0.0003262709272211913,0.0,0.04180346255021514,0.9348477742205183,7.3184514826540426,0.7685220741135901,0.11724588219826848,0.975698919966094
train/Healthy/B-355.jpg,Healthy,0,train/Healthy/B-355.jpg,0.13324398960363873,0.0010355750487329434,0.0,0.0880441845354126,0.8582277452891488,9.091378198183293,0.7414874498561499,0.1091002896956928,0.9736172971364115
train/Healthy/B-356.jpg,Healthy,0,train/Healthy/B-356.jpg,0.0723650025980255,0.0,0.0,0.06365162476517847,0.9215995843159199,5.773027785406984,0.772775107282519,0.11998665358494401,0.9766061866523671
train/Healthy/B-357.jpg,Healthy,0,train/Healthy/B-357.jpg,0.09111507689839787,0.0003408794690300976,0.0,0.05827033747067434,0.9017665577189148,7.863429299367141,0.7697538527763146,0.12271549045133279,0.970287979911467
train/Healthy/B-359.jpg,Healthy,0,train/Healthy/B-359.jpg,0.1119980648282535,0.002682851739455513,0.0,0.07844042749703127,0.8805031446540881,9.68650234541891,0.7682267134263094,0.11827279384148137,0.97318267663473
train/Healthy/B-36.JPG,Healthy,0,train/Healthy/B-36.JPG,0.0186244347628585,0.00022712725320559146,4.1295864219198446e-05,0.0,0.20383638578596353,1.6477786774851333,0.7318407936044036,0.194578784475211,0.9405615093264623
train/Healthy/B-360.jpg,Healthy,0,train/Healthy/B-360.jpg,0.03988334674175382,0.0049678197908286405,0.0,0.05695897023330652,0.948793242156074,5.871846021954791,0.8021188145773945,0.11745300077836457,0.9812911957529791
train/Healthy/B-362.jpg,Healthy,0,train/Healthy/B-362.jpg,0.053923541247484906,0.0011267605633802818,0.0,0.049074446680080486,0.9382092555331992,7.509217604556418,0.7735852485334117,0.11437303935444963,0.9743191469630339
train/Healthy/B-363 - Kopya.jpg,Healthy,0,train/Healthy/B-363 - Kopya.jpg,0.07441516670995066,0.00037956729328565437,0.0,0.03877579559302395,0.9172942845156522,7.045712820959647,0.7721461138107479,0.11593832898299883,0.9742524648493417
train/Healthy/B-363.jpg,Healthy,0,train/Healthy/B-363.jpg,0.07441516670995066,0.00037956729328565437,0.0,0.03877579559302395,0.9172942845156522,7.045712820959647,0.7721461138107479,0.11593832898299883,0.9742524648493417
train/Healthy/B-364 - Kopya.jpg,Healthy,0,train/Healthy/B-364 - Kopya.jpg,0.0813031451695523,0.0008195881569511321,0.0,0.007929515418502203,0.909517467472595,8.87250348569911,0.7528266786826121,0.11019303379484452,0.9652674949305806
train/Healthy/B-364.jpg,Healthy,0,train/Healthy/B-364.jpg,0.0813031451695523,0.0008195881569511321,0.0,0.007929515418502203,0.909517467472595,8.87250348569911,0.7528266786826121,0.11019303379484452,0.9652674949305806
train/Healthy/B-365 - Kopya.jpg,Healthy,0,train/Healthy/B-365 - Kopya.jpg,0.04957305977163197,7.998880156778051e-05,0.0,0.0402343671885936,0.9430479732837402,6.346479362269177,0.7795842761538341,0.11952163614589385,0.9736797560927699
train/Healthy/B-365.jpg,Healthy,0,train/Healthy/B-365.jpg,0.04957305977163197,7.998880156778051e-05,0.0,0.0402343671885936,0.9430479732837402,6.346479362269177,0.7795842761538341,0.11952163614589385,0.9736797560927699
train/Healthy/B-366 - Kopya.jpg,Healthy,0,train/Healthy/B-366 - Kopya.jpg,0.04910482874117788,0.0001395589935802863,0.0,0.000976912955062004,0.9474261334183979,5.316165555131976,0.783165934846064,0.1319906291834178,0.9638332039591089
train/Healthy/B-366.jpg,Healthy,0,train/Healthy/B-366.jpg,0.04910482874117788,0.0001395589935802863,0.0,0.000976912955062004,0.9474261334183979,5.316165555131976,0.783165934846064,0.1319906291834178,0.9638332039591089
train/Healthy/B-367 - Kopya.jpg,Healthy,0,train/Healthy/B-367 - Kopya.jpg,0.07158091972810812,0.002631211752745829,5.9800267107859746e-05,0.035202423904160104,0.921542049554488,7.200702742506045,0.7699207284899114,0.1194916848231354,0.9677945249568449
train/Healthy/B-367.jpg,Healthy,0,train/Healthy/B-367.jpg,0.07158091972810812,0.002631211752745829,5.9800267107859746e-05,0.035202423904160104,0.921542049554488,7.200702742506045,0.7699207284899114,0.1194916848231354,0.9677945249568449
train/Healthy/B-368.jpg,Healthy,0,train/Healthy/B-368.jpg,0.054751077070368595,0.00031913196106590075,0.0,0.043162597734163075,0.941558959629807,6.740262484564301,0.784052383370683,0.1240947754365856,0.9678196926883107
train/Healthy/B-369.jpg,Healthy,0,train/Healthy/B-369.jpg,0.099958101394625,0.0017357993655354044,0.0,0.04243730172981385,0.8953931485804354,8.633927235304197,0.7572572659011476,0.11868822811713546,0.9656969389078804
train/Healthy/B-37.JPG,Healthy,0,train/Healthy/B-37.JPG,0.02224170918367347,0.0001992984693877551,0.09996811224489796,0.0,0.09819435586734694,1.4951121175876307,0.678929142074538,0.14067707694891576,0.9640981155840653
train/Healthy/B-370.jpg,Healthy,0,train/Healthy/B-370.jpg,0.06969467474489796,3.985969387755102e-05,0.0,0.009028220663265306,0.9267578125,5.366933908135474,0.7974522026723786,0.13184170147208085,0.9701280878709969
train/Healthy/B-371.jpg,Healthy,0,train/Healthy/B-371.jpg,0.06452448820938067,0.0011162716526800487,0.0,0.02180716407199952,0.9114756712579983,6.400224917278003,0.7857438204798969,0.12539394553052072,0.9687348308899016
train/Healthy/B-38.JPG,Healthy,0,train/Healthy/B-38.JPG,0.01645066805761746,0.0003611122256550175,0.03865906993540104,0.0,0.15421498214500662,1.8993023347662592,0.6820420250708735,0.1372358889080586,0.9665834929876702
train/Healthy/B-39.JPG,Healthy,0,train/Healthy/B-39.JPG,0.05997227412452535,0.0014264762019568842,0.034657344343318665,0.0,0.1268961083318265,2.355584890907024,0.6602466416089653,0.12923691595414413,0.9675156777226641
train/Healthy/B-4.JPG,Healthy,0,train/Healthy/B-4.JPG,0.045279856085694424,0.0021464491598184718,0.001103888139335214,0.012694713602354961,0.936771740463633,4.240859052744915,0.8231924371214926,0.2737718963166891,0.966148776344289
train/Healthy/B-40.JPG,Healthy,0,train/Healthy/B-40.JPG,0.024135044642857144,0.00027901785714285713,0.03423947704081633,0.0,0.12541852678571427,1.6857703304674736,0.7049969424104279,0.16525072256312023,0.9511209365720994
train/Healthy/B-41.JPG,Healthy,0,train/Healthy/B-41.JPG,0.03728874362244898,0.00013950892857142856,0.007075095663265306,0.0,0.17344945790816327,1.9383845822306158,0.7460919774223401,0.17246834654104917,0.9594735066581512
train/Healthy/B-42.JPG,Healthy,0,train/Healthy/B-42.JPG,0.06310271697811212,0.0004601656596374695,0.018166539954383578,0.0,0.09661478132127566,1.6165185546450354,0.7066903551663725,0.1476494829504938,0.9688691161023866
train/Healthy/B-44.JPG,Healthy,0,train/Healthy/B-44.JPG,0.018015681423697704,0.00011970552440995152,0.09452746244239171,0.0,0.12082277597111106,1.9178900432197648,0.6624646617425499,0.1357360274602395,0.960272807177339
train/Healthy/B-449.JPG,Healthy,0,train/Healthy/B-449.JPG,0.09768849086288273,0.0028561055306789303,0.00016942998910807213,0.057460970591794745,0.895582718141111,5.372077080875425,0.8150971270126451,0.22253307106285758,0.9751611143920129
train/Healthy/B-45.JPG,Healthy,0,train/Healthy/B-45.JPG,0.04481585268214572,0.0016613290632506005,0.05802642113690953,0.0,0.12516012810248198,2.208988049341836,0.6498718565367462,0.1270836093405959,0.9656532341907217
train/Healthy/B-450.jpg,Healthy,0,train/Healthy/B-450.jpg,0.06613434474498453,0.00035931729713544266,0.0,0.0012376484679109691,0.9272182852580098,4.412540042966097,0.7681267947582666,0.11880974773796447,0.9761828924637383
train/Healthy/B-451.jpg,Healthy,0,train/Healthy/B-451.jpg,0.044980338656608616,0.0,0.0,0.017956022791108257,0.9489406949683011,7.116990682095474,0.7858963908594137,0.11904185945114625,0.9691765000892749
train/Healthy/B-452.jpg,Healthy,0,train/Healthy/B-452.jpg,0.09814592558871,0.0,0.0,0.0410958904109589,0.8973016595621405,7.97232080353692,0.7630659670892966,0.11392776802632448,0.9699790467526339
train/Healthy/B-453.jpg,Healthy,0,train/Healthy/B-453.jpg,0.07595948294807504,0.0010788564122030646,0.0,0.04479251992887539,0.8291411104229517,6.6275044178157,0.7863961967636248,0.11365773931760276,0.9751907908682194
train/Healthy/B-456.jpg,Healthy,0,train/Healthy/B-456.jpg,0.04380508035251426,0.0,0.0,0.004526059736013079,0.9519081229812179,4.969226792562448,0.7730889175561276,0.11697411232361785,0.9762088074641856
train/Healthy/B-459.jpg,Healthy,0,train/Healthy/B-459.jpg,0.05740892141418573,0.000877385391533231,0.0,0.02917306426847993,0.9355919360306287,6.095287018524151,0.7818058548784593,0.12433311935420127,0.9703578105844941
train/Healthy/B-46.JPG,Healthy,0,train/Healthy/B-46.JPG,0.020407330313048446,0.00016325864250438759,0.001550957103791682,0.0,0.46155258969021673,1.849534965331425,0.6800499752019531,0.15445707341200732,0.9583140021765987
train/Healthy/B-460.JPG,Healthy,0,train/Healthy/B-460.JPG,0.0398796237244898,0.0009167729591836735,0.007473692602040816,0.0,0.038185586734693876,1.6594686102278096,0.6734736643382567,0.1633848437309428,0.9485683378845755
train/Healthy/B-461.JPG,Healthy,0,train/Healthy/B-461.JPG,0.11320302194507735,0.0173881760402926,0.0005396330495263221,0.0,0.8533996882120158,3.7885215734707294,0.8138177567370783,0.25957642014876986,0.978292864948815
train/Healthy/B-462.JPG,Healthy,0,train/Healthy/B-462.JPG,0.14268998829918095,0.0010500735051453601,0.0,0.0074705229366055625,0.8436290540337824,4.24837583899548,0.8183351481974946,0.264694141845468,0.9805186422980929
train/Healthy/B-463.JPG,Healthy,0,train/Healthy/B-463.JPG,0.15022413218241767,0.0047790167821287,0.0002593264920534953,0.0006668395509947024,0.8366243100062979,4.871703283115579,0.8246769926989655,0.2621020433796332,0.9715399588301152
train/Healthy/B-464.JPG,Healthy,0,train/Healthy/B-464.JPG,0.2160071740836229,0.0071460598587602285,0.006501513283264208,0.1064903037776034,0.7648806187647125,6.210263028978377,0.7866305084236146,0.21914481618370402,0.9851291579856237
train/Healthy/B-465.JPG,Healthy,0,train/Healthy/B-465.JPG,0.18294867741595533,0.004373485087996628,0.00516387395932132,0.09150068500368848,0.8029560543787544,6.100581875342387,0.788894256275201,0.22363954771703035,0.9829679826532675
train/Healthy/B-466.JPG,Healthy,0,train/Healthy/B-466.JPG,0.15597586187629212,0.012516064144828743,0.0003911270045258982,0.03807900765491423,0.818572945186344,3.900090987800767,0.8071278804277862,0.23132552690787864,0.9852657285899523
train/Healthy/B-467.JPG,Healthy,0,train/Healthy/B-467.JPG,0.16287335110382065,0.005467842252751008,0.0002050440844781628,0.005502016266830702,0.8164171963638849,3.568004333934324,0.8298378849913538,0.2571120265571757,0.983775248190769
train/Healthy/B-468.JPG,Healthy,0,train/Healthy/B-468.JPG,0.22007429005072493,0.0060710148979510326,0.002356512361704677,0.10316731237768104,0.7595558573311499,5.667452994693889,0.8038229658043805,0.25825798568628694,0.981810950508372
train/Healthy/B-469.JPG,Healthy,0,train/Healthy/B-469.JPG,0.19321090206995645,0.00983341565264245,0.00035921153069013513,0.0016164518881056082,0.7863589421220422,4.614892559300374,0.8160204821756495,0.277293748564856,0.9726721491776456
train/Healthy/B-47.JPG,Healthy,0,train/Healthy/B-47.JPG,0.019363481367216044,2.0297150280100673e-05,0.0005480230575627182,0.0,0.4162742550945847,2.0220222273110693,0.7122242311239415,0.17151494168928197,0.9453994616241046
train/Healthy/B-470.JPG,Healthy,0,train/Healthy/B-470.JPG,0.17950167874182718,0.011132708959180067,0.0003887612652412087,0.007881251104435412,0.8030394062555222,4.884552518834372,0.8047273987519311,0.256133554790417,0.9764537585694212
train/Healthy/B-471.JPG,Healthy,0,train/Healthy/B-471.JPG,0.13921933586900812,0.019988670389253053,0.003857462706697958,0.0,0.8290307787758625,3.3981545134007445,0.8001850024574864,0.23399887108033582,0.9795883303610464
train/Healthy/B-472.JPG,Healthy,0,train/Healthy/B-472.JPG,0.14436393653122995,0.0042190222874438224,0.0004891620043413128,0.005319636797211777,0.8453942340028738,3.7901199631284146,0.8387566050097042,0.32067106710305765,0.9814965627342405
train/Healthy/B-473.JPG,Healthy,0,train/Healthy/B-473.JPG,0.21350717439293598,0.007760761589403973,0.003483719646799117,0.0026903973509933773,0.7672461368653422,4.024484274133924,0.8135655850278717,0.24140953761083897,0.982423550519699
train/Healthy/B-474.JPG,Healthy,0,train/Healthy/B-474.JPG,0.2142482582965016,0.008165405648363173,0.002584463255674582,0.001385871600868979,0.7667990111618848,3.9536669003147975,0.8206714025496155,0.2590370688971365,0.9814598646584538
train/Healthy/B-475.JPG,Healthy,0,train/Healthy/B-475.JPG,0.184078139291781,0.005520710832353326,0.001535345616098262,0.08094864758918072,0.7933490134587743,6.128667706518648,0.805271287475978,0.2590486596150738,0.9802226217406418
train/Healthy/B-476.JPG,Healthy,0,train/Healthy/B-476.JPG,0.15687922821344222,0.004403346543372964,0.01020775789600096,0.13262079180176933,0.7982866978903967,5.180500746780239,0.8291546173733041,0.2946904686883829,0.9820079964776858
train/Healthy/B-477.JPG,Healthy,0,train/Healthy/B-477.JPG,0.14011173184357542,0.007681564245810056,0.00047486033519553075,0.0009776536312849163,0.8467877094972067,4.306149944670861,0.8101924198899861,0.2625109094324142,0.9759238006914227
train/Healthy/B-478.JPG,Healthy,0,train/Healthy/B-478.JPG,0.31074042792792794,0.018581081081081082,0.005349099099099099,0.0,0.6499155405405406,3.889545320974211,0.8175418100256981,0.2905315054001082,0.977724209868853
train/Healthy/B-479.JPG,Healthy,0,train/Healthy/B-479.JPG,0.30172970645230746,0.016938204263259888,0.0045934113256297995,7.177205196296562e-05,0.6620254073063949,3.9313719224754538,0.8188798524390756,0.30159403269083357,0.9765036453624609
train/Healthy/B-48.JPG,Healthy,0,train/Healthy/B-48.JPG,0.04219221347154455,0.00016196627052416333,0.00581053995505436,0.0,0.2164679205555443,3.3567289982999076,0.65743312678617,0.1436541258274875,0.9523655573315193
train/Healthy/B-480.JPG,Healthy,0,train/Healthy/B-480.JPG,0.12398433545568373,0.0033833284492633935,7.992114447078882e-05,0.012867304259797,0.8663718464448411,4.893247902601897,0.7917534951985346,0.2792036146910238,0.9766737090482067
train/Healthy/B-481.JPG,Healthy,0,train/Healthy/B-481.JPG,0.27853467791726694,0.01926322288536736,0.010742951224531797,0.006379913562461412,0.678534677917267,4.052785243969961,0.7864454362572229,0.2229785145201312,0.9829567833224395
train/Healthy/B-482.JPG,Healthy,0,train/Healthy/B-482.JPG,0.3484873085457596,0.02478757374032581,0.010770146668831521,0.003572008442929047,0.5970125020295503,3.9789467119203765,0.7920152532222478,0.25216949706593383,0.9827721985626255
train/Healthy/B-483.JPG,Healthy,0,train/Healthy/B-483.JPG,0.16037658616455178,0.005403192795742939,0.002292263610315186,0.0008732432801200709,0.8277254741438123,3.7832593044979275,0.8033406935640209,0.25168184289722006,0.9784663491339302
train/Healthy/B-484.JPG,Healthy,0,train/Healthy/B-484.JPG,0.23790002091612633,0.01150386948337168,0.002760928676009203,0.003095586697343652,0.7401380464338004,3.710013807825656,0.8057353046018744,0.25472083138564583,0.9843918763033165
train/Healthy/B-485.JPG,Healthy,0,train/Healthy/B-485.JPG,0.21353833865814698,0.010303514376996805,0.0013578274760383386,0.0033945686900958465,0.7663738019169329,3.354623923129111,0.820935024850094,0.28419417810715664,0.98526557612625
train/Healthy/B-486.JPG,Healthy,0,train/Healthy/B-486.JPG,0.1549509969584319,0.00635349780331193,0.0006421088205474822,0.01128759716120311,0.8212909766813112,3.7626106582681516,0.8027646888186444,0.27006940999991513,0.982329195127857
train/Healthy/B-487.JPG,Healthy,0,train/Healthy/B-487.JPG,0.12867237925662142,0.0051747162252392615,0.002921210772312486,0.07492210104607167,0.859253282884487,6.232392712388474,0.8057448386495332,0.22440464513728509,0.9794418870682476
train/Healthy/B-488.JPG,Healthy,0,train/Healthy/B-488.JPG,0.20187482575968776,0.007178700864231949,0.0026833008084750486,0.0246027320880959,0.7770072483969891,4.115098707428827,0.8111276930656437,0.2567675563842433,0.9835669494182824
train/Healthy/B-489.JPG,Healthy,0,train/Healthy/B-489.JPG,0.11178404041633697,0.05319861221011626,0.00200864325278471,0.07316330878324913,0.8008399780875282,5.721286258337401,0.7826022448054623,0.2503700112337105,0.9818428228343083
train/Healthy/B-49.JPG,Healthy,0,train/Healthy/B-49.JPG,0.04380891388316289,0.00010006604358876858,0.013649008345508036,0.0,0.12230071847419297,2.628115366317267,0.6721788703240051,0.15561656685508574,0.9420798598214676
train/Healthy/B-490.JPG,Healthy,0,train/Healthy/B-490.JPG,0.12446901759827389,0.006135796642168431,0.0004045580203627537,0.022385543793405703,0.8647090553570225,3.970453694370107,0.8198027086069117,0.23846995712219066,0.9775377245250185
train/Healthy/B-491.jpg,Healthy,0,train/Healthy/B-491.jpg,0.12459817141902893,0.0009810879639293617,0.0,0.015593036362877302,0.8704963887613243,9.33323087449009,0.7335226981619578,0.11321066285416342,0.9609356224187369
train/Healthy/B-492.JPG,Healthy,0,train/Healthy/B-492.JPG,0.1297385031559964,0.004652840396753832,0.0003606853020739405,0.01788999098286745,0.860595130748422,3.8734976754154697,0.8222747342605901,0.2565749296074828,0.9772793232122745
train/Healthy/B-493.JPG,Healthy,0,train/Healthy/B-493.JPG,0.07582606608528682,0.0028602288183054644,0.0007200576046083687,0.00026002080166413316,0.915853268261461,3.520562137842348,0.8128500914571252,0.25826064380551267,0.970849996457902
train/Healthy/B-494.JPG,Healthy,0,train/Healthy/B-494.JPG,0.15819529894305095,0.011421359835936267,0.024514907714150498,3.155071777882947e-05,0.7911657990219277,3.054986882429744,0.7978356179593336,0.24246732681333563,0.9816095249711949
train/Healthy/B-495.JPG,Healthy,0,train/Healthy/B-495.JPG,0.1499472998945998,0.012462024924049847,0.0224750449500899,9.3000186000372e-05,0.7939735879471759,2.8667811823332285,0.8001860749844206,0.2396182186996167,0.9827920184833656
train/Healthy/B-496.JPG,Healthy,0,train/Healthy/B-496.JPG,0.1948559272867917,0.007812802165925352,0.0005414813382324502,0.01086830400309418,0.7919938116418488,4.648075863235935,0.7929521363291779,0.20989609287224947,0.9768763109605405
train/Healthy/B-497.JPG,Healthy,0,train/Healthy/B-497.JPG,0.24797243572753777,0.02984362576199311,0.012244897959183673,0.0,0.6789292340312748,3.3693802611593204,0.7989683006147791,0.2560381761182314,0.982946893910966
train/Healthy/B-498.JPG,Healthy,0,train/Healthy/B-498.JPG,0.16984633657486453,0.008091455719694158,0.0023383564694528986,0.0,0.8065102813451117,3.147308407020972,0.8099373042950604,0.3035605780587126,0.9801161112733046
train/Healthy/B-499.JPG,Healthy,0,train/Healthy/B-499.JPG,0.1940535633227417,0.004879709487063096,0.006979119382660009,0.0015320018157058556,0.7737743985474353,3.5277216806867697,0.83153327342694,0.3300452210546597,0.975333694528421
train/Healthy/B-5.JPG,Healthy,0,train/Healthy/B-5.JPG,0.05056286968135852,0.0024804426636138143,0.0014548750238504102,0.01135279526807861,0.9279956115245183,4.315813565638404,0.823027853250283,0.2764006056476069,0.9658289081302007
train/Healthy/B-50.JPG,Healthy,0,train/Healthy/B-50.JPG,0.00794427034471746,3.9920956506117886e-05,0.16756821493442983,0.0,0.11279666260803609,0.9803754590832526,0.7363737716777226,0.1625747893481167,0.9718948000041924
train/Healthy/B-500.JPG,Healthy,0,train/Healthy/B-500.JPG,0.061963558147711525,0.0027920828938388037,0.0023370767926206284,0.005460073214618105,0.9263717399846952,3.232269154859261,0.8402377600700462,0.32752662091129153,0.973998526212491
train/Healthy/B-501.JPG,Healthy,0,train/Healthy/B-501.JPG,0.1690418497679576,0.006776458992155735,0.0004928333812476898,0.0,0.8174873711446056,3.9428449728028556,0.8251345055867114,0.2904750761357336,0.9748010993863169
train/Healthy/B-502.JPG,Healthy,0,train/Healthy/B-502.JPG,0.08102644849671256,0.00687277911356044,0.006191884588377982,0.0013617890503649168,0.9021639679128455,3.4472073733770916,0.8046996254885972,0.2831937700850605,0.9762311974655541
train/Healthy/B-504.JPG,Healthy,0,train/Healthy/B-504.JPG,0.05494658801020408,0.0047831632653061226,0.002889827806122449,0.00015943877551020407,0.9362444196428571,2.867284652089544,0.8349246569028739,0.30484728714973763,0.9676805424258133
train/Healthy/B-505.JPG,Healthy,0,train/Healthy/B-505.JPG,0.05757732780612245,0.004723373724489796,0.0036073022959183672,0.00015943877551020407,0.9329360650510204,2.8599350172545783,0.8340974435518343,0.30255259372695364,0.9684402742579966
train/Healthy/B-506.JPG,Healthy,0,train/Healthy/B-506.JPG,0.16249354672173463,0.007421270005162623,0.006969540526587507,0.009679917398038203,0.8190500774393392,4.134486414650355,0.7998238160059628,0.24006012470603252,0.9798682048081304
train/Healthy/B-507.JPG,Healthy,0,train/Healthy/B-507.JPG,0.16386446414775027,0.006217578455538796,0.008130679518781502,0.014274677164195579,0.7997866156506384,4.600444322477168,0.8063935034426992,0.2729202708610683,0.9782281451461372
train/Healthy/B-508.JPG,Healthy,0,train/Healthy/B-508.JPG,0.1873870333988212,0.013084479371316307,0.0006679764243614931,0.028330058939096268,0.7770923379174852,4.786268120563151,0.8028512054443724,0.28715283935174896,0.9792869768114885
train/Healthy/B-509.JPG,Healthy,0,train/Healthy/B-509.JPG,0.13612157827535734,0.0026159260066643828,0.0,0.07498987885771231,0.8585220018062346,5.334638379541213,0.8443859115755765,0.2972119114623938,0.9778221197881516
train/Healthy/B-51.JPG,Healthy,0,train/Healthy/B-51.JPG,0.04243319182099715,0.0013535962591521564,0.03660862609979696,0.0,0.1219056994606124,1.7118955917137377,0.7119338979042329,0.129551489162118,0.9761124092225417
train/Healthy/B-510.JPG,Healthy,0,train/Healthy/B-510.JPG,0.1099814909198208,0.0020655060489820007,0.00018777327718018188,0.06590842029024384,0.8855387751817377,5.104642991208193,0.8504687962719246,0.31231761992703244,0.9773063989925772
train/Healthy/B-511.JPG,Healthy,0,train/Healthy/B-511.JPG,0.12078333710663346,0.02266810052071542,0.015225266017659044,0.004782657912610369,0.8370217342087389,2.824048462089201,0.7979925546615543,0.20761307143059277,0.9842289687255348
train/Healthy/B-512.JPG,Healthy,0,train/Healthy/B-512.JPG,0.07162078701252868,0.005139403564496206,4.411505205576143e-05,0.0,0.9211664019763544,3.5216844822613216,0.8298737265981727,0.25771045043875784,0.9651277201057608
train/Healthy/B-513.JPG,Healthy,0,train/Healthy/B-513.JPG,0.0567080224997008,0.004487972234411776,0.0002991981489607851,0.0,0.9374476403239319,3.3021021674019595,0.8375895157406494,0.28506197738068184,0.9605619161572487
train/Healthy/B-514.JPG,Healthy,0,train/Healthy/B-514.JPG,0.07561943580392577,0.019897028853373376,0.004049125817869785,0.006569773678000644,0.8847205835031642,3.40890155001291,0.8029303369642461,0.2495439186887431,0.9777178968763421
train/Healthy/B-515.JPG,Healthy,0,train/Healthy/B-515.JPG,0.13554563777713793,0.008494097322199827,0.00734235531241002,0.05422785296093675,0.8456425760629619,5.099077195555674,0.7852580129113076,0.17858048571123436,0.9829953991209134
train/Healthy/B-516.JPG,Healthy,0,train/Healthy/B-516.JPG,0.09789834427515587,0.013315991576861141,0.007390891448862463,0.026466823568272842,0.8771212684256162,4.804729463361725,0.7776558405898152,0.20759715004565027,0.9753844126702349
train/Healthy/B-517.jpg,Healthy,0,train/Healthy/B-517.jpg,0.05862412761714855,0.0005184446660019941,0.0,0.00448654037886341,0.9325822532402792,5.434370298654081,0.776012143572198,0.11785500104342375,0.9731272402208865
train/Healthy/B-518.JPG,Healthy,0,train/Healthy/B-518.JPG,0.07236611650285385,0.0022871978735241392,0.0007005831324308175,0.008262759885434052,0.922441326162659,3.8780960264840476,0.8105340616475486,0.2412619858783081,0.9716905833371638
train/Healthy/B-519.JPG,Healthy,0,train/Healthy/B-519.JPG,0.1510639721627409,0.02114561027837259,0.01585920770877944,0.03499732334047109,0.802429068522484,4.674016490219733,0.7802821607442372,0.20941569551754488,0.9810477704233919
train/Healthy/B-52.JPG,Healthy,0,train/Healthy/B-52.JPG,0.016561702806122448,0.0009566326530612245,0.008868781887755101,0.0,0.06373565051020408,1.2962893472756463,0.7147313277921173,0.1878191850069117,0.939204762708461
train/Healthy/B-520.JPG,Healthy,0,train/Healthy/B-520.JPG,0.2020592528304864,0.008876089786579352,0.0008284350467474062,0.04603731902639158,0.7833839599195235,5.231311244314878,0.7826462988389192,0.22211746829434917,0.9784692921383845
train/Healthy/B-521.JPG,Healthy,0,train/Healthy/B-521.JPG,0.1291883104008882,0.020262500495658035,0.0017050636424917722,0.048812403346683055,0.8283437091082121,4.063211497517243,0.794219123647744,0.23444204335312657,0.9812438009958893
train/Healthy/B-522.JPG,Healthy,0,train/Healthy/B-522.JPG,0.1612348963529542,0.015131360159627535,0.0013302294645826404,0.04273362154971733,0.7803458596607915,3.8404343735597157,0.8149071392366091,0.26579353016431556,0.9811075029198857
train/Healthy/B-523.JPG,Healthy,0,train/Healthy/B-523.JPG,0.26716266486303686,0.012456318340660579,0.002029083530605343,0.002536354413256679,0.7100665088490588,4.308209297214935,0.8003366358396858,0.2684506541999576,0.9778330768663274
train/Healthy/B-525.JPG,Healthy,0,train/Healthy/B-525.JPG,0.05393583040019532,0.0,0.000793473174503062,0.0,0.5731928139814042,2.187534603354967,0.6737620347083412,0.16341978441296431,0.9502157654530641
train/Healthy/B-526.JPG,Healthy,0,train/Healthy/B-526.JPG,0.04142814401116984,0.0003590306173332004,0.16120474718260697,0.0,0.7655928991722349,3.682601632408716,0.6084412087518665,0.11099792840802346,0.9646437237362591
train/Healthy/B-528.JPG,Healthy,0,train/Healthy/B-528.JPG,0.004535192695742513,3.99576448964098e-05,0.10824526002437417,0.0,0.8325574890615947,2.983927919218723,0.6411178713108708,0.1280367147692983,0.9586385589548858
train/Healthy/B-529.JPG,Healthy,0,train/Healthy/B-529.JPG,0.02999574096984201,0.00032449753584683715,0.11560224714543574,0.00032449753584683715,0.8108990609852557,3.8351899271263985,0.6357979969925402,0.12493139328441241,0.9585321965850885
train/Healthy/B-53.JPG,Healthy,0,train/Healthy/B-53.JPG,0.04142814401116984,0.0003590306173332004,0.16120474718260697,0.0,0.7655928991722349,3.682601632408716,0.6084412087518665,0.11099792840802346,0.9646437237362591
train/Healthy/B-531.JPG,Healthy,0,train/Healthy/B-531.JPG,0.01925955493463726,0.00013970661610617703,0.13605428599940125,0.0,0.8333100488973156,2.398999555410284,0.660775581205854,0.1340715802027702,0.9670621832048895
train/Healthy/B-532.jpg,Healthy,0,train/Healthy/B-532.jpg,0.04850761421319797,0.0012385786802030457,0.0002030456852791878,0.023431472081218273,0.9481015228426396,4.0136583382490745,0.8197162450652965,0.22456023719594925,0.9772697285765959
train/Healthy/B-535.jpg,Healthy,0,train/Healthy/B-535.jpg,0.052467448312172205,0.006500212623777413,0.0020047384727537817,0.016118907316282932,0.9357673693376263,4.480909320006042,0.8302084681868304,0.2655532026725064,0.9743871348833513
train/Healthy/B-536.jpg,Healthy,0,train/Healthy/B-536.jpg,0.04670506726818658,0.005075324256827519,0.0005437847418029486,0.014782888906791268,0.9459840489809072,4.51382250036959,0.8354910337292019,0.2901024131055523,0.9684277707117046
train/Healthy/B-537.jpg,Healthy,0,train/Healthy/B-537.jpg,0.028280452806122448,0.003826530612244898,0.0048828125,0.0052614795918367345,0.9561543367346939,1.7859371693658541,0.8562157271519759,0.27498265097245383,0.9782710137632148
train/Healthy/B-538.jpg,Healthy,0,train/Healthy/B-538.jpg,0.03850523168908819,0.003846537120079721,0.01323368211260588,0.00890881913303438,0.92954658694569,2.291849927061204,0.8121817769768876,0.2204638645458805,0.9817451898409552
train/Healthy/B-539.jpg,Healthy,0,train/Healthy/B-539.jpg,0.11295865203414256,0.03890921183904224,0.007427114510586409,0.05944462919853675,0.8313934153641503,4.0118906910815175,0.778711761197734,0.2103115020408904,0.9846348137861871
train/Healthy/B-540.jpg,Healthy,0,train/Healthy/B-540.jpg,0.049795361527967257,0.00738303506941658,0.0007824412165957788,0.023493299093170692,0.9390698980820159,3.203053687195825,0.8316795548557658,0.27152589986217446,0.9776675757391429
train/Healthy/B-541.jpg,Healthy,0,train/Healthy/B-541.jpg,0.06736288265306123,0.004643654336734694,0.0007374043367346938,0.0028698979591836736,0.9173708545918368,3.575690762679698,0.7848465820717275,0.20533707058356007,0.971853825555014
train/Healthy/B-542.jpg,Healthy,0,train/Healthy/B-542.jpg,0.07039660623524233,0.011846160003201664,0.001961019730259735,0.04114139352463281,0.9129347260575499,3.6902914580803103,0.8059891132142966,0.24999839456861814,0.9817080767291707
train/Healthy/B-545.jpg,Healthy,0,train/Healthy/B-545.jpg,0.10091701573644288,0.004890750594362051,0.0038265594928110496,0.03991848749009397,0.8850673610324918,4.241958298065707,0.812652555070025,0.23510491190828736,0.9837426997214974
train/Healthy/B-546.jpg,Healthy,0,train/Healthy/B-546.jpg,0.05137563166760247,0.00288762332557953,0.0013435469639849202,0.022218657255153606,0.942508221705302,3.8165559751841465,0.8424975664585631,0.2972702947425616,0.9744868859018658
train/Healthy/B-55.JPG,Healthy,0,train/Healthy/B-55.JPG,0.004535192695742513,3.99576448964098e-05,0.10824526002437417,0.0,0.8325574890615947,2.983927919218723,0.6411178713108708,0.1280367147692983,0.9586385589548858
train/Healthy/B-551.jpg,Healthy,0,train/Healthy/B-551.jpg,0.07830028847474702,0.002770273364165026,0.0006181601721690554,0.031068272356792895,0.8980264664132973,5.989966227306755,0.798176556066158,0.20781764155029606,0.9759348985216165
train/Healthy/B-552.jpg,Healthy,0,train/Healthy/B-552.jpg,0.04906367796166018,0.0013707190227579672,0.00010078816343808583,0.022858755467757865,0.9368864520550707,5.379661398019039,0.8169678469188665,0.2578414532780204,0.9703774890368493
train/Healthy/B-553.jpg,Healthy,0,train/Healthy/B-553.jpg,0.08818504067528626,0.010838242419605742,0.011348277356998955,0.012750873434830286,0.8690230280774233,3.6370083153130253,0.7678466814623253,0.1971186961760501,0.9814506112905801
train/Healthy/B-554.jpg,Healthy,0,train/Healthy/B-554.jpg,0.04931332097510415,0.006398373497578186,0.0021128585381410834,0.008491299408000957,0.9358568040024716,2.9385480649659033,0.8167212141057354,0.25320941746921344,0.9768422578568039
train/Healthy/B-555.jpg,Healthy,0,train/Healthy/B-555.jpg,0.09549302219171814,0.005513612445664608,0.0024021962937542897,0.014344543582704187,0.8797300388927018,3.736034556975609,0.7977935405905381,0.21660873407287426,0.983241163834423
train/Healthy/B-556.jpg,Healthy,0,train/Healthy/B-556.jpg,0.07673677779717228,0.004080118694362018,0.000741839762611276,0.010014836795252226,0.905000872752662,3.349109579585544,0.8144823607091326,0.2219794594999303,0.9819578721699065
train/Healthy/B-557.jpg,Healthy,0,train/Healthy/B-557.jpg,0.09467192895905278,0.0038480513073507645,0.0023186975826344353,0.05897878638381845,0.8884065120868279,4.880127161894447,0.7934109726970808,0.22198987807430628,0.9847766439064608
train/Healthy/B-558.jpg,Healthy,0,train/Healthy/B-558.jpg,0.051407763040117176,0.0022377736186833756,0.0014647245504109366,0.03149157783383514,0.9373830254699325,4.170817016009595,0.8210876840250302,0.2582693589772411,0.980264400657088
train/Healthy/B-559.jpg,Healthy,0,train/Healthy/B-559.jpg,0.14926235825167897,0.008202135858196631,0.0037707805791038205,0.05804800176153253,0.836260046240229,5.909758186863941,0.7974171814455602,0.21003841643749052,0.9799468097960227
train/Healthy/B-56.JPG,Healthy,0,train/Healthy/B-56.JPG,0.02999574096984201,0.00032449753584683715,0.11560224714543574,0.00032449753584683715,0.8108990609852557,3.8351899271263985,0.6357979969925402,0.12493139328441241,0.9585321965850885
train/Healthy/B-560.jpg,Healthy,0,train/Healthy/B-560.jpg,0.05478187582774812,0.003993257615282739,0.0004013324236465064,0.024982943371995022,0.9394790705141068,3.9075656974587063,0.8563229794650886,0.2785989543670128,0.9755062452879704
train/Healthy/B-561.jpg,Healthy,0,train/Healthy/B-561.jpg,0.07978963524738172,0.004694835680751174,0.007335680751173709,0.028146442759118817,0.8952464788732394,3.467258319117586,0.7904920346554388,0.21242191285326767,0.9851092106915613
train/Healthy/B-562.jpg,Healthy,0,train/Healthy/B-562.jpg,0.047034272413516334,0.0021671081146159405,0.002468095352757043,0.016453969018380286,0.9442972951280199,2.757326014874737,0.833235253905708,0.2628144460300808,0.9807450908985064
train/Healthy/B-563.jpg,Healthy,0,train/Healthy/B-563.jpg,0.08130850735521036,0.002900936117683366,0.0009875527209134863,0.042217878819051535,0.9111819771628433,4.387196233270829,0.8097150221912074,0.22884135443947343,0.9810983528539623
train/Healthy/B-564.jpg,Healthy,0,train/Healthy/B-564.jpg,0.04672447013487476,0.0007426140012845215,6.021194605009634e-05,0.027958413615928067,0.9508269107257546,3.4957294749566,0.8508733204993126,0.2763743536107701,0.9749716410328735
train/Healthy/B-565.jpg,Healthy,0,train/Healthy/B-565.jpg,0.08593005526967791,0.003811701924909472,0.009100438345721365,0.018558223746902993,0.8925576519916143,4.547466857776241,0.7851011599874395,0.22853170841338175,0.9832831475294808
train/Healthy/B-566.jpg,Healthy,0,train/Healthy/B-566.jpg,0.046378216781804225,0.0024441481840584978,0.004686300650426211,0.012119743061447098,0.942613016604048,3.5504955798290476,0.8268670111445136,0.27113741893080023,0.9793642940309771
train/Healthy/B-567.jpg,Healthy,0,train/Healthy/B-567.jpg,0.03436827172666358,0.002937803086705435,0.0004628045958508562,0.009074994466466788,0.9603799022073767,3.2766760841539186,0.8619891916022514,0.23134768804111738,0.968916489980859
train/Healthy/B-568.jpg,Healthy,0,train/Healthy/B-568.jpg,0.06320765087391447,0.00419918654501484,0.0037374958777618996,0.015653512146861604,0.9267890513356052,5.1264519141995795,0.7735945868906053,0.17533005747112884,0.9715109480935548
train/Healthy/B-569.jpg,Healthy,0,train/Healthy/B-569.jpg,0.09423021804793086,0.0035275701655753246,0.007562228542452102,0.025729214895165026,0.8864342879820094,4.7543948298964525,0.774761236491433,0.21186790329372254,0.9805930534378289
train/Healthy/B-570.jpg,Healthy,0,train/Healthy/B-570.jpg,0.05225221587352864,0.002624724908639383,0.0024632033758000362,0.014234085081467424,0.9397120878677139,3.818790156197018,0.8120316595319386,0.2358469545519718,0.9753059972757635
train/Healthy/B-571.jpg,Healthy,0,train/Healthy/B-571.jpg,0.07460295207386193,0.004826660791892812,0.0018425427089383349,0.019927499949930906,0.9156235605135087,4.64959145847889,0.7912598905201074,0.21441085167631896,0.9697063313573858
train/Healthy/B-572.jpg,Healthy,0,train/Healthy/B-572.jpg,0.10062494894207989,0.005677640715627808,0.002246548484600931,0.029041744955477494,0.882301282574953,5.231877376036653,0.7429746433428613,0.179154965829113,0.975208118784789
train/Healthy/B-573.jpg,Healthy,0,train/Healthy/B-573.jpg,0.05254663592538252,0.005093271850765039,0.026786837141060574,0.006057430308111507,0.9128484594424648,1.3666934963447297,0.8272166080983827,0.20750758567728064,0.9895969145610276
train/Healthy/B-574.jpg,Healthy,0,train/Healthy/B-574.jpg,0.03681722160748416,0.003379941655769037,0.01142742178855246,0.0004426114073030882,0.9463836636153304,1.4607758742510462,0.8156327186504339,0.21896687533573567,0.9835175453486836
train/Healthy/B-575.jpg,Healthy,0,train/Healthy/B-575.jpg,0.11993250843644544,0.010281214848143982,0.004251968503937008,0.032395950506186724,0.8628121484814398,4.417980152348983,0.7525791742219636,0.17909362445587143,0.9805264659109802
train/Healthy/B-576.jpg,Healthy,0,train/Healthy/B-576.jpg,0.06383529974489796,0.003786670918367347,0.00045838647959183676,0.01873405612244898,0.9301857461734694,3.2084101189630787,0.8370154938396587,0.23929666426498505,0.9763993775018522
train/Healthy/B-577.jpg,Healthy,0,train/Healthy/B-577.jpg,0.13248280349507344,0.016011340397843465,0.006808886410113404,0.034904257296895336,0.8391429633760922,3.0753666053347897,0.7548908527853448,0.16992553250761636,0.9859538109788744
train/Healthy/B-578.jpg,Healthy,0,train/Healthy/B-578.jpg,0.13191382422151654,0.014598706906399214,0.006762468300929839,0.03737634506865276,0.8430696123003816,3.0144937103420224,0.7470196553133568,0.16125446638789948,0.9864407198171357
train/Healthy/B-579.jpg,Healthy,0,train/Healthy/B-579.jpg,0.041754693666042175,0.002391676964164707,0.00021923705504843145,0.0122972057240802,0.9541595248535097,2.1521781724935636,0.8528873660039575,0.27179896353742544,0.9737805267694928
train/Healthy/B-58.JPG,Healthy,0,train/Healthy/B-58.JPG,0.01925955493463726,0.00013970661610617703,0.13605428599940125,0.0,0.8333100488973156,2.398999555410284,0.660775581205854,0.1340715802027702,0.9670621832048895
train/Healthy/B-580.jpg,Healthy,0,train/Healthy/B-580.jpg,0.11913523459061638,0.008812279087783858,0.0038977388272890138,0.030770348133443082,0.8626349682854791,2.6319348927912,0.8072761423507901,0.19433778975208948,0.9862166898368216
train/Healthy/B-581.jpg,Healthy,0,train/Healthy/B-581.jpg,0.1013580816792595,0.006316658973299969,0.005393454969509973,0.02983406622773985,0.8807852093000655,5.255728349894591,0.7589119892531864,0.17923758755290786,0.978713306064316
train/Healthy/B-582.jpg,Healthy,0,train/Healthy/B-582.jpg,0.06794508520573093,0.002554176477631001,0.0014367242686674382,0.02370595043301273,0.9260486091710899,3.4993097445946417,0.8206490618174602,0.24367075277277883,0.9773715020230411
train/Healthy/B-583.jpg,Healthy,0,train/Healthy/B-583.jpg,0.15224877112740845,0.008253818047998318,0.008805824987514128,0.04513313881660227,0.8248035118155771,3.6905728594473457,0.7903350986515725,0.18505186319885616,0.9858773303947983
train/Healthy/B-584.jpg,Healthy,0,train/Healthy/B-584.jpg,0.0494963913069701,0.006373012203212641,0.006312699784885708,0.0036991616573852555,0.9360487324340082,2.2114336097495277,0.8266587783053037,0.21762149420175586,0.9789563258762627
train/Healthy/B-585.jpg,Healthy,0,train/Healthy/B-585.jpg,0.10064468137862634,0.013860649640466155,0.0271510042152244,0.0056037689065212,0.8545995536821225,2.544970252890742,0.7938905755432344,0.17986611264772423,0.9856179674428304
train/Healthy/B-586.jpg,Healthy,0,train/Healthy/B-586.jpg,0.04118108934622696,0.0009918175055789735,6.198859409868585e-05,0.023824282998594924,0.9567732870485164,3.4070255861917276,0.8308431900828033,0.21497013186828398,0.9785460190491265
train/Healthy/B-587.jpg,Healthy,0,train/Healthy/B-587.jpg,0.08660018036178452,0.004588615988541722,0.0011139992573338284,0.04408254204021007,0.903082064611957,4.708377599056172,0.7490479196119629,0.15855893338124377,0.9850490442364244
train/Healthy/B-588.jpg,Healthy,0,train/Healthy/B-588.jpg,0.05548211100619033,0.0022243206379183715,0.0010492078480747037,0.028664358409400903,0.9329346343510649,3.90713168352026,0.8137099706934915,0.22560393623398048,0.9808622808245595
train/Healthy/B-589.jpg,Healthy,0,train/Healthy/B-589.jpg,0.08249193296554595,0.007962943686894972,0.012907255126470282,0.05139481627979598,0.8803476631622775,5.2973194991173225,0.7192810467352675,0.1531872671244172,0.9859544857766873
train/Healthy/B-59.JPG,Healthy,0,train/Healthy/B-59.JPG,0.04142814401116984,0.0003590306173332004,0.16120474718260697,0.0,0.7655928991722349,3.682601632408716,0.6084412087518665,0.11099792840802346,0.9646437237362591
train/Healthy/B-590.jpg,Healthy,0,train/Healthy/B-590.jpg,0.07587053767213402,0.0037715989825453907,0.011665643364617138,0.013485659152705902,0.8941540215770546,2.766454891718677,0.7936218011618843,0.2165707241218558,0.984113774959162
train/Healthy/B-593.jpg,Healthy,0,train/Healthy/B-593.jpg,0.12387843704775688,0.00788712011577424,0.03311625663289918,0.03547998070429329,0.8023637240713941,3.049889137916278,0.7322894122980492,0.1503290366382519,0.9890745090885045
train/Healthy/B-596.jpg,Healthy,0,train/Healthy/B-596.jpg,0.044026059165778904,0.0008399573875276571,0.00010243382774727526,0.02355978038187331,0.9524092436286159,3.9744175675617024,0.8268289946783312,0.22671675649325165,0.9784786382015109
train/Healthy/B-597.jpg,Healthy,0,train/Healthy/B-597.jpg,0.10732108992913464,0.0037428885118275276,0.002021159796386865,0.061732707855075356,0.8808513823734904,5.418453932970238,0.7701273977207769,0.18138622856609427,0.9854001680208342
train/Healthy/B-598.jpg,Healthy,0,train/Healthy/B-598.jpg,0.05683226658539063,0.0016458396830234684,0.00032510413491821597,0.028792034948694502,0.9387178705679163,4.290547907892042,0.832082546391291,0.26192740080933574,0.979140069600165
train/Healthy/B-599.jpg,Healthy,0,train/Healthy/B-599.jpg,0.15907549895345066,0.004156717077916335,0.005955013118717019,0.05147253913504909,0.8218212906459126,5.210501515844336,0.7654902332844635,0.18589626250866917,0.9857674556110774
train/Healthy/B-6.JPG,Healthy,0,train/Healthy/B-6.JPG,0.25801089666635885,0.0019392372333548805,0.00267799427463293,0.0027703389047926863,0.695447409733124,3.096479951069777,0.8289571425355117,0.29518047839653955,0.9789715790270921
train/Healthy/B-600.jpg,Healthy,0,train/Healthy/B-600.jpg,0.07082171777512279,0.0025222354971458916,0.0019027390592504093,0.045422363821408025,0.9027611841231913,5.579383425282868,0.7918735278224278,0.22193928276443,0.9792177918337228
train/Healthy/B-601.jpg,Healthy,0,train/Healthy/B-601.jpg,0.1011937882543376,0.004856087814254641,0.004679042946026607,0.06952804896555213,0.8539885679599373,6.024355394753651,0.7681369223736978,0.19146964404767375,0.9827179424586427
train/Healthy/B-602.jpg,Healthy,0,train/Healthy/B-602.jpg,0.0490388647348326,0.0014345302465185055,0.00328838471894242,0.025137383858224272,0.9429719052768644,3.073606771097551,0.8095686630540779,0.20127351752552708,0.9844103712775036
train/Healthy/B-603.jpg,Healthy,0,train/Healthy/B-603.jpg,0.09672845946018244,0.003584517026455876,0.015862825348420404,0.05296525158494503,0.8765481636037771,4.4187241244807876,0.7447749019039669,0.16123381232535905,0.9873250853052983
train/Healthy/B-604.jpg,Healthy,0,train/Healthy/B-604.jpg,0.08407285281164936,0.006439905282492752,0.001903202248434284,0.029610286144245025,0.9023612986035807,4.313334013322483,0.7881886669026801,0.19252816750411453,0.9785585601178939
train/Healthy/B-605.jpg,Healthy,0,train/Healthy/B-605.jpg,0.11981979857065359,0.010071467320801,0.008326060806189117,0.04700804302191193,0.8473476896950256,4.89669729999621,0.7407367193885259,0.16729554659854637,0.9834522305949853
train/Healthy/B-608.jpg,Healthy,0,train/Healthy/B-608.jpg,0.056224016629357214,0.001059322033898305,0.0024984010233450593,0.01854812919731372,0.9346418292292933,3.4926773367591335,0.8240681385381834,0.24039756932201203,0.9768001323629883
train/Healthy/B-609.jpg,Healthy,0,train/Healthy/B-609.jpg,0.10353973526349709,0.002999355510386198,0.006767140944920926,0.032868970303901644,0.876952059887958,4.27485105157967,0.7668768676031958,0.177194197320059,0.9814273535344362
train/Healthy/B-61.JPG,Healthy,0,train/Healthy/B-61.JPG,0.004535192695742513,3.99576448964098e-05,0.10824526002437417,0.0,0.8325574890615947,2.983927919218723,0.6411178713108708,0.1280367147692983,0.9586385589548858
train/Healthy/B-610.jpg,Healthy,0,train/Healthy/B-610.jpg,0.04865533230293663,0.0026378155589902113,0.001504379185986605,0.019989696032972695,0.9446470891293148,3.194448457849859,0.8216260055335721,0.21232921574902103,0.9776031026217633
train/Healthy/B-611 - Kopya.jpg,Healthy,0,train/Healthy/B-611 - Kopya.jpg,0.11331338818249813,0.0057342308651209175,0.0081276489653453,0.043754674644727,0.8665420094739467,4.017845230969252,0.7725149290710847,0.1863595063460268,0.9845295800505329
train/Healthy/B-611.jpg,Healthy,0,train/Healthy/B-611.jpg,0.11331338818249813,0.0057342308651209175,0.0081276489653453,0.043754674644727,0.8665420094739467,4.017845230969252,0.7725149290710847,0.1863595063460268,0.9845295800505329
train/Healthy/B-614.jpg,Healthy,0,train/Healthy/B-614.jpg,0.072007824279718,0.003056359264843718,0.0016504340030156078,0.02744610619829659,0.9193732425934227,3.852776991703899,0.8324369413476913,0.24082007769231914,0.9802071738159482
train/Healthy/B-615.jpg,Healthy,0,train/Healthy/B-615.jpg,0.15780294155928673,0.009137055837563452,0.014733827931797476,0.05492646101783158,0.8002863464792399,5.65315189006782,0.7184332506030615,0.16030433987755813,0.9840851039310152
train/Healthy/B-616.jpg,Healthy,0,train/Healthy/B-616.jpg,0.05545430877375684,0.0016221737127751186,0.00046061722708429296,0.02457292772314902,0.9393587407125549,4.493212329990653,0.8301366793776297,0.24197897149736397,0.970926841121906
train/Healthy/B-617.jpg,Healthy,0,train/Healthy/B-617.jpg,0.1593764541647278,0.00604932526756631,0.006152732537097358,0.06703376247350189,0.8051031487513572,5.790997389167764,0.7367581556705051,0.15586334031744653,0.9833540680619357
train/Healthy/B-618.jpg,Healthy,0,train/Healthy/B-618.jpg,0.09471401910198704,0.005351849818860468,0.03038203974091558,0.023795147656164233,0.8591502909210671,3.174064318940763,0.8097700357940006,0.21314580542341807,0.986674545127159
train/Healthy/B-62.JPG,Healthy,0,train/Healthy/B-62.JPG,0.02999574096984201,0.00032449753584683715,0.11560224714543574,0.00032449753584683715,0.8108990609852557,3.8351899271263985,0.6357979969925402,0.12493139328441241,0.9585321965850885
train/Healthy/B-620.jpg,Healthy,0,train/Healthy/B-620.jpg,0.06004435625072954,0.004575697443679234,0.016551885140656006,0.007890743550834597,0.9139722189798062,2.7742302972845003,0.7957164072903722,0.20251714566107787,0.9846474541099651
train/Healthy/B-621 - Kopya.jpg,Healthy,0,train/Healthy/B-621 - Kopya.jpg,0.11980291203011681,0.006726457399103139,0.05558323645020207,0.018906051043569728,0.8011958146487295,3.5253579182621433,0.7337891562266469,0.15097734199363866,0.9891875237303668
train/Healthy/B-621.jpg,Healthy,0,train/Healthy/B-621.jpg,0.11980291203011681,0.006726457399103139,0.05558323645020207,0.018906051043569728,0.8011958146487295,3.5253579182621433,0.7337891562266469,0.15097734199363866,0.9891875237303668
train/Healthy/B-622.jpg,Healthy,0,train/Healthy/B-622.jpg,0.07130072840790842,0.004849115504682622,0.0012695109261186264,0.030551508844953175,0.9120707596253902,4.090042957075907,0.821786272981045,0.24216790185337977,0.981621860785774
train/Healthy/B-623.jpg,Healthy,0,train/Healthy/B-623.jpg,0.1342339593331299,0.01656079225498627,0.005631224167105884,0.06685344947155261,0.8130600016644012,5.742213905439692,0.7403295612080323,0.17916521130669416,0.9835914585460085
train/Healthy/B-624.jpg,Healthy,0,train/Healthy/B-624.jpg,0.09208541889794758,0.008677405958339709,0.004786780616817119,0.025245349828419052,0.8846145439443946,4.560350085403272,0.7891137256789625,0.1990688824697255,0.9776866611114682
train/Healthy/B-625.jpg,Healthy,0,train/Healthy/B-625.jpg,0.1514127144298688,0.03688193743693239,0.012058526740665994,0.06422805247225025,0.769853683148335,5.315426474573926,0.7251294346154159,0.15583247344207068,0.9837560491454468
train/Healthy/B-626.jpg,Healthy,0,train/Healthy/B-626.jpg,0.13150509849684644,0.0031118890833819568,0.013892361979383734,0.07326831707926981,0.8442110527631908,5.806376089371611,0.7618414380539218,0.18215433200726827,0.9850503503782407
train/Healthy/B-627.jpg,Healthy,0,train/Healthy/B-627.jpg,0.16156644553819816,0.002353948213139311,0.020463299807404238,0.09982880376631714,0.799218917183822,5.971284944859249,0.7220248373047221,0.14760296585004726,0.9879679669180796
train/Healthy/B-628.jpg,Healthy,0,train/Healthy/B-628.jpg,0.13995729537366547,0.004128113879003558,0.005380782918149466,0.05716725978647687,0.842306049822064,4.958751940324272,0.7589980166803407,0.18976279556345216,0.9847216956458303
train/Healthy/B-629.jpg,Healthy,0,train/Healthy/B-629.jpg,0.1806775060244301,0.004874941140625433,0.016591418995651332,0.09204221255851314,0.7848932221699028,5.521336455848253,0.7137194458789354,0.1603637144822417,0.9879036547045589
train/Healthy/B-630.jpg,Healthy,0,train/Healthy/B-630.jpg,0.1437874639236291,0.0032067885246306028,0.0038481462295567232,0.017736007301610793,0.8402032610572535,3.733840754092262,0.7635213544338288,0.16766166577184122,0.9852064653814009
train/Healthy/B-631.jpg,Healthy,0,train/Healthy/B-631.jpg,0.23512085879116867,0.01148949636084808,0.013972395998149997,0.09598111048903386,0.7204547114237726,4.108240653108397,0.6994946717060151,0.11612918061410836,0.9900018752565224
train/Healthy/B-632.jpg,Healthy,0,train/Healthy/B-632.jpg,0.09270074806769889,0.007331560504013719,0.025971121107438426,0.036931182742252155,0.8575937569898352,4.102577003334982,0.7637851571350017,0.17391623713489443,0.9852984335727075
train/Healthy/B-633.jpg,Healthy,0,train/Healthy/B-633.jpg,0.11779867832954016,0.015684554004771176,0.05648633085634375,0.070278866982917,0.7627574104033563,5.559111317000031,0.6844488651987969,0.12664387257215087,0.9869039359662717
train/Healthy/B-634.jpg,Healthy,0,train/Healthy/B-634.jpg,0.15062953995157385,0.011573849878934625,0.005714285714285714,0.04719128329297821,0.8271428571428572,4.649372424677029,0.7362877453508117,0.1551794627882581,0.985385520903905
train/Healthy/B-635.jpg,Healthy,0,train/Healthy/B-635.jpg,0.178444450211507,0.012482806944696754,0.012249240910388499,0.052993538006384136,0.7863130303895363,4.879583948101516,0.701665494314894,0.13311640459693058,0.9878457679876786
train/Healthy/B-636.jpg,Healthy,0,train/Healthy/B-636.jpg,0.04866959827085041,0.004968820650418623,0.003850836004074433,0.03470721224317408,0.936771757223423,5.676172383406648,0.774755051002628,0.18812442506819987,0.9818438176548917
train/Healthy/B-637.jpg,Healthy,0,train/Healthy/B-637.jpg,0.07909542797836892,0.0055170153493199325,0.012481564428906975,0.050936800131097394,0.8891953897416289,5.9938265621874205,0.724497220850014,0.1265780476138579,0.9880169850508592
train/Healthy/B-638.jpg,Healthy,0,train/Healthy/B-638.jpg,0.12617463563643894,0.028864324730125037,0.03370524735302493,0.05343135985917316,0.7934194517072666,4.657973985342687,0.7421179874582474,0.18116869117454662,0.9853165298597073
train/Healthy/B-64.JPG,Healthy,0,train/Healthy/B-64.JPG,0.044044961734693876,0.001136001275510204,0.022739955357142856,0.0,0.5402782206632653,1.7408837823677246,0.673863915427514,0.1543220927764163,0.9484136934110167
train/Healthy/B-65.JPG,Healthy,0,train/Healthy/B-65.JPG,0.06529065709442616,0.0023132914547811345,0.0019343902682221557,0.0,0.842097916043474,1.4397764161287137,0.7303793521072703,0.1746427938571538,0.9663054159379725
train/Healthy/B-66.JPG,Healthy,0,train/Healthy/B-66.JPG,0.03665098852040816,0.0006377551020408163,0.03537547831632653,0.0,0.2618383290816326,1.4920691963832782,0.6649270289289427,0.15882521715957154,0.9528635730980723
train/Healthy/B-67.JPG,Healthy,0,train/Healthy/B-67.JPG,0.034478635204081634,0.0001793686224489796,0.021145567602040817,0.0,0.3306361607142857,1.526382929422199,0.6602217109738515,0.15674700232914024,0.951145526418671
train/Healthy/B-670.jpg,Healthy,0,train/Healthy/B-670.jpg,0.03395843892549417,0.0035732387227572224,0.054637607704004054,0.02270653826659909,0.8504054738976179,3.8667399662952215,0.7338698005294584,0.15884521798554196,0.9885950148772635
train/Healthy/B-671.jpg,Healthy,0,train/Healthy/B-671.jpg,0.031936501149179536,0.00451654284034422,0.06427387888182158,0.027927735314554492,0.8445400609332406,4.057472368043429,0.7185043168952667,0.148138664001702,0.9886330785795163
train/Healthy/B-672.jpg,Healthy,0,train/Healthy/B-672.jpg,0.1544792655903767,0.0072807850585628366,0.0037698926587815475,0.09021842355175688,0.8252323807879364,6.845687493477868,0.7613006445882962,0.18638110738093577,0.9836724411266797
train/Healthy/B-673.jpg,Healthy,0,train/Healthy/B-673.jpg,0.2091650267078999,0.010739387123980882,0.007168962608940118,0.1325836378971043,0.7567050885577734,8.108223442015568,0.6752622599181292,0.11966986082187572,0.98639263109655
train/Healthy/B-674.jpg,Healthy,0,train/Healthy/B-674.jpg,0.12908141597341927,0.004346848534812261,0.013015563716305679,0.045517000174873215,0.8482350296035375,4.374684855832657,0.7738039230270322,0.17136610715885323,0.9864126843412708
train/Healthy/B-675.jpg,Healthy,0,train/Healthy/B-675.jpg,0.18452189011534167,0.004440034726528587,0.028748604737690687,0.07178469552275828,0.7561453553268015,6.396400567168849,0.6657991729321365,0.11969345781276682,0.9860256372829745
train/Healthy/B-676.jpg,Healthy,0,train/Healthy/B-676.jpg,0.07046099480644644,0.005327408041976763,0.0020613588906141242,0.047946672377790864,0.9190983562670665,7.203450470822987,0.7803983307570314,0.1777459778976842,0.9797984152329909
train/Healthy/B-677.jpg,Healthy,0,train/Healthy/B-677.jpg,0.08693058005603403,0.0035540105842067032,0.005084569886894262,0.05906921241050119,0.8993462695859707,8.082276723210795,0.7222845166255714,0.138194937817791,0.9835812160898304
train/Healthy/B-678.jpg,Healthy,0,train/Healthy/B-678.jpg,0.07351228224574845,0.0017083840240209147,0.0008800766184350167,0.04113063960862475,0.9171951440478348,4.290258852117962,0.8046150619283057,0.19258445714002886,0.9844635595309597
train/Healthy/B-679.jpg,Healthy,0,train/Healthy/B-679.jpg,0.1195383963510381,0.006031753944318437,0.0059569801350913484,0.06500336482141522,0.8524712743949553,4.849689774581747,0.7354617510023679,0.1580857369243541,0.9901121484385823
train/Healthy/B-68.JPG,Healthy,0,train/Healthy/B-68.JPG,0.029097576530612245,0.0006377551020408163,0.022441007653061226,0.0,0.44321986607142855,1.5245859328122418,0.6817768409362609,0.16185185368029018,0.9527045392551956
train/Healthy/B-680.jpg,Healthy,0,train/Healthy/B-680.jpg,0.05431417559968831,0.0062548701640587154,0.003264326179895963,0.02066002569340606,0.9265000105300845,3.225123833812596,0.818469997800815,0.20223611433968733,0.9794058075042542
train/Healthy/B-681.jpg,Healthy,0,train/Healthy/B-681.jpg,0.0755941031483979,0.00960331116588383,0.011393759010370645,0.03183276752081105,0.8796679533088406,3.7680622266153616,0.77461696120223,0.1658737490732834,0.9828061743451963
train/Healthy/B-682.jpg,Healthy,0,train/Healthy/B-682.jpg,0.12807158119658119,0.016613247863247863,0.002110042735042735,0.07524038461538461,0.8420673076923076,5.551466557216177,0.7885152489009346,0.19409319953673815,0.9819378880777658
train/Healthy/B-683.jpg,Healthy,0,train/Healthy/B-683.jpg,0.1495342156836425,0.023410024430186045,0.004617573626137615,0.09471395205240409,0.7994577035625118,5.567352010871586,0.7831289306456146,0.19414300256967834,0.9851126585200395
train/Healthy/B-684.jpg,Healthy,0,train/Healthy/B-684.jpg,0.05634823665845223,0.0056327528008449125,0.0019673217502950984,0.025202427053780365,0.9245376793886807,3.70935754432854,0.8151072578073023,0.2080482683279412,0.9779623158697393
train/Healthy/B-685.jpg,Healthy,0,train/Healthy/B-685.jpg,0.07963573973868286,0.02251550745677709,0.012669922132770225,0.055721261713079055,0.846403589811271,4.998124466456103,0.728593300059279,0.15506816993610972,0.9827425609876332
train/Healthy/B-686.jpg,Healthy,0,train/Healthy/B-686.jpg,0.084431258171578,0.004299507190988636,0.008146434677662677,0.05793020215226793,0.8979432766770592,4.555718082119031,0.7921637980159009,0.19774078439488868,0.9823075226795582
train/Healthy/B-687.jpg,Healthy,0,train/Healthy/B-687.jpg,0.10929129037195776,0.009413745599265269,0.014158885657431501,0.07985101280677585,0.8605285983978774,4.939429454085861,0.7572357501537382,0.16593305353472282,0.9865597550007841
train/Healthy/B-688.jpg,Healthy,0,train/Healthy/B-688.jpg,0.09371346583058773,0.009432458284621107,0.03517908385588266,0.007359974492507174,0.8569189074290573,2.8600857501934955,0.7869268150589573,0.18288268441998712,0.9836753330480934
train/Healthy/B-689.jpg,Healthy,0,train/Healthy/B-689.jpg,0.1258430260971557,0.012999706773531424,0.060551265760922686,0.013195191085915355,0.7845762877529078,3.9494037352781506,0.7242053741462005,0.1472225631276408,0.9840771299756749
train/Healthy/B-690.jpg,Healthy,0,train/Healthy/B-690.jpg,0.11561846627093797,0.005287063516858523,0.007930595275287784,0.03573574295258465,0.8619836101030978,4.8340014105848965,0.7698171167041248,0.17424689207962438,0.9784784868627511
train/Healthy/B-691.jpg,Healthy,0,train/Healthy/B-691.jpg,0.1394740122148822,0.009323195812040384,0.015679920229340647,0.04586812912875483,0.8156300635672442,4.508812577721634,0.7589180547937492,0.1614312487599597,0.983335879892532
train/Healthy/B-694.jpg,Healthy,0,train/Healthy/B-694.jpg,0.12956645966354705,0.0018076328755940406,0.0,0.09466748301699758,0.8569929152453424,6.446662189366945,0.798203015565944,0.22382560825164347,0.9823160585221573
train/Healthy/B-695.jpg,Healthy,0,train/Healthy/B-695.jpg,0.14721783501397157,0.008474061474911919,0.0,0.11250151864900984,0.8242923095614142,6.980129816026039,0.7714835661675776,0.17514148135152136,0.9852827754484897
train/Healthy/B-696.jpg,Healthy,0,train/Healthy/B-696.jpg,0.020660208438547358,0.0006198062531564207,0.005004361599559249,0.015862448923373584,0.970547725081493,5.902575952552489,0.8076722041005618,0.23140378908461057,0.9811520546140854
train/Healthy/B-697.jpg,Healthy,0,train/Healthy/B-697.jpg,0.05857206661136987,0.001786511835640911,0.011995150896446118,0.04762968161806929,0.9159382377336821,7.4373127387811975,0.7393469466237707,0.16526854971504007,0.9870786423475911
train/Healthy/B-698.jpg,Healthy,0,train/Healthy/B-698.jpg,0.09010805953137672,0.006794818402998487,0.027398461302413257,0.007496219012340267,0.8637748504044013,2.9409194817975557,0.773707527299847,0.17296627462197775,0.985324385776322
train/Healthy/B-7.JPG,Healthy,0,train/Healthy/B-7.JPG,0.17755335911760492,0.0010743446497636442,0.0028649190660363843,0.0030081650193382035,0.7819796590746312,3.1007998447740617,0.825184771894268,0.29147914160817867,0.9774858271280812
train/Healthy/B-70.JPG,Healthy,0,train/Healthy/B-70.JPG,0.041912468112244895,0.001136001275510204,0.014748086734693877,0.0,0.4966517857142857,1.7125065402152568,0.6617685759619352,0.16136711232957784,0.9453490607123198
train/Healthy/B-71.JPG,Healthy,0,train/Healthy/B-71.JPG,0.02911750637755102,0.001136001275510204,0.014528858418367346,5.978954081632653e-05,0.45737005739795916,1.626414910350134,0.6539069616868622,0.15031294996220537,0.9572357130553527
train/Healthy/B-73.JPG,Healthy,0,train/Healthy/B-73.JPG,0.021344866071428572,0.0002192283163265306,0.05123963647959184,0.0,0.41555723852040816,1.9926022193975894,0.659538517299642,0.15746184129207064,0.9433267046890723
train/Healthy/B-74.JPG,Healthy,0,train/Healthy/B-74.JPG,0.026566485969387755,0.0003985969387755102,0.029356664540816327,0.0,0.4064891581632653,1.6731275825697631,0.6493428805417887,0.1453526266540517,0.9518032209157609
train/Healthy/B-76.JPG,Healthy,0,train/Healthy/B-76.JPG,0.05970982142857143,0.0016940369897959183,0.021902901785714284,0.0,0.21936782525510204,1.9915745359889372,0.6766345913503584,0.15317858879523044,0.9464104842457344
train/Healthy/B-77.JPG,Healthy,0,train/Healthy/B-77.JPG,0.04179288903061224,0.0014947385204081632,0.05315290178571429,0.0,0.07836415816326531,1.5346447974671056,0.6646671383130671,0.16108105787058943,0.9409017242073261
train/Healthy/B-79.JPG,Healthy,0,train/Healthy/B-79.JPG,0.01931202168367347,0.0008769132653061224,0.01692044005102041,0.0,0.14700255102040816,1.3709364157011525,0.6638903445330067,0.1605754074758573,0.9375143677713651
train/Healthy/B-8.JPG,Healthy,0,train/Healthy/B-8.JPG,0.036176998206099265,0.001993223041658362,0.0023320709587402832,0.013294797687861272,0.9566673310743472,2.7839362439525734,0.8336040903291118,0.2804303883008831,0.9562804684297985
train/Healthy/B-80.JPG,Healthy,0,train/Healthy/B-80.JPG,0.027403539540816327,0.001295440051020408,0.0635562818877551,0.0,0.059091996173469385,1.3654792537487563,0.6939292024251622,0.1567965378884051,0.952660038657649
train/Healthy/B-81.JPG,Healthy,0,train/Healthy/B-81.JPG,0.02889827806122449,0.0010363520408163266,0.10395408163265306,0.0,0.05335220025510204,1.402643166399018,0.6812872004474004,0.15244361625813357,0.9533409326916394
train/Healthy/B-82.JPG,Healthy,0,train/Healthy/B-82.JPG,0.05006533812479582,0.0015313622999019929,0.020173146030708917,6.125449199607971e-05,0.061009474028095395,3.4073327362593715,0.6173055905915276,0.11465009314838057,0.9638004664443036
train/Healthy/B-85.JPG,Healthy,0,train/Healthy/B-85.JPG,0.03693000637755102,0.0019730548469387753,0.0389030612244898,0.0,0.08161272321428571,1.1273037500615966,0.733215603898372,0.16644160947385148,0.9647369045613218
train/Healthy/B-86.JPG,Healthy,0,train/Healthy/B-86.JPG,0.032505580357142856,0.0013950892857142857,0.05004384566326531,0.0,0.08535953443877552,1.6310179718230846,0.6777193461146906,0.15444456994547404,0.9520992122770014
train/Healthy/B-88.JPG,Healthy,0,train/Healthy/B-88.JPG,0.037029655612244895,0.0015345982142857143,0.05197704081632653,0.0,0.0663265306122449,1.6147919423460997,0.6919463592169808,0.17588549525057415,0.9422633872221128
train/Healthy/B-89.JPG,Healthy,0,train/Healthy/B-89.JPG,0.027762276785714284,0.0013751594387755102,0.04195232780612245,0.0,0.04908721301020408,1.2117463760685354,0.7129562430160821,0.19160900020317365,0.9241325886528251
train/Healthy/B-9.JPG,Healthy,0,train/Healthy/B-9.JPG,0.0322072745391131,0.001933233682112606,0.001554559043348281,0.010642750373692078,0.9615146985550573,2.662157367905753,0.8399695373142297,0.2918696269962826,0.9539231805816286
train/Healthy/B-90.JPG,Healthy,0,train/Healthy/B-90.JPG,0.02867904974489796,0.0014349489795918368,0.01114078443877551,0.0,0.07461734693877552,1.4040220693313543,0.7106268040718868,0.18554640209091977,0.94414245657803
train/Healthy/B-91.JPG,Healthy,0,train/Healthy/B-91.JPG,0.04272959183673469,0.0016940369897959183,0.005181760204081632,0.0,0.08153300382653061,1.8909075563219417,0.7003867700723796,0.1675972954187679,0.9580542439941161
train/Healthy/B-92.JPG,Healthy,0,train/Healthy/B-92.JPG,0.027283960459183673,0.001833545918367347,0.09592235331632654,0.0,0.053053252551020405,1.1353601040709478,0.7036390772116283,0.163807231272784,0.9566575640963537
train/Healthy/B-93.JPG,Healthy,0,train/Healthy/B-93.JPG,0.01331313775510204,0.0007374043367346938,0.03667091836734694,0.0,0.08968431122448979,1.6695770700053052,0.6894939491971785,0.1557023369132786,0.9541506858797946
train/Healthy/B-94.JPG,Healthy,0,train/Healthy/B-94.JPG,0.02224170918367347,0.0001992984693877551,0.09996811224489796,0.0,0.09819435586734694,1.4951121175876307,0.678929142074538,0.14067707694891576,0.9640981155840653
train/Healthy/B-95.JPG,Healthy,0,train/Healthy/B-95.JPG,0.01645066805761746,0.0003611122256550175,0.03865906993540104,0.0,0.15421498214500662,1.8993023347662592,0.6820420250708735,0.1372358889080586,0.9665834929876702
train/Healthy/B-96.JPG,Healthy,0,train/Healthy/B-96.JPG,0.05997227412452535,0.0014264762019568842,0.034657344343318665,0.0,0.1268961083318265,2.355584890907024,0.6602466416089653,0.12923691595414413,0.9675156777226641
train/Healthy/B-97.JPG,Healthy,0,train/Healthy/B-97.JPG,0.024135044642857144,0.00027901785714285713,0.03423947704081633,0.0,0.12541852678571427,1.6857703304674736,0.7049969424104279,0.16525072256312023,0.9511209365720994
train/Healthy/B-98.JPG,Healthy,0,train/Healthy/B-98.JPG,0.06310271697811212,0.0004601656596374695,0.018166539954383578,0.0,0.09661478132127566,1.6165185546450354,0.7066903551663725,0.1476494829504938,0.9688691161023866
train/Healthy/B-99.JPG,Healthy,0,train/Healthy/B-99.JPG,0.0452485966319166,0.0004611066559743384,0.008660785886126704,0.0,0.2704089815557338,2.60139288015136,0.6817742672635307,0.1551673083317585,0.9586115433066802
train/Healthy/B450.JPG,Healthy,0,train/Healthy/B450.JPG,0.05239556760204082,0.0011559311224489796,0.00011957908163265306,0.007314253826530612,0.9419443558673469,3.8548028279093582,0.8722810105428741,0.28911370340713277,0.9526298322045024
train/Healthy/B451.JPG,Healthy,0,train/Healthy/B451.JPG,0.04922672193877551,0.001295440051020408,1.992984693877551e-05,0.009347098214285714,0.9460897640306123,3.1748134770465626,0.880273342752696,0.2800433771031764,0.9584714539280699
train/Healthy/B455.JPG,Healthy,0,train/Healthy/B455.JPG,0.043247767857142856,0.00564014668367347,0.0,0.017378826530612245,0.9431202168367347,2.6470643491960457,0.8586370760279134,0.2695771268291711,0.9631789946933808
train/Healthy/B456.JPG,Healthy,0,train/Healthy/B456.JPG,0.05608258928571429,0.001016422193877551,0.0,0.0,0.9420639349489796,3.109606308028561,0.8772700895674628,0.29875521460625876,0.9452577211383683
train/Healthy/B457.JPG,Healthy,0,train/Healthy/B457.JPG,0.05462771045918367,0.0012157206632653062,0.0,0.0002192283163265306,0.9432198660714286,2.77231277773269,0.8434331338356665,0.26496815801070056,0.9445896436278429
train/Healthy/B458.JPG,Healthy,0,train/Healthy/B458.JPG,0.18132283941274405,0.005751475707582866,0.0,0.0,0.8055849856213108,3.9748116110017557,0.8710665670125678,0.2889516212144806,0.970618470038349
train/Healthy/B459.JPG,Healthy,0,train/Healthy/B459.JPG,0.10356978288564227,0.001924484319518608,0.0,0.0,0.8894641259859594,3.3127496061377326,0.8859502398598029,0.28067493305868235,0.9706886527987238
train/Healthy/B460.JPG,Healthy,0,train/Healthy/B460.JPG,0.09386391251518833,0.0031136087484811663,0.0,0.0,0.863798602673147,6.564402029568269,0.8550322914689961,0.28980236813613053,0.9569880557546456
train/Healthy/B461.JPG,Healthy,0,train/Healthy/B461.JPG,0.13409020110068878,0.0008999342355750925,3.461285521442664e-05,0.0,0.8602679034993597,3.3658876095712573,0.8753386040094995,0.2898719783648468,0.9657779789484174
train/Healthy/B462.JPG,Healthy,0,train/Healthy/B462.JPG,0.07037228954081633,0.0013352997448979591,3.985969387755102e-05,0.0,0.926399075255102,3.093141338762123,0.8749539439856415,0.2839993381833902,0.9638441200388149
train/Healthy/B463.JPG,Healthy,0,train/Healthy/B463.JPG,0.1622213103542607,0.006565449322938038,0.0,0.0011284366023799754,0.821604431678293,5.398291568050137,0.8486049143159202,0.2778797591043276,0.9743486637197111
train/Healthy/B464.JPG,Healthy,0,train/Healthy/B464.JPG,0.12427665257066547,0.0006398842644113065,0.0,0.0,0.8646783886044959,4.354195163103174,0.861460772945575,0.2766560412541904,0.9697931950534897
train/Healthy/B465.JPG,Healthy,0,train/Healthy/B465.JPG,0.11160747249501587,0.0077161633316104265,0.0004799527431145241,0.0026951192497969433,0.8410248837037584,8.368474006539431,0.8432014080589413,0.26978927182973356,0.957993967028465
train/Healthy/B466.JPG,Healthy,0,train/Healthy/B466.JPG,0.04906299840510367,0.000777511961722488,1.9936204146730462e-05,1.9936204146730462e-05,0.932914673046252,5.177842652022837,0.860035516348766,0.2806259837416754,0.9450249534357836
train/Healthy/B467.JPG,Healthy,0,train/Healthy/B467.JPG,0.056341677295918366,0.0014748086734693877,3.985969387755102e-05,0.0004982461734693878,0.9408482142857143,3.311590235223103,0.8699759309809694,0.30003809930823205,0.9548935165537052
train/Healthy/B470.JPG,Healthy,0,train/Healthy/B470.JPG,0.07693696223349847,0.0010028279748891876,0.0,0.0,0.9176678232615977,3.7982930355222493,0.875463642768856,0.2935823050482695,0.9650970647861148
train/Healthy/B471.JPG,Healthy,0,train/Healthy/B471.JPG,0.052056760204081634,0.0011559311224489796,0.0,0.0003985969387755102,0.9413066007653061,3.5763849811656323,0.8854318981853225,0.3185806105814223,0.958790710755683
train/Healthy/B472.JPG,Healthy,0,train/Healthy/B472.JPG,0.11700271816300864,0.001217087914317011,0.0,0.0,0.8546797030305489,4.738141511778917,0.8683154872832071,0.3069103029361956,0.9642205435410248
train/Healthy/B473.JPG,Healthy,0,train/Healthy/B473.JPG,0.09537624660018132,0.006104563312178906,0.0001511030522816561,0.0035358114233907524,0.8716530673919614,7.391413992727115,0.8559503118965103,0.28750738731242337,0.9599998677992791
train/Healthy/B474.JPG,Healthy,0,train/Healthy/B474.JPG,0.07454059871646669,0.0015745206680750988,0.009367401442978434,0.0,0.5341810499461873,2.165171890807031,0.6451069244810473,0.14847841877500229,0.9575268154830108
train/Healthy/B475.JPG,Healthy,0,train/Healthy/B475.JPG,0.17388065877679384,0.004386327898700654,0.00033104361499627574,0.047794421915087315,0.7809318877762145,5.040754667467192,0.7569172952341608,0.2192134384417932,0.9790413475169415
train/Healthy/IMG_20190806_153002.jpg,Healthy,0,train/Healthy/IMG_20190806_153002.jpg,4.4445432120713797e-05,0.0,0.0,0.0,0.9970443787639726,2.4812566670338434,0.7290697466036435,0.19564425408709446,0.9780549208625167
train/Healthy/IMG_20190806_153006.jpg,Healthy,0,train/Healthy/IMG_20190806_153006.jpg,1.992984693877551e-05,0.0,0.0,0.0,0.9992227359693877,1.9914992601041812,0.7818584687753586,0.24018249924915164,0.9768081514763415
train/Healthy/IMG_20190806_153010.jpg,Healthy,0,train/Healthy/IMG_20190806_153010.jpg,0.00015943877551020407,1.992984693877551e-05,0.0,0.0,0.9917889030612245,2.509914223536952,0.7589681186300234,0.25171508935510145,0.9736779598576072
train/Healthy/IMG_20190806_153013.jpg,Healthy,0,train/Healthy/IMG_20190806_153013.jpg,1.992984693877551e-05,0.0,0.0,0.0,0.997429049744898,1.9178704316324704,0.7873616019393506,0.24738588651527388,0.9785367276759822
train/Healthy/IMG_20190806_170749.jpg,Healthy,0,train/Healthy/IMG_20190806_170749.jpg,0.08324273955583165,0.0002662347746988219,0.0,0.03931400173052604,0.8895791271936636,3.3291431946614525,0.8144217237053301,0.20045718510096816,0.9852445825147388
train/Healthy/IMG_20190806_170752.jpg,Healthy,0,train/Healthy/IMG_20190806_170752.jpg,0.08774148532554184,0.00017443635253586848,0.0,0.028324102743011642,0.8878592298635035,4.448580433596356,0.8039152959830738,0.22933724408718378,0.9800397826110385
train/Healthy/IMG_20190806_170756.jpg,Healthy,0,train/Healthy/IMG_20190806_170756.jpg,0.07950214259566313,0.0004952733693662654,0.0,0.05316651952023084,0.9145115097224316,3.735085365208512,0.8268076691669117,0.20161131509968694,0.9798030399581288
train/Healthy/IMG_20190806_170800.jpg,Healthy,0,train/Healthy/IMG_20190806_170800.jpg,0.07609344265918182,0.0005967246447278273,0.0,0.03511835038787102,0.910557606029129,3.9481637892738752,0.8247418830740503,0.24107153307258916,0.9783183749112094
train/Healthy/IMG_20190806_170803.jpg,Healthy,0,train/Healthy/IMG_20190806_170803.jpg,0.05481797710639895,0.0029789829236254455,0.0,0.05983768061550009,0.922124225933571,2.673121536041087,0.7916847935877207,0.17210928470117853,0.9891901297051705
train/Healthy/IMG_20190806_170839.jpg,Healthy,0,train/Healthy/IMG_20190806_170839.jpg,0.0748851760633695,0.00022188200315072443,0.0,0.0015309858217399986,0.871685637577936,3.4544545116252907,0.7811551935189702,0.1872590287724341,0.9849525484583107
train/Healthy/IMG_20190806_170842.jpg,Healthy,0,train/Healthy/IMG_20190806_170842.jpg,0.07653662331888407,0.00011114816049794375,0.0,0.00033344448149383126,0.878648438368345,4.019579565613766,0.7931241838061767,0.21805885516140722,0.979600313880584
train/Healthy/IMG_20190806_170845.jpg,Healthy,0,train/Healthy/IMG_20190806_170845.jpg,0.08731973267674992,0.0,0.0,0.024577910657755893,0.8973135772071755,3.5485165079743273,0.8073582471426385,0.16289486791238023,0.9806257506969396
train/Healthy/IMG_20190806_170849.jpg,Healthy,0,train/Healthy/IMG_20190806_170849.jpg,0.09062844066406166,0.0014680166663068586,0.0,0.046631117635629625,0.8848470456164591,3.5115952943784987,0.7880564512280605,0.15684555747476212,0.9830734075034544
train/Healthy/IMG_20190806_170852.jpg,Healthy,0,train/Healthy/IMG_20190806_170852.jpg,0.08431345417646788,0.005373368387067017,0.0010377750103777502,0.06671740233384069,0.886213735528804,2.967434959280336,0.7659003736693777,0.16439617504573195,0.9875088761443358
train/Healthy/IMG_20190806_171442.jpg,Healthy,0,train/Healthy/IMG_20190806_171442.jpg,0.06341344771928273,0.0,0.0,0.00033166029141884273,0.8719349061401376,3.417464883935647,0.7744453618053511,0.1892389478585584,0.9857555112648477
train/Healthy/IMG_20190806_171444.jpg,Healthy,0,train/Healthy/IMG_20190806_171444.jpg,0.06635993270770416,0.0,0.0,0.0008107505523238138,0.8777388167095689,4.374837785450514,0.7869585322409811,0.2378487672137497,0.9783696069636972
train/Healthy/IMG_20190806_171448.jpg,Healthy,0,train/Healthy/IMG_20190806_171448.jpg,0.08063662816330129,0.0,0.0,0.006414778238250595,0.8879287540781237,3.4951627091419275,0.8153683846682744,0.17980729362971887,0.9808117123089624
train/Healthy/IMG_20190806_171451.jpg,Healthy,0,train/Healthy/IMG_20190806_171451.jpg,0.08484653704001285,0.00307614609398315,9.182525653681045e-05,0.050021808498427495,0.8765409425862584,2.9341931376292947,0.7813321341118338,0.14721472397543248,0.9866555224105888
train/Healthy/IMG_20190806_171454.jpg,Healthy,0,train/Healthy/IMG_20190806_171454.jpg,0.06838559703970777,0.015086104653920964,0.007377010294606006,0.04001612979742872,0.8784809526068599,2.655932183584001,0.7671533584520908,0.1458024215410534,0.9875871532113724
train/Healthy/IMG_20190806_172854.jpg,Healthy,0,train/Healthy/IMG_20190806_172854.jpg,0.10015136226034309,0.0,0.0,0.06552151178790937,0.8705164663792313,5.507781791787102,0.7890553492091208,0.19487279435759997,0.9802908809868176
train/Healthy/IMG_20190806_172856.jpg,Healthy,0,train/Healthy/IMG_20190806_172856.jpg,0.11538302363117163,0.0,0.0,0.06214046269089103,0.8597649298514257,6.616708329589185,0.797838257187196,0.24672772832166245,0.9781546796867744
train/Healthy/IMG_20190806_172900.jpg,Healthy,0,train/Healthy/IMG_20190806_172900.jpg,0.09015303430079155,0.0,0.0,0.050026385224274404,0.8937625329815303,6.481347183794148,0.8103053263095177,0.21586912045999004,0.9715918679074983
train/Healthy/IMG_20190806_172903.jpg,Healthy,0,train/Healthy/IMG_20190806_172903.jpg,0.09713943899677413,0.0,0.0,0.05906983699715867,0.8805785212245508,6.5934922865316725,0.8023859776645159,0.24180074342720598,0.9720238497201161
train/Healthy/IMG_20190806_172906.jpg,Healthy,0,train/Healthy/IMG_20190806_172906.jpg,0.06250903658007614,0.0001927803749578293,0.0,0.045640753771266085,0.9283579931562966,3.5287884966852907,0.8054933737798285,0.1961585292641906,0.9868827163698641
train/Healthy/IMG_20190807_140606.jpg,Healthy,0,train/Healthy/IMG_20190807_140606.jpg,0.1691542288557214,0.0030935068248501086,0.0,0.0,0.783805332312795,4.527697154879512,0.7620301774438853,0.1573569398737174,0.9785321178386012
train/Healthy/IMG_20190807_140616.jpg,Healthy,0,train/Healthy/IMG_20190807_140616.jpg,0.09500763538118172,0.0035240220838717255,0.0,0.0008457653001292142,0.8929637025725361,4.3128054063122025,0.8096884453088955,0.18190828843721552,0.9707758708073576
train/Healthy/IMG_20190807_140625.jpg,Healthy,0,train/Healthy/IMG_20190807_140625.jpg,0.09111760737575894,0.0068810434000449745,0.0,0.004115133798066112,0.8894985383404542,4.562092368855065,0.7944973069426995,0.18024527589690623,0.9699862044701619
train/Healthy/IMG_20190807_140630.jpg,Healthy,0,train/Healthy/IMG_20190807_140630.jpg,0.09938661415540617,0.007672981598424662,9.053665602860958e-05,0.02381114053552432,0.8839546411353296,3.780061166412038,0.7837321832399138,0.2041875335301257,0.9779647107797848
train/Healthy/IMG_20190807_140634.jpg,Healthy,0,train/Healthy/IMG_20190807_140634.jpg,0.11335729690869878,0.008368080517613228,0.0,0.0013803019410496046,0.8586628324946082,4.900192827648462,0.7818557821746989,0.18231732297239947,0.9707653138562239
train/Healthy/IMG_20190807_141317.jpg,Healthy,0,train/Healthy/IMG_20190807_141317.jpg,0.0991980991980992,0.000165000165000165,0.0,6.6000066000066e-05,0.8232188232188232,2.593961877610657,0.7734420696329103,0.15964552946102584,0.9870196278087618
train/Healthy/IMG_20190807_141320.jpg,Healthy,0,train/Healthy/IMG_20190807_141320.jpg,0.10095879889998266,0.005128459232465377,0.0,0.0,0.8504818769665288,2.5128976985326785,0.7753562594905828,0.16921231783862956,0.9814176573163469
train/Healthy/IMG_20190807_141323.jpg,Healthy,0,train/Healthy/IMG_20190807_141323.jpg,0.09013748062310996,0.01245203425580036,0.0,0.0,0.8527610480038627,2.1754237461628385,0.7980395710117655,0.17302011917636306,0.9829740634083912
train/Healthy/IMG_20190807_141342.jpg,Healthy,0,train/Healthy/IMG_20190807_141342.jpg,0.09963557220225742,0.0006579946348129776,0.0,5.061497190869059e-05,0.8533684263805233,2.7150677999295687,0.7647666185417233,0.1518866990095694,0.9829582909853378
train/Healthy/IMG_20190807_141545.jpg,Healthy,0,train/Healthy/IMG_20190807_141545.jpg,0.05045627713298485,0.00017719500310091257,0.0,0.006644812616284221,0.899220341986356,4.484283690623501,0.7554035302345397,0.16473729617490881,0.98338732728444
train/Healthy/IMG_20190807_141644.jpg,Healthy,0,train/Healthy/IMG_20190807_141644.jpg,0.2168366065598473,5.0228539856346375e-05,0.0,0.014063991159776985,0.6608066703500929,4.940706268062558,0.7839828931367862,0.20193678044141497,0.9844538620511157
train/Healthy/IMG_20190807_142128.jpg,Healthy,0,train/Healthy/IMG_20190807_142128.jpg,0.05531256903026287,0.0007731389441130992,2.208968411751712e-05,0.02752374641042633,0.9130329136293351,3.8824884785321654,0.8211856725355078,0.2347478385042731,0.9772108472194023
train/Healthy/IMG_20190807_142135.jpg,Healthy,0,train/Healthy/IMG_20190807_142135.jpg,0.047972469760394466,0.003800816661958448,0.00012840596830940702,0.026811166183004186,0.918359485348879,3.2182204644965693,0.7974376935285586,0.17578665933731194,0.9795192365588604
train/Healthy/IMG_20190807_142139.jpg,Healthy,0,train/Healthy/IMG_20190807_142139.jpg,0.04034430442455956,0.006811778183732235,0.00018577576864724278,0.006966591324271604,0.9136761928352478,3.085424292388579,0.8033017727414771,0.2168020218793704,0.9813731927427851
train/Healthy/IMG_20190807_142143.jpg,Healthy,0,train/Healthy/IMG_20190807_142143.jpg,0.044432020871602376,0.010781886430796262,0.0003993291270665282,0.03066847695870937,0.9105768974789021,3.1129896691774466,0.7984020572184323,0.19269024372297316,0.9780796467295716
train/Healthy/IMG_20190807_142232.jpg,Healthy,0,train/Healthy/IMG_20190807_142232.jpg,0.036656934737090446,0.0,0.0,0.0,0.9045975994573712,2.509977157256475,0.7917381940796449,0.17783618957453493,0.9821266903987191
train/Healthy/IMG_20190807_142236.jpg,Healthy,0,train/Healthy/IMG_20190807_142236.jpg,0.06341181568684097,0.011266791853242813,0.0,4.81486831335163e-05,0.8898598873320814,2.548596788663734,0.7977277530515462,0.20937924076024741,0.9772634567656193
train/Healthy/IMG_20190807_142239.jpg,Healthy,0,train/Healthy/IMG_20190807_142239.jpg,0.06504829271731723,0.0005640025380114211,0.0,4.700021150095175e-05,0.9151411181350316,2.522191258359141,0.8072537106022277,0.1905072792440944,0.9791519822530778
train/Healthy/IMG_20190807_142243.jpg,Healthy,0,train/Healthy/IMG_20190807_142243.jpg,0.058524750005668806,0.0025849753973832793,0.0,0.0026076506201673432,0.9179837191900411,2.4916828073502435,0.7984517300229874,0.17272446146963444,0.9815013536236465
train/Healthy/IMG_20190807_142248.jpg,Healthy,0,train/Healthy/IMG_20190807_142248.jpg,0.04236461741825037,0.0002817084534205907,0.0,0.0014952217912323662,0.9433549309814289,1.9542179949765426,0.7974453363958939,0.2213235663995135,0.9823768008083094
train/Healthy/IMG_20190807_142301.jpg,Healthy,0,train/Healthy/IMG_20190807_142301.jpg,0.12185634507991527,0.0006932409012131716,0.0,0.11993067590987869,0.7853264009243212,5.397798741995917,0.8002173187714845,0.1727758458061438,0.9838680290960143
train/Healthy/IMG_20190807_142304.jpg,Healthy,0,train/Healthy/IMG_20190807_142304.jpg,0.22136290675616518,0.00034048348655090226,0.0,0.10258281044797898,0.7255703098399727,6.660055621722622,0.8254577466200186,0.20200619967297254,0.9796758330778716
train/Healthy/IMG_20190807_142308.jpg,Healthy,0,train/Healthy/IMG_20190807_142308.jpg,0.09449402718659893,0.0031305780584923795,0.0,0.024467939036111493,0.8581353837704243,5.366028604654996,0.785809279137474,0.17024419495205897,0.9745314768342979
train/Healthy/IMG_20190807_142314.jpg,Healthy,0,train/Healthy/IMG_20190807_142314.jpg,0.07417872731449575,0.003468872042269699,0.0004364805881001608,0.022605099931082014,0.8379967838272456,3.6138474609833318,0.7806067063338548,0.1644398495482971,0.9781668831875463
train/Healthy/IMG_20190807_143626.jpg,Healthy,0,train/Healthy/IMG_20190807_143626.jpg,0.342966874699952,0.007729236677868459,0.0,9.601536245799327e-05,0.54210273643783,6.091822380254249,0.7613542159758062,0.15202477741436415,0.9779030538335369
train/Healthy/IMG_20190807_143629.jpg,Healthy,0,train/Healthy/IMG_20190807_143629.jpg,0.10811766946961657,0.029580646039132446,0.0,0.0054970473780172535,0.843252510409013,6.339233039283332,0.7934449561950493,0.22400700428351078,0.9667121562841035
train/Healthy/IMG_20190807_143634.jpg,Healthy,0,train/Healthy/IMG_20190807_143634.jpg,0.13855531627550463,0.009964594663649304,0.0,0.000949009015585648,0.8463335401686316,4.751640058619142,0.8171442205107252,0.1771208544773049,0.972392738913733
train/Healthy/IMG_20190807_143637.jpg,Healthy,0,train/Healthy/IMG_20190807_143637.jpg,0.1127086383601757,0.03997071742313323,0.0,0.023045387994143483,0.8441581259150805,5.901590798659889,0.798270745476009,0.15091255926175567,0.9740591262222099
train/Healthy/IMG_20190807_143640.jpg,Healthy,0,train/Healthy/IMG_20190807_143640.jpg,0.14696288459843074,0.001351788180669429,0.0,0.0024978694642804667,0.8450439331158718,5.040143356626839,0.8049842944413959,0.17905795747413458,0.9793971800673629
train/Healthy/IMG_20190807_143643.jpg,Healthy,0,train/Healthy/IMG_20190807_143643.jpg,0.17747385870951288,0.008001785258862535,0.0,0.016258607498087222,0.8033983677633256,7.685484943373618,0.7776089270322258,0.16138990854216292,0.9762951411567203
train/Healthy/IMG_20190807_143648.jpg,Healthy,0,train/Healthy/IMG_20190807_143648.jpg,0.23442124941579684,0.0038946876460507866,0.0,0.00015578750584203146,0.7466116217479358,4.838486961057264,0.7778452485489147,0.14753122341847114,0.9800871157505915
train/Healthy/IMG_20190807_143700.jpg,Healthy,0,train/Healthy/IMG_20190807_143700.jpg,0.04794235254915028,0.00012495834721759413,0.0,0.009705098300566479,0.8628790403198934,4.148506480248162,0.7692532967299359,0.17319745948703846,0.9849871372761305
train/Healthy/IMG_20190807_143704.jpg,Healthy,0,train/Healthy/IMG_20190807_143704.jpg,0.13703026609790778,0.02701604712573634,0.0,0.004996953077391834,0.7070891732683323,4.88681346762577,0.7759960502541474,0.2138900128808846,0.9783711608646386
train/Healthy/IMG_20190807_143708.jpg,Healthy,0,train/Healthy/IMG_20190807_143708.jpg,0.06799560174511403,0.05923456177065229,0.0001773489873372823,0.026318589720852693,0.7817898059802079,5.18630208529598,0.7463178016015781,0.1636854673709481,0.9785888176176579
train/Healthy/IMG_20190807_143713.jpg,Healthy,0,train/Healthy/IMG_20190807_143713.jpg,0.07521069456553328,0.0028770706190061027,0.0,0.008079046788724209,0.88546934030805,4.071023838994048,0.7676268633293679,0.19199337305912745,0.981941885825583
train/Healthy/IMG_20190807_143717.jpg,Healthy,0,train/Healthy/IMG_20190807_143717.jpg,0.07200469277020091,0.037615486141663,0.00010998680158380995,0.010375421616072737,0.8221880041061739,4.049675471257853,0.7739860373846004,0.17071364280160775,0.9816490968726923
train/Healthy/IMG_20190807_143723.jpg,Healthy,0,train/Healthy/IMG_20190807_143723.jpg,0.13068002524455663,7.888923950773115e-05,0.0,0.0034711265383401703,0.7299621331650363,4.118203905613633,0.7773439223012399,0.17132585958777855,0.9858615411233
train/Healthy/IMG_20190807_143731.jpg,Healthy,0,train/Healthy/IMG_20190807_143731.jpg,0.22311051178321453,0.00035317536762345084,0.0,0.0,0.7606755281577089,3.7044044409329557,0.7776031591421202,0.17475214996398497,0.9828143315030278
train/Healthy/IMG_20190807_143735.jpg,Healthy,0,train/Healthy/IMG_20190807_143735.jpg,0.1870013415236885,0.06626420956012144,0.0,0.0,0.7369201440372802,5.404747811292524,0.7865432246705527,0.19730662465581755,0.9747921972294642
train/Healthy/IMG_20190807_143739.jpg,Healthy,0,train/Healthy/IMG_20190807_143739.jpg,0.1260292616536237,0.032085743450153116,0.0,0.0,0.8350459339911535,3.9340140743258405,0.8312413546690993,0.2059420964306624,0.9748888098755137
train/Healthy/IMG_20190807_143743.jpg,Healthy,0,train/Healthy/IMG_20190807_143743.jpg,0.09837769181917903,0.05426938398475838,0.0,0.0,0.8432249870099878,4.59701007537368,0.7998551254654036,0.16847659745025384,0.978125651630168
train/Healthy/IMG_20190807_143747.jpg,Healthy,0,train/Healthy/IMG_20190807_143747.jpg,0.1458218040951854,0.02407304925290537,0.0,0.0,0.8251798561151079,4.197563575059171,0.796579816988153,0.2009722114249174,0.9819944821286786
train/Healthy/IMG_20190807_143751.jpg,Healthy,0,train/Healthy/IMG_20190807_143751.jpg,0.14842776007757308,0.07958165950962737,0.0,0.00051946252943621,0.7573071062474027,7.2158398986103105,0.7646120018216019,0.15410892095705386,0.9734474954652552
train/Healthy/IMG_20190807_143756.jpg,Healthy,0,train/Healthy/IMG_20190807_143756.jpg,0.2138732803720209,0.06773881030807984,0.0,0.0,0.7040108506103468,5.294190477156714,0.7677954372944733,0.16525302704714048,0.9782555413355859
train/Healthy/IMG_20190807_143812.jpg,Healthy,0,train/Healthy/IMG_20190807_143812.jpg,0.05210508273863318,0.00012465330798716072,0.0,0.00034279659696469196,0.8849449967278507,2.729845946226033,0.8141106355286908,0.20373113023938447,0.9817902599521654
train/Healthy/IMG_20190807_143814.jpg,Healthy,0,train/Healthy/IMG_20190807_143814.jpg,0.04972478035355139,0.003466709008150736,0.0,0.0017730496453900709,0.8990949507780248,3.1306110427096003,0.7998820870264739,0.19706776132273343,0.9743555993795276
train/Healthy/IMG_20190807_143817.jpg,Healthy,0,train/Healthy/IMG_20190807_143817.jpg,0.052889827123866036,0.006504250584812004,0.0,0.0012552062532093342,0.8484623723398186,2.9414744036628204,0.8092245900493853,0.19479657255434424,0.9731092550954299
train/Healthy/IMG_20190807_143820.jpg,Healthy,0,train/Healthy/IMG_20190807_143820.jpg,0.03329565306751619,0.002877402116945843,0.000256910903298736,0.007399034015003597,0.9337683691295858,2.903595528630536,0.8104589452551307,0.17060789483526118,0.9742928285518019
train/Healthy/IMG_20190807_143824.jpg,Healthy,0,train/Healthy/IMG_20190807_143824.jpg,0.01902148851793784,0.0017522825786221526,0.0,0.0034815088075255927,0.9623259245596237,2.310195479968467,0.8103575038724884,0.21308432376596204,0.9744635477269168
train/Healthy/IMG_20190807_143828.jpg,Healthy,0,train/Healthy/IMG_20190807_143828.jpg,0.02848633328529567,0.004875822644953644,7.205649228995533e-05,0.0008886967382427824,0.9401450737378104,3.1134533948970855,0.8062452927919258,0.21916638164097071,0.9627048535616586
train/Healthy/IMG_20190807_143833.jpg,Healthy,0,train/Healthy/IMG_20190807_143833.jpg,0.05608718766613503,0.0005648591174906964,0.0,6.645401382243488e-05,0.8810805422647527,3.558617653037417,0.8026745854759112,0.18952458002970404,0.97314414505971
train/Healthy/IMG_20190807_143842.jpg,Healthy,0,train/Healthy/IMG_20190807_143842.jpg,0.16891766882516188,0.10135060129509713,0.0,0.02183163737280296,0.6951341350601296,5.1696339571961545,0.7639614656013376,0.15324665283270805,0.9824338002882452
train/Healthy/IMG_20190807_143845.jpg,Healthy,0,train/Healthy/IMG_20190807_143845.jpg,0.09656021130988114,0.09220794813302917,0.0,0.011886180814023293,0.796704286228839,5.5065432724918315,0.8035716943595735,0.23611043647029725,0.9756608586256655
train/Healthy/IMG_20190807_143849.jpg,Healthy,0,train/Healthy/IMG_20190807_143849.jpg,0.09048821548821549,0.07774716865625957,0.0,0.011019283746556474,0.8192913988368534,4.772830627809951,0.8195448984548862,0.1864384176952578,0.976264709319103
train/Healthy/IMG_20190807_143852.jpg,Healthy,0,train/Healthy/IMG_20190807_143852.jpg,0.0703826495372289,0.05470368835474513,0.0,0.008184832159138003,0.8461113413454897,5.306389858245773,0.814382872272948,0.17735756340603273,0.9759709948513704
train/Healthy/IMG_20190807_143856.jpg,Healthy,0,train/Healthy/IMG_20190807_143856.jpg,0.11100469599604548,0.02805239742956006,0.0,0.004232575383094414,0.8445069204152249,4.918085570292238,0.8092053871677306,0.2150177809350491,0.9808797924471351
train/Healthy/IMG_20190807_143900.jpg,Healthy,0,train/Healthy/IMG_20190807_143900.jpg,0.06912827215626476,0.09163852884580474,0.0,0.0028682423846349346,0.8132011763424464,7.20955954820695,0.7722627205736303,0.17446170086376084,0.9724120792632107
train/Healthy/IMG_20190807_143905.jpg,Healthy,0,train/Healthy/IMG_20190807_143905.jpg,0.11315298507462687,0.11007462686567164,0.0,0.0034048507462686567,0.7412779850746268,4.96726481856971,0.8164761493552355,0.18297544094664678,0.9781984018077594
train/Healthy/IMG_20190807_143916.jpg,Healthy,0,train/Healthy/IMG_20190807_143916.jpg,0.030060621211174303,6.249609399412537e-05,0.0,3.1248046997062684e-05,0.9002562339853759,2.4092520448589982,0.7897896862499567,0.17858656480475288,0.9835434792234661
train/Healthy/IMG_20190807_143919.jpg,Healthy,0,train/Healthy/IMG_20190807_143919.jpg,0.06761710794297353,0.0038441955193482687,0.0,0.0,0.894908350305499,2.590223718842494,0.8101943992636698,0.23042239031121783,0.9761117369542649
train/Healthy/IMG_20190807_143923.jpg,Healthy,0,train/Healthy/IMG_20190807_143923.jpg,0.03570297077961641,0.02395632783369483,0.0,0.0,0.9197718909170668,2.0573243299993265,0.8364461434198122,0.20461974405774136,0.9761480935912946
train/Healthy/IMG_20190807_143927.jpg,Healthy,0,train/Healthy/IMG_20190807_143927.jpg,0.029725155538604563,0.02853328883697647,9.53493361302472e-05,0.00119186670162809,0.9166885175561965,2.36784620928397,0.7949216245589186,0.1850833098218624,0.9782973249388864
train/Healthy/IMG_20190807_143930.jpg,Healthy,0,train/Healthy/IMG_20190807_143930.jpg,0.031247844381596192,0.01211744958727093,0.0,2.2993262973948632e-05,0.9405624152123427,2.1068731185558116,0.8063298393034312,0.24649890461944096,0.9791015592625746
train/Healthy/IMG_20190807_143950.jpg,Healthy,0,train/Healthy/IMG_20190807_143950.jpg,0.13331964548472094,0.004653868528214078,0.0,0.0,0.7356534236731341,4.5678275126021095,0.7669193056359345,0.1601154940310525,0.9818939053147974
train/Healthy/IMG_20190807_143954.jpg,Healthy,0,train/Healthy/IMG_20190807_143954.jpg,0.14515216043559126,0.01347745222243187,2.6954904444863743e-05,0.014340009164667511,0.7441979568182431,5.674541677657572,0.7583774332536033,0.16886029533690697,0.9757833584869932
train/Healthy/IMG_20190807_143959.jpg,Healthy,0,train/Healthy/IMG_20190807_143959.jpg,0.11291375932354862,0.04038772213247173,0.0,0.00017186264737222012,0.7794314783624927,4.438207828836928,0.7905764707187211,0.1755981739967685,0.9762789904026865
train/Healthy/IMG_20190807_144004.jpg,Healthy,0,train/Healthy/IMG_20190807_144004.jpg,0.10820750121773015,0.007403799318071115,0.0008037018996590355,0.05153433999025816,0.8436921578178276,5.120573963674767,0.7523496787296189,0.15636364493569854,0.9785568935126224
train/Healthy/IMG_20190807_144008.jpg,Healthy,0,train/Healthy/IMG_20190807_144008.jpg,0.09335812066925807,0.05881358796687511,0.0001014027378739226,0.0013182355923609937,0.7925299983099544,4.791900699784879,0.7573269076441456,0.17023055813772583,0.9810560672805395
train/Healthy/IMG_20190807_144020.jpg,Healthy,0,train/Healthy/IMG_20190807_144020.jpg,0.264939344016774,0.0036443512555538915,0.0,0.013529030003494584,0.5446557835355199,6.466170215714727,0.7130650456873872,0.15192781193843485,0.9843687120330495
train/Healthy/IMG_20190807_144024.jpg,Healthy,0,train/Healthy/IMG_20190807_144024.jpg,0.24516210103040964,0.010094663650833544,0.0,0.005654687107313395,0.5851972857501885,7.135450643477408,0.7194566676893072,0.1556423770805942,0.9797572144142197
train/Healthy/IMG_20190807_144028.jpg,Healthy,0,train/Healthy/IMG_20190807_144028.jpg,0.14815081825391105,0.0037848749188955375,0.0,0.00738951769879605,0.7629226443659434,5.207949495769298,0.7935455743943911,0.18860064160123716,0.9781040040981411
train/Healthy/IMG_20190807_144033.jpg,Healthy,0,train/Healthy/IMG_20190807_144033.jpg,0.09850524556679974,0.003094729675362857,0.0,0.004734936403305171,0.8014730913254727,5.394839271945373,0.7509164975964635,0.1406338606371907,0.9816267690163365
train/Healthy/IMG_20190807_144036.jpg,Healthy,0,train/Healthy/IMG_20190807_144036.jpg,0.033129397369226064,0.000948302233098807,0.0,0.004007341694707862,0.876017130620985,5.6255553974348835,0.7373142260898946,0.16079667140803994,0.9800783760233056
train/Healthy/IMG_20190807_144049.jpg,Healthy,0,train/Healthy/IMG_20190807_144049.jpg,0.105436212187637,0.00030688294607628233,0.0,0.009776413853572995,0.7451117930732135,4.6770750825769785,0.7608340130734993,0.17011753242420713,0.9843840303887544
train/Healthy/IMG_20190807_144053.jpg,Healthy,0,train/Healthy/IMG_20190807_144053.jpg,0.1157446496090452,0.0018354685951323373,0.0,0.010976102198891377,0.7588561359715136,5.392160206830214,0.7554823183843828,0.18275408112004848,0.9796321880205128
train/Healthy/IMG_20190807_144058.jpg,Healthy,0,train/Healthy/IMG_20190807_144058.jpg,0.07850933351303996,0.0010782397735696475,0.0,0.0016173596603544713,0.762483994878361,4.227856796823601,0.7947852055849882,0.1834042773681459,0.9777037314032744
train/Healthy/IMG_20190807_144101.jpg,Healthy,0,train/Healthy/IMG_20190807_144101.jpg,0.09173475896843959,0.00018225448801676743,0.0,0.0010023996840922208,0.848880653686097,3.6450243591313862,0.8006577805660868,0.2101639918580696,0.982127433961819
train/Healthy/IMG_20190807_144105.jpg,Healthy,0,train/Healthy/IMG_20190807_144105.jpg,0.07645139735073307,7.861326205730907e-05,0.0,0.0005502928344011635,0.8329861247592469,3.2609647795820678,0.8014172235997465,0.20285510088774014,0.9833001388032526
train/Healthy/IMG_20190807_144116.jpg,Healthy,0,train/Healthy/IMG_20190807_144116.jpg,0.06352719106974322,3.254466755622091e-05,0.0,0.0,0.8422234516874411,2.639794360957545,0.7923315948194063,0.16985802786676074,0.9847559629283879
train/Healthy/IMG_20190807_144119.jpg,Healthy,0,train/Healthy/IMG_20190807_144119.jpg,0.09262703667881854,0.009771098380576842,0.0,0.0005703940679016938,0.8277409914936885,3.298476469537463,0.7669036829439639,0.18592213275836705,0.9790158579812855
train/Healthy/IMG_20190807_144125.jpg,Healthy,0,train/Healthy/IMG_20190807_144125.jpg,0.06709592448964659,0.005073046998853687,0.0,0.0007804687690544133,0.8985634496719592,2.683897197418103,0.816864791240599,0.17431662012090085,0.9792643313994075
train/Healthy/IMG_20190807_144129.jpg,Healthy,0,train/Healthy/IMG_20190807_144129.jpg,0.04693213628224851,0.02070461251355509,0.0,0.0011348447784530805,0.8752175119158702,3.040720109404551,0.7666330482892759,0.1721659557306357,0.9778619923567123
train/Healthy/IMG_20190807_144132.jpg,Healthy,0,train/Healthy/IMG_20190807_144132.jpg,0.03499083689676237,0.015027489309712889,0.0,7.330482590103848e-05,0.9299450213805742,2.072637718635232,0.7935963783854462,0.21051059701048402,0.9843429428195548
train/Healthy/IMG_20190807_144144.jpg,Healthy,0,train/Healthy/IMG_20190807_144144.jpg,0.0852586705962844,0.003105099731593074,0.0,0.016209673175096046,0.6245987053312984,6.063006051420171,0.7527616845205167,0.1578850360623593,0.982472648331058
train/Healthy/IMG_20190807_144147.jpg,Healthy,0,train/Healthy/IMG_20190807_144147.jpg,0.16792676261614137,0.0718710147567863,0.00013663691018400438,0.027054108216432865,0.6179631991255238,7.298351372068263,0.7528717205917297,0.16172224973114258,0.9776616419363864
train/Healthy/IMG_20190807_144151.jpg,Healthy,0,train/Healthy/IMG_20190807_144151.jpg,0.1089617714643827,0.03254648005013579,8.355964069354502e-05,0.014205138917902652,0.7653645289325256,5.227263149999584,0.8184445716502782,0.19680652131898901,0.9761444793464176
train/Healthy/IMG_20190807_144155.jpg,Healthy,0,train/Healthy/IMG_20190807_144155.jpg,0.08713413183152217,0.0736098992623146,0.00031728404854445945,0.02871420639327358,0.7589434441183469,5.6238183226032294,0.7695475659107324,0.14710681185139443,0.9813089056665357
train/Healthy/IMG_20190807_144158.jpg,Healthy,0,train/Healthy/IMG_20190807_144158.jpg,0.051444893494180924,0.036524962776140264,9.11604728189857e-05,0.02400559117566623,0.8577288887538363,5.128853427797425,0.7837725967675913,0.1772993729544739,0.9835220081911099
train/Healthy/IMG_20190807_144210.jpg,Healthy,0,train/Healthy/IMG_20190807_144210.jpg,0.17594409610874456,0.006748671803953477,0.00019145168238165892,0.04120997463265209,0.6742449624276073,5.192978675818339,0.7830896638642149,0.16557015227631805,0.9846538883900107
train/Healthy/IMG_20190807_144212.jpg,Healthy,0,train/Healthy/IMG_20190807_144212.jpg,0.1052047583412897,0.04154517069646221,0.0,0.08110339844657188,0.8194204319665574,5.712902802980434,0.7772297786623535,0.1807416975397031,0.9791161496303757
train/Healthy/IMG_20190807_144216.jpg,Healthy,0,train/Healthy/IMG_20190807_144216.jpg,0.127222537955671,0.04408541040837866,0.0,0.04794186896159779,0.7844036697247706,5.6360446526402965,0.804705220175813,0.18559960402664671,0.9766711772777577
train/Healthy/IMG_20190807_144220.jpg,Healthy,0,train/Healthy/IMG_20190807_144220.jpg,0.11936412764782454,0.045520886750029584,0.00023667705415959922,0.04642814879097471,0.7873456668376001,6.079592087136631,0.7854920714345702,0.16127237677636724,0.9786237766104313
train/Healthy/IMG_20190807_144223.jpg,Healthy,0,train/Healthy/IMG_20190807_144223.jpg,0.07255020735287265,0.059876054237919946,4.659615115791436e-05,0.029169190624854388,0.7705605516984297,5.166064263321729,0.7539158368625042,0.19329965069488056,0.983116171775359
train/Healthy/IMG_20190807_144233.jpg,Healthy,0,train/Healthy/IMG_20190807_144233.jpg,0.16536000339026147,0.010933593253379666,0.0,0.05509174895113786,0.7128448531592999,5.153570731069199,0.7714004712567588,0.15979407315002847,0.9845389185555153
train/Healthy/IMG_20190807_144236.jpg,Healthy,0,train/Healthy/IMG_20190807_144236.jpg,0.25417069632495165,0.03644825918762089,0.00042311411992263057,0.029376208897485493,0.5495043520309478,5.987599996449102,0.7767873160096775,0.182792336230064,0.9804657063477383
train/Healthy/IMG_20190807_144239.jpg,Healthy,0,train/Healthy/IMG_20190807_144239.jpg,0.10873227572651972,0.01238944265056858,0.0,0.043415695633862134,0.819563386213674,5.188271713695802,0.8026491605268479,0.18755691924160448,0.9757071492385456
train/Healthy/IMG_20190807_144242.jpg,Healthy,0,train/Healthy/IMG_20190807_144242.jpg,0.11400471489612495,0.020296154412848093,0.0005893620156180934,0.04939590393399145,0.7935391189037867,5.088947516312457,0.7759918721464959,0.15812412471401063,0.9811912904614661
train/Healthy/IMG_20190807_144245.jpg,Healthy,0,train/Healthy/IMG_20190807_144245.jpg,0.07215355240679329,0.009848256456637524,0.00036847218035038356,0.0177536595987003,0.863765785683181,3.7673258183059124,0.7996924506563146,0.21796787857745586,0.9825900381363204
train/Healthy/IMG_20190807_144254.jpg,Healthy,0,train/Healthy/IMG_20190807_144254.jpg,0.07672188317349608,0.03664538628118233,0.0,8.437157240487106e-05,0.8488623899654076,2.2621723415564765,0.8105947286142943,0.18176315590470352,0.983950347489602
train/Healthy/IMG_20190807_144258.jpg,Healthy,0,train/Healthy/IMG_20190807_144258.jpg,0.07185448412937422,0.07426368728543034,0.0,0.0,0.8155152683250015,2.9890252334548952,0.7839441207548676,0.17682745589735344,0.9801099443649371
train/Healthy/IMG_20190807_144301.jpg,Healthy,0,train/Healthy/IMG_20190807_144301.jpg,0.047286495582667225,0.04669751787968027,0.0,0.0,0.8810825971112046,2.364971367988388,0.8274123682644429,0.2058339836173962,0.9784378257120738
train/Healthy/IMG_20190807_144304.jpg,Healthy,0,train/Healthy/IMG_20190807_144304.jpg,0.04840213394105765,0.061247216035634745,0.0014761485471590614,0.0024861449215310507,0.867379706842078,3.2672338295442085,0.7646392595578263,0.15184189554218958,0.980466936304933
train/Healthy/IMG_20190807_144307.jpg,Healthy,0,train/Healthy/IMG_20190807_144307.jpg,0.042886570087461585,0.08398338567521021,0.0,0.0,0.8508087664201534,2.8028221119423833,0.7924623123960053,0.19181124001685937,0.9816688726397279
train/Healthy/IMG_20190807_144311.jpg,Healthy,0,train/Healthy/IMG_20190807_144311.jpg,0.0429793385940606,0.06818866333353413,3.011866755014758e-05,0.0,0.8714535268959701,3.2535412049866252,0.784547884043498,0.1842599360066648,0.977280103129975
train/Healthy/IMG_20190807_144316.jpg,Healthy,0,train/Healthy/IMG_20190807_144316.jpg,0.08497194560986705,0.007607541828842946,0.0,0.0,0.8881362786230602,2.516656623843059,0.8193206184036965,0.19035344355080677,0.9809260484958987
train/Healthy/IMG_20190815_131359.jpg,Healthy,0,train/Healthy/IMG_20190815_131359.jpg,0.31687770476037824,0.018325586365336325,0.0,0.006090719666613239,0.6556606293743655,5.264776493125698,0.7352249395326407,0.16115222934936801,0.9799399229724863
train/Healthy/IMG_20190815_131408.jpg,Healthy,0,train/Healthy/IMG_20190815_131408.jpg,0.12890593782466236,0.001678254615200192,0.0,0.02773115959402222,0.867551080209915,4.201606528692897,0.7571756574739457,0.17460989277948974,0.9790480263381458
train/Healthy/IMG_20190815_131411.jpg,Healthy,0,train/Healthy/IMG_20190815_131411.jpg,0.13308361204013378,0.0013377926421404682,0.0,0.031625418060200666,0.8633578595317726,5.403896066015231,0.7499686788477808,0.16999583583149544,0.9749205644971057
train/Healthy/IMG_20190815_131414.jpg,Healthy,0,train/Healthy/IMG_20190815_131414.jpg,0.14355976904982537,0.0018889443296029652,0.0,0.018746881459833203,0.8521990163233303,5.075915707133114,0.7781753254006407,0.2207931360536875,0.9708155615762826
train/Healthy/IMG_20190815_131417.jpg,Healthy,0,train/Healthy/IMG_20190815_131417.jpg,0.23011234091945446,0.01094391244870041,0.00559631886581271,0.048833063880943495,0.7472951125481905,5.497661488060178,0.7108431810269022,0.1466448436662236,0.9793012839505094
train/Healthy/IMG_20190815_131420.jpg,Healthy,0,train/Healthy/IMG_20190815_131420.jpg,0.1251123867487378,0.019365101320976554,0.017520805957074025,0.06058510270419808,0.8313391889711137,5.135672643928182,0.6783997008533768,0.14206630999201236,0.9826256973902829
train/Healthy/IMG_20190815_131425.jpg,Healthy,0,train/Healthy/IMG_20190815_131425.jpg,0.09871335161358363,0.017647472403852914,0.009093252712742273,0.04802081136187865,0.8683353254118915,4.894166657910132,0.7143547045686611,0.17141461527907895,0.9782841369697182
train/Healthy/IMG_20190815_131429.jpg,Healthy,0,train/Healthy/IMG_20190815_131429.jpg,0.10187531677648251,0.009211309195883558,0.0009696114943035325,0.03664690715969942,0.8846162321778797,4.313945550624527,0.7505740846829438,0.18444919727495904,0.9789410173113673
train/Healthy/IMG_20190815_131439.jpg,Healthy,0,train/Healthy/IMG_20190815_131439.jpg,0.275035023816195,0.01322499299523676,0.0,0.0,0.7040627626786214,4.652867929683055,0.7178469782934096,0.15435513588888267,0.9750902405504679
train/Healthy/IMG_20190815_131449.jpg,Healthy,0,train/Healthy/IMG_20190815_131449.jpg,0.1498251591500045,0.002555366269165247,0.0,0.001479422576885143,0.8437640096834932,4.143205282501077,0.7799091237226015,0.20407876114628745,0.9679621667972754
train/Healthy/IMG_20190815_131452.jpg,Healthy,0,train/Healthy/IMG_20190815_131452.jpg,0.09629238172057965,0.0024754540650293437,0.0,0.008288599004255557,0.898506383333797,4.2972748408607675,0.7452181207318193,0.1749102502105455,0.9684917663433537
train/Healthy/IMG_20190815_131507.jpg,Healthy,0,train/Healthy/IMG_20190815_131507.jpg,0.2631968791664609,0.01856698434645203,0.0,0.0004444224976544368,0.7140881931756456,3.4761904459955657,0.7474484217261702,0.15181915111532132,0.9841640478992506
train/Healthy/IMG_20190815_131510.jpg,Healthy,0,train/Healthy/IMG_20190815_131510.jpg,0.11886357819298694,0.00222677245968774,0.0,0.00862554389557205,0.8775787048886614,3.445789858716871,0.7440802805133993,0.16923261853828586,0.9793212327881897
train/Healthy/IMG_20190815_131512.jpg,Healthy,0,train/Healthy/IMG_20190815_131512.jpg,0.12434983915095758,0.0015032620787108024,0.0,0.012507140494873876,0.8722828537927302,4.191332095100869,0.7553492483430643,0.1792356758406467,0.9725496725616081
train/Healthy/IMG_20190815_131515.jpg,Healthy,0,train/Healthy/IMG_20190815_131515.jpg,0.10381627475085664,0.000941644215427271,0.0,0.014987837095550731,0.8935157333054328,4.037132479759747,0.7564414934325827,0.19719461652592518,0.9721090066538821
train/Healthy/IMG_20190815_131518.jpg,Healthy,0,train/Healthy/IMG_20190815_131518.jpg,0.14241559676652402,0.004755111745126011,0.00029719448407037566,0.03209700427960057,0.8501248216833096,4.154475468395354,0.7140704731205907,0.16244432641171247,0.9780185037835545
train/Healthy/IMG_20190815_131521.jpg,Healthy,0,train/Healthy/IMG_20190815_131521.jpg,0.11948779923375588,0.013730683191483892,0.00614538067933455,0.035766629811524515,0.8588619474942789,3.7014222341230143,0.6908583243158842,0.13934364284956896,0.982372052785482
train/Healthy/IMG_20190815_131524.jpg,Healthy,0,train/Healthy/IMG_20190815_131524.jpg,0.09004607901698097,0.01499701339704753,0.015594333987541599,0.030890007679836164,0.877783940609267,3.8720672977279618,0.6766925035342274,0.13706019677401732,0.9816544152741778
train/Healthy/IMG_20190815_131527.jpg,Healthy,0,train/Healthy/IMG_20190815_131527.jpg,0.06814880568108457,0.018015655261459006,0.01256859264041317,0.027215138799225307,0.8997538734667527,3.779330781985078,0.7240909045294451,0.18375788369323506,0.9751838635408727
train/Healthy/IMG_20190815_131539.jpg,Healthy,0,train/Healthy/IMG_20190815_131539.jpg,0.3466864261566248,0.002408187838651415,0.0,0.027231047098596767,0.6481267077293568,7.065995210605744,0.7117118062334729,0.14239668180440068,0.9782571994577305
train/Healthy/IMG_20190815_131541.jpg,Healthy,0,train/Healthy/IMG_20190815_131541.jpg,0.2968877968877969,0.0022522522522522522,0.0,0.03943488943488944,0.6983210483210484,5.809850533435125,0.723330915165496,0.13951534587842362,0.9829087733187837
train/Healthy/IMG_20190815_131544.jpg,Healthy,0,train/Healthy/IMG_20190815_131544.jpg,0.36893480990980704,0.002226281538988469,0.0,0.05622787989496518,0.6258134490238612,7.522303787201262,0.7234341319017339,0.16220669510948396,0.9756111152331175
train/Healthy/IMG_20190815_131548.jpg,Healthy,0,train/Healthy/IMG_20190815_131548.jpg,0.33098190109733505,0.0017101325352714834,0.0,0.052800342026507054,0.6634601681630327,6.471969561367114,0.7667729983358424,0.20870253549880616,0.972022668283552
train/Healthy/IMG_20190815_131550.jpg,Healthy,0,train/Healthy/IMG_20190815_131550.jpg,0.26958352127499624,0.0024056532852202678,0.00015035333032626674,0.04801283015085451,0.7249536410564827,7.399779874652456,0.7113021341285672,0.14988628199416237,0.9766406989724291
train/Healthy/IMG_20190815_131554.jpg,Healthy,0,train/Healthy/IMG_20190815_131554.jpg,0.17023163783986628,0.005253641728925733,0.010677856241258145,0.057210111554600346,0.812335823695971,6.16170754693734,0.6942436590675962,0.15169522297984,0.9816513409026286
train/Healthy/IMG_20190815_131556.jpg,Healthy,0,train/Healthy/IMG_20190815_131556.jpg,0.07529671036018457,0.003994398659351255,0.021303459516540023,0.02759348958931154,0.8979362273593352,5.870096786127311,0.6941605765254104,0.14861544636105525,0.9816975100694472
train/Healthy/IMG_20190815_131605.jpg,Healthy,0,train/Healthy/IMG_20190815_131605.jpg,0.3620105009844673,0.008039816232771823,0.0,0.0012579304309779042,0.6104244147888864,5.655230605091258,0.6996176218222975,0.14991824460029202,0.9760717183947762
train/Healthy/IMG_20190815_131607.jpg,Healthy,0,train/Healthy/IMG_20190815_131607.jpg,0.3519497513739859,0.01308557969118032,0.0,0.005286574195236849,0.6213033237372415,4.534894245081581,0.7150432378951947,0.1579062113738543,0.9823586343414819
train/Healthy/IMG_20190815_131609.jpg,Healthy,0,train/Healthy/IMG_20190815_131609.jpg,0.3085399449035813,0.006026170798898072,0.0,0.0009756657483930211,0.6713728191000918,5.575635347490112,0.7263943812962889,0.17018549220664345,0.9711504833815665
train/Healthy/IMG_20190815_131612.jpg,Healthy,0,train/Healthy/IMG_20190815_131612.jpg,0.16190087145969498,0.0031998910675381264,3.4041394335511986e-05,0.003710511982570806,0.8300994008714597,4.864286796772838,0.7519205483591769,0.18240935258742985,0.9729952032882235
train/Healthy/IMG_20190815_131616.jpg,Healthy,0,train/Healthy/IMG_20190815_131616.jpg,0.1665412741882091,0.020313581510126695,0.0014445213518312317,0.004423846639983148,0.7997833217972253,5.833289550728839,0.6686477029089027,0.13163215131582884,0.9750148851560589
train/Healthy/IMG_20190815_131618.jpg,Healthy,0,train/Healthy/IMG_20190815_131618.jpg,0.09644586526256406,0.01983921771425885,0.011753091062949556,0.01612524093836679,0.8617836490997133,4.27512115250547,0.7042103915299345,0.15384934600594546,0.9785562098551828
train/Healthy/IMG_20190815_131621.jpg,Healthy,0,train/Healthy/IMG_20190815_131621.jpg,0.08696454096924425,0.022133075114123667,0.0373726195416609,0.03114769216581362,0.8172868538755936,5.807193797448223,0.649833836060926,0.15655444621376202,0.9757406923324858
train/Healthy/IMG_20190815_131627.jpg,Healthy,0,train/Healthy/IMG_20190815_131627.jpg,0.41149466404340307,0.0032790794729624993,0.00029809813390568174,0.01061229356704227,0.5552375842127228,7.245194572309789,0.7180976263647828,0.16034312999384698,0.976685128602825
train/Healthy/IMG_20190815_131630.jpg,Healthy,0,train/Healthy/IMG_20190815_131630.jpg,0.38666666666666666,0.0037417654808959157,5.270092226613966e-05,0.06308300395256917,0.5934650856389987,5.756654578440523,0.7269161288129014,0.1517473869302701,0.9837849272477038
train/Healthy/IMG_20190815_131632.jpg,Healthy,0,train/Healthy/IMG_20190815_131632.jpg,0.36577097562191535,0.002343087890722369,0.0,0.025973378533326687,0.6122438805523706,7.333676868255033,0.7179218763141665,0.15096004500739604,0.976670582597684
train/Healthy/IMG_20190815_131635.jpg,Healthy,0,train/Healthy/IMG_20190815_131635.jpg,0.4262749898000816,0.003427172582619339,0.0,0.0017135862913096695,0.5574867401060791,6.01525559559803,0.7754052873515305,0.21033576615987676,0.9734743299740078
train/Healthy/IMG_20190815_131638.jpg,Healthy,0,train/Healthy/IMG_20190815_131638.jpg,0.19062096658540084,0.0024953391653520724,8.60461781155887e-05,0.08748028108418185,0.7833357235049476,6.353570423081209,0.7070951033371773,0.10814909140413295,0.9820795201097601
train/Healthy/IMG_20190815_131641.jpg,Healthy,0,train/Healthy/IMG_20190815_131641.jpg,0.27911596722125653,0.009535634467345419,0.003724857213806804,0.0,0.5688105289297244,4.615603150970653,0.6821947655456152,0.13468770025146143,0.9831322438136542
train/Healthy/IMG_20190815_131644.jpg,Healthy,0,train/Healthy/IMG_20190815_131644.jpg,0.19485420240137222,0.001646655231560892,0.0,0.007066895368782161,0.7620583190394511,5.866525348497469,0.7060606255157172,0.15562167943336358,0.9776889899333002
train/Healthy/a237.jpg,Healthy,0,train/Healthy/a237.jpg,0.05568190886601229,0.0,0.0,0.03585108929853962,0.9121777990583353,6.237673437993637,0.7839300868088297,0.12218880521336956,0.971012319700293
train/aculus_olearius/10.jpg,aculus_olearius,1,train/aculus_olearius/10.jpg,0.0837872476770266,0.0,0.0,0.002523229734059596,0.9001722204421659,6.423830633063791,0.7648392430629976,0.11736740840000127,0.9683553646650669
train/aculus_olearius/100.jpg,aculus_olearius,1,train/aculus_olearius/100.jpg,0.10464302379841343,0.00433971068595427,0.005062995800279981,0.002263182454503033,0.823355109659356,4.148837793784288,0.6796358882454149,0.14076621846824688,0.9714246350080606
train/aculus_olearius/101.jpg,aculus_olearius,1,train/aculus_olearius/101.jpg,0.00896329742053735,0.08243551343376995,0.013411417586838928,8.940945057892619e-05,0.866444633197729,6.23646170912305,0.7008086550095471,0.1427682441401988,0.9492407371660863
train/aculus_olearius/102.jpg,aculus_olearius,1,train/aculus_olearius/102.jpg,0.16149958867081912,0.007427429780232695,0.004677400399576918,0.06282759431190504,0.8089317193559761,7.4469022388188995,0.696487369450936,0.17047442712182367,0.9743137023397763
train/aculus_olearius/103.jpg,aculus_olearius,1,train/aculus_olearius/103.jpg,0.17633711507293354,0.013290113452188007,0.004413414786186261,0.07245979304326144,0.7851390100984914,7.797885019392327,0.6797461112421651,0.16090200212894962,0.9745944264941865
train/aculus_olearius/104.jpg,aculus_olearius,1,train/aculus_olearius/104.jpg,0.0067084762799641635,0.03577125625505321,0.03459126368463606,0.0,0.8692393418263663,4.598667639485909,0.6681769267750995,0.12540590695587453,0.9633475108840996
train/aculus_olearius/105.jpg,aculus_olearius,1,train/aculus_olearius/105.jpg,0.012306470821754664,0.022958846102950906,0.022672136209254113,0.0,0.8992104450619735,3.8153987330099044,0.7300841030531395,0.16420412757549818,0.9607511428668953
train/aculus_olearius/106.jpg,aculus_olearius,1,train/aculus_olearius/106.jpg,0.11233523999005222,0.012036806764486447,0.002611290723700572,0.03230539666749565,0.8244715244963939,6.221132626688092,0.6530219462094666,0.12185796591720643,0.976195322336167
train/aculus_olearius/107.jpg,aculus_olearius,1,train/aculus_olearius/107.jpg,0.08248520710059172,0.005964497041420118,0.0011124260355029586,0.02485207100591716,0.8804023668639053,5.818498949036291,0.7050463842721582,0.15140919607368522,0.9719927055476534
train/aculus_olearius/108.jpg,aculus_olearius,1,train/aculus_olearius/108.jpg,0.000568444987157354,0.056023411512063664,0.017706008674049433,0.0,0.8908796159838309,3.6218135020479174,0.696449085703823,0.15880979726669828,0.9577476587097264
train/aculus_olearius/109.jpg,aculus_olearius,1,train/aculus_olearius/109.jpg,0.12908692410240188,0.01396389271753621,9.038118263777482e-05,0.07250830377115484,0.8414262150620241,7.2780860349917145,0.7092450442088967,0.13518528650626022,0.975398556928003
train/aculus_olearius/11.jpg,aculus_olearius,1,train/aculus_olearius/11.jpg,0.06063346597532055,0.0004220426866031593,0.0,0.029442501708268017,0.9322119056232163,7.3287349747159265,0.7738045815345546,0.119519666371655,0.9683778527904926
train/aculus_olearius/110.jpg,aculus_olearius,1,train/aculus_olearius/110.jpg,0.1066355589103136,0.011505295180585101,0.0,0.052608705597108806,0.87071982433267,6.232645488990677,0.7486830374132708,0.1526486736314795,0.9735403947316575
train/aculus_olearius/111.jpg,aculus_olearius,1,train/aculus_olearius/111.jpg,0.007524137165686383,0.05162579070025524,0.0015092664521140827,0.0,0.9264676506492066,3.585800649166155,0.7497785011947895,0.16257318494008233,0.9665012438552166
train/aculus_olearius/112.jpg,aculus_olearius,1,train/aculus_olearius/112.jpg,0.10286582824642691,0.0158858571743767,0.0,0.08496972371356426,0.8759530288544042,7.933122358550103,0.7480072480624101,0.15417171405121335,0.9764574798669536
train/aculus_olearius/113.jpg,aculus_olearius,1,train/aculus_olearius/113.jpg,0.08091804514821622,0.007139827513077902,2.3563787171874265e-05,0.06595504029407606,0.9082190489655497,6.894103973298472,0.77193721412971,0.16596997561547966,0.9753293432149802
train/aculus_olearius/114.jpg,aculus_olearius,1,train/aculus_olearius/114.jpg,0.009351372861122165,0.07016845735508688,0.0007737542556484061,0.00019896538002387584,0.8785647963920944,5.341457255979272,0.6977131177937376,0.15240075069724968,0.9449786040614229
train/aculus_olearius/115.jpg,aculus_olearius,1,train/aculus_olearius/115.jpg,0.10396266829865361,0.027259281925744595,0.0005609955120359037,0.07458690330477356,0.8643665850673194,9.649864412822662,0.7122662881413059,0.14885890297639318,0.9772440576705644
train/aculus_olearius/116.jpg,aculus_olearius,1,train/aculus_olearius/116.jpg,0.0711071107110711,0.016274600433016276,0.00024326757000024327,0.04867784075704868,0.9099180188289099,7.695432592664467,0.7756679707379001,0.1735814961468303,0.9755192966220797
train/aculus_olearius/117.jpg,aculus_olearius,1,train/aculus_olearius/117.jpg,0.002496139445349354,0.02022296025215239,0.04065745774543608,0.0,0.9146235694794068,2.988125591518064,0.6966850456996784,0.12826926255778287,0.9790516699207712
train/aculus_olearius/118.jpg,aculus_olearius,1,train/aculus_olearius/118.jpg,0.06551251123409489,0.011044889078094698,0.00023650726077290571,0.03240149472588808,0.887020481528783,7.338863317834834,0.7028120123745254,0.14402429328832644,0.9769380071261701
train/aculus_olearius/119.jpg,aculus_olearius,1,train/aculus_olearius/119.jpg,0.04363475918443175,0.0076169244345362505,0.0004876689424550648,0.02312944127072593,0.9192095118666109,5.901887418256372,0.7602409105990049,0.16967978726866395,0.9751388939012584
train/aculus_olearius/12.jpg,aculus_olearius,1,train/aculus_olearius/12.jpg,0.4449000894721145,0.044959737548464065,7.456009543692216e-05,0.022964509394572025,0.4943334327467939,6.22744481761309,0.749927950782968,0.1866058908316104,0.9751548536607376
train/aculus_olearius/120.jpg,aculus_olearius,1,train/aculus_olearius/120.jpg,0.0017665706749267962,0.07818890206422574,0.02434479587638845,0.00048399196573336884,0.8621590881591366,5.362861355951448,0.6842885593386958,0.15170400684704516,0.9656153359358393
train/aculus_olearius/121.jpg,aculus_olearius,1,train/aculus_olearius/121.jpg,0.0010590752155218064,0.0583338628709411,0.0019063353879392514,0.00014827053017305288,0.8939653894219568,4.210053619800768,0.7182540825247302,0.16780499636507556,0.9493779330590285
train/aculus_olearius/122.jpg,aculus_olearius,1,train/aculus_olearius/122.jpg,0.0716965992495221,0.003256790880985533,0.0004247988105633304,0.0013687961673707315,0.8254784886602318,4.73878131150698,0.6939604131033144,0.1247369957191684,0.9704064113085638
train/aculus_olearius/123.jpg,aculus_olearius,1,train/aculus_olearius/123.jpg,0.14276118507856544,0.0036463955859421856,0.0006717044500419815,0.00023989444644356483,0.7908840110351445,4.392553435007986,0.6905729780254042,0.13021036177213868,0.9695443285725125
train/aculus_olearius/124.jpg,aculus_olearius,1,train/aculus_olearius/124.jpg,0.005774662094008473,0.09403368973169256,0.005673794633851119,0.0,0.8259279806334476,5.198834455738108,0.7253809772626515,0.1583209590960483,0.9560111183278087
train/aculus_olearius/125.jpg,aculus_olearius,1,train/aculus_olearius/125.jpg,0.002426517718157678,0.07913652595916125,0.0036397765772365168,0.0,0.8588041388151268,5.798438356025363,0.6730724081253414,0.16387476740958734,0.9454217913123012
train/aculus_olearius/126.jpg,aculus_olearius,1,train/aculus_olearius/126.jpg,0.0019043778285611865,0.11025227405117176,0.006116413496437693,0.0009857955818434378,0.8791504234440113,5.20816646876931,0.7214403043627331,0.17335281545208875,0.9413250343672118
train/aculus_olearius/127.jpg,aculus_olearius,1,train/aculus_olearius/127.jpg,0.015008461744009976,0.08633205664914938,0.003807784804489178,0.004876636679433509,0.893315222232119,5.145083375062702,0.7562000055333363,0.1566507251520133,0.9571381490739962
train/aculus_olearius/128.jpg,aculus_olearius,1,train/aculus_olearius/128.jpg,0.1328602964364554,0.05061494796594134,0.006181015452538631,0.1032481866918953,0.7577105014191107,14.247855384607947,0.6685710022673228,0.10549699805962245,0.9758147696837105
train/aculus_olearius/129.jpg,aculus_olearius,1,train/aculus_olearius/129.jpg,0.10051067172973681,0.01670813146523504,0.0025664527956003667,0.05235039937148095,0.8432368731177163,10.865546943164873,0.7266834481307368,0.1274553782004922,0.9752626497799398
train/aculus_olearius/13.JPG,aculus_olearius,1,train/aculus_olearius/13.JPG,0.24897119341563786,0.00407640344747263,0.0011258638093019644,0.0024846649584595077,0.7280068328286358,4.336111241452415,0.7728039614892913,0.2185383659028257,0.9813164580221868
train/aculus_olearius/130.jpg,aculus_olearius,1,train/aculus_olearius/130.jpg,0.0063147508633448445,0.03675382338431179,0.001110014800197336,0.0001480019733596448,0.9059447459299458,4.027966984051266,0.7434528503063077,0.1500250497776931,0.9621637942611705
train/aculus_olearius/131.jpg,aculus_olearius,1,train/aculus_olearius/131.jpg,0.15298629038321762,0.03315872578260107,0.009273415373818893,0.08243314368781172,0.7795934735206396,8.157424860898082,0.6987065760246702,0.13809896228855717,0.9784850836206442
train/aculus_olearius/132.jpg,aculus_olearius,1,train/aculus_olearius/132.jpg,0.16087475149105368,0.03371769383697813,0.008455931080185553,0.08328694499668654,0.7734393638170974,7.648044837976527,0.7188246826957888,0.1468769238227611,0.9799846188871134
train/aculus_olearius/133.jpg,aculus_olearius,1,train/aculus_olearius/133.jpg,0.0066226743216523335,0.07046716058794102,0.004192772232412988,0.0,0.8692379160016199,4.257502564452798,0.7327928788595396,0.1733941834006794,0.9645472216627489
train/aculus_olearius/134.jpg,aculus_olearius,1,train/aculus_olearius/134.jpg,0.13047042215037113,0.01589325561273282,0.002960061933603534,0.05075367730770982,0.8355571747347329,7.458071218958371,0.6938072013108615,0.14034051905024003,0.9750113331637245
train/aculus_olearius/135.jpg,aculus_olearius,1,train/aculus_olearius/135.jpg,0.09632886556508995,0.010259319669999763,0.001560173037373236,0.02860317235184266,0.8843580833510626,6.09745233251973,0.7408531310227527,0.16160661929746303,0.97109635838154
train/aculus_olearius/136.jpg,aculus_olearius,1,train/aculus_olearius/136.jpg,0.08184711019018723,0.018254026986358814,0.0003700140605343003,0.05772219344335085,0.8972840967956782,10.115243801470152,0.7182465434174783,0.14380677477912285,0.9777905949610239
train/aculus_olearius/137.jpg,aculus_olearius,1,train/aculus_olearius/137.jpg,0.07377106823882416,0.003399048266485384,4.6883424365315645e-05,0.04608640615110528,0.9212592887784524,7.778160971183874,0.7693037130516185,0.17444554559729808,0.973799956888103
train/aculus_olearius/138.jpg,aculus_olearius,1,train/aculus_olearius/138.jpg,0.006790167269974212,0.07216031419310573,0.00707407670286512,0.0012302742091939338,0.8942437362481368,6.83024053770346,0.7420761589322795,0.17791447914809846,0.9445699849031937
train/aculus_olearius/139.jpg,aculus_olearius,1,train/aculus_olearius/139.jpg,0.0923581252820866,0.007649001116469107,7.12639855571656e-05,0.030358457847352544,0.887260374848564,5.561810605149255,0.7099975478495891,0.16302423206263295,0.973317621541178
train/aculus_olearius/14.jpg,aculus_olearius,1,train/aculus_olearius/14.jpg,0.3801547176707072,0.02899433514040324,0.0,0.027715173295973686,0.5792166656514589,7.365263548934514,0.7264019922856171,0.18061729250061878,0.9714668390897596
train/aculus_olearius/140.jpg,aculus_olearius,1,train/aculus_olearius/140.jpg,0.059109581436660376,0.002664594204507605,2.2204951704230044e-05,0.017608526701454425,0.9353835905406905,4.115105455988891,0.7636869217344445,0.18660319317427818,0.9705401828997728
train/aculus_olearius/141.jpg,aculus_olearius,1,train/aculus_olearius/141.jpg,0.017134807837860568,0.03349171642418636,0.0006938020351526364,0.0,0.9238289462618787,3.0609166700484742,0.744713222805405,0.18027851850344878,0.9514090130991586
train/aculus_olearius/142.jpg,aculus_olearius,1,train/aculus_olearius/142.jpg,0.12832244522534847,0.03676800075469918,0.003065965425343742,0.04212164807433787,0.8283766892290276,8.240003616141117,0.6998700778600049,0.13592627006416813,0.9683517993432941
train/aculus_olearius/143.jpg,aculus_olearius,1,train/aculus_olearius/143.jpg,0.08220879409587045,0.012586878119850008,0.00019107215362201152,0.02042083641835248,0.9036279825168979,6.034543070850239,0.764221290534761,0.17712597983874928,0.9614225746023832
train/aculus_olearius/144.jpg,aculus_olearius,1,train/aculus_olearius/144.jpg,0.004131864226052959,0.03161098276168473,0.002488004265150169,0.0,0.9314243824417985,3.234143148463228,0.7528121961599107,0.1688888741157218,0.9567485644657028
train/aculus_olearius/145.jpg,aculus_olearius,1,train/aculus_olearius/145.jpg,0.10650363705972435,0.027469372128637058,0.0006221286370597243,0.04697071209800919,0.8539911944869831,7.8373202301358065,0.7256923900701193,0.14538626996894752,0.9723471321020593
train/aculus_olearius/146.jpg,aculus_olearius,1,train/aculus_olearius/146.jpg,0.10424637475792357,0.034150488876293045,0.0011808606112134524,0.05179254640782202,0.8436068206508903,8.684093086829352,0.6994530402451918,0.13384238263025805,0.9715152483374683
train/aculus_olearius/147.jpg,aculus_olearius,1,train/aculus_olearius/147.jpg,0.0008127581056146209,0.10669097618838415,0.03967138212810825,2.1966435286881646e-05,0.8228406994112996,3.9646579721056723,0.6702109901552453,0.11750117090088753,0.9781086530223505
train/aculus_olearius/148.jpg,aculus_olearius,1,train/aculus_olearius/148.jpg,0.09003380347359832,0.04956288611726308,0.0019116447138361114,0.041403426972840655,0.8502855810700548,7.524118289304276,0.7012130266323647,0.16366606711727336,0.9666100764634602
train/aculus_olearius/149.jpg,aculus_olearius,1,train/aculus_olearius/149.jpg,0.06596443883435983,0.030033297786676533,0.00082700385209689,0.027508759711854448,0.9005636684149818,6.180467615426602,0.7410734113836759,0.1811410070083642,0.9633648921169455
train/aculus_olearius/15.jpg,aculus_olearius,1,train/aculus_olearius/15.jpg,0.2692417903604791,0.011003495902343974,0.0,0.0221216115536707,0.7113301621869448,6.108367449040643,0.7723724784757032,0.21327803145721347,0.9685598601923433
train/aculus_olearius/150.jpg,aculus_olearius,1,train/aculus_olearius/150.jpg,0.0002834776161713077,0.031204343749318564,0.005538716500577859,0.0,0.9376131184718376,3.2343228458596065,0.7237344804195047,0.16002459026661037,0.9604618696228052
train/aculus_olearius/151.jpg,aculus_olearius,1,train/aculus_olearius/151.jpg,0.09465738830836186,0.003218713874470159,0.0,0.060203549652061566,0.8978851689824784,6.182515893991209,0.7588367632772414,0.15687194752572656,0.9730973789857341
train/aculus_olearius/152.jpg,aculus_olearius,1,train/aculus_olearius/152.jpg,0.078532316188515,0.0028080685168718118,0.0,0.046941545373707115,0.9142369073805401,5.562306896068137,0.7689375056048817,0.16382513618685873,0.970681632783486
train/aculus_olearius/153.jpg,aculus_olearius,1,train/aculus_olearius/153.jpg,0.001417968317270411,0.04860972637642628,0.005849119308740445,0.0,0.9086296665558878,4.1795533893533054,0.7352642361061421,0.17668224486875042,0.9421118137764171
train/aculus_olearius/154.jpg,aculus_olearius,1,train/aculus_olearius/154.jpg,0.07916337025316456,0.010408425632911392,0.0,0.055379746835443035,0.9069916930379747,6.196038015499353,0.779985875079793,0.163110065667215,0.9730357748898351
train/aculus_olearius/155.jpg,aculus_olearius,1,train/aculus_olearius/155.jpg,0.00468384074941452,0.03634480273824536,0.0020041433975860204,0.00013511079084849577,0.913056206088993,5.328118047624322,0.6974757862871277,0.14010779440718735,0.9444680209562272
train/aculus_olearius/156.jpg,aculus_olearius,1,train/aculus_olearius/156.jpg,0.14019084671801477,0.010041797008490838,2.6287426723798008e-05,0.0923477300807024,0.8314450198470071,8.982711864928689,0.7200646645183928,0.12403755101393364,0.9770680369873278
train/aculus_olearius/157.jpg,aculus_olearius,1,train/aculus_olearius/157.jpg,0.0840306752756346,0.01146826414302697,4.661895993100394e-05,0.05950910235192653,0.9001421878277895,7.007631692941007,0.7591629814151231,0.14414783052580343,0.975576807425812
train/aculus_olearius/158.jpg,aculus_olearius,1,train/aculus_olearius/158.jpg,0.10703320912137618,0.004406009046380276,2.343621833180998e-05,0.06564484754739976,0.8744287421781621,8.503499830425348,0.7230658637065296,0.12817711225713002,0.9757531212782334
train/aculus_olearius/159.jpg,aculus_olearius,1,train/aculus_olearius/159.jpg,0.0030369049976893114,0.04302282080059858,0.004511344380625427,0.0,0.9124579124579124,4.2878471250952614,0.7221166673934596,0.15414914321745993,0.9522593469880165
train/aculus_olearius/16.jpg,aculus_olearius,1,train/aculus_olearius/16.jpg,0.12498378939177798,0.028627934120088187,0.0013941123070937622,0.016340293087796654,0.8302100894825574,5.000871741849532,0.7494687153232555,0.18593625855086135,0.9753510320757106
train/aculus_olearius/160.jpg,aculus_olearius,1,train/aculus_olearius/160.jpg,0.1003303148102375,0.0427836325640968,0.0007864638338988383,0.05455811967732512,0.8380783317978563,8.578533989915318,0.7042027716343332,0.13488272535034349,0.9711430357761943
train/aculus_olearius/161.jpg,aculus_olearius,1,train/aculus_olearius/161.jpg,0.08750641713725674,0.03360246418070659,0.0002333504456993513,0.03871283894152238,0.8660101740794325,7.412436549947631,0.7282674936124766,0.1487891818995799,0.9696080812851305
train/aculus_olearius/162.jpg,aculus_olearius,1,train/aculus_olearius/162.jpg,0.001816753412550329,0.05185112442305804,0.014951389570853383,0.0,0.8954384758911912,4.003187720845469,0.69921177690065,0.13149115416994844,0.9646043560813065
train/aculus_olearius/163.jpg,aculus_olearius,1,train/aculus_olearius/163.jpg,0.10711202111651084,0.02106717319979278,0.00271357031847448,0.0677159138564768,0.8459432123738807,8.037766595297942,0.6958691797871454,0.15199010128645504,0.9768706713837909
train/aculus_olearius/164.jpg,aculus_olearius,1,train/aculus_olearius/164.jpg,0.08658476658476659,0.014545454545454545,0.0012776412776412777,0.044987714987714984,0.8842751842751843,6.597035189981426,0.7368236341949113,0.17219405750299865,0.9746814186032313
train/aculus_olearius/165.jpg,aculus_olearius,1,train/aculus_olearius/165.jpg,0.0001669369455308595,0.10259467709625107,0.026757607555089193,0.0,0.8503291042640465,3.5620343946477946,0.7352433518158159,0.14094978562407595,0.9800260356189091
train/aculus_olearius/166.jpg,aculus_olearius,1,train/aculus_olearius/166.jpg,0.08195765296967522,0.015880136371792572,0.009554997308451463,0.021801543154494885,0.879934505652252,5.119983872300173,0.7422120729640347,0.14813261075585032,0.9684832039450222
train/aculus_olearius/167.jpg,aculus_olearius,1,train/aculus_olearius/167.jpg,0.0765303786456664,0.00986676434229202,0.008012453642232499,0.01726111441783801,0.888810036170505,4.875209975331938,0.7631051189648298,0.16424129858301043,0.9647801453166625
train/aculus_olearius/168.jpg,aculus_olearius,1,train/aculus_olearius/168.jpg,0.0034001002593666224,0.06880843922320787,0.0027680303393561607,4.3591028966238747e-05,0.8899108563457641,6.122006266287082,0.706702455682632,0.16770969678422037,0.9447422614817971
train/aculus_olearius/169.jpg,aculus_olearius,1,train/aculus_olearius/169.jpg,0.004661294856179144,0.07003654080389768,0.009486554858053031,0.0,0.8947109528717324,4.870612394233268,0.7159598634180703,0.1479385299511104,0.9598817130251582
train/aculus_olearius/17.jpg,aculus_olearius,1,train/aculus_olearius/17.jpg,0.11182532056591896,0.00811768993737782,0.0,0.004837480534110865,0.8728670355521686,4.167919890878018,0.792975713895668,0.17151521800545017,0.9751316869346153
train/aculus_olearius/170.jpg,aculus_olearius,1,train/aculus_olearius/170.jpg,0.106608840364104,0.01812955445170075,0.00035300940517915227,0.03837716533447641,0.8320431680072619,7.809881807802398,0.7152853585514023,0.13970230721828866,0.9750763444931351
train/aculus_olearius/171.jpg,aculus_olearius,1,train/aculus_olearius/171.jpg,0.09086771844660194,0.011453276699029126,0.0001011326860841424,0.02669902912621359,0.8708282766990292,6.583076246409178,0.745899809268241,0.15697107205026387,0.9726651284048485
train/aculus_olearius/172.jpg,aculus_olearius,1,train/aculus_olearius/172.jpg,0.006943473600820168,0.05946223029964118,0.0018407195116268231,0.0001398014818957081,0.8981546204389766,4.193307135936438,0.7433293636340967,0.16741437787116084,0.963201800767842
train/aculus_olearius/173.jpg,aculus_olearius,1,train/aculus_olearius/173.jpg,0.0958422076118159,0.006042226132049264,0.004444856005185666,0.03449393462357626,0.8537596073710528,5.7579107164596985,0.7162062987704215,0.1378903838665106,0.977879349922128
train/aculus_olearius/174.jpg,aculus_olearius,1,train/aculus_olearius/174.jpg,0.07363091339614086,0.0028464910071036324,0.00319915360975364,0.029069474532722052,0.8877021512418761,5.3255884472622945,0.7381180532129162,0.15325172744354487,0.9745172516668938
train/aculus_olearius/175.jpg,aculus_olearius,1,train/aculus_olearius/175.jpg,0.0006297522974296777,0.07146522367868638,0.01180202453701544,0.0,0.8988197975462985,3.738262555582745,0.7556480397851755,0.15542263893953054,0.9717085188372356
train/aculus_olearius/176.jpg,aculus_olearius,1,train/aculus_olearius/176.jpg,0.05606207958505551,0.0053691547126995705,0.0003849582624199692,0.03466650457897723,0.936643974390145,4.065250174103808,0.8064254721354832,0.21285272877041153,0.9789119178130489
train/aculus_olearius/177.jpg,aculus_olearius,1,train/aculus_olearius/177.jpg,0.08262688417184975,0.00984970893556741,0.0007304278536488191,0.051107815578034045,0.9042032802850882,4.9170128436421345,0.7665317623058575,0.17390929949233305,0.9821028793934041
train/aculus_olearius/178.jpg,aculus_olearius,1,train/aculus_olearius/178.jpg,0.0012581030365063119,0.02767826680313886,0.00046912316615489594,0.0019404640054588877,0.9406132719208461,4.154218615481689,0.7385436044319003,0.19578659832041606,0.9435432728455012
train/aculus_olearius/179.jpg,aculus_olearius,1,train/aculus_olearius/179.jpg,0.00099601593625498,0.09190322045152723,0.001680776892430279,0.0023240371845949536,0.9022659362549801,4.57273953583676,0.7476633380964565,0.1779196425405568,0.9462565008115364
train/aculus_olearius/18.jpg,aculus_olearius,1,train/aculus_olearius/18.jpg,0.04717911559285872,0.0006239558802809814,0.0,0.02852082201155325,0.9392548759132903,9.012195033023474,0.7932926902019607,0.14703436322606375,0.9386592670130204
train/aculus_olearius/180.jpg,aculus_olearius,1,train/aculus_olearius/180.jpg,0.027889644956718973,0.002013609220941536,0.013817525343702263,0.0001620145350182845,0.9315835763551359,2.578969815547797,0.7515143205199796,0.1325230156435402,0.9796565701368172
train/aculus_olearius/181.jpg,aculus_olearius,1,train/aculus_olearius/181.jpg,0.030111041461448912,0.002529775230590132,0.03669293453926748,2.238739142115161e-05,0.8996149368675562,2.5119211275403557,0.7608607846919724,0.1448507863890035,0.9799773344648265
train/aculus_olearius/182.jpg,aculus_olearius,1,train/aculus_olearius/182.jpg,0.0013603479192860234,0.06983119319001586,0.0020817445431498237,0.0,0.9215532699878393,2.6027428639185786,0.7719916174724415,0.20322603612606646,0.9467588625817477
train/aculus_olearius/183.jpg,aculus_olearius,1,train/aculus_olearius/183.jpg,0.11430498625019457,0.033207077258340684,0.00033725937840502256,0.07741399885850672,0.7739843304104187,11.817759460846933,0.606508464779816,0.09238380745962946,0.9688829067928386
train/aculus_olearius/184.jpg,aculus_olearius,1,train/aculus_olearius/184.jpg,0.0447841005302794,0.0038991132302482064,8.9122588119959e-05,0.029945189608306225,0.9285014036807628,8.977787227774792,0.6886225831456555,0.11994548767223787,0.9627550788703637
train/aculus_olearius/185.jpg,aculus_olearius,1,train/aculus_olearius/185.jpg,0.08169014084507042,0.005160374008758433,0.01950526689549059,0.042821635696532134,0.8320984731920937,9.804177825191758,0.6710410001855591,0.10998339425318257,0.9709715286802407
train/aculus_olearius/186.jpg,aculus_olearius,1,train/aculus_olearius/186.jpg,0.06510428872744317,0.003726271385048043,0.020014061401453013,0.029388329036794,0.8620576517459574,7.646680813581064,0.7274235884023854,0.1310624468565523,0.9730146384157699
train/aculus_olearius/187.jpg,aculus_olearius,1,train/aculus_olearius/187.jpg,0.0653832265053715,0.0030919924167193283,0.025841834431705336,0.008350636453913514,0.850523607474948,7.292791260605629,0.6667577775066413,0.14591160169509662,0.961066627789001
train/aculus_olearius/188.jpg,aculus_olearius,1,train/aculus_olearius/188.jpg,0.02618880505351816,0.0021494999122653098,0.04007281979294613,0.003640989647306545,0.8814265660642218,5.461554970599803,0.7007516954195623,0.14380595925172757,0.9660915496164908
train/aculus_olearius/189.jpg,aculus_olearius,1,train/aculus_olearius/189.jpg,0.0002648251135692314,0.015706166350913646,0.008739228747784636,0.0004481655768094685,0.9593391594858318,5.019223930085968,0.6788462830955067,0.2196877661988632,0.9403524202840984
train/aculus_olearius/19.jpg,aculus_olearius,1,train/aculus_olearius/19.jpg,0.08291710388247639,0.0009233997901364114,0.0,0.010199370409233998,0.8956768100734522,9.04694545224944,0.7520225735713697,0.11269769375806642,0.9615390713695968
train/aculus_olearius/190.jpg,aculus_olearius,1,train/aculus_olearius/190.jpg,0.04664051452812115,0.0021894813666012863,0.0295351913515486,0.01274916754093874,0.8808785293983488,7.7251570783970855,0.6957055961175967,0.15672900015793245,0.95981173211419
train/aculus_olearius/191.jpg,aculus_olearius,1,train/aculus_olearius/191.jpg,0.05190237206708703,0.004182215931025608,0.03751125981212199,0.011710204606871702,0.8770428516278471,7.663057326889016,0.6881067986265222,0.14872921166804312,0.9579556975961612
train/aculus_olearius/192.jpg,aculus_olearius,1,train/aculus_olearius/192.jpg,0.025701077327250882,0.004174897664093844,4.0730708917988716e-05,0.006557644135796184,0.949412459523858,3.634966717369954,0.7303151164974431,0.1854962183253711,0.9704447397023929
train/aculus_olearius/193.jpg,aculus_olearius,1,train/aculus_olearius/193.jpg,0.03265580630697953,0.02715089921785483,0.004134907587306332,0.04580780152443581,0.9076869426592936,6.845583864582368,0.7314765756158934,0.19232868618370108,0.9763508751750101
train/aculus_olearius/194.jpg,aculus_olearius,1,train/aculus_olearius/194.jpg,0.002397031849257962,0.0473778555944639,0.016800066700016675,0.01027597131899283,0.9114765716191429,7.392450689313245,0.6963146551368209,0.1943955763106086,0.9451298461158476
train/aculus_olearius/195.jpg,aculus_olearius,1,train/aculus_olearius/195.jpg,0.006497130102040816,0.0587531887755102,0.0013950892857142857,0.0,0.9219148596938775,2.6460499817381278,0.7691176289090369,0.2280120436460807,0.9306294680038716
train/aculus_olearius/196.jpg,aculus_olearius,1,train/aculus_olearius/196.jpg,0.04281375526599392,0.034510629959831486,0.0020084255902811797,0.04923091995689233,0.8988439306358381,6.906966162629182,0.7590452961834321,0.18053543433001729,0.9727190031277542
train/aculus_olearius/197.jpg,aculus_olearius,1,train/aculus_olearius/197.jpg,0.003834403001906949,0.008612028132625233,0.00018454345998482642,0.004982673419590314,0.97221595685784,2.9419636289752296,0.773480990780735,0.18738154185620998,0.9737536749327881
train/aculus_olearius/198.jpg,aculus_olearius,1,train/aculus_olearius/198.jpg,0.03865325754263227,0.04025652237283195,0.005859204197638828,0.06453869698294709,0.8984404605742603,9.875498261136046,0.7427110692353384,0.15193686048954455,0.980782219707333
train/aculus_olearius/199.jpg,aculus_olearius,1,train/aculus_olearius/199.jpg,0.038170929646834946,0.023842838753008338,0.004141713773996754,0.051519561202216374,0.9195444114848603,9.244372969090978,0.7511035940433705,0.16544908909404515,0.9788900870052042
train/aculus_olearius/2.jpg,aculus_olearius,1,train/aculus_olearius/2.jpg,0.1454898977090202,0.001775297996449404,0.0,0.04271282441457435,0.8197649843604701,10.715743244736533,0.7341502687358072,0.10761153526254587,0.9651438160080419
train/aculus_olearius/20.jpg,aculus_olearius,1,train/aculus_olearius/20.jpg,0.08682412805256726,0.000500831380090951,0.0,0.034016467335777394,0.8809022978143719,8.906675295161087,0.7861837885080962,0.1256682078792718,0.9600043915872402
train/aculus_olearius/200.jpg,aculus_olearius,1,train/aculus_olearius/200.jpg,0.03718708287473948,2.3417558485352318e-05,0.0,0.0017563168864014238,0.9424864763599747,2.4307275029277027,0.737308995157314,0.16776916601299674,0.9806337535294133
train/aculus_olearius/201.jpg,aculus_olearius,1,train/aculus_olearius/201.jpg,0.0,0.0067563392176653555,0.0013183100912517766,0.0,0.9817084474838816,3.2396689736173636,0.7512586879952942,0.1984997599924123,0.9412282224505633
train/aculus_olearius/202.jpg,aculus_olearius,1,train/aculus_olearius/202.jpg,0.09704679081621247,0.002146162616529923,0.00219087433770763,0.02933088909257562,0.8599405334108337,6.687042230224231,0.6760691715435211,0.1601773772430704,0.9726413462472676
train/aculus_olearius/203.jpg,aculus_olearius,1,train/aculus_olearius/203.jpg,0.021395386747086152,0.0016301247045398973,0.0029749775857853124,0.015078653516994051,0.9646874235879045,4.305777664204665,0.7724093053752084,0.19311996125441477,0.9631536854081871
train/aculus_olearius/204.jpg,aculus_olearius,1,train/aculus_olearius/204.jpg,0.029788219443391856,0.0023367437160540607,0.0063997305376615726,0.011915287777356743,0.9355185044840217,5.158364428040944,0.7550068082503179,0.18438245291680627,0.9694314187584975
train/aculus_olearius/205.jpg,aculus_olearius,1,train/aculus_olearius/205.jpg,0.02630192417121541,0.001454192922927775,4.21505195051529e-05,0.011717844422432507,0.9465531412674661,4.308351786946254,0.7578622893785016,0.19703043222016942,0.9703435774206404
train/aculus_olearius/206.jpg,aculus_olearius,1,train/aculus_olearius/206.jpg,2.0504408447816282e-05,0.017818330941152347,0.0022349805208119744,0.0049825712528193565,0.964404346934591,3.7261762921363513,0.7606714766058296,0.20068353682347706,0.9668001234420734
train/aculus_olearius/207.jpg,aculus_olearius,1,train/aculus_olearius/207.jpg,0.08641084508582049,0.0010495244342407348,4.373018476003061e-05,0.05682737509565978,0.8858860828687001,8.140613767497285,0.7270178341720996,0.20664832069034011,0.9721416618917442
train/aculus_olearius/208.jpg,aculus_olearius,1,train/aculus_olearius/208.jpg,0.0003388209032566668,0.005560648941682943,0.0006377805237772552,0.00035875154462470605,0.9864670945111014,3.453723923382727,0.7651046177357743,0.23263148565194278,0.9203167097806865
train/aculus_olearius/209.jpg,aculus_olearius,1,train/aculus_olearius/209.jpg,0.026012306897887173,0.018395800163518224,0.004754937820043892,0.012392960110159645,0.933710572744094,4.003361598174988,0.7627135493660154,0.21784752849849917,0.9695256876684033
train/aculus_olearius/21.jpg,aculus_olearius,1,train/aculus_olearius/21.jpg,0.08383409673488255,0.00035718788082531413,0.0,0.0434508551498088,0.9062066647056352,8.051723251606523,0.7713697930065466,0.11251242433390739,0.9755603714181349
train/aculus_olearius/210.jpg,aculus_olearius,1,train/aculus_olearius/210.jpg,0.017302422339127477,0.018682615566179266,0.0005800812113695917,0.0011801652231312385,0.9471926069649751,2.720472875680116,0.7522161893334475,0.1992760778792356,0.9687691927008608
train/aculus_olearius/211.jpg,aculus_olearius,1,train/aculus_olearius/211.jpg,0.00036808310498548114,0.0361334914727414,0.0019835589546439818,0.005153163469796736,0.9383051817921557,7.29596088715751,0.7427784687639567,0.2005861715844786,0.9323417916372807
train/aculus_olearius/212.jpg,aculus_olearius,1,train/aculus_olearius/212.jpg,0.03141070473526145,0.001275352779034846,0.0,0.00754926564364175,0.9291973505574526,3.5210006583696045,0.7529478533432732,0.1876553994447861,0.9727737945447804
train/aculus_olearius/213.jpg,aculus_olearius,1,train/aculus_olearius/213.jpg,0.08853973264017824,0.004038247307835128,0.003713330857779428,0.040614556256962496,0.875951541032306,6.861003305254437,0.7351113093737169,0.18095065560281495,0.974148463089708
train/aculus_olearius/214.jpg,aculus_olearius,1,train/aculus_olearius/214.jpg,0.0001808899786951803,0.01826988784821321,0.0033565140491216786,0.016822768018651766,0.962857257707923,4.784310336112677,0.7058291018959011,0.17035938538089643,0.9640473223134856
train/aculus_olearius/215.jpg,aculus_olearius,1,train/aculus_olearius/215.jpg,0.059811503141614306,0.0030409215401965522,0.0004833252779120348,0.010753987433542774,0.9053890768487192,4.549475709350675,0.730517729034673,0.2123188572115702,0.9695677723403766
train/aculus_olearius/216.jpg,aculus_olearius,1,train/aculus_olearius/216.jpg,0.04419593116824165,0.003528246605868031,0.0,0.008377006561300705,0.9257004910659019,3.2079923423319032,0.7703853878237711,0.20698316059620578,0.9705664265156156
train/aculus_olearius/217.jpg,aculus_olearius,1,train/aculus_olearius/217.jpg,0.06843655403747034,0.004642886361776978,0.0018816984373721671,0.03888161662439663,0.9146281600261802,6.480818259737462,0.7661010735641062,0.18826687712636275,0.9690365710925336
train/aculus_olearius/218.jpg,aculus_olearius,1,train/aculus_olearius/218.jpg,0.01612581725402647,0.002770690479987243,0.0,0.0038271408068888536,0.9643796842608834,2.5645922121435736,0.8057486199419169,0.2225215116668901,0.9553894225981558
train/aculus_olearius/219.jpg,aculus_olearius,1,train/aculus_olearius/219.jpg,0.06513556490408808,0.00326080392906745,2.0128419315231176e-05,0.01507618606710815,0.9005253517441275,4.453527920740542,0.7308396702872726,0.1655993778767533,0.9676318459753627
train/aculus_olearius/22.jpg,aculus_olearius,1,train/aculus_olearius/22.jpg,0.05510755418333976,2.0312404785602567e-05,0.0,0.010156202392801284,0.9096504235136398,7.4942668944085975,0.7682810643281822,0.1154511034892111,0.9697128092847462
train/aculus_olearius/220.jpg,aculus_olearius,1,train/aculus_olearius/220.jpg,0.02353341745278295,0.002363355965470969,0.0012217348635061788,0.016182979831360533,0.9644495183160088,5.0066818217887565,0.7911665638486741,0.22263929199730126,0.9542854079362574
train/aculus_olearius/221.jpg,aculus_olearius,1,train/aculus_olearius/221.jpg,0.04375273454590912,0.008375523470216889,0.009271412796633124,0.03706481655103444,0.9227660062087214,6.684877142690487,0.7689423659385713,0.24246900310364605,0.9710819618633513
train/aculus_olearius/222.jpg,aculus_olearius,1,train/aculus_olearius/222.jpg,0.042281977046926746,0.0059986253150319715,0.015308991689404512,0.029888983774551667,0.8706129845243799,7.0251844259175975,0.7022849560088865,0.132273310510048,0.9707320366942126
train/aculus_olearius/223.jpg,aculus_olearius,1,train/aculus_olearius/223.jpg,0.04148248894933696,0.0005400324019441166,0.0,0.01236074164449867,0.9268156089365361,3.582291329993529,0.7527523399200792,0.20979899098350152,0.9719700396344174
train/aculus_olearius/224.jpg,aculus_olearius,1,train/aculus_olearius/224.jpg,0.055549737123227416,0.014096897844619928,0.002450723696612974,0.05781194361240862,0.9040237950608492,5.509780271413517,0.759199365792762,0.15599972360150685,0.9807304849212721
train/aculus_olearius/225.jpg,aculus_olearius,1,train/aculus_olearius/225.jpg,0.028922138874403307,0.0022664366801716878,0.0,0.011913835292229932,0.9480925829355369,2.871251129591201,0.7863492731090213,0.18798595416071007,0.9781074870941923
train/aculus_olearius/226.jpg,aculus_olearius,1,train/aculus_olearius/226.jpg,0.15347586331585608,0.018803109745073224,0.0005197975049719761,0.08608298680166335,0.8119915024407883,6.125011889241678,0.7610496304262118,0.15766808457647646,0.9788728041896724
train/aculus_olearius/227.jpg,aculus_olearius,1,train/aculus_olearius/227.jpg,0.10797429472152616,0.007820709724355347,0.0003435453884083744,0.062404009376768245,0.8801026594454773,4.745874818105893,0.7983828413340778,0.18557464210844082,0.979617486425683
train/aculus_olearius/228.jpg,aculus_olearius,1,train/aculus_olearius/228.jpg,0.05416321667306178,0.0006664377890421471,0.0,0.028959751196558758,0.9207342932730174,4.487216415541702,0.7909689308183846,0.16011261036073177,0.9737965904476933
train/aculus_olearius/229.jpg,aculus_olearius,1,train/aculus_olearius/229.jpg,0.02527532807291447,0.006688045909110089,2.1097936621798388e-05,0.021709776783830542,0.9565171526224735,4.792753328262971,0.7842667628649396,0.19028277076877,0.9782264296784361
train/aculus_olearius/23.jpg,aculus_olearius,1,train/aculus_olearius/23.jpg,0.3127376921073196,0.003125814014066163,0.0,0.004115655118520448,0.6798645480593904,7.271141766684202,0.7440788692056722,0.17784122496280672,0.9630112574764089
train/aculus_olearius/230.jpg,aculus_olearius,1,train/aculus_olearius/230.jpg,0.01382076648100424,0.013010225288885194,0.0011638540194529887,0.025126776955690416,0.9531133095020368,4.184078117707912,0.78167337264852,0.2197270195368308,0.9778281059686691
train/aculus_olearius/231.jpg,aculus_olearius,1,train/aculus_olearius/231.jpg,0.0,0.03814572704081633,0.0015545280612244898,0.0010562818877551021,0.9087412308673469,2.2761548824427873,0.7661519508793726,0.2040677755868689,0.9462801860327416
train/aculus_olearius/232.jpg,aculus_olearius,1,train/aculus_olearius/232.jpg,0.06924561685700499,0.009590638571658356,0.0,0.033919092810036994,0.9164790091684092,3.4168420688385854,0.8195600658357924,0.30170106273165004,0.9747380825906363
train/aculus_olearius/233.jpg,aculus_olearius,1,train/aculus_olearius/233.jpg,0.020223011776273156,0.019284485262899154,0.00270385019329177,0.05331724430738978,0.9189515318093451,4.901985453546672,0.7646559210671026,0.17710744846059523,0.9835966082671133
train/aculus_olearius/234.jpg,aculus_olearius,1,train/aculus_olearius/234.jpg,0.010538714276858223,0.011861219597875726,0.004546112040997665,0.03025230921827537,0.9488149112474945,4.134945769658296,0.8049018240746199,0.20067395466221008,0.9782886338111108
train/aculus_olearius/235.jpg,aculus_olearius,1,train/aculus_olearius/235.jpg,0.011312682545559258,0.007322390884034719,0.0019334402896046732,0.02708873256818462,0.9592332058085483,3.2364793957855786,0.7879183469953135,0.21026664995618266,0.9814009955555981
train/aculus_olearius/236.jpg,aculus_olearius,1,train/aculus_olearius/236.jpg,0.011902055997520405,0.009732410372972414,0.002562248166132865,0.027750800702551915,0.9521644798016324,3.5037321575318803,0.7697994886588017,0.19945202538402076,0.9829736434728364
train/aculus_olearius/237.jpg,aculus_olearius,1,train/aculus_olearius/237.jpg,0.3130515191545575,0.0018758256274768825,0.0,0.15254953764861295,0.6717040951122853,9.424296691339558,0.7059799616029077,0.1936770748695752,0.9836459587936113
train/aculus_olearius/238.jpg,aculus_olearius,1,train/aculus_olearius/238.jpg,0.1789248056812523,0.00010825556974906359,0.0,0.09442050793513326,0.8118085175482278,6.60949232983123,0.7834408758136426,0.24981252594958284,0.9824359438908833
train/aculus_olearius/239.jpg,aculus_olearius,1,train/aculus_olearius/239.jpg,0.010778873408120084,0.003712723062796918,0.0001596870134536309,0.040360892650405204,0.5254301568924907,5.479107182714426,0.7305497933915914,0.23601672357797038,0.9722017321086331
train/aculus_olearius/24.jpg,aculus_olearius,1,train/aculus_olearius/24.jpg,0.19504998780785174,0.006900755913191905,9.75371860521824e-05,0.07478663740551085,0.7766398439405023,14.324036301093166,0.7267458640611228,0.09993988451810412,0.9637702603140528
train/aculus_olearius/240.jpg,aculus_olearius,1,train/aculus_olearius/240.jpg,0.13523813447593935,0.013513513513513514,6.179960448253131e-05,0.014399307844429795,0.8463455833882663,5.876884569367604,0.6738197201702516,0.21556006409425785,0.9694790605598125
train/aculus_olearius/241.jpg,aculus_olearius,1,train/aculus_olearius/241.jpg,0.05536232526196858,0.032278074392432264,0.004763065198608742,0.007399366401559627,0.8715301623872926,5.909707572663438,0.7177933421596505,0.18159905009995497,0.9676408548022045
train/aculus_olearius/242.jpg,aculus_olearius,1,train/aculus_olearius/242.jpg,0.0594662638469285,0.0028449144008056396,0.0,0.002744209466263847,0.8724823766364552,5.687986190725009,0.7261214162159931,0.21313407855613298,0.9791683176536932
train/aculus_olearius/243.jpg,aculus_olearius,1,train/aculus_olearius/243.jpg,0.05913895730706076,0.016138136288998357,0.0,0.0017959770114942528,0.8672772988505747,5.308006613951218,0.7455601989177931,0.20285963792551026,0.9789543741094543
train/aculus_olearius/244.jpg,aculus_olearius,1,train/aculus_olearius/244.jpg,0.03070187219640603,0.024470171103172258,2.6860780574283487e-05,0.00016116468344570093,0.867065996937871,4.529660487642808,0.7637431968229975,0.2264852398951242,0.9814152252235682
train/aculus_olearius/245.jpg,aculus_olearius,1,train/aculus_olearius/245.jpg,0.0983985358041638,0.005170441546556852,0.0,0.002081903454587051,0.8326241134751773,4.995099752776253,0.7372911108031788,0.22127181239745058,0.9744505374003458
train/aculus_olearius/246.jpg,aculus_olearius,1,train/aculus_olearius/246.jpg,0.08896492728828058,0.01467195479171527,0.0,0.0008035876299349353,0.8185706509059802,4.35251916500475,0.7505991908766141,0.21185263941247198,0.9787057632133307
train/aculus_olearius/247.jpg,aculus_olearius,1,train/aculus_olearius/247.jpg,0.02075390919655053,4.077388840186744e-05,0.0,0.0,0.894782980978981,2.291591443622986,0.7906168276056565,0.20051441500351475,0.9807067689787429
train/aculus_olearius/248.jpg,aculus_olearius,1,train/aculus_olearius/248.jpg,0.055549992991168876,8.010092716823197e-05,0.0,0.0,0.8942467509061417,2.85815092896421,0.7875191179486963,0.2521001828936695,0.9792964141993419
train/aculus_olearius/249.jpg,aculus_olearius,1,train/aculus_olearius/249.jpg,0.0035409478845106227,0.0004539676775013619,0.0,0.0,0.9348405060226379,3.617228104591273,0.7420325334479481,0.17995211375966297,0.9798583939353105
train/aculus_olearius/25.jpg,aculus_olearius,1,train/aculus_olearius/25.jpg,0.07031405882118201,0.00033919948920547506,0.0,0.05477074105111936,0.9186719342352049,8.270950678261915,0.7784919802499902,0.12554427817213526,0.9621778797287954
train/aculus_olearius/250.jpg,aculus_olearius,1,train/aculus_olearius/250.jpg,0.002370200344302787,9.979790923380155e-05,0.0,0.0,0.9623013397869314,3.479136939787998,0.791892478605931,0.20222548258502826,0.9791206309188276
train/aculus_olearius/251.jpg,aculus_olearius,1,train/aculus_olearius/251.jpg,0.03142936862244898,0.0003786670918367347,0.0,0.0003587372448979592,0.9337133290816326,2.4333639705882435,0.7665209489083953,0.22341542107648169,0.9774886361534446
train/aculus_olearius/252.jpg,aculus_olearius,1,train/aculus_olearius/252.jpg,0.007254464285714286,9.964923469387755e-05,0.0,0.0,0.9610172193877551,1.988507813654961,0.7981337576061915,0.23568428139803024,0.9721704140836775
train/aculus_olearius/253.jpg,aculus_olearius,1,train/aculus_olearius/253.jpg,0.014504608754638682,0.000199513187821715,0.0,0.0,0.9410837556362476,2.2049284281235835,0.7846206005679365,0.2255650110881574,0.9789538528005054
train/aculus_olearius/254.jpg,aculus_olearius,1,train/aculus_olearius/254.jpg,0.12703209670696122,0.01003890509934695,0.0,0.084653327775462,0.7768862025844102,5.971566346226272,0.6949445016112382,0.1848910157443321,0.9818725370217447
train/aculus_olearius/255.jpg,aculus_olearius,1,train/aculus_olearius/255.jpg,0.21351427941685822,0.024685915803394312,0.00018892282502597688,0.040303536005541735,0.6938820491829087,6.1537086915656385,0.6994113331470704,0.23078094046335712,0.9808745374451825
train/aculus_olearius/256.jpg,aculus_olearius,1,train/aculus_olearius/256.jpg,0.17359506266822544,0.014056170305320682,8.156385090128055e-05,0.043826975884288084,0.7253745140153883,5.576013198915259,0.6850553033606926,0.17766956453928595,0.9840893561404018
train/aculus_olearius/257.jpg,aculus_olearius,1,train/aculus_olearius/257.jpg,0.11340087761619225,0.004502952190594343,2.2974245870379304e-05,0.026535253980288095,0.8466698830610885,5.812144907980405,0.7498753599554633,0.19226451720020926,0.9764245794330692
train/aculus_olearius/258.jpg,aculus_olearius,1,train/aculus_olearius/258.jpg,0.008026903628062252,0.001497373459669105,0.00024547105896214835,0.04047817762285826,0.9263095880995631,5.201472757738845,0.6602188228669923,0.1645163825621411,0.9820421092206146
train/aculus_olearius/259.jpg,aculus_olearius,1,train/aculus_olearius/259.jpg,0.01761295263100317,0.011213215184334317,0.0,0.06290340225358276,0.892544579367684,6.252903964276285,0.6551577528689602,0.1839377602517131,0.9829910445113859
train/aculus_olearius/26.jpg,aculus_olearius,1,train/aculus_olearius/26.jpg,0.08747935382508158,8.057043870603875e-05,0.0,0.038552954920839544,0.8892559319985497,7.687034077601311,0.7685267132638488,0.11658556358551292,0.9715061476702727
train/aculus_olearius/260.jpg,aculus_olearius,1,train/aculus_olearius/260.jpg,0.08808319123361194,0.0037458418360215807,0.0,0.03648002683588181,0.8182707628658485,6.481683773888983,0.6839412362710833,0.20128417155414985,0.977400373178825
train/aculus_olearius/261.jpg,aculus_olearius,1,train/aculus_olearius/261.jpg,0.013743962792916344,0.0012819748375171426,0.0,0.033987239878361455,0.9246616182696321,5.65214123658257,0.6633543208693542,0.17492570051772616,0.9835199175024798
train/aculus_olearius/262.jpg,aculus_olearius,1,train/aculus_olearius/262.jpg,0.09537948860359302,0.0,0.0,0.00012816952555913956,0.8922948753551364,2.5381283679391125,0.8034694286149549,0.19743908034687674,0.9825952420965276
train/aculus_olearius/263.jpg,aculus_olearius,1,train/aculus_olearius/263.jpg,0.0917837093307177,0.0,0.0,6.260826011645136e-05,0.9018719869774819,3.174127547060575,0.8058386186356162,0.22756195797497092,0.9746965536750105
train/aculus_olearius/264.jpg,aculus_olearius,1,train/aculus_olearius/264.jpg,0.08848763405559203,0.0003501860363318013,0.0,0.0003064127817903261,0.9081855985992558,2.967438899714776,0.8197496481968042,0.18737710030964794,0.9777695876610493
train/aculus_olearius/265.jpg,aculus_olearius,1,train/aculus_olearius/265.jpg,0.08878334772531019,0.002885970094987047,0.0,0.001249829568695178,0.9025132936417761,3.675146126706951,0.7996517053877247,0.16700281766495256,0.9773423851494433
train/aculus_olearius/266.jpg,aculus_olearius,1,train/aculus_olearius/266.jpg,0.09936485217157937,0.0007156595249809903,0.00015655052108959163,0.012859507089502169,0.8952900657512188,3.2840215068003493,0.7657008314458555,0.14731877589504952,0.9817048093360928
train/aculus_olearius/267.jpg,aculus_olearius,1,train/aculus_olearius/267.jpg,0.10599615973555647,0.00019444376929246774,0.0,0.05877062926864837,0.8860802566657755,5.48631575452702,0.811853343650674,0.19526510037076647,0.9756784932720002
train/aculus_olearius/268.jpg,aculus_olearius,1,train/aculus_olearius/268.jpg,0.09520758585340851,0.007329574577139928,5.125576627370579e-05,0.05058944131214762,0.8850589441312148,5.811763387874936,0.811178408543976,0.17548919513123537,0.972538016612508
train/aculus_olearius/269.jpg,aculus_olearius,1,train/aculus_olearius/269.jpg,0.13789473684210526,0.0021988304093567253,0.0,0.08353216374269005,0.8514853801169591,5.2892313498786505,0.78951831421741,0.1405149521539533,0.9818532926211319
train/aculus_olearius/27.jpg,aculus_olearius,1,train/aculus_olearius/27.jpg,0.11611384028257074,0.0010352807437781658,0.0,0.03930006901871625,0.8764361982867118,10.131970447285408,0.7480395175914085,0.11861412430986387,0.9605671922750889
train/aculus_olearius/270.jpg,aculus_olearius,1,train/aculus_olearius/270.jpg,0.1349778125815714,0.004802923518663535,0.0,0.09350039154267815,0.8570869224745498,7.195072088209142,0.8104063738254477,0.17759591677015152,0.9753236037640388
train/aculus_olearius/271.jpg,aculus_olearius,1,train/aculus_olearius/271.jpg,0.4243735205289364,0.003999673496041139,0.0,0.014692678148722554,0.46265610970533017,7.55406771949038,0.7043196259180358,0.1947698246621554,0.9743441290455348
train/aculus_olearius/272.jpg,aculus_olearius,1,train/aculus_olearius/272.jpg,0.09035107847636531,0.2556792106470858,0.0,0.0,0.4993116108306563,4.880612401480093,0.7439608384665094,0.2019617273309509,0.9690549457748847
train/aculus_olearius/273.jpg,aculus_olearius,1,train/aculus_olearius/273.jpg,0.021157858979958265,0.05020138787790557,0.0,0.0,0.8705536953462416,2.497705014008022,0.7654978189744654,0.20683364910649815,0.9639760294221627
train/aculus_olearius/274.jpg,aculus_olearius,1,train/aculus_olearius/274.jpg,0.0035168270404923557,0.07541640209055829,0.0,0.0,0.8805744150832804,2.0944709409721147,0.7425235037625784,0.16512627116448803,0.975193568677001
train/aculus_olearius/275.jpg,aculus_olearius,1,train/aculus_olearius/275.jpg,0.11100845070422535,0.006625352112676056,0.0026140845070422537,0.052935211267605635,0.8660281690140845,3.903589029178391,0.7779533365032449,0.15893322010473776,0.9831076924797045
train/aculus_olearius/276.jpg,aculus_olearius,1,train/aculus_olearius/276.jpg,0.14738494987317308,0.006160164271047228,0.0,0.02297378910496437,0.8308974513830173,4.514372825061345,0.7900482738108106,0.1786625542640663,0.9816747548650266
train/aculus_olearius/277.jpg,aculus_olearius,1,train/aculus_olearius/277.jpg,0.07740820734341253,8.639308855291577e-05,0.0,0.057257019438444925,0.9125917926565875,6.0972750809102685,0.8014099625828472,0.20683190105843288,0.9706731506797659
train/aculus_olearius/278.jpg,aculus_olearius,1,train/aculus_olearius/278.jpg,0.08413496650877449,0.0002921353003776892,0.0,0.06458276819063916,0.8979821797466769,4.979005252282027,0.7842450334823375,0.18715795759423182,0.9798495605099828
train/aculus_olearius/279.jpg,aculus_olearius,1,train/aculus_olearius/279.jpg,0.06967513697743648,0.00010785624919107814,0.0,0.06393718452047112,0.9223650718322619,5.16292067987075,0.8059353487021214,0.17617233462988716,0.9754899737842322
train/aculus_olearius/28.jpg,aculus_olearius,1,train/aculus_olearius/28.jpg,0.08866518445322794,8.234519104084322e-05,0.0,0.013463438735177866,0.9069293478260869,8.515749825714952,0.772140711397064,0.12335344281099088,0.9631797644616142
train/aculus_olearius/280.jpg,aculus_olearius,1,train/aculus_olearius/280.jpg,0.05245688554650326,0.0007195413504166376,0.0,0.06308752872362648,0.9310865074391291,5.741597385979184,0.7715989440064229,0.14677986498282025,0.9775072594445636
train/aculus_olearius/281.jpg,aculus_olearius,1,train/aculus_olearius/281.jpg,0.1115287043126938,2.348961758902565e-05,0.0,0.0011040120266842055,0.8697500704688528,3.788005761549164,0.7904541769547053,0.18137802065261227,0.9799160217799164
train/aculus_olearius/282.jpg,aculus_olearius,1,train/aculus_olearius/282.jpg,0.127587280178451,0.0023343881309332366,0.015458836955957877,0.0001296882294962909,0.8414950459096332,2.3243230016652903,0.7831221387538211,0.16020436200315105,0.9880673855405842
train/aculus_olearius/283.jpg,aculus_olearius,1,train/aculus_olearius/283.jpg,0.12160146073170189,0.0,0.0,0.015408938074773431,0.8744572357433922,4.073029927735116,0.7950675938298826,0.1606676597480957,0.980472119529301
train/aculus_olearius/284.jpg,aculus_olearius,1,train/aculus_olearius/284.jpg,0.1316130525341356,0.0009257116408238834,2.3142791020597083e-05,0.05350613283962046,0.8599166859523258,3.883833616017943,0.7746420165561494,0.17503345856590855,0.9831110805976253
train/aculus_olearius/285.jpg,aculus_olearius,1,train/aculus_olearius/285.jpg,0.12123755051564605,0.0,0.0,0.0,0.8742132809222004,3.0081766731356296,0.804267520276023,0.20004196141142247,0.9795163010103785
train/aculus_olearius/286.jpg,aculus_olearius,1,train/aculus_olearius/286.jpg,0.10877710459183673,0.0,0.0,0.0,0.8879743303571429,3.2316587045735936,0.8041164958766102,0.24156693723554098,0.9742425075804501
train/aculus_olearius/287.jpg,aculus_olearius,1,train/aculus_olearius/287.jpg,0.07537889390970529,0.0,0.0,0.0,0.9217219178629984,2.358153714443699,0.8426170988759241,0.2433123867462912,0.9723650101427386
train/aculus_olearius/288.jpg,aculus_olearius,1,train/aculus_olearius/288.jpg,0.0928255622717273,0.0,0.0,0.0,0.9048890407740448,1.9161807099521462,0.8247227971331288,0.2040970325140147,0.9824999109796672
train/aculus_olearius/289.jpg,aculus_olearius,1,train/aculus_olearius/289.jpg,0.13826338576681244,4.351326066618802e-05,0.0,4.351326066618802e-05,0.8500097904836499,4.702472065490532,0.7675146717252379,0.19497264906047246,0.9769381931638671
train/aculus_olearius/29.jpg,aculus_olearius,1,train/aculus_olearius/29.jpg,0.12359369003615504,2.019834777515199e-05,0.0,0.060069886283302024,0.7971075965985982,8.705982199925389,0.7630400474822556,0.10628494794368003,0.9711510802885769
train/aculus_olearius/290.jpg,aculus_olearius,1,train/aculus_olearius/290.jpg,0.05656082048393532,0.0,0.0,0.0003285690816494168,0.8717172428360206,2.984755319858181,0.7708856059615762,0.16773196202465004,0.9839068616264113
train/aculus_olearius/291.jpg,aculus_olearius,1,train/aculus_olearius/291.jpg,0.07398492430480776,0.0,0.0,4.222883807352041e-05,0.8776630561010114,3.072088865944806,0.7897116308680363,0.22020895935939733,0.9801096295753506
train/aculus_olearius/292.jpg,aculus_olearius,1,train/aculus_olearius/292.jpg,0.07299944557383109,2.0534302552413807e-05,0.0,0.0,0.9010246616973655,2.646179268749588,0.8215878891298679,0.23852958625612022,0.9781527457894978
train/aculus_olearius/293.jpg,aculus_olearius,1,train/aculus_olearius/293.jpg,0.06544402365856772,0.0,0.0,0.000297859665546147,0.8994510871877792,2.4505692885984978,0.8145651635494406,0.21363442801215907,0.9823893074710153
train/aculus_olearius/294.jpg,aculus_olearius,1,train/aculus_olearius/294.jpg,0.12776516668892152,0.000511861841812436,6.676458806249166e-05,0.03959140072105755,0.8611741665553924,4.2613877421872175,0.7986718512799438,0.17272870955048286,0.9810516206395041
train/aculus_olearius/295.jpg,aculus_olearius,1,train/aculus_olearius/295.jpg,0.12634926754047804,0.0005059753276792598,0.0,0.03821318427139553,0.8652659984579799,4.667712655733181,0.8028895432809631,0.18291352136018552,0.9788945046700143
train/aculus_olearius/296.jpg,aculus_olearius,1,train/aculus_olearius/296.jpg,0.11891338994742977,0.0006422607578676942,7.136230642974381e-05,0.027189038749732393,0.8715954232974144,5.073709177099563,0.8012138249341216,0.16481131298959228,0.9756087240952132
train/aculus_olearius/297.jpg,aculus_olearius,1,train/aculus_olearius/297.jpg,0.040123456790123455,0.0005216484089723526,0.0,0.002543035993740219,0.9302512606503217,2.6682850151530153,0.8149177616191002,0.17952246916145276,0.9816553533875223
train/aculus_olearius/298.jpg,aculus_olearius,1,train/aculus_olearius/298.jpg,0.042963764196863166,0.00023796646836127638,0.0,0.0005408328826392645,0.9277014602487831,2.8985416497575316,0.8201002525738871,0.21270683343686414,0.9745050010459488
train/aculus_olearius/299.jpg,aculus_olearius,1,train/aculus_olearius/299.jpg,0.0394719924570351,0.00023571765310933013,4.28577551107873e-05,0.002078601122873184,0.9257060815154502,2.4145890462083273,0.8085547538237109,0.15661037489962246,0.9806205082042362
train/aculus_olearius/3.jpg,aculus_olearius,1,train/aculus_olearius/3.jpg,0.1342088404868674,0.0,0.0,0.012371877001921845,0.8644298526585522,9.848151759625797,0.7356208325306768,0.12678659204918738,0.9547148485416118
train/aculus_olearius/30.jpg,aculus_olearius,1,train/aculus_olearius/30.jpg,0.09961654228342885,0.000659712200552509,0.0,0.07483610275017524,0.8824475322640498,8.557951606392711,0.7625417052915902,0.11120597425906238,0.9769441533555226
train/aculus_olearius/300.jpg,aculus_olearius,1,train/aculus_olearius/300.jpg,0.021110489578519832,0.002188875647542379,0.05216820293309337,0.004256147092443515,0.8839652698397257,1.985629937771919,0.7855274572602741,0.13197943122679676,0.9881240405749456
train/aculus_olearius/301.jpg,aculus_olearius,1,train/aculus_olearius/301.jpg,0.06430787813157292,0.0,0.0,0.0021241591869884838,0.9021845519481871,4.3383329444230165,0.8165248207147595,0.22449457311193005,0.974377669044586
train/aculus_olearius/302.jpg,aculus_olearius,1,train/aculus_olearius/302.jpg,0.059798146062548733,0.0,0.0,0.0006064281382656155,0.8728016979987872,4.9180951496241985,0.7772433081029125,0.22515546621754262,0.9772377164908939
train/aculus_olearius/303.jpg,aculus_olearius,1,train/aculus_olearius/303.jpg,0.041231315032340406,0.0,0.0,0.0007787656564345512,0.8880308045081878,4.078339708382504,0.773540446649225,0.2004696150644089,0.9825956198188106
train/aculus_olearius/304.jpg,aculus_olearius,1,train/aculus_olearius/304.jpg,0.08318427687865008,0.0,0.0,0.002499838372519018,0.8833696097235093,3.3234862028633527,0.7966404206474489,0.18562322532217732,0.9826503226879583
train/aculus_olearius/305.jpg,aculus_olearius,1,train/aculus_olearius/305.jpg,0.10328096118299446,0.0,0.0,0.0002730633506973618,0.8750420097462611,4.406469939648861,0.7948879377958661,0.2220560856648337,0.977943693599194
train/aculus_olearius/306.jpg,aculus_olearius,1,train/aculus_olearius/306.jpg,0.0987040188506349,0.0,0.0,0.002443600820351704,0.889252519963346,3.73472055797998,0.820866520579166,0.19474096308283467,0.9784956534170859
train/aculus_olearius/307 (1).jpg,aculus_olearius,1,train/aculus_olearius/307 (1).jpg,0.3025210084033613,0.0326848971632852,0.0014392497330423882,0.10599377872696039,0.6211987557453921,7.943962493586536,0.6978676493951091,0.13136521413845756,0.9803230044937359
train/aculus_olearius/308.jpg,aculus_olearius,1,train/aculus_olearius/308.jpg,0.2736530033513792,0.09235627739108017,0.018368136117556073,0.10260376385666409,0.5115364784738334,6.095429530901733,0.7255447850140633,0.21349936623848245,0.980168844818494
train/aculus_olearius/309.jpg,aculus_olearius,1,train/aculus_olearius/309.jpg,0.053354855597242824,0.0,0.0,0.0009161504231742431,0.9028444289329028,3.127710520651872,0.8174363952220269,0.20717143166932273,0.983408878520345
train/aculus_olearius/31.JPG,aculus_olearius,1,train/aculus_olearius/31.JPG,0.22114876992925772,0.007575757575757576,0.007338190265019534,0.04310526871502481,0.7600306197867174,7.56021155875245,0.7628935421161285,0.21434692292122193,0.9768759081123978
train/aculus_olearius/310.jpg,aculus_olearius,1,train/aculus_olearius/310.jpg,0.07767610980141447,0.0,0.0,0.00023974107963399527,0.8800095896431853,4.015488534151165,0.8121905382953203,0.25187443124210857,0.9800787162114966
train/aculus_olearius/311.jpg,aculus_olearius,1,train/aculus_olearius/311.jpg,0.07453185159257963,0.0,0.0,0.003347042352117606,0.8689621981099055,4.353312120812431,0.7800134064241686,0.17944968275777345,0.9793533144773677
train/aculus_olearius/312.jpg,aculus_olearius,1,train/aculus_olearius/312.jpg,0.1239073292988569,2.037614361106017e-05,0.0,2.037614361106017e-05,0.8722823318458749,3.115747316518891,0.7969519188930316,0.21724962695056332,0.9812983935323606
train/aculus_olearius/313.jpg,aculus_olearius,1,train/aculus_olearius/313.jpg,0.12451650069953091,6.172331495350177e-05,0.0,0.0,0.8726853756892436,3.2263752161351036,0.8172816249399049,0.24630093412154702,0.9785479623576653
train/aculus_olearius/314.jpg,aculus_olearius,1,train/aculus_olearius/314.jpg,0.13321035641346599,0.0001098008213101434,0.0,0.0006807650921228891,0.8644399060104969,2.3720803645707864,0.8019843920727825,0.19273822291817086,0.9871317196462831
train/aculus_olearius/315.jpg,aculus_olearius,1,train/aculus_olearius/315.jpg,0.12312889124387336,0.0,0.0,0.0,0.8600697664149777,3.197588802897849,0.7974587272445259,0.20995837225137093,0.9812314063218951
train/aculus_olearius/316.jpg,aculus_olearius,1,train/aculus_olearius/316.jpg,0.1151046405823476,4.135991397137894e-05,0.0,0.0,0.8802837290098436,3.6847944388604112,0.8039716069480368,0.26385012283095405,0.9759864190319305
train/aculus_olearius/317.jpg,aculus_olearius,1,train/aculus_olearius/317.jpg,0.08506650913609419,0.0,0.0,0.0,0.9122853476197267,3.3064279038193423,0.828469185217116,0.2570349280723841,0.9725453086576488
train/aculus_olearius/318.jpg,aculus_olearius,1,train/aculus_olearius/318.jpg,0.0855314731244306,0.00012712133731646857,0.0,0.0004025509015021505,0.9122227165829785,3.1682743488047107,0.8229322166154912,0.21931160526071924,0.9765707209658389
train/aculus_olearius/319.jpg,aculus_olearius,1,train/aculus_olearius/319.jpg,0.06111343658434491,0.0,0.0,0.0030231152039440026,0.8344263057532207,4.476067296097427,0.7404051466801991,0.1580985337654239,0.9864538433246798
train/aculus_olearius/32.jpg,aculus_olearius,1,train/aculus_olearius/32.jpg,0.2661553985872856,0.03043390514631685,0.0016145307769929364,0.11208879919273461,0.6594954591321897,8.826084262611495,0.6838807120652519,0.12711321561031041,0.9780223214402063
train/aculus_olearius/320.jpg,aculus_olearius,1,train/aculus_olearius/320.jpg,0.03807296751197584,0.0,0.0,0.0,0.828932730946489,4.909814915531597,0.763592243634057,0.19803974832894955,0.9833098154641888
train/aculus_olearius/321.jpg,aculus_olearius,1,train/aculus_olearius/321.jpg,0.09463026264549348,0.0,0.0,0.006317338064125308,0.8611267361862317,3.4483075245448025,0.8171284835375702,0.19026185737671503,0.9837682099509601
train/aculus_olearius/322.jpg,aculus_olearius,1,train/aculus_olearius/322.jpg,0.13274638441089676,0.00031704997195327174,0.0,0.0935785186449772,0.8364266029314928,2.374783661092912,0.7856681433917554,0.15964955290251817,0.9914650366741184
train/aculus_olearius/323.jpg,aculus_olearius,1,train/aculus_olearius/323.jpg,0.2872983870967742,0.04548891129032258,3.150201612903226e-05,0.0036542338709677417,0.6422946068548387,5.876122729403953,0.7366734786351559,0.25239508950376793,0.9795456513252039
train/aculus_olearius/324.jpg,aculus_olearius,1,train/aculus_olearius/324.jpg,0.23948044919496686,0.018513507418932935,0.0,0.007464032832724485,0.7157579037568214,7.059067587236687,0.735778880513305,0.21715811328298107,0.9774765429168841
train/aculus_olearius/325.jpg,aculus_olearius,1,train/aculus_olearius/325.jpg,0.1396663304757102,0.01540174819297361,0.0,0.0007984535216002689,0.8288998150949739,5.164005318408854,0.8040127017615817,0.2774898634348383,0.9763368701201841
train/aculus_olearius/326.jpg,aculus_olearius,1,train/aculus_olearius/326.jpg,0.18711853873981846,0.015513682668619749,0.0,0.005792662627338704,0.7920855804869388,6.271235680370817,0.7787865917843686,0.21364071023374803,0.9775493925695071
train/aculus_olearius/327.jpg,aculus_olearius,1,train/aculus_olearius/327.jpg,0.2332804858986669,0.013353281379094745,0.00013397941183038205,0.02152602550074805,0.7419109930107407,5.902569362515582,0.7457078352751366,0.1541030665883989,0.982148033348909
train/aculus_olearius/328.jpg,aculus_olearius,1,train/aculus_olearius/328.jpg,0.1696416558281383,0.009821949141140063,0.0,0.002735794053011616,0.8151096560075346,6.097212305713915,0.7969611824935328,0.20117976443475988,0.9762334688772624
train/aculus_olearius/329.jpg,aculus_olearius,1,train/aculus_olearius/329.jpg,0.14298133136287572,0.006845891378523461,0.0,0.001043183448155956,0.8467172320865842,4.8625761273809465,0.8195320969344462,0.2576403856987568,0.9780374339346677
train/aculus_olearius/33.JPG,aculus_olearius,1,train/aculus_olearius/33.JPG,0.32888079877934523,0.00987766683620205,0.009850898091388494,0.014936959605964077,0.6374708889900152,7.445807432148373,0.7114011489482817,0.18218743117874636,0.9785055302976962
train/aculus_olearius/330.jpg,aculus_olearius,1,train/aculus_olearius/330.jpg,0.19465337846308137,0.09756174000250721,0.0011282437006393381,0.005390497680832393,0.6561050520245706,7.515859342615953,0.736397395498211,0.18287188144401056,0.9733498765198012
train/aculus_olearius/331.jpg,aculus_olearius,1,train/aculus_olearius/331.jpg,0.0782308168687696,0.006392712307968915,7.990890384961144e-05,0.011227200990870408,0.9046087460295263,5.45092410886399,0.8103823870646762,0.2470071716983317,0.9670919042067241
train/aculus_olearius/332.jpg,aculus_olearius,1,train/aculus_olearius/332.jpg,0.11150342489937151,0.00018831061836499304,0.0,0.01191064661158581,0.8790810441823789,5.6923196041955695,0.7972192894204535,0.20288878059186755,0.9723653890350072
train/aculus_olearius/333.jpg,aculus_olearius,1,train/aculus_olearius/333.jpg,0.10789764000951783,0.00015142010426355752,0.0,0.010707564515780138,0.8824114733176145,5.93305614113528,0.8077929180375997,0.21960471878227858,0.9710341289298541
train/aculus_olearius/334.jpg,aculus_olearius,1,train/aculus_olearius/334.jpg,0.11608332593053211,0.0021320067513547125,0.0,0.019920938082970595,0.8757439815226081,5.523681829578991,0.8079048889557909,0.20048055926084646,0.9744965560968278
train/aculus_olearius/335.jpg,aculus_olearius,1,train/aculus_olearius/335.jpg,0.11255084124197097,0.007734536483452982,8.890271820060898e-05,0.06205409730402507,0.8733136265641323,4.836782496717196,0.7939869550304031,0.18737662741455888,0.9779988036962238
train/aculus_olearius/336.jpg,aculus_olearius,1,train/aculus_olearius/336.jpg,0.1348831065909391,0.011702549200898164,0.00010566635847312112,0.02382776383568881,0.8397305507858935,6.356619594629861,0.7751924193074559,0.19193912875543184,0.9711415621809477
train/aculus_olearius/337.jpg,aculus_olearius,1,train/aculus_olearius/337.jpg,0.13210797139368569,0.0007849293563579278,0.0,0.008437990580847723,0.8563361241932671,6.594469921894215,0.7934388364392648,0.22983825005116035,0.9718985326162077
train/aculus_olearius/338.jpg,aculus_olearius,1,train/aculus_olearius/338.jpg,0.0979497261620559,0.05069512708889201,2.340495248794645e-05,0.0017787763890839301,0.8175583953564575,4.400593914048901,0.762759206720997,0.19281820755886575,0.9741832474440949
train/aculus_olearius/339.jpg,aculus_olearius,1,train/aculus_olearius/339.jpg,0.1300729123675884,0.00013757050488375291,0.0,0.00011464208740312744,0.8599302976108589,3.41018173826964,0.7787356892366952,0.18741688187089,0.9797545685183037
train/aculus_olearius/34.jpg,aculus_olearius,1,train/aculus_olearius/34.jpg,0.1957968713045241,0.028989424603844984,0.02246849342838801,0.10413217555833361,0.7352434368348143,8.3273283981581,0.6782871790622025,0.11443890280596791,0.9794130568134161
train/aculus_olearius/340.jpg,aculus_olearius,1,train/aculus_olearius/340.jpg,0.09831448596121597,0.007890097605022144,0.0,0.0016984133809175733,0.8846153846153846,3.2137822445293858,0.8023742559620163,0.1948168916731124,0.9777892221816111
train/aculus_olearius/341.jpg,aculus_olearius,1,train/aculus_olearius/341.jpg,0.10453763488907258,0.0068589557407448785,0.0,0.006255725105565361,0.880940146115865,3.209372649327042,0.7924662999914166,0.18170375313791093,0.9795011771477495
train/aculus_olearius/342.jpg,aculus_olearius,1,train/aculus_olearius/342.jpg,0.10608238197250319,0.01179597038804675,0.0,0.0003254060796702552,0.8388426390433061,5.1232137376768385,0.7598406295486155,0.1919928600343224,0.9597160755549213
train/aculus_olearius/343.jpg,aculus_olearius,1,train/aculus_olearius/343.jpg,0.10907830564701805,0.028544549798232368,0.00014854058871586662,0.0061396776669224865,0.8205382120664472,6.189602221752741,0.7497572641568974,0.1492499572266733,0.9662383389184657
train/aculus_olearius/344.jpg,aculus_olearius,1,train/aculus_olearius/344.jpg,0.10011295017159738,0.03084408532082193,0.0,0.0041053043138277075,0.8392849385290412,4.0572583616924,0.7938581494593797,0.22769050590053033,0.9796702057403992
train/aculus_olearius/345.jpg,aculus_olearius,1,train/aculus_olearius/345.jpg,0.1601410697037087,0.004964395624143586,0.0,0.016757643147561604,0.8326257384819282,4.320145122122664,0.7979606993553274,0.2027806912440452,0.9824981538815595
train/aculus_olearius/346.jpg,aculus_olearius,1,train/aculus_olearius/346.jpg,0.13009092736980854,0.0020553606934608252,0.0,0.004311789280847166,0.8658877147516811,4.037698679420008,0.818558448587867,0.19512018458693495,0.98087981101822
train/aculus_olearius/347.jpg,aculus_olearius,1,train/aculus_olearius/347.jpg,0.1278670602383295,0.014955723187930469,0.0,0.06649174592762655,0.8552530884442987,4.411199072376414,0.8068620056951317,0.2009203313418963,0.9811749951799902
train/aculus_olearius/348.jpg,aculus_olearius,1,train/aculus_olearius/348.jpg,0.10361330461832974,0.0011964584828906438,0.0,0.0,0.8930366116295765,3.5507005050640563,0.8411124415166256,0.2980412667716253,0.9789015079201023
train/aculus_olearius/349.jpg,aculus_olearius,1,train/aculus_olearius/349.jpg,0.11193615194221347,0.062206394908319446,0.0,0.0009849977269283225,0.8072687780976916,5.656006893314435,0.7843420500307909,0.20348967996962436,0.9759538404835826
train/aculus_olearius/35.JPG,aculus_olearius,1,train/aculus_olearius/35.JPG,0.18326126077730923,0.0056673202438827855,0.0016652789342214821,0.032284923853777764,0.8061024415137923,7.501482282719856,0.7825054203418306,0.2384991836912862,0.9730547369152964
train/aculus_olearius/350.jpg,aculus_olearius,1,train/aculus_olearius/350.jpg,0.09936991336308743,0.04187450774481491,0.0,0.0022315568390653714,0.783617747440273,3.7520840142283287,0.7791424464831982,0.21974770304695035,0.9795162081934389
train/aculus_olearius/351.jpg,aculus_olearius,1,train/aculus_olearius/351.jpg,0.0843422722091998,0.0002150491387281994,0.0,4.300982774563988e-05,0.9094213027676824,3.6768073368533254,0.8246971066049698,0.21014095549078204,0.9729239537296485
train/aculus_olearius/352.jpg,aculus_olearius,1,train/aculus_olearius/352.jpg,0.09948671497584541,0.005736714975845411,0.0,0.003429089026915114,0.8818797446514838,3.3634457857823783,0.8106004586876105,0.21791990491517726,0.9801228838289333
train/aculus_olearius/354.jpg,aculus_olearius,1,train/aculus_olearius/354.jpg,0.0933738177128117,0.016713241616509028,0.0,0.00032244196044711954,0.8511661650902838,4.388913537991942,0.7766431989672267,0.18671367100947808,0.9731729233136763
train/aculus_olearius/355.jpg,aculus_olearius,1,train/aculus_olearius/355.jpg,0.08241525423728814,0.03784427966101695,0.006382415254237288,0.010513771186440679,0.8354078389830508,5.048715681080953,0.7579972467376662,0.16866758176021596,0.9730864787758731
train/aculus_olearius/356.jpg,aculus_olearius,1,train/aculus_olearius/356.jpg,0.08241525423728814,0.03784427966101695,0.006382415254237288,0.010513771186440679,0.8354078389830508,5.048715681080953,0.7579972467376662,0.16866758176021596,0.9730864787758731
train/aculus_olearius/357.jpg,aculus_olearius,1,train/aculus_olearius/357.jpg,0.06468735165925862,0.014003365986277133,2.157683510982609e-05,0.006408320027618349,0.8653605489146852,3.6171469407010974,0.7834717910263465,0.21652338507719351,0.9716700557093488
train/aculus_olearius/358.jpg,aculus_olearius,1,train/aculus_olearius/358.jpg,0.06468735165925862,0.014003365986277133,2.157683510982609e-05,0.006408320027618349,0.8653605489146852,3.6171469407010974,0.7834717910263465,0.21652338507719351,0.9716700557093488
train/aculus_olearius/359.jpg,aculus_olearius,1,train/aculus_olearius/359.jpg,0.08422650535903216,0.004255025530153181,0.0,0.006647039882239293,0.9031234187405125,3.49572614596892,0.8155036436265679,0.22153190228637026,0.9764190804651138
train/aculus_olearius/36.JPG,aculus_olearius,1,train/aculus_olearius/36.JPG,0.061668003207698475,0.005513231756214916,0.0008019246190858059,0.0018243785084202085,0.9282277465918204,3.84968968399708,0.8312339122519965,0.31096629334304543,0.967279348308694
train/aculus_olearius/360.jpg,aculus_olearius,1,train/aculus_olearius/360.jpg,0.05502557144348189,0.0034234422294123785,0.0,0.005886650662770066,0.9358522074939986,2.7953354224580558,0.8348335796001325,0.2209945467340127,0.9759941703139894
train/aculus_olearius/361.jpg,aculus_olearius,1,train/aculus_olearius/361.jpg,0.05502557144348189,0.0034234422294123785,0.0,0.005886650662770066,0.9358522074939986,2.7953354224580558,0.8348335796001325,0.2209945467340127,0.9759941703139894
train/aculus_olearius/362.jpg,aculus_olearius,1,train/aculus_olearius/362.jpg,0.0679246113875556,0.004161345721960456,0.0,0.006186974327359197,0.9223435642256375,3.01461373506803,0.8214445804887331,0.19846749580974918,0.9781116226729691
train/aculus_olearius/363.jpg,aculus_olearius,1,train/aculus_olearius/363.jpg,0.09232069624017782,0.005259368249694769,0.0,0.0020661803838086593,0.8886767053814607,3.564165943196882,0.7832636712239219,0.18139107206742455,0.9740866019806089
train/aculus_olearius/364.jpg,aculus_olearius,1,train/aculus_olearius/364.jpg,0.07824602862019167,0.005087304713141657,0.0,0.0018051726401470396,0.8586713929368518,4.804501665490292,0.7861952059228241,0.25209755157620545,0.9505110496722388
train/aculus_olearius/365.jpg,aculus_olearius,1,train/aculus_olearius/365.jpg,0.07824602862019167,0.005087304713141657,0.0,0.0018051726401470396,0.8586713929368518,4.804501665490292,0.7861952059228241,0.25209755157620545,0.9505110496722388
train/aculus_olearius/366.jpg,aculus_olearius,1,train/aculus_olearius/366.jpg,0.13595877806404122,0.005594405594405594,0.0,0.005999263894000736,0.8410379094589621,4.15294211855146,0.8139136526572845,0.18791667126988834,0.9774905497312306
train/aculus_olearius/367.jpg,aculus_olearius,1,train/aculus_olearius/367.jpg,0.13705238690437033,0.001140275859044361,0.0,0.008113501304738722,0.8449005547880621,3.8335731487748754,0.800580372749646,0.26849672996673196,0.9834716723042694
train/aculus_olearius/368.jpg,aculus_olearius,1,train/aculus_olearius/368.jpg,0.16808388210472477,0.04993286874240777,0.0,0.0023975449140080556,0.767246339748098,5.434821251931229,0.7824658514355304,0.19315161555961763,0.9780013149154554
train/aculus_olearius/369.jpg,aculus_olearius,1,train/aculus_olearius/369.jpg,0.19998603205643048,0.008555365436323637,0.0,0.0005587177427803192,0.7824143590459894,4.865908625221366,0.7984746072024479,0.1830107317441413,0.9791124817735568
train/aculus_olearius/37.jpg,aculus_olearius,1,train/aculus_olearius/37.jpg,0.3696038525483002,0.0252823482199163,0.0013759101072063293,0.11695235911253798,0.5491601215387262,9.135685099324244,0.6837772028010202,0.12997286798418267,0.9778393231289366
train/aculus_olearius/370.jpg,aculus_olearius,1,train/aculus_olearius/370.jpg,0.1290648645526483,0.02443250736440825,0.0,0.00017328019407381737,0.8312828510367931,4.811862306366115,0.8038008047756726,0.2237811275592576,0.9778361919954704
train/aculus_olearius/371.jpg,aculus_olearius,1,train/aculus_olearius/371.jpg,0.19007722911303535,0.05766440439971917,0.0,0.0021998595834308446,0.7277322724081442,4.98340458876722,0.7836322801393913,0.22010870380897976,0.9792333239719826
train/aculus_olearius/372.jpg,aculus_olearius,1,train/aculus_olearius/372.jpg,0.21696735081440363,0.0157767876707326,0.0,0.0002556423928127967,0.752099919655248,4.351428638461252,0.7998247615339782,0.18050121200825742,0.9819483120276077
train/aculus_olearius/373.jpg,aculus_olearius,1,train/aculus_olearius/373.jpg,0.15067171093267448,0.08913681284743669,0.0,0.00030883261272390367,0.74208616429895,6.173955617302097,0.8140840951429583,0.24730674329414157,0.9732987926863483
train/aculus_olearius/374.jpg,aculus_olearius,1,train/aculus_olearius/374.jpg,0.1345420533851356,0.05342110943233326,0.0,0.0002877904885243543,0.7996978199870495,4.628849238255143,0.827366050018903,0.18832866863402162,0.9783154940003257
train/aculus_olearius/375.jpg,aculus_olearius,1,train/aculus_olearius/375.jpg,0.1764506181571279,0.007497100178232948,0.0,0.0022349845814354824,0.804113503267604,4.491433427674235,0.7864945814657259,0.15958593890154169,0.9822475320511581
train/aculus_olearius/376.jpg,aculus_olearius,1,train/aculus_olearius/376.jpg,0.15191764450239026,0.0013852672750977837,0.0,0.0,0.8253205128205128,4.466494871275536,0.7949269073082895,0.22360262523257735,0.9788137290674981
train/aculus_olearius/377.jpg,aculus_olearius,1,train/aculus_olearius/377.jpg,0.10524362637770439,0.00014843952944669164,0.0,0.019928006828218353,0.7919248895980999,6.304734468166319,0.7314384757019751,0.1531093407233045,0.9812806627368411
train/aculus_olearius/378.jpg,aculus_olearius,1,train/aculus_olearius/378.jpg,0.16420324194215652,0.026552333671819174,0.0,0.0012787242844785438,0.7073601865433073,7.110234195868704,0.7396015694323489,0.17790372215937783,0.9759431381466092
train/aculus_olearius/379.jpg,aculus_olearius,1,train/aculus_olearius/379.jpg,0.16420324194215652,0.026552333671819174,0.0,0.0012787242844785438,0.7073601865433073,7.110234195868704,0.7396015694323489,0.17790372215937783,0.9759431381466092
train/aculus_olearius/380.jpg,aculus_olearius,1,train/aculus_olearius/380.jpg,0.1475979470177564,0.012337020625458255,0.0,0.008288437629506838,0.7977302432337658,5.777770868178201,0.7826345067261671,0.17173110570231442,0.9770859292514096
train/aculus_olearius/381.jpg,aculus_olearius,1,train/aculus_olearius/381.jpg,0.1475979470177564,0.012337020625458255,0.0,0.008288437629506838,0.7977302432337658,5.777770868178201,0.7826345067261671,0.17173110570231442,0.9770859292514096
train/aculus_olearius/382.jpg,aculus_olearius,1,train/aculus_olearius/382.jpg,0.11288446048745562,0.026968169207362547,0.0,0.009546254586677008,0.8186808269443036,6.141576275215107,0.7661618733166543,0.15355076318501953,0.9763759354720177
train/aculus_olearius/383.jpg,aculus_olearius,1,train/aculus_olearius/383.jpg,0.11288446048745562,0.026968169207362547,0.0,0.009546254586677008,0.8186808269443036,6.141576275215107,0.7661618733166543,0.15355076318501953,0.9763759354720177
train/aculus_olearius/384.jpg,aculus_olearius,1,train/aculus_olearius/384.jpg,0.11040654070235298,0.008562139891202884,0.0,0.008787459362024012,0.8414394695335887,5.311868330248585,0.7589338464131186,0.1610460174290613,0.9779967309037285
train/aculus_olearius/385.jpg,aculus_olearius,1,train/aculus_olearius/385.jpg,0.11040654070235298,0.008562139891202884,0.0,0.008787459362024012,0.8414394695335887,5.311868330248585,0.7589338464131186,0.1610460174290613,0.9779967309037285
train/aculus_olearius/386.jpg,aculus_olearius,1,train/aculus_olearius/386.jpg,0.19571330196258466,0.0,0.0,2.869275794789395e-05,0.7840296109262023,3.8001425259651724,0.750544252419444,0.16350624676760425,0.9814424941805767
train/aculus_olearius/387.jpg,aculus_olearius,1,train/aculus_olearius/387.jpg,0.17083366616076898,0.0014910669116276593,0.0,0.0,0.8172910509359107,4.9858481789576485,0.7761421251401079,0.17961189134996985,0.9733841406905682
train/aculus_olearius/388.jpg,aculus_olearius,1,train/aculus_olearius/388.jpg,0.12606556954853332,0.001030157871693837,0.0,0.0,0.8674186819130032,3.9980768868430117,0.8146291925624809,0.17168109960917674,0.9759207492113996
train/aculus_olearius/389.jpg,aculus_olearius,1,train/aculus_olearius/389.jpg,0.24291657297054195,0.06914774004947155,0.0,0.020463233640656622,0.5151787722059815,6.260396768227764,0.7627250653187004,0.1652966624889478,0.9821259976216672
train/aculus_olearius/39.JPG,aculus_olearius,1,train/aculus_olearius/39.JPG,0.11489494649691478,0.06346168866671874,0.0034366945247207687,0.06314926189174412,0.7613059439193939,5.297033092945693,0.7758766443509975,0.25363125508566287,0.9804231220526362
train/aculus_olearius/390.jpg,aculus_olearius,1,train/aculus_olearius/390.jpg,0.19709118826239017,0.08679518894480935,0.0,0.018766527339418238,0.6229634052716881,7.500983387490852,0.7408248500571986,0.16635243239561304,0.9778844450728175
train/aculus_olearius/391.jpg,aculus_olearius,1,train/aculus_olearius/391.jpg,0.13923568818514007,0.049786845310596836,0.0,0.011799634591961023,0.7108328258221681,6.307520717626431,0.7925052610898973,0.17451937601130482,0.973792396339082
train/aculus_olearius/392.jpg,aculus_olearius,1,train/aculus_olearius/392.jpg,0.11181272676528049,0.04095729835333519,3.488696622941669e-05,0.010989394362266256,0.7953879430644711,6.591628642229511,0.7714811596374384,0.1480153967366013,0.9761328716203439
train/aculus_olearius/393.jpg,aculus_olearius,1,train/aculus_olearius/393.jpg,0.12474655486442833,0.04230385923914911,0.0,0.012887040791779786,0.7831540602769854,4.7206149124879015,0.7803216760530356,0.16920258223857562,0.982002053056466
train/aculus_olearius/394.jpg,aculus_olearius,1,train/aculus_olearius/394.jpg,0.22400350842997757,0.0009258356885293831,0.0,0.0056524705194425495,0.64920573043563,4.852353462944301,0.7632466189352012,0.18498971100049547,0.9828407198830676
train/aculus_olearius/395.jpg,aculus_olearius,1,train/aculus_olearius/395.jpg,0.2707156308851224,0.028072033898305086,0.0,0.0018243879472693032,0.5341337099811676,5.1100674520843015,0.7637332244777661,0.19471083023431757,0.9801329394987978
train/aculus_olearius/396.jpg,aculus_olearius,1,train/aculus_olearius/396.jpg,0.16145021951564933,0.002513808242458575,0.0,0.005275456734173629,0.7940447528678657,4.176408560362708,0.7915659852030925,0.1816471439532196,0.9803928424805104
train/aculus_olearius/397.jpg,aculus_olearius,1,train/aculus_olearius/397.jpg,0.14731091929739845,0.004949598599625762,0.0,0.020975433089877468,0.7982736765859841,5.812434575201204,0.7544897740222134,0.1542250078348992,0.9772768711291274
train/aculus_olearius/398.jpg,aculus_olearius,1,train/aculus_olearius/398.jpg,0.12714498040805297,0.009390622888798812,0.0,0.005506012700986353,0.8273206323469802,4.242453411383539,0.7732487425538493,0.17724713921678595,0.9803718100374503
train/aculus_olearius/399.jpg,aculus_olearius,1,train/aculus_olearius/399.jpg,0.21971857178279197,0.0007748574262335731,0.0,0.0007438631291842301,0.7451648896603025,4.356841504495871,0.7526691038363647,0.16515423575179397,0.9816737282929389
train/aculus_olearius/4.jpg,aculus_olearius,1,train/aculus_olearius/4.jpg,0.08231159391349495,0.000359439274731419,0.0,0.014357602140660569,0.8469587443588003,6.451355767600182,0.7723055618891013,0.1162093486140144,0.9731088025739173
train/aculus_olearius/40.jpg,aculus_olearius,1,train/aculus_olearius/40.jpg,0.09227436522318731,0.006103022349976046,0.00014580599470932534,0.04803266054281489,0.8981232685538129,6.634870810819966,0.7385203463778688,0.1708063611023723,0.9728717383740753
train/aculus_olearius/400.jpg,aculus_olearius,1,train/aculus_olearius/400.jpg,0.20607962742666228,0.005264623250398643,0.0,0.0004302817079652737,0.7652939836492951,4.7019327468396614,0.7491384271412611,0.17554853842040352,0.9788464133280447
train/aculus_olearius/401.jpg,aculus_olearius,1,train/aculus_olearius/401.jpg,0.18483541843799345,0.0007591400461557148,0.0,0.0,0.802745050406899,3.9284109804235317,0.8087001088714069,0.18986549300344419,0.9789863273637255
train/aculus_olearius/402.jpg,aculus_olearius,1,train/aculus_olearius/402.jpg,0.15645650525403532,0.0018145379698840862,0.0,0.0,0.818681616292926,3.892160342707255,0.7874584695277785,0.18870189238780222,0.9788419501403022
train/aculus_olearius/403.jpg,aculus_olearius,1,train/aculus_olearius/403.jpg,0.15601686668829062,0.0002495072232341126,0.0,0.0,0.8270415928541132,3.2201481974731783,0.7736141063364557,0.17864505075270215,0.9831047369941771
train/aculus_olearius/404.jpg,aculus_olearius,1,train/aculus_olearius/404.jpg,0.12856766024795568,0.0002374043787918755,0.0,0.0,0.794302294908995,3.8083228904273048,0.7626416763610897,0.20004524993892522,0.9748146769093466
train/aculus_olearius/405.jpg,aculus_olearius,1,train/aculus_olearius/405.jpg,0.0747574862927035,0.004876634331505694,0.021299029945170814,0.0,0.8315584141712358,2.582532896739243,0.7621900835656951,0.16549421309791906,0.9728708223362391
train/aculus_olearius/406.jpg,aculus_olearius,1,train/aculus_olearius/406.jpg,0.023651817949228188,0.0008528299741308241,0.0,0.0009665406373482674,0.8970634221224095,4.76896891151248,0.7664324514278917,0.17787941873086205,0.9786443589268188
train/aculus_olearius/407.jpg,aculus_olearius,1,train/aculus_olearius/407.jpg,0.03581050473261331,0.0015020384807953651,0.0,0.0008344658226640917,0.8341797200963212,5.04673493340934,0.7733543294715813,0.21433482251169741,0.9731545832817643
train/aculus_olearius/408.jpg,aculus_olearius,1,train/aculus_olearius/408.jpg,0.055978560336622754,0.0009768070931222763,0.0,0.0007513900716325201,0.8728647998797776,3.8786444036048042,0.8097752294079847,0.18880707280698739,0.9724907861688914
train/aculus_olearius/409.jpg,aculus_olearius,1,train/aculus_olearius/409.jpg,0.03126262986472672,0.013741292822670757,0.0,0.0007369897534650405,0.8884054870075838,4.022633175812552,0.7861258484563146,0.18957405772293062,0.977128328610894
train/aculus_olearius/41.JPG,aculus_olearius,1,train/aculus_olearius/41.JPG,0.06062774131334184,0.016984477556226087,0.0077767754378324574,0.04034591097147479,0.8859924720813762,4.736066193681696,0.8109504741868873,0.2776655280095043,0.9756293471677472
train/aculus_olearius/410.jpg,aculus_olearius,1,train/aculus_olearius/410.jpg,0.028569840475793452,0.014173753543438385,0.0,0.0003057084097604358,0.911122227780557,2.830003296377185,0.8000478598769902,0.20097577460542917,0.9775229220246093
train/aculus_olearius/411.jpg,aculus_olearius,1,train/aculus_olearius/411.jpg,0.15337258381052235,0.013011802027045192,2.688388848563056e-05,0.022770653547329087,0.8300938247708148,4.61278771059127,0.7706475779314979,0.14495529917483432,0.9815083825986767
train/aculus_olearius/412.jpg,aculus_olearius,1,train/aculus_olearius/412.jpg,0.10484039660293687,0.12805923942601347,0.0,0.0018407731247123793,0.7474793958917291,7.035880101005546,0.7847436620814847,0.1766173756733749,0.9702105849389828
train/aculus_olearius/413.jpg,aculus_olearius,1,train/aculus_olearius/413.jpg,0.11150442477876106,0.01553249923710711,0.0,0.005767470247177296,0.8681721086359475,4.825668184443467,0.8157842002504494,0.17266383594059737,0.9747953879300928
train/aculus_olearius/414.jpg,aculus_olearius,1,train/aculus_olearius/414.jpg,0.11971627563629361,0.050293673973745866,9.628654876913695e-05,0.018390730814905158,0.8193985300253555,7.138373222909317,0.7677048815882836,0.1476880858878841,0.9733957542959804
train/aculus_olearius/415.jpg,aculus_olearius,1,train/aculus_olearius/415.jpg,0.1287795287318657,0.02785307873335518,2.9789389019631208e-05,0.011677440495695433,0.8325836337096726,5.255509497262123,0.7809106562981982,0.16902627392608055,0.9803981695702074
train/aculus_olearius/416.jpg,aculus_olearius,1,train/aculus_olearius/416.jpg,0.22305455464947216,0.00012643024211391366,0.0,0.0,0.7604779063151906,3.4649125604018582,0.7611023937491646,0.16229269750739306,0.9840420265348231
train/aculus_olearius/417.jpg,aculus_olearius,1,train/aculus_olearius/417.jpg,0.19684440642524476,0.007793935937648513,0.0,0.0,0.7741342711402591,4.378828969928773,0.76643847485411,0.18108955473302363,0.976904351905372
train/aculus_olearius/418.jpg,aculus_olearius,1,train/aculus_olearius/418.jpg,0.19110308299911213,0.0007347763524477237,0.0,0.0,0.7922113706640541,4.066642506217702,0.7770855169516808,0.1734189473088253,0.97991119085389
train/aculus_olearius/419.jpg,aculus_olearius,1,train/aculus_olearius/419.jpg,0.14029416047764673,0.008620940731032475,0.0,0.0,0.8398136012814912,4.426436279280562,0.783517893944653,0.16191300291400154,0.9765271439906139
train/aculus_olearius/42.jpg,aculus_olearius,1,train/aculus_olearius/42.jpg,0.017617984693877552,0.05259486607142857,1.992984693877551e-05,5.978954081632653e-05,0.9086216517857143,2.8930254265814668,0.7715503433793822,0.21398507256274873,0.9546698077690926
train/aculus_olearius/420.jpg,aculus_olearius,1,train/aculus_olearius/420.jpg,0.11152473227944926,0.0035441101478837327,0.0,0.0,0.8765680775114737,3.3124495216765566,0.8032433918223809,0.1909683046200975,0.9812850511238641
train/aculus_olearius/421.jpg,aculus_olearius,1,train/aculus_olearius/421.jpg,0.07002233650199989,0.0005713988883694354,0.0,0.0005194535348813048,0.6533167108202171,6.0742876509865695,0.7687951500074072,0.20234672520307684,0.9763278462102127
train/aculus_olearius/422.jpg,aculus_olearius,1,train/aculus_olearius/422.jpg,0.04100995437577769,0.0022034425549564496,0.0,0.0006221484861053505,0.8864838241393612,3.858804293750934,0.8088418150608511,0.16544414576309874,0.9782060687082358
train/aculus_olearius/423.jpg,aculus_olearius,1,train/aculus_olearius/423.jpg,0.02680687950774197,7.565441065214103e-05,0.0,0.0010843798860140214,0.927069148131336,3.1373569531727874,0.796716519439514,0.18889519741755656,0.9788804760194458
train/aculus_olearius/424.jpg,aculus_olearius,1,train/aculus_olearius/424.jpg,0.23470394031642586,0.06830167645671655,0.0,0.009818633966470865,0.6421986879903957,5.828248172544238,0.7926604785556799,0.1661868292252526,0.9821645154312248
train/aculus_olearius/425.jpg,aculus_olearius,1,train/aculus_olearius/425.jpg,0.13281231441670427,0.03297147065111528,0.0004750932370477706,0.06273606195215811,0.8140485070195026,6.846151264489881,0.7791374311148734,0.17336728318155376,0.9762642684967285
train/aculus_olearius/426.jpg,aculus_olearius,1,train/aculus_olearius/426.jpg,0.13915525399964948,0.01787636764227235,0.00017525850629678777,0.0642447610225082,0.8182569289702311,5.903399458049822,0.7875968790290303,0.15764462942972984,0.9771386909783846
train/aculus_olearius/427.jpg,aculus_olearius,1,train/aculus_olearius/427.jpg,0.22840859272249014,0.06954684946793671,0.00019927464030927423,0.010800685504762663,0.6703997449284604,9.245582773036697,0.7437362080180769,0.16377937384604593,0.9751105902775573
train/aculus_olearius/428.jpg,aculus_olearius,1,train/aculus_olearius/428.jpg,0.2924383055470022,0.023490080499714072,0.001979501165706242,0.016231909558791186,0.6684115602868077,8.139610111679998,0.7652397556375271,0.15385112876408688,0.9788464251003315
train/aculus_olearius/429.jpg,aculus_olearius,1,train/aculus_olearius/429.jpg,0.14040702445429182,0.001559166256359757,0.0,0.016863613983259477,0.6898900377482357,6.454360779108081,0.7434103493385321,0.1583602836551868,0.9817627884998371
train/aculus_olearius/43.jpg,aculus_olearius,1,train/aculus_olearius/43.jpg,0.01834470989761092,0.09992973298534431,0.0,0.0,0.8610469785183698,1.705658472857928,0.7551178678312802,0.1535762078029286,0.981169772686747
train/aculus_olearius/430.jpg,aculus_olearius,1,train/aculus_olearius/430.jpg,0.20447989139657222,0.040089937213643304,0.0,0.0030120481927710845,0.6223909723400645,8.070441198210856,0.7400154263104904,0.16385338026703172,0.9747893158278403
train/aculus_olearius/431.jpg,aculus_olearius,1,train/aculus_olearius/431.jpg,0.12334613743064447,0.020059752454118653,3.2831018746511706e-05,0.006631865786795364,0.7627958895564529,7.6080632203294485,0.7616019406283969,0.14992556495612783,0.9721313861503896
train/aculus_olearius/432.jpg,aculus_olearius,1,train/aculus_olearius/432.jpg,0.0792514374170721,0.003897611676249447,0.0,0.007408226448474126,0.8693332596196374,4.896737066679011,0.785655886156873,0.1868251636781343,0.9806183262964028
train/aculus_olearius/433.jpg,aculus_olearius,1,train/aculus_olearius/433.jpg,0.16595780401813195,5.59628406737926e-05,0.0,0.0014270524371817112,0.8085231406346186,4.6629451150932635,0.7595383207541224,0.1569003415596923,0.9790354015176381
train/aculus_olearius/434.jpg,aculus_olearius,1,train/aculus_olearius/434.jpg,0.15556761824866144,0.009721434034888598,0.0,0.0011843371413062251,0.8244713661822399,5.65144901095999,0.7672409434946479,0.1926737765888552,0.9726439184396958
train/aculus_olearius/435.jpg,aculus_olearius,1,train/aculus_olearius/435.jpg,0.10817693627858052,0.015335215634169296,0.0,0.0017992581520234734,0.8622045064496484,4.6967993572471824,0.8116413620021976,0.1915945813086751,0.9692555619439349
train/aculus_olearius/436.jpg,aculus_olearius,1,train/aculus_olearius/436.jpg,0.13339280560438696,0.00443418256238029,0.0,2.6237766641303493e-05,0.8481095689134941,5.085830179777972,0.7976056528496545,0.20065758790582855,0.9729106948315019
train/aculus_olearius/437.jpg,aculus_olearius,1,train/aculus_olearius/437.jpg,0.12025811497849041,0.009777082518576457,0.0,5.586904296329404e-05,0.853036482485055,3.414960420827533,0.7982104082151816,0.19423304697846802,0.9813163710438466
train/aculus_olearius/438.jpg,aculus_olearius,1,train/aculus_olearius/438.jpg,0.120059093893631,3.282994090610637e-05,0.0,0.0006894287590282338,0.7925476034143139,4.920421998783954,0.7567982921996007,0.1488494833167258,0.98205660040852
train/aculus_olearius/439.jpg,aculus_olearius,1,train/aculus_olearius/439.jpg,0.14607534019249918,0.021863591105210755,0.0,8.297378028542981e-05,0.724817457683372,5.654156451732086,0.7729783968014873,0.17931912812316936,0.9743472394542756
train/aculus_olearius/44.JPG,aculus_olearius,1,train/aculus_olearius/44.JPG,0.13164486501530753,0.03089340384080156,0.0,0.0033795872927517793,0.7529322889745934,4.488053621974808,0.8060957098983496,0.20646613089639104,0.9675933311771863
train/aculus_olearius/440.jpg,aculus_olearius,1,train/aculus_olearius/440.jpg,0.14833035684199886,0.0019206793139468275,0.0,0.00023587289820399635,0.7899383360851838,5.341232537987551,0.7871916123757261,0.17346857699101928,0.9763096136739136
train/aculus_olearius/441.jpg,aculus_olearius,1,train/aculus_olearius/441.jpg,0.10752045311516677,0.013341724354940214,0.0,0.00015733165512901197,0.813373190685966,5.914823954978637,0.7709446554627277,0.15384033427466776,0.9749988468803434
train/aculus_olearius/442.jpg,aculus_olearius,1,train/aculus_olearius/442.jpg,0.11696114215575439,0.006234051487451145,0.0,0.0033269808456345487,0.8353628993184534,6.111703932607834,0.7291580189338703,0.15017474097636915,0.9738144510204505
train/aculus_olearius/443.jpg,aculus_olearius,1,train/aculus_olearius/443.jpg,0.257987506465603,0.012294592766482313,0.00023872995663072456,0.0032626427406199023,0.6945052321648828,5.447451816186941,0.7657181182133731,0.16399629453945708,0.9804589724422521
train/aculus_olearius/444.jpg,aculus_olearius,1,train/aculus_olearius/444.jpg,0.25804317260772475,0.03725911835249359,0.0,0.00372177652799603,0.6686378297907535,6.231165470888206,0.7600919518352497,0.16542821419794407,0.9764578383357537
train/aculus_olearius/445.jpg,aculus_olearius,1,train/aculus_olearius/445.jpg,0.23061386138613862,0.026772277227722772,0.0,0.0015841584158415843,0.7184554455445544,5.906555134558079,0.7774574146200267,0.15726458107439162,0.9764788492091562
train/aculus_olearius/446.jpg,aculus_olearius,1,train/aculus_olearius/446.jpg,0.1459917380111357,0.029276177932108006,5.986948452373825e-05,0.002364844638687661,0.7983595761240496,6.071962047366327,0.7778856660078649,0.14459133992685663,0.9748587712974008
train/aculus_olearius/447.jpg,aculus_olearius,1,train/aculus_olearius/447.jpg,0.16467341306347746,0.020055197792088315,3.0665440049064704e-05,0.00827966881324747,0.794357559030972,5.018849271771457,0.7745174427312203,0.15798165233357125,0.9802607024139715
train/aculus_olearius/448.jpg,aculus_olearius,1,train/aculus_olearius/448.jpg,0.13063024490494948,0.010939373180339098,0.0,0.004688302791573899,0.8432736769994862,2.91308624605411,0.7943163330206227,0.18063345067435668,0.9835093447281569
train/aculus_olearius/449.jpg,aculus_olearius,1,train/aculus_olearius/449.jpg,0.03051969379247619,0.08898208736514994,0.00012632323589601072,0.00010105858871680857,0.8191556554912711,4.70612994356932,0.7974954785494153,0.17693002741740482,0.9689930962056464
train/aculus_olearius/45.JPG,aculus_olearius,1,train/aculus_olearius/45.JPG,0.24985391507596416,0.025613556680950524,4.869497467861317e-05,0.07012076353720297,0.6395111024542267,5.63383850759168,0.7970939177681973,0.20162038461527643,0.9798425253747735
train/aculus_olearius/450.jpg,aculus_olearius,1,train/aculus_olearius/450.jpg,0.1948169879854708,0.00824252584520816,6.985191394244202e-05,0.00792819223246717,0.7730162056440346,5.784985327996269,0.7770509102487434,0.1557084402437902,0.979098384331988
train/aculus_olearius/451.jpg,aculus_olearius,1,train/aculus_olearius/451.jpg,0.12250404749055585,0.005612520237452779,0.0,0.010820291419320022,0.8476254722072315,6.407833488474671,0.7947959282619094,0.174954101803104,0.9704788087203849
train/aculus_olearius/452.jpg,aculus_olearius,1,train/aculus_olearius/452.jpg,0.133927061608703,0.005213911278958345,0.0,0.004171129023166676,0.8450763767544107,6.473511833803846,0.7966635585916486,0.17160393648438116,0.9713718654292314
train/aculus_olearius/453.jpg,aculus_olearius,1,train/aculus_olearius/453.jpg,0.14321482223335003,0.007911867801702555,0.00012518778167250875,0.04937406109163746,0.8296194291437156,7.446876218364128,0.7527122791664489,0.13765065820411115,0.9721284086350628
train/aculus_olearius/454.jpg,aculus_olearius,1,train/aculus_olearius/454.jpg,0.12855922898621447,0.018909357081859215,0.01529827985848481,0.04931072343540319,0.817933390264731,7.095744652422811,0.7392534199750305,0.14318951012198272,0.9743375466024256
train/aculus_olearius/455.jpg,aculus_olearius,1,train/aculus_olearius/455.jpg,0.13934808774041413,0.012085185822013707,0.0,0.0028247893689666184,0.8010611382672987,5.9060804933821895,0.7754126645563846,0.16309547521824894,0.9728949738438144
train/aculus_olearius/456.jpg,aculus_olearius,1,train/aculus_olearius/456.jpg,0.10403807540715401,0.01008899134875189,0.0,0.005478297513695744,0.8665873429017624,7.016464335173479,0.7995596668313605,0.16990840351018638,0.9625213847288017
train/aculus_olearius/457.jpg,aculus_olearius,1,train/aculus_olearius/457.jpg,0.08443842439866296,6.554082100801782e-05,0.0,0.007930439341970156,0.9049876564787102,5.1997492932581295,0.806169142227652,0.1721955620678236,0.9666176873118166
train/aculus_olearius/458.jpg,aculus_olearius,1,train/aculus_olearius/458.jpg,0.11747118676761345,0.019578531127935575,9.644596614746588e-05,0.04665573612383662,0.84272074070502,6.952611022418557,0.7903422017182784,0.14221442531654863,0.9744469949150049
train/aculus_olearius/459.jpg,aculus_olearius,1,train/aculus_olearius/459.jpg,0.08827905438915523,0.029453904226593927,0.00016531658125309968,0.004298231112580592,0.8597564335702871,6.011520335540171,0.8149770963349052,0.18106110191553557,0.9700340217099215
train/aculus_olearius/46.JPG,aculus_olearius,1,train/aculus_olearius/46.JPG,0.16857200160449257,0.01549338146811071,0.0,0.009677095868431608,0.7007621339751303,3.4383994607673904,0.8294374782655414,0.23583166275741638,0.981314260335241
train/aculus_olearius/460.jpg,aculus_olearius,1,train/aculus_olearius/460.jpg,0.165370804942181,0.00019791342701235546,0.0,0.0023184144307161637,0.8018886595606322,4.532494837577972,0.76474258306322,0.15717424830755886,0.9819433605028227
train/aculus_olearius/461.jpg,aculus_olearius,1,train/aculus_olearius/461.jpg,0.15874003686062377,0.0010770961487828815,0.0,0.0010292252088369754,0.8004978577754375,5.707877299764295,0.7469627340737216,0.1678676743163109,0.9745201505054957
train/aculus_olearius/462.jpg,aculus_olearius,1,train/aculus_olearius/462.jpg,0.14919702987394232,0.0002014620387958326,0.0,0.0,0.8296206757612387,5.172962605186903,0.7960193531961461,0.17509052756203813,0.9744754682110726
train/aculus_olearius/463.jpg,aculus_olearius,1,train/aculus_olearius/463.jpg,0.16082781368871865,0.0027398717846407574,0.0,0.0013832362407895087,0.8083419785598382,6.225025005906064,0.7456253673316773,0.13695786787136832,0.9729795580688987
train/aculus_olearius/464.jpg,aculus_olearius,1,train/aculus_olearius/464.jpg,0.10516509433962264,0.0019339622641509433,0.0,0.00014150943396226416,0.8642688679245283,4.849211713833476,0.7533100057437734,0.17316225012068778,0.9738853993084491
train/aculus_olearius/465.jpg,aculus_olearius,1,train/aculus_olearius/465.jpg,0.1731026146701444,0.0007952159806603474,0.0,0.03874292257777212,0.7958521534448756,5.187293965102373,0.7810877724877288,0.143054850061125,0.9837711340097798
train/aculus_olearius/466.jpg,aculus_olearius,1,train/aculus_olearius/466.jpg,0.17127985303123086,0.014972443355786895,0.0,0.04020208205756277,0.768156766687079,8.149213833515395,0.760451740919675,0.15797123690345807,0.9747696646479225
train/aculus_olearius/467.jpg,aculus_olearius,1,train/aculus_olearius/467.jpg,0.13131553052152964,0.024125411421397305,0.0,0.045129109972515354,0.8164297105629262,6.73447604723153,0.8067270411038301,0.16712911970151312,0.974248784530978
train/aculus_olearius/468.jpg,aculus_olearius,1,train/aculus_olearius/468.jpg,0.1244049710871857,0.03686783169866777,0.0004153221941790997,0.07175489600971215,0.803009488514744,8.526673479843744,0.7627390557547287,0.15031661172443403,0.9729978540551347
train/aculus_olearius/469.jpg,aculus_olearius,1,train/aculus_olearius/469.jpg,0.12302230926951678,0.012485846313921106,0.008874743703522356,0.08076016770205344,0.8335526517122135,7.40758182153506,0.7622881846574059,0.14788088575101901,0.9759067038618368
train/aculus_olearius/47.JPG,aculus_olearius,1,train/aculus_olearius/47.JPG,0.000916791230692576,0.06040857000498256,0.004165421026407574,0.0,0.8922770303936223,1.4315278640345315,0.8028509961112251,0.21250021068092592,0.96009614200648
train/aculus_olearius/470.jpg,aculus_olearius,1,train/aculus_olearius/470.jpg,0.1594306049822064,0.020378348005244427,0.008878067053755385,0.09248923019292002,0.7631391646375726,9.436853723465852,0.7571841297373113,0.14771073810678853,0.973057882966743
train/aculus_olearius/471.jpg,aculus_olearius,1,train/aculus_olearius/471.jpg,0.11529722947539761,0.029841635864220558,0.00020346569907423107,0.038828037573332426,0.8195598358710028,7.250809487515198,0.7916990487824247,0.19845215405052935,0.9689810619590462
train/aculus_olearius/472.jpg,aculus_olearius,1,train/aculus_olearius/472.jpg,0.09356474357357282,0.0,0.0,0.039958628692515326,0.843318786105295,4.13418802865228,0.77459495257475,0.17606089311945539,0.984319554721492
train/aculus_olearius/473.jpg,aculus_olearius,1,train/aculus_olearius/473.jpg,0.2305889079473985,0.014865637507146942,0.0,5.717552887364208e-05,0.5506003430531733,5.757855980655481,0.754900214027448,0.17945115356285601,0.9805539271317045
train/aculus_olearius/474.jpg,aculus_olearius,1,train/aculus_olearius/474.jpg,0.14013740301466315,0.014799876952524183,0.0,0.003281266021806747,0.7896913559148238,4.888037606600044,0.7941456213065253,0.16969005279661475,0.9790379331463047
train/aculus_olearius/475.jpg,aculus_olearius,1,train/aculus_olearius/475.jpg,0.0975524569463475,0.004352381719996776,0.0,0.0013433276913570296,0.8352542919319739,5.170522615738225,0.793344086598688,0.18983479578454332,0.9797403572193495
train/aculus_olearius/476.jpg,aculus_olearius,1,train/aculus_olearius/476.jpg,0.0498463183215288,0.01403180542563143,2.6727248429774155e-05,0.01010289990645463,0.8855004677268475,5.713580444466479,0.7500202790280194,0.18513332819553663,0.9758115526661861
train/aculus_olearius/477.jpg,aculus_olearius,1,train/aculus_olearius/477.jpg,0.05652302729038417,0.01629522335977878,0.0,0.002962767883596142,0.861572900549758,6.526166454638039,0.7491586163728938,0.1749091220205831,0.972006120111383
train/aculus_olearius/478.jpg,aculus_olearius,1,train/aculus_olearius/478.jpg,0.1467304625199362,0.05545682387787651,4.55684666210982e-05,0.0028252449305080883,0.6542264752791068,6.075029992593814,0.7644383243749218,0.18160070406068032,0.9756249335437889
train/aculus_olearius/479.jpg,aculus_olearius,1,train/aculus_olearius/479.jpg,0.054916420845624384,0.00039331366764995085,0.0,0.02104228121927237,0.7558013765978367,5.811601965941559,0.7401656217691096,0.15466822537502314,0.982415056069903
train/aculus_olearius/48.JPG,aculus_olearius,1,train/aculus_olearius/48.JPG,0.09548487400401633,0.1074042883980048,0.0008097428256785645,0.03157997020146402,0.5296041977068083,5.412556121750143,0.7576307502712023,0.16662144718775987,0.9824418082224264
train/aculus_olearius/480.jpg,aculus_olearius,1,train/aculus_olearius/480.jpg,0.13913639479095272,0.06406214302033356,0.0,0.002376056659812657,0.6431802604523646,5.540792486578956,0.770854796384097,0.18783730867160026,0.9779973458206896
train/aculus_olearius/481.jpg,aculus_olearius,1,train/aculus_olearius/481.jpg,0.10613349368610944,0.06657503650889099,0.0,0.001846920367666008,0.7112361480972426,4.619579977774133,0.7917361472677016,0.19243801504568117,0.9771129082000793
train/aculus_olearius/482.jpg,aculus_olearius,1,train/aculus_olearius/482.jpg,0.07435100394858439,0.05960682180962783,0.0,0.007015038225657398,0.7641770982105351,4.613884374248151,0.7815607659972486,0.19456624848225343,0.9742644037709524
train/aculus_olearius/483.jpg,aculus_olearius,1,train/aculus_olearius/483.jpg,0.11009566565122121,0.017048794826572605,0.0,0.002565335898669232,0.834161723050612,4.65411346929253,0.7820127610799682,0.21715299455851758,0.9750395375273919
train/aculus_olearius/484.jpg,aculus_olearius,1,train/aculus_olearius/484.jpg,0.08875839873524928,0.07788944723618091,0.0,0.0027948732426175825,0.7602619840776919,4.166598826275955,0.7554048485141184,0.2048382755375301,0.9796144274125711
train/aculus_olearius/485.jpg,aculus_olearius,1,train/aculus_olearius/485.jpg,0.1611793463500015,0.02215046624619006,0.0,0.0003017774692941425,0.7998913601110541,4.0888619817105605,0.770053118021077,0.16262435453557697,0.9817544534805226
train/aculus_olearius/486.jpg,aculus_olearius,1,train/aculus_olearius/486.jpg,0.09555949079488121,0.05853854121420696,0.0,0.000735073006114471,0.7998930802900197,3.959753739155177,0.7988311947236426,0.17349280497787586,0.9773801252193027
train/aculus_olearius/487.jpg,aculus_olearius,1,train/aculus_olearius/487.jpg,0.10530421216848673,0.07647851368600199,0.0,0.0009218550560204226,0.7690043965394979,5.65209619334104,0.7692818877536749,0.15200182984093852,0.9747031159394302
train/aculus_olearius/488.jpg,aculus_olearius,1,train/aculus_olearius/488.jpg,0.08185577344777896,0.06074180815738362,0.0,0.0002506108639809536,0.8373222229183636,4.328270705488099,0.7795782461938022,0.1738091916334304,0.9795223323749264
train/aculus_olearius/489.jpg,aculus_olearius,1,train/aculus_olearius/489.jpg,0.11151948272928365,0.06292326016675175,3.4030968181044753e-05,0.001225114854517611,0.7605240769099881,5.984362635188564,0.7331523562786382,0.2218854014659023,0.9681131275943229
train/aculus_olearius/49.JPG,aculus_olearius,1,train/aculus_olearius/49.JPG,0.07405534067241892,0.14989586432609342,0.0,0.02906872954477834,0.7550133888723595,4.905928877242478,0.813192648525801,0.1865852820258772,0.977392919536266
train/aculus_olearius/490.jpg,aculus_olearius,1,train/aculus_olearius/490.jpg,0.10591513616212793,0.012108929702343256,0.0,0.0007599746675110829,0.8698416719442685,4.495054483072946,0.7890386816898344,0.1624200504027719,0.9763337634959481
train/aculus_olearius/491.jpg,aculus_olearius,1,train/aculus_olearius/491.jpg,0.19425027780764956,0.0005735383733017887,0.0,0.0,0.7884001863999713,4.8434669907545285,0.7865610393937194,0.16469084576730508,0.9753527409621464
train/aculus_olearius/492.jpg,aculus_olearius,1,train/aculus_olearius/492.jpg,0.3390681311137807,0.05616097477261026,0.0,0.05852067959498884,0.5294319546936674,7.872063493170563,0.7398322807036388,0.15003100187073148,0.982958475824246
train/aculus_olearius/493.jpg,aculus_olearius,1,train/aculus_olearius/493.jpg,0.3408553150468846,0.08894925948646043,0.0,0.05126632197002892,0.4747173779686268,10.815848101054732,0.7219685968552927,0.15809808739576098,0.9773679522044496
train/aculus_olearius/494.jpg,aculus_olearius,1,train/aculus_olearius/494.jpg,0.265371695633124,0.05019229833016893,0.0,0.03174139525826396,0.6295214449150479,7.646290869098544,0.7898358978942306,0.196059774213317,0.9763157869675404
train/aculus_olearius/495.jpg,aculus_olearius,1,train/aculus_olearius/495.jpg,0.3254880395930712,0.11943909815782239,5.4990376684080284e-05,0.04036293648611493,0.431509485839978,10.009764147337005,0.7266978631471609,0.15989949872902373,0.9761298265025815
train/aculus_olearius/496.jpg,aculus_olearius,1,train/aculus_olearius/496.jpg,0.16190017874329712,0.034511205829781386,0.0,0.013302626151519318,0.7290664100096247,7.456122832670417,0.7677210608581293,0.16542033213958973,0.9819265941920174
train/aculus_olearius/497.jpg,aculus_olearius,1,train/aculus_olearius/497.jpg,0.3516466364913376,0.03657457988658239,0.0,0.01571198168669684,0.5438322667915301,8.85649418011419,0.7586697429912201,0.15819833820901075,0.9783797619631833
train/aculus_olearius/498.jpg,aculus_olearius,1,train/aculus_olearius/498.jpg,0.12181899959756647,0.0008285396397036195,0.0,0.0006391591506285065,0.8459626446985299,4.5030080913876045,0.7681568502629822,0.16769665773456682,0.9734497192745736
train/aculus_olearius/499.jpg,aculus_olearius,1,train/aculus_olearius/499.jpg,0.12431144856334674,0.005855788794600764,0.0,0.0009925065753560618,0.8296114336757481,5.597191448586985,0.7604439976915939,0.15438829965587064,0.9666756358516784
train/aculus_olearius/5.jpg,aculus_olearius,1,train/aculus_olearius/5.jpg,0.06803347615424658,6.006487005966444e-05,0.0,0.01447563368437913,0.9050574620590237,8.559511610784266,0.7551248120196952,0.11946851921479049,0.9635662081522066
train/aculus_olearius/500.jpg,aculus_olearius,1,train/aculus_olearius/500.jpg,0.08544218354974105,0.004369063105962053,0.0,0.0003681794752215213,0.8885152549029234,4.486705246085979,0.8062261204523516,0.17004367002300075,0.9643760051628893
train/aculus_olearius/501.jpg,aculus_olearius,1,train/aculus_olearius/501.jpg,0.1042061386888973,0.017430845017051912,0.002677781988126816,0.012302639888846785,0.843299229506126,5.824631623734316,0.7537668162470812,0.1427349726357373,0.9670218651829542
train/aculus_olearius/502.jpg,aculus_olearius,1,train/aculus_olearius/502.jpg,0.09593300849636395,0.005925418084767758,0.0,0.0013222007296589211,0.8778433436987341,3.996483728451682,0.7855924612111361,0.1910803029102149,0.9710025547778796
train/aculus_olearius/503.jpg,aculus_olearius,1,train/aculus_olearius/503.jpg,0.10208191590692611,0.006123282079194449,0.0,0.0019594502653422236,0.8696149135936863,4.364961856595013,0.7757744851765626,0.17679926638034754,0.9689904858316021
train/aculus_olearius/504.jpg,aculus_olearius,1,train/aculus_olearius/504.jpg,0.11215716290343156,0.0009695114172726113,0.0,0.0,0.8566398775353999,4.826263212684145,0.7886106459600679,0.16359497809643736,0.9687004458648472
train/aculus_olearius/505.jpg,aculus_olearius,1,train/aculus_olearius/505.jpg,0.17629113096535193,0.010490925505089812,0.0,0.015284998287831149,0.7560626342496031,5.986407947104279,0.7788788710455522,0.1595964733246756,0.9751226262603462
train/aculus_olearius/506.jpg,aculus_olearius,1,train/aculus_olearius/506.jpg,0.1726653283949221,0.03056348780005089,0.0,0.020271989595408407,0.7285193248324804,7.124602469048968,0.7626187567430639,0.16725582522983307,0.9699045712538259
train/aculus_olearius/507.jpg,aculus_olearius,1,train/aculus_olearius/507.jpg,0.18203163618388532,0.017424616905585763,0.0,0.009978991596638655,0.7546033119130005,6.778988937977714,0.7805796783732717,0.1717089851486691,0.9705910239753464
train/aculus_olearius/508.jpg,aculus_olearius,1,train/aculus_olearius/508.jpg,0.18519765640783892,0.06040810829012055,0.0065997710283520776,0.015522930837093407,0.6296720317866523,9.742260624498083,0.7177272613051344,0.1467035383006514,0.9653188956637563
train/aculus_olearius/509.jpg,aculus_olearius,1,train/aculus_olearius/509.jpg,0.1859548201531849,0.01392883689364315,0.0017451442975794202,0.01893804737743593,0.77933619881718,8.413450102143216,0.7367722008777893,0.14183841830463162,0.9683177315155743
train/aculus_olearius/510.jpg,aculus_olearius,1,train/aculus_olearius/510.jpg,0.17288444040036396,0.02474390208107077,0.009451407437846723,0.051718571135049456,0.7768352461181719,9.723438143151288,0.7179687996085968,0.14349332862611888,0.963844483950773
train/aculus_olearius/511.jpg,aculus_olearius,1,train/aculus_olearius/511.jpg,0.30479289291850986,0.01407523854787409,0.0,0.010126859942236683,0.6315212225350053,7.4128515637454875,0.729636915490601,0.14665072234952586,0.9757398444967909
train/aculus_olearius/512.jpg,aculus_olearius,1,train/aculus_olearius/512.jpg,0.2666878143834685,0.0012688630081116598,0.0,0.009743055240857388,0.6327547922236825,6.051642291531958,0.7487510317629382,0.1647129871245523,0.9819669105121361
train/aculus_olearius/513.jpg,aculus_olearius,1,train/aculus_olearius/513.jpg,0.31795463283352554,0.012644709299841942,0.0,0.0038873937374514075,0.5689264812678885,7.694964156540447,0.736051535356604,0.16216276989521422,0.9772478701559816
train/aculus_olearius/514.jpg,aculus_olearius,1,train/aculus_olearius/514.jpg,0.17368062282495605,0.01668281132278549,0.0,0.0031213001829727693,0.7518028199332688,5.831783897156625,0.7880078125467276,0.1763696775835583,0.9742433232991168
train/aculus_olearius/515.jpg,aculus_olearius,1,train/aculus_olearius/515.jpg,0.21529798571482558,0.04387589282340048,0.0,0.020974264011186274,0.6395827822077775,8.769433769540857,0.7214591397131297,0.14557075566215394,0.9690733741656054
train/aculus_olearius/516.jpg,aculus_olearius,1,train/aculus_olearius/516.jpg,0.11978276451452831,0.0019297568506368198,2.7567955009097426e-05,0.0085736340078293,0.8440480785135359,6.1166641695484225,0.7733077850407719,0.19311773910086671,0.974529522881306
train/aculus_olearius/517.jpg,aculus_olearius,1,train/aculus_olearius/517.jpg,0.12243688904979759,0.005529407892571504,0.0,0.02376328868117039,0.8076555968798341,7.276132213621854,0.7664783589571245,0.1758345480492512,0.9668982352912648
train/aculus_olearius/518.jpg,aculus_olearius,1,train/aculus_olearius/518.jpg,0.13181883433821417,3.588860178007465e-05,0.0,0.007464829170255527,0.8268733850129198,5.073875898237896,0.7984115838544446,0.17490255092939083,0.9760732908268529
train/aculus_olearius/519.jpg,aculus_olearius,1,train/aculus_olearius/519.jpg,0.03625964212625282,0.003200923545154012,0.0,0.00039355617358450965,0.8453061867030488,3.471350958458569,0.8043554538835649,0.18345561081432815,0.969246891946853
train/aculus_olearius/52.JPG,aculus_olearius,1,train/aculus_olearius/52.JPG,0.006776147959183673,0.0001992984693877551,0.03276466836734694,3.985969387755102e-05,0.03615274234693878,1.820351383481988,0.6902673200784899,0.16462456069258244,0.9408456554026193
train/aculus_olearius/520.jpg,aculus_olearius,1,train/aculus_olearius/520.jpg,0.07723478006151442,0.002733974515451838,0.0,0.021310354928477274,0.8168969389249622,4.67089534912788,0.7938554574941675,0.17044896522926628,0.974002502189944
train/aculus_olearius/521.jpg,aculus_olearius,1,train/aculus_olearius/521.jpg,0.07122388225801964,0.005397434827365551,0.0,0.007678824805942743,0.8299529811089781,5.532991513481859,0.8108135842413521,0.19864598038447434,0.9586812433988243
train/aculus_olearius/522.jpg,aculus_olearius,1,train/aculus_olearius/522.jpg,0.07336701660968747,0.007835899918313013,0.008138444316703476,0.028136629050313132,0.8357789005536562,4.2782134423706975,0.804714622314777,0.15231673641418345,0.9787669092760549
train/aculus_olearius/523.jpg,aculus_olearius,1,train/aculus_olearius/523.jpg,0.0682845381005844,0.02012263580620088,0.0,0.007427238967095604,0.8153553847482512,4.935494296243814,0.8143914278832236,0.19882531971933665,0.9637701795185332
train/aculus_olearius/524.jpg,aculus_olearius,1,train/aculus_olearius/524.jpg,0.06355744414609349,2.6069501290440314e-05,0.0,0.026121640293021196,0.9122761281576683,3.3531188583573854,0.8318725964906264,0.18985913623780595,0.9808237472155382
train/aculus_olearius/525.jpg,aculus_olearius,1,train/aculus_olearius/525.jpg,0.03902463524271113,0.0026619120564526253,0.0,0.0013058436503352502,0.9293588809924411,2.3589094852325285,0.8526522880853582,0.22124728226057008,0.9739223107426327
train/aculus_olearius/526.jpg,aculus_olearius,1,train/aculus_olearius/526.jpg,0.0921912300540269,0.00590526448046237,0.0,0.0027641663525568537,0.8728169368011056,3.3131150248129355,0.8172702481012623,0.17424312685264978,0.9823646196935112
train/aculus_olearius/527.jpg,aculus_olearius,1,train/aculus_olearius/527.jpg,0.06351670185024215,0.006426176580156463,0.0,0.0002793989817459332,0.8728734633056004,2.4398486121337215,0.8289292526428834,0.17853421691186194,0.9807658460669284
train/aculus_olearius/528.jpg,aculus_olearius,1,train/aculus_olearius/528.jpg,0.06170259225754125,0.0009358330473843466,0.0,0.002027638269332751,0.8925039772904514,3.320857502840746,0.822206974735726,0.19011977364393456,0.976615382215508
train/aculus_olearius/529.jpg,aculus_olearius,1,train/aculus_olearius/529.jpg,0.11103302881236823,0.008113460678464192,0.0,0.029994250303456208,0.8532869098575353,5.120398976682737,0.8040821809278561,0.16821229592848502,0.9792202629824469
train/aculus_olearius/53.JPG,aculus_olearius,1,train/aculus_olearius/53.JPG,0.017280394980456696,0.0004320098745114174,0.0004114379757251594,0.0,0.06706439004320099,2.0471781416947623,0.7116773654174636,0.18643243818515765,0.9411148628761343
train/aculus_olearius/530.jpg,aculus_olearius,1,train/aculus_olearius/530.jpg,0.13248223957234298,0.015474432018006612,0.0,0.023000633044946192,0.8215164943377646,5.9725009538568425,0.8093301793869627,0.19570728268962617,0.9736313806543405
train/aculus_olearius/531.jpg,aculus_olearius,1,train/aculus_olearius/531.jpg,0.12544582933844678,0.019674017257909876,0.0,0.026615532118887824,0.8142665388302972,5.879085007580097,0.8131703090444953,0.20702121332536685,0.9713741789678219
train/aculus_olearius/532.jpg,aculus_olearius,1,train/aculus_olearius/532.jpg,0.14428958575300038,0.04448315911730546,0.0003484320557491289,0.03786295005807201,0.7582268679829656,6.647539330064499,0.7616428110435316,0.1497851311653721,0.975372862445397
train/aculus_olearius/533.jpg,aculus_olearius,1,train/aculus_olearius/533.jpg,0.10211625542925792,0.02310322521023935,0.0,0.027508240150324985,0.8530634876628778,5.255126776909402,0.7890717408843767,0.18274959473081287,0.9806203499463002
train/aculus_olearius/534.jpg,aculus_olearius,1,train/aculus_olearius/534.jpg,0.09951468209225943,0.009828913182018726,0.00725525761066719,0.068189617138095,0.860630423059954,6.326942258233027,0.7584860921997307,0.15159085075390571,0.974271031673432
train/aculus_olearius/535.jpg,aculus_olearius,1,train/aculus_olearius/535.jpg,0.09962945421112752,0.011060652494915443,0.0,0.039812776864569695,0.8685816175856016,5.221173616264352,0.8130808412909992,0.1726717522668934,0.9769436348598941
train/aculus_olearius/536.jpg,aculus_olearius,1,train/aculus_olearius/536.jpg,0.18303741522517716,0.0,0.0,0.004191114836546521,0.753714851786939,4.547160568263168,0.7780516414629964,0.17700892228233167,0.982935206265371
train/aculus_olearius/537.jpg,aculus_olearius,1,train/aculus_olearius/537.jpg,0.2606768139500517,0.0006403625437170583,0.0,0.002955519432540269,0.6611004384020491,5.993316955317846,0.7565354944004106,0.1845261704458858,0.9753185598137624
train/aculus_olearius/538.jpg,aculus_olearius,1,train/aculus_olearius/538.jpg,0.12410738255033557,0.00010738255033557047,0.0,0.006684563758389262,0.853503355704698,5.031897544719821,0.7783013883818822,0.1778112412031177,0.9787752287587261
train/aculus_olearius/539.jpg,aculus_olearius,1,train/aculus_olearius/539.jpg,0.10583812351867491,0.001389380772059825,0.0,0.00939875228158117,0.8735663497425559,4.001220062662828,0.777471577627515,0.18182595243928773,0.9802560991799276
train/aculus_olearius/540.jpg,aculus_olearius,1,train/aculus_olearius/540.jpg,0.12511554205730885,0.003268189621022052,0.0,0.014393239139046613,0.8227584840882081,5.667083046783693,0.7549292029642377,0.15301110290243736,0.9735757179977099
train/aculus_olearius/541.jpg,aculus_olearius,1,train/aculus_olearius/541.jpg,0.21008687803226897,0.0008650193689119561,0.0,0.00485163037346271,0.7497461356199933,6.07854445244806,0.7452147191952079,0.1577364207619119,0.9758412233831308
train/aculus_olearius/542.jpg,aculus_olearius,1,train/aculus_olearius/542.jpg,0.2348583266037007,0.0012288894350619712,0.0,0.01039289350795267,0.7224816544362909,5.632390760288212,0.7696972037176872,0.1707603881730532,0.9820482471457543
train/aculus_olearius/543.jpg,aculus_olearius,1,train/aculus_olearius/543.jpg,0.32004580892393075,0.0012773642249922917,0.0,0.008721314363740474,0.6414130291150949,6.991401066290564,0.765862749953722,0.19255631179267116,0.9786192949695495
train/aculus_olearius/544.jpg,aculus_olearius,1,train/aculus_olearius/544.jpg,0.2862590342748193,0.0008867999822640004,0.0,0.0032811599343768013,0.6517093069658139,6.322398575030189,0.7747951712933956,0.18291364117842518,0.9767582215607677
train/aculus_olearius/545.jpg,aculus_olearius,1,train/aculus_olearius/545.jpg,0.21524493389028895,0.0023129768357096005,0.0,0.0060413574067041806,0.7507508544205476,6.018859847535028,0.7695843469612216,0.14547874085470996,0.9789030223366367
train/aculus_olearius/546.jpg,aculus_olearius,1,train/aculus_olearius/546.jpg,0.17614697592284442,0.00027167453390837776,0.0,0.0026488267056066833,0.8047339287533535,4.782400108629139,0.7809015892067396,0.15952707257229765,0.9801555823903938
train/aculus_olearius/547.jpg,aculus_olearius,1,train/aculus_olearius/547.jpg,0.2988951925948044,0.07836027812140084,0.0,0.0003839099091413215,0.5909226634816364,6.685511665859883,0.7598434210363321,0.1801075242442954,0.9767092621083517
train/aculus_olearius/548.jpg,aculus_olearius,1,train/aculus_olearius/548.jpg,0.36255193122454854,0.008884866932664225,0.0,0.00028793550244745177,0.5797787009995475,5.322922494282249,0.7269362941310966,0.15437412512488458,0.9811884535629095
train/aculus_olearius/549.jpg,aculus_olearius,1,train/aculus_olearius/549.jpg,0.13624513180340533,0.04293668930445138,0.0,0.0007081013228620168,0.8077826772667289,5.132207598027148,0.807025080783902,0.23313331009013877,0.9717706204277091
train/aculus_olearius/55.jpg,aculus_olearius,1,train/aculus_olearius/55.jpg,0.06475467172978915,0.0014589787148995702,1.99860097931448e-05,0.02424302987908464,0.8750474667732587,7.360381011019373,0.7703813484381274,0.11740701358487646,0.9667275896467542
train/aculus_olearius/550.jpg,aculus_olearius,1,train/aculus_olearius/550.jpg,0.15732502965599052,0.08081257413997628,0.0,0.0021129893238434165,0.7451067615658363,6.220332627920049,0.777224273518334,0.1783191219973705,0.9737021288572922
train/aculus_olearius/551.jpg,aculus_olearius,1,train/aculus_olearius/551.jpg,0.2205719842638023,0.012023162268487823,0.0,0.00039782522211908233,0.7547186491623569,5.241951481567122,0.7854341622008899,0.19551553415484052,0.9755962769478106
train/aculus_olearius/552.jpg,aculus_olearius,1,train/aculus_olearius/552.jpg,0.12103852905848655,0.0067448951307400905,9.239582370876836e-05,0.0020019095136899812,0.8598355354337984,5.550701229741654,0.8148046223381005,0.2543868076719888,0.9663337983589637
train/aculus_olearius/553.jpg,aculus_olearius,1,train/aculus_olearius/553.jpg,0.29197912555365524,0.05459807920010525,0.0,0.0002631232732535193,0.6264088058588783,5.476765002094307,0.7601267360270395,0.16445628373417934,0.979930572755719
train/aculus_olearius/554.jpg,aculus_olearius,1,train/aculus_olearius/554.jpg,0.23853493382579255,0.011011935296330495,0.0,0.017338668308197393,0.7123217400225711,5.078485934732598,0.7439365841536821,0.16533494517743597,0.9813066626024608
train/aculus_olearius/555.jpg,aculus_olearius,1,train/aculus_olearius/555.jpg,0.2682596378864392,0.05082727757934064,0.0,0.005624666420330911,0.6303731986697869,5.889266591855806,0.7473180036460453,0.1854205927163842,0.9776122101578634
train/aculus_olearius/556.jpg,aculus_olearius,1,train/aculus_olearius/556.jpg,0.205889755852001,0.020639315378806946,0.0,0.002840602639243465,0.7524720434360505,4.898325492019806,0.7894392421158268,0.17576477017621817,0.9792769925754156
train/aculus_olearius/557.jpg,aculus_olearius,1,train/aculus_olearius/557.jpg,0.17067277120691848,0.04018822332443088,0.0,0.004101487981686379,0.7737504769172072,5.905798186168171,0.7651982213736073,0.15045741352054537,0.9779200112357715
train/aculus_olearius/558.jpg,aculus_olearius,1,train/aculus_olearius/558.jpg,0.14812462022869138,0.005883002817212617,0.0,0.0022648179859691762,0.8348063856819312,4.560874593455836,0.7941160578112048,0.198193261331164,0.9797615435314875
train/aculus_olearius/559.jpg,aculus_olearius,1,train/aculus_olearius/559.jpg,0.1580597435536142,0.043116809919684376,0.0,0.0014794983795970128,0.7794490629843596,5.9483941235169056,0.7785810658391007,0.19333397478589806,0.9725984003593885
train/aculus_olearius/56.jpg,aculus_olearius,1,train/aculus_olearius/56.jpg,0.029342582625682734,0.001156161543674999,0.00023920583662241358,0.003508352270462066,0.9685244986644341,1.8270626905902145,0.8523206033050996,0.2760750445827489,0.9723690503872926
train/aculus_olearius/560.jpg,aculus_olearius,1,train/aculus_olearius/560.jpg,0.3003289626094611,0.0235370430431358,0.0,0.006254922855951443,0.6303108928323218,5.251063736118807,0.7551997537331876,0.16202272175260363,0.979725695172609
train/aculus_olearius/561.jpg,aculus_olearius,1,train/aculus_olearius/561.jpg,0.14548419555185454,0.007425141389958711,0.0,0.0017348461191492315,0.8119426806842233,4.038341083458235,0.8003523422528152,0.22519136363995468,0.9721533685321635
train/aculus_olearius/562.jpg,aculus_olearius,1,train/aculus_olearius/562.jpg,0.07380266295707472,0.011948529411764705,0.0,0.0012420508744038156,0.9048837440381559,3.742601653243235,0.8234325819954875,0.22705016907992623,0.9672028813927751
train/aculus_olearius/563.jpg,aculus_olearius,1,train/aculus_olearius/563.jpg,0.0711144683950684,0.018830765910378505,0.0,0.003453206356057949,0.8715569104594383,3.9728576990472053,0.817158181608173,0.21218556039826014,0.9638554918117525
train/aculus_olearius/564.jpg,aculus_olearius,1,train/aculus_olearius/564.jpg,0.0626123013130615,0.00340935268371343,0.0,0.00479152269062428,0.927942870306381,3.8096740065032724,0.8158984407031676,0.20831151693660965,0.9659642275593529
train/aculus_olearius/565.jpg,aculus_olearius,1,train/aculus_olearius/565.jpg,0.05835431297204187,0.01060023850536637,0.0,0.003153570955346495,0.9239432887239963,3.1541173644345717,0.8189043794059677,0.22805359780322224,0.9700482092513886
train/aculus_olearius/566.jpg,aculus_olearius,1,train/aculus_olearius/566.jpg,0.09795293134660911,0.0029522350647542125,0.0,0.0010861996936359839,0.8827461356357054,3.812884486754357,0.8007276370486719,0.17518602277334605,0.972523791413348
train/aculus_olearius/567.jpg,aculus_olearius,1,train/aculus_olearius/567.jpg,0.1998567050113442,0.0017911873581976676,0.0,0.0006368666162480596,0.7288540381323887,4.735878388954724,0.7630612190852737,0.1756711001998423,0.9810159105590828
train/aculus_olearius/568.jpg,aculus_olearius,1,train/aculus_olearius/568.jpg,0.17406219495188954,0.033328684981174174,0.0,0.0028726816343606193,0.7523079068470228,5.610521032317728,0.7423357644801062,0.1991853280230217,0.9774413679502862
train/aculus_olearius/569.jpg,aculus_olearius,1,train/aculus_olearius/569.jpg,0.10210796915167095,0.00493573264781491,0.0,0.00035989717223650384,0.8733161953727506,4.2699973195987315,0.797754859045898,0.20125649435563617,0.9790682963086136
train/aculus_olearius/57.jpg,aculus_olearius,1,train/aculus_olearius/57.jpg,0.07233120437956204,0.004630474452554744,0.007732664233576643,0.004425182481751825,0.911382299270073,2.592519180404147,0.8047236705198471,0.19084047846099653,0.982118575906769
train/aculus_olearius/570.jpg,aculus_olearius,1,train/aculus_olearius/570.jpg,0.21744390673119227,0.0009898812142542894,0.0,0.0002566358703622232,0.7262428508578971,5.183513073002554,0.760571089079896,0.15881437747882057,0.9807108718982884
train/aculus_olearius/571.jpg,aculus_olearius,1,train/aculus_olearius/571.jpg,0.10158307352362503,0.00926234222235675,0.0,0.00729485122741169,0.871295819838363,5.518120268761141,0.815371226408152,0.1933629899667798,0.9703561338780092
train/aculus_olearius/572.jpg,aculus_olearius,1,train/aculus_olearius/572.jpg,0.1370522724992475,0.019631450453162103,0.0,0.010200327748235845,0.805692117320491,7.007846899539331,0.7791541318885764,0.16083291128210495,0.9732910183853988
train/aculus_olearius/573.jpg,aculus_olearius,1,train/aculus_olearius/573.jpg,0.08877382777472448,0.015880362153249835,0.0,0.007000086777935264,0.8707587284139886,5.196554008590269,0.8033483744945787,0.2172858230067477,0.9754865046122889
train/aculus_olearius/574.jpg,aculus_olearius,1,train/aculus_olearius/574.jpg,0.220966504730248,0.017949373561748912,0.0,0.005216057274354385,0.6978266428023523,6.598120168212114,0.7993599905703286,0.1725953544406587,0.9754943318569196
train/aculus_olearius/575.jpg,aculus_olearius,1,train/aculus_olearius/575.jpg,0.14769479309059277,0.018764757052317633,0.0,0.0,0.7924692431962221,3.609493960355797,0.7951451428816543,0.1818442355280647,0.9785994912776993
train/aculus_olearius/576.jpg,aculus_olearius,1,train/aculus_olearius/576.jpg,0.16991541901613844,0.022797977833949056,0.03196091775228466,0.0058331713007972,0.754010305269298,4.944674194919399,0.7162490334762222,0.14196961499857957,0.9774078710929619
train/aculus_olearius/577.jpg,aculus_olearius,1,train/aculus_olearius/577.jpg,0.15668070444104135,0.006699846860643185,0.003158499234303216,0.0,0.7987493619193466,4.165590686516035,0.749772227596874,0.17186464902409765,0.9741614744680103
train/aculus_olearius/578.jpg,aculus_olearius,1,train/aculus_olearius/578.jpg,0.12131695097220566,0.00432422760348324,8.946677800310152e-05,0.0,0.813759990456877,3.759576116148426,0.7664009565338951,0.17549665899223288,0.9697117583206908
train/aculus_olearius/579.jpg,aculus_olearius,1,train/aculus_olearius/579.jpg,0.18409753345660826,0.001473030996333093,0.0,0.0,0.7943711411289058,3.864194038041208,0.784669979098944,0.1673848839841927,0.9792425211566215
train/aculus_olearius/58.jpg,aculus_olearius,1,train/aculus_olearius/58.jpg,0.036690047579339774,0.0006621866875950361,0.0010300681807033894,0.012213665571197331,0.9037622014028548,3.842305694915087,0.7728750988253668,0.15755791640654038,0.9834223424724118
train/aculus_olearius/580.jpg,aculus_olearius,1,train/aculus_olearius/580.jpg,0.3741339491916859,0.08531037861291903,0.0,0.09188886556092099,0.4147945972426342,6.564383595582104,0.7464160503937277,0.20058574154432074,0.9805041619646073
train/aculus_olearius/581.jpg,aculus_olearius,1,train/aculus_olearius/581.jpg,0.2555189038315148,0.045208491922523894,0.0,0.054089486593927094,0.6468324452338662,7.478268798680159,0.7337022704961566,0.1421263070280634,0.9788725447369024
train/aculus_olearius/582.jpg,aculus_olearius,1,train/aculus_olearius/582.jpg,0.2493744433606175,0.062386021459773525,0.0,0.06840832944569321,0.5943848339624241,7.328487067041303,0.7306936387162017,0.14477205689903608,0.9807688026407306
train/aculus_olearius/583.jpg,aculus_olearius,1,train/aculus_olearius/583.jpg,0.1557641326932722,0.019094361252418143,0.0,0.010854768216665473,0.7514508848606434,6.372708003303025,0.8037748000966451,0.20289212317320124,0.9819263972803396
train/aculus_olearius/584.jpg,aculus_olearius,1,train/aculus_olearius/584.jpg,0.13159314437481845,0.005104369838569116,0.0,0.01195169523177159,0.8042494916379632,4.36117811107715,0.8274618648377845,0.2174088749677699,0.9838502568568428
train/aculus_olearius/585.jpg,aculus_olearius,1,train/aculus_olearius/585.jpg,0.10122875516766192,0.010076940744143316,0.0,0.02911116214974736,0.8560806155259532,4.923860141029467,0.7925765528489779,0.17949861443911044,0.9814348951924672
train/aculus_olearius/586.jpg,aculus_olearius,1,train/aculus_olearius/586.jpg,0.24584298042517364,0.010860871395495686,0.0,0.04723216165017891,0.7131551252367923,6.311433433109338,0.7797605602923635,0.15681017238914655,0.9823070295200232
train/aculus_olearius/587.jpg,aculus_olearius,1,train/aculus_olearius/587.jpg,0.06751124499649239,4.12660421738951e-05,4.12660421738951e-05,0.018404654809557216,0.8591177320183221,4.7835330967502685,0.7629258175163425,0.16605048193714517,0.9817041011609899
train/aculus_olearius/588.jpg,aculus_olearius,1,train/aculus_olearius/588.jpg,0.08113759933082393,0.02969468841488917,0.0,0.01725916631813746,0.8455318555694967,4.594343624177867,0.7935876817809194,0.18465627571861964,0.9763096425707883
train/aculus_olearius/589.jpg,aculus_olearius,1,train/aculus_olearius/589.jpg,0.05969796058858962,0.002151277859048275,0.0,0.03312967902934343,0.9219946648309095,3.1170956244691785,0.807856434217527,0.20204335140060317,0.9809716446388591
train/aculus_olearius/59.jpg,aculus_olearius,1,train/aculus_olearius/59.jpg,0.022607316796919245,0.00022652622041001246,0.0,0.003760335258806207,0.9423037716615699,2.829579246755627,0.8267369946552827,0.1821097052556239,0.9810234380775883
train/aculus_olearius/590.jpg,aculus_olearius,1,train/aculus_olearius/590.jpg,0.05534210741437096,0.026349491811765987,0.0,0.018638110030246055,0.8918771628654731,5.475541134874073,0.7715597654946578,0.17875215365744232,0.9706041839761077
train/aculus_olearius/591.jpg,aculus_olearius,1,train/aculus_olearius/591.jpg,0.14235792446170137,0.0020472996823155667,0.0,0.010307094952347336,0.8039181080127074,5.245806947520265,0.7571626200705062,0.1544017171785449,0.9789587767652458
train/aculus_olearius/592.jpg,aculus_olearius,1,train/aculus_olearius/592.jpg,0.21291353451719505,0.01833896212368813,0.0,0.011838617133311545,0.6310055561608018,5.838700469192523,0.7779506714418867,0.19871144948395036,0.9763545070395041
train/aculus_olearius/593.jpg,aculus_olearius,1,train/aculus_olearius/593.jpg,0.18170630180620406,0.020957758714301226,0.0,0.011329496507040215,0.7137944764179969,5.324662671639909,0.7898797987135853,0.20274499260812354,0.9753524766571317
train/aculus_olearius/594.jpg,aculus_olearius,1,train/aculus_olearius/594.jpg,0.1336692271688555,0.005148536659232951,0.0,0.012802510944081935,0.8355221497205474,5.005351381670251,0.7876640992890471,0.19637763719744392,0.97819555036127
train/aculus_olearius/595.jpg,aculus_olearius,1,train/aculus_olearius/595.jpg,0.1104413228625152,0.0015208494635549166,2.765180842827121e-05,0.015070235593407809,0.8648379604026103,4.4887032274965515,0.7844587798968693,0.2264551340207282,0.9756716946402768
train/aculus_olearius/596.jpg,aculus_olearius,1,train/aculus_olearius/596.jpg,0.1400254542500474,0.004224322348289962,0.0,0.025318855100327657,0.7716970402664572,5.597370557182819,0.7624247300204329,0.2006759876062244,0.9704528757984524
train/aculus_olearius/597.jpg,aculus_olearius,1,train/aculus_olearius/597.jpg,0.322033092430582,0.0009033853176112591,0.0,0.007559908710536326,0.5781666032712058,7.179625834466273,0.7422640748498397,0.15484120021035014,0.9795660217629943
train/aculus_olearius/598.jpg,aculus_olearius,1,train/aculus_olearius/598.jpg,0.2524785510009533,0.030362249761677788,0.0,0.017874165872259293,0.5298856053384176,6.776691302383259,0.743395736768956,0.15586613926178586,0.9821276067632169
train/aculus_olearius/599.jpg,aculus_olearius,1,train/aculus_olearius/599.jpg,0.31870549412377697,0.027441671973600416,0.0,0.015341863023215423,0.4212933479997684,7.779306573224247,0.7417565818133105,0.170363051538412,0.9788247822869254
train/aculus_olearius/6.jpg,aculus_olearius,1,train/aculus_olearius/6.jpg,0.10023015662871458,0.00018331058924170518,0.0,0.03794529197303297,0.8692180784976679,12.09439571037954,0.7467047816370938,0.11509974656343194,0.9526400928457827
train/aculus_olearius/60.jpg,aculus_olearius,1,train/aculus_olearius/60.jpg,0.033870653550209406,0.00043829745787474434,4.869971754163826e-05,0.00024349858770819128,0.9241745397876693,2.290618065741305,0.8090290374418276,0.17057238750744,0.9866042180963437
train/aculus_olearius/600.jpg,aculus_olearius,1,train/aculus_olearius/600.jpg,0.18673031409202134,0.013678847928115849,0.0,0.00533515183120061,0.7552248385414577,5.669538005353875,0.804318740032518,0.2037559089443342,0.9743669999238473
train/aculus_olearius/601.jpg,aculus_olearius,1,train/aculus_olearius/601.jpg,0.12551915089986157,0.02897356450655943,0.0,0.0022414134089260994,0.8173248071725229,5.406978187747977,0.7912017293177581,0.18988021192040103,0.9771932771065428
train/aculus_olearius/602.jpg,aculus_olearius,1,train/aculus_olearius/602.jpg,0.15446995984248899,0.00015595149908378494,0.0,0.005536278217474365,0.7692307692307693,5.159947259776588,0.7366469830561342,0.1480536361276219,0.984014095905398
train/aculus_olearius/603.jpg,aculus_olearius,1,train/aculus_olearius/603.jpg,0.24429868381043396,0.029451370487815473,0.0,0.00034750879631640676,0.6511880456974067,6.19845295827882,0.7408572829791529,0.17505744057017691,0.9779960759618762
train/aculus_olearius/604.jpg,aculus_olearius,1,train/aculus_olearius/604.jpg,0.06677996601019694,0.08017594721583525,0.0,0.03206538038588423,0.8257522743177047,5.074704295309035,0.7245522574733562,0.2357972713949226,0.9811901604621562
train/aculus_olearius/605.jpg,aculus_olearius,1,train/aculus_olearius/605.jpg,0.21648187831920246,0.005310723935525948,4.658529768005217e-05,0.04118140314916612,0.755287431286686,5.452427090187601,0.7605458381794984,0.1996465126383275,0.9771771074538135
train/aculus_olearius/606.jpg,aculus_olearius,1,train/aculus_olearius/606.jpg,0.295119825708061,0.0,0.0,0.03764705882352941,0.6615250544662309,6.489490725576166,0.772320075021814,0.17559049528324644,0.9817981144752708
train/aculus_olearius/607.jpg,aculus_olearius,1,train/aculus_olearius/607.jpg,0.08852531942762523,0.02043842522798606,0.00046956478758371846,0.0666287719645108,0.8795195610804933,6.482853516751591,0.7330130929213252,0.13572029083045037,0.9800107209263977
train/aculus_olearius/608.jpg,aculus_olearius,1,train/aculus_olearius/608.jpg,0.06393888656341566,0.1156341565508581,0.0054416073670992045,0.09934421654806753,0.7973350076740616,5.560035779144319,0.7768582545078043,0.21114117799925136,0.9821993428373417
train/aculus_olearius/609.jpg,aculus_olearius,1,train/aculus_olearius/609.jpg,0.12719395076719284,0.007589137873937521,0.007037200574014792,0.0009934871398609118,0.8518876255657357,4.959678802963025,0.7739744636741585,0.17094207305606862,0.9753859180301203
train/aculus_olearius/61.jpg,aculus_olearius,1,train/aculus_olearius/61.jpg,0.03503991586595918,0.0004063291744347244,7.170514842965726e-05,0.0008843634972991061,0.912495817199675,2.564374944743336,0.7769649022267096,0.16066304128211623,0.9863147768072036
train/aculus_olearius/610.jpg,aculus_olearius,1,train/aculus_olearius/610.jpg,0.11773537520814566,0.019763601124669013,0.011383179100810744,0.0016924630797368492,0.8325007506892692,5.2176308033993415,0.7485283475848441,0.23957515676575525,0.9706318349677275
train/aculus_olearius/611.jpg,aculus_olearius,1,train/aculus_olearius/611.jpg,0.35850046641791045,0.020813899253731342,0.0,0.0,0.6149720149253731,5.897529501624692,0.7395937101151099,0.17774358665688803,0.9743603497095322
train/aculus_olearius/612.jpg,aculus_olearius,1,train/aculus_olearius/612.jpg,0.4307063756585313,0.03451241801956779,0.0,0.008386195032792173,0.4966132673906032,4.0260765040321225,0.78114098453049,0.24124214986824982,0.9741603593271743
train/aculus_olearius/613.jpg,aculus_olearius,1,train/aculus_olearius/613.jpg,0.4613481756338899,0.07946815089672232,0.0,0.009997938569367142,0.4049680478251907,5.499236393634742,0.759277690492291,0.21459653388874544,0.9728640299860737
train/aculus_olearius/614.jpg,aculus_olearius,1,train/aculus_olearius/614.jpg,0.11548481496020842,0.013846757788801256,0.0,0.007387316655365618,0.8632454230755505,4.261506906358589,0.7888274475781353,0.21200914462682757,0.9689141138539761
train/aculus_olearius/615.jpg,aculus_olearius,1,train/aculus_olearius/615.jpg,0.06567084238402714,0.03526051120302318,0.00047609129050495434,0.020382658374743356,0.8919867884666884,4.225964188063948,0.7810205506841001,0.16387414835909278,0.9767171196856905
train/aculus_olearius/616.jpg,aculus_olearius,1,train/aculus_olearius/616.jpg,0.05534564791491744,0.09389868457878534,0.013119227539882452,0.027707808564231738,0.8110831234256927,5.385432028321868,0.7617512540172974,0.2579169500074367,0.9712771886687592
train/aculus_olearius/617.jpg,aculus_olearius,1,train/aculus_olearius/617.jpg,0.13243703104515914,0.014030292042062983,0.019804189562355305,0.04409918830716019,0.819084544364174,5.094069831925509,0.7421301461592621,0.1653098654538488,0.9799150668786436
train/aculus_olearius/618.jpg,aculus_olearius,1,train/aculus_olearius/618.jpg,0.11794315338939627,0.02067697501281008,0.050064803930433735,0.03315549929167797,0.7851222232269344,5.609972791073958,0.7509478352572405,0.14138456251411655,0.9778421889568489
train/aculus_olearius/619.jpg,aculus_olearius,1,train/aculus_olearius/619.jpg,0.07915114207030617,0.036740644743236676,0.000971974728657055,0.026405313461849992,0.8441276526810303,5.514102316504411,0.7837770465373565,0.21857039911272616,0.9690287273843392
train/aculus_olearius/62.jpg,aculus_olearius,1,train/aculus_olearius/62.jpg,0.04358440439434193,0.0011488475622890787,0.0039252291711543525,0.0015557310739331275,0.90878629041909,2.619209327832532,0.7647944758239034,0.17209777678552868,0.9843297985136993
train/aculus_olearius/620.jpg,aculus_olearius,1,train/aculus_olearius/620.jpg,0.2878009352808729,0.03989377056751919,0.017377749552566248,0.033600831360775935,0.5946538883436291,7.553210199438486,0.7329707694516747,0.17128856278656676,0.9720966935051237
train/aculus_olearius/621.jpg,aculus_olearius,1,train/aculus_olearius/621.jpg,0.3661864082621446,0.018487823536911897,0.0,0.034999362488843555,0.6029580517659059,6.899028701037117,0.7535214283924904,0.20511937675451952,0.9741118747009997
train/aculus_olearius/622.jpg,aculus_olearius,1,train/aculus_olearius/622.jpg,0.4238073705629663,0.022100384354510512,0.0,0.0336310196699073,0.5421659507121863,9.099237507826448,0.7131061049753483,0.16549952814519392,0.9717937828382017
train/aculus_olearius/623.jpg,aculus_olearius,1,train/aculus_olearius/623.jpg,0.2592569962116583,0.007210069656605157,0.0,0.005988023952095809,0.7235121593547599,6.767997322678596,0.7808741614600342,0.21127375866434878,0.9650823322815343
train/aculus_olearius/624.jpg,aculus_olearius,1,train/aculus_olearius/624.jpg,0.13546630360789652,0.009360108917631041,0.0002836396641706376,0.040475380077149986,0.8472884048105287,6.500125074822906,0.7340330540273606,0.13105992890994678,0.9726467147435183
train/aculus_olearius/625.jpg,aculus_olearius,1,train/aculus_olearius/625.jpg,0.12187273751106106,0.019279757595259163,0.06395302067412115,0.021129970771994744,0.7775990132196391,5.4873464045845575,0.7325172251241867,0.16302367340158697,0.9766890338670869
train/aculus_olearius/626.jpg,aculus_olearius,1,train/aculus_olearius/626.jpg,0.6012834224598931,0.006345811051693405,0.0,0.018823529411764704,0.3696969696969697,5.8342050676341195,0.7217366766960637,0.17580217378504825,0.9809387261644952
train/aculus_olearius/627.jpg,aculus_olearius,1,train/aculus_olearius/627.jpg,0.46112641567187024,0.008519538822569126,0.0,0.028211406999285787,0.5127027854300582,7.009568461741305,0.6906303792981432,0.1494054372136158,0.9777844979129475
train/aculus_olearius/628.jpg,aculus_olearius,1,train/aculus_olearius/628.jpg,0.4817890323111075,0.007399490257337828,0.0,0.011345885061251336,0.494861465099071,5.274167522088196,0.7528768715136306,0.19876260400190826,0.9756591190354075
train/aculus_olearius/629.jpg,aculus_olearius,1,train/aculus_olearius/629.jpg,0.22822474446604377,0.032608014046529125,0.0005330156142221107,0.030664074747601428,0.7165924625321377,6.019566861109697,0.6674907567457917,0.1062403410151063,0.9807634749927596
train/aculus_olearius/63.jpg,aculus_olearius,1,train/aculus_olearius/63.jpg,0.023530263538951636,0.0004344048653344917,4.8267207259387974e-05,0.0003378704508157158,0.9448064484988898,2.1400278656650684,0.8060981266880474,0.1959503324529729,0.9829224597418764
train/aculus_olearius/630.jpg,aculus_olearius,1,train/aculus_olearius/630.jpg,0.2874138098475284,0.04685830824511994,0.069631931630572,0.009177430319510536,0.4918422841604351,6.14291452826384,0.6705525324888187,0.16241290280243337,0.9754210629099399
train/aculus_olearius/631.jpg,aculus_olearius,1,train/aculus_olearius/631.jpg,0.5783075089392133,0.026221692491060787,0.0007151370679380214,0.1877632101708383,0.2974970202622169,8.306052452888643,0.7269158034142507,0.18493419814732506,0.9826454573738493
train/aculus_olearius/632.jpg,aculus_olearius,1,train/aculus_olearius/632.jpg,0.6028445543789132,0.022339027595269383,0.0002318930200200974,0.22849192239313595,0.28491922393135966,9.274411919605694,0.7292863521985645,0.20504257356278888,0.979811843560297
train/aculus_olearius/633.jpg,aculus_olearius,1,train/aculus_olearius/633.jpg,0.5644811564274651,0.020650490449148167,0.000619514713474445,0.14269488900361382,0.32049561177077956,7.425041546672172,0.779942964077219,0.21084821131766324,0.9781984731137268
train/aculus_olearius/634.jpg,aculus_olearius,1,train/aculus_olearius/634.jpg,0.19380370066669045,0.030482370137972833,0.006845163820457057,0.10617134300688082,0.7380298762879247,5.9625514928720555,0.7380667788540001,0.14118044350422485,0.9842876344629188
train/aculus_olearius/635.jpg,aculus_olearius,1,train/aculus_olearius/635.jpg,0.37802309999361877,0.01365579733265267,0.0,0.010337566205092208,0.5347457086337821,6.232703100859195,0.7021232252019196,0.1652851374909137,0.9798798916156014
train/aculus_olearius/636.jpg,aculus_olearius,1,train/aculus_olearius/636.jpg,0.2832922036376931,0.008134539804405448,0.0,0.1290101453249246,0.673247417969107,7.12206109267612,0.7392359483676035,0.15350993663137988,0.981464388749543
train/aculus_olearius/637.jpg,aculus_olearius,1,train/aculus_olearius/637.jpg,0.3097310703691096,0.011379662500607887,0.0,0.13339493264601468,0.6397412828867384,8.440757584294456,0.7277592156585586,0.1610868786319356,0.9784738246685263
train/aculus_olearius/638.jpg,aculus_olearius,1,train/aculus_olearius/638.jpg,0.08415172538066493,0.10573024596810524,0.0,0.0012163257951166772,0.7737183530047752,4.4921374519538855,0.7790407861254074,0.23617262848111922,0.9601378519057218
train/aculus_olearius/639.jpg,aculus_olearius,1,train/aculus_olearius/639.jpg,0.019946705301011565,0.04266163040384963,0.0,0.0,0.8615890099086746,3.626768303906602,0.7530947776411783,0.22718387314778943,0.9581511203896571
train/aculus_olearius/64.jpg,aculus_olearius,1,train/aculus_olearius/64.jpg,0.04254253114395682,0.0006604568539479378,0.0,0.0071739278963310485,0.900817600036439,3.0401341396337864,0.7409703463001565,0.1248256761923631,0.9882889493589571
train/aculus_olearius/640.jpg,aculus_olearius,1,train/aculus_olearius/640.jpg,0.014714522245366662,0.07485445708486888,0.0010949100037387172,0.0,0.8695721839448807,3.170243433696351,0.75796652169004,0.2090455833799547,0.9568803000942344
train/aculus_olearius/641.jpg,aculus_olearius,1,train/aculus_olearius/641.jpg,0.02344343204252088,0.07697418375094912,0.0,0.0,0.7538439635535308,2.9553793361083702,0.7314716842325888,0.20078098964705693,0.9608257548942798
train/aculus_olearius/642.jpg,aculus_olearius,1,train/aculus_olearius/642.jpg,0.06261881444783686,0.1239126677804021,0.0,0.00011521401002361887,0.7213549167578778,3.741519709599955,0.7635246491778422,0.22512333548769783,0.9683002023844595
train/aculus_olearius/643.jpg,aculus_olearius,1,train/aculus_olearius/643.jpg,0.058828741029502966,0.21688668379551695,0.0,0.00017719500310091257,0.5809338176663418,4.446057264747926,0.7385650845955366,0.2069251003982726,0.963556518350398
train/aculus_olearius/644.jpg,aculus_olearius,1,train/aculus_olearius/644.jpg,0.009718599228975737,0.062351393153119876,0.0,9.233823495463884e-05,0.8980816731688174,3.335934125719972,0.7682245136735955,0.18834122417444754,0.9657846579288113
train/aculus_olearius/645.jpg,aculus_olearius,1,train/aculus_olearius/645.jpg,0.02397998792374709,0.08024957589349895,2.875298312199891e-05,0.0,0.8565513672043474,2.4427009204854793,0.7545844231564334,0.19832429876333302,0.975271559708603
train/aculus_olearius/646.jpg,aculus_olearius,1,train/aculus_olearius/646.jpg,0.016570839661531785,0.04634953352137123,0.0,0.0,0.8454111520937296,3.5717413151014137,0.7486226611581864,0.19708666911725092,0.9525868704748786
train/aculus_olearius/647.jpg,aculus_olearius,1,train/aculus_olearius/647.jpg,0.4207740051113545,0.007058537179019107,0.0,0.029390288426433004,0.5634659851527322,5.4107011735791115,0.745168502465601,0.19000188879273508,0.9776750212029155
train/aculus_olearius/648.jpg,aculus_olearius,1,train/aculus_olearius/648.jpg,0.23737785016286644,0.001954397394136808,0.0,0.021131921824104234,0.7553745928338762,5.433948219249775,0.7451597526533895,0.19461357384366013,0.9730923379507432
train/aculus_olearius/649.jpg,aculus_olearius,1,train/aculus_olearius/649.jpg,0.1354075645986768,0.0018100112345524903,0.0,0.033890900012482836,0.8589439520659093,6.111729092507948,0.7750174286724285,0.18253416617691023,0.9696884965230871
train/aculus_olearius/65.jpg,aculus_olearius,1,train/aculus_olearius/65.jpg,0.015584661661258615,0.0003315885459842259,0.0,0.000734231780393643,0.942279908102603,2.4512234007090314,0.7938095236351694,0.1652239615370721,0.9860992720708037
train/aculus_olearius/650.jpg,aculus_olearius,1,train/aculus_olearius/650.jpg,0.1905150896301339,0.007215793056501021,0.0,0.02182890855457227,0.7839800317676424,6.318503659440605,0.760819230363802,0.15305076350684388,0.9733700746255023
train/aculus_olearius/651.jpg,aculus_olearius,1,train/aculus_olearius/651.jpg,0.4752871562826314,0.012878524190741385,0.022102332057083188,0.02923773059519666,0.4843369300382875,6.598447405436847,0.7675795195136823,0.22058857213255012,0.9735959911257415
train/aculus_olearius/652.jpg,aculus_olearius,1,train/aculus_olearius/652.jpg,0.20771171566476523,0.021281263712154455,0.00021939447125932427,0.0029069767441860465,0.713964458095656,4.9378924582078625,0.7752121364218041,0.23331215175856715,0.9751410888811111
train/aculus_olearius/653.jpg,aculus_olearius,1,train/aculus_olearius/653.jpg,0.08714481555333999,0.003364905284147557,0.00028040877367896313,0.010904785643070788,0.8792061316051845,5.305565175147292,0.7703030153742819,0.2000275681228933,0.9674674609915357
train/aculus_olearius/654.jpg,aculus_olearius,1,train/aculus_olearius/654.jpg,0.046801985981308414,0.009564836448598131,0.0025554906542056073,0.028499805295950156,0.922240070093458,3.6190885784289315,0.7744399091809804,0.15516785050556264,0.9787727568655566
train/aculus_olearius/655.jpg,aculus_olearius,1,train/aculus_olearius/655.jpg,0.41183410472819676,0.004628369180506398,0.0,0.0391142571921227,0.5238224884290771,4.72279757345334,0.7638677845597238,0.1994128180452554,0.9789661893228603
train/aculus_olearius/656.jpg,aculus_olearius,1,train/aculus_olearius/656.jpg,0.47620730270906947,0.0034157832744405184,0.0,0.03451118963486455,0.4474676089517079,5.487609666365705,0.76555136176068,0.20533229582697038,0.9725007150763438
train/aculus_olearius/657.jpg,aculus_olearius,1,train/aculus_olearius/657.jpg,0.31283177741167856,0.0017389712612117885,0.0,0.03185063152114223,0.6243822075782537,5.010616549353432,0.7742485366761453,0.22313652264239014,0.970803885769523
train/aculus_olearius/658.jpg,aculus_olearius,1,train/aculus_olearius/658.jpg,0.07232395414619622,0.015215125800208427,0.02137859163316957,0.03072800357302367,0.8587464641953253,5.727745649398028,0.7402260651657283,0.15805181255197853,0.9737046547969617
train/aculus_olearius/659.jpg,aculus_olearius,1,train/aculus_olearius/659.jpg,0.3169160942100098,0.09451668302257114,0.0003066732090284593,0.00594946025515211,0.5672227674190383,5.61984967106885,0.7413407219610806,0.18064845510806,0.975880843019137
train/aculus_olearius/66.jpg,aculus_olearius,1,train/aculus_olearius/66.jpg,0.04568450433948275,0.0003052902437960661,0.00826464302847922,0.015569802433599372,0.9224344716298137,3.9320246758154873,0.789294684535541,0.19882326622695043,0.9763090112014623
train/aculus_olearius/660.jpg,aculus_olearius,1,train/aculus_olearius/660.jpg,0.40740463164205953,0.07367158809862849,0.0,0.013640110919583302,0.49748932024282394,6.75273663169134,0.7225605955420038,0.19792688542264772,0.9711017289140573
train/aculus_olearius/661.jpg,aculus_olearius,1,train/aculus_olearius/661.jpg,0.08978975798337128,0.050495154371657046,0.006593232007625907,0.027114335645818992,0.8483556638246041,6.639222771507654,0.7186598138878638,0.18083597418537659,0.9686702216456877
train/aculus_olearius/662.jpg,aculus_olearius,1,train/aculus_olearius/662.jpg,0.08415576694411415,0.06293103448275862,0.016854934601664685,0.027437574316290132,0.8266349583828775,5.9557341110814495,0.7343502414786911,0.2054764154664654,0.9712720803941977
train/aculus_olearius/663.jpg,aculus_olearius,1,train/aculus_olearius/663.jpg,0.2894231328948134,0.0911578089527912,0.0,0.0548343908260085,0.5816985854822748,5.814405585017753,0.7226926424914153,0.16625784362096563,0.9817522444943694
train/aculus_olearius/664.jpg,aculus_olearius,1,train/aculus_olearius/664.jpg,0.3064053537284895,0.06644359464627152,0.0,0.055270076481835566,0.558197896749522,7.178713873010411,0.7052024522035609,0.16785039233024487,0.9772576484277993
train/aculus_olearius/665.jpg,aculus_olearius,1,train/aculus_olearius/665.jpg,0.28641623078142336,0.18251703915042003,0.0003170074496750674,0.02155650657790458,0.39142494848628945,6.027511592123937,0.7069029701752876,0.18980669311521872,0.9799843387458428
train/aculus_olearius/666.jpg,aculus_olearius,1,train/aculus_olearius/666.jpg,0.21644550793996084,0.018653469654122255,0.0,0.03181422666956711,0.7613661083315205,5.807346545896691,0.7796728702856128,0.2357035983040126,0.9693275617745418
train/aculus_olearius/667.jpg,aculus_olearius,1,train/aculus_olearius/667.jpg,0.33467263865103414,0.005071795547358714,0.0,0.0,0.6551837702542485,5.69733613952655,0.737732996655079,0.17944945121470363,0.9707257252900997
train/aculus_olearius/668.jpg,aculus_olearius,1,train/aculus_olearius/668.jpg,0.5586296209088768,0.16705910054155876,0.005297857311043089,0.0023546032493524842,0.25900635742877326,6.48429159413849,0.6937698085432541,0.20723995229265318,0.9773351298525222
train/aculus_olearius/669.jpg,aculus_olearius,1,train/aculus_olearius/669.jpg,0.222033495261066,0.013588341203247613,0.011482148316744233,0.009749634813330162,0.7416856337262628,6.960666991442961,0.6734841005536412,0.14601886518146562,0.9752998542298086
train/aculus_olearius/67.jpg,aculus_olearius,1,train/aculus_olearius/67.jpg,0.02847879600536354,2.001320871775372e-05,0.004422919126623572,0.013588968719354774,0.9521284047471331,3.206558771533803,0.8206470715104894,0.2318870474319611,0.9729146329789793
train/aculus_olearius/670.jpg,aculus_olearius,1,train/aculus_olearius/670.jpg,0.3700149551345962,0.03869641076769691,0.0696036889332004,0.004424227318045862,0.4971335992023928,5.538609440628637,0.6954792682083267,0.20042634335431228,0.9787216974498187
train/aculus_olearius/671.jpg,aculus_olearius,1,train/aculus_olearius/671.jpg,0.19080638878067782,0.047097779509154655,0.03447604207245812,0.012349045578496299,0.7185430463576159,5.986958090626686,0.6820854895641135,0.20405255327989102,0.9744000475590393
train/aculus_olearius/672.jpg,aculus_olearius,1,train/aculus_olearius/672.jpg,0.3912248628884826,0.0040975855764987705,0.0,0.022757359894093172,0.5794616402950261,5.321367404110662,0.7313203680864091,0.1678851887945376,0.9798176372625418
train/aculus_olearius/673.jpg,aculus_olearius,1,train/aculus_olearius/673.jpg,0.38307582339033375,0.0012096552482542475,0.0,0.037004453730686754,0.5967999120250729,6.466992747426639,0.7171713724643767,0.15547732032835085,0.9780346379965734
train/aculus_olearius/674.jpg,aculus_olearius,1,train/aculus_olearius/674.jpg,0.3219134184000466,0.001864475907475383,0.0,0.02575307347200373,0.653032686593253,5.898466011533921,0.7321481790004589,0.17770293855579966,0.9746756399880027
train/aculus_olearius/675.jpg,aculus_olearius,1,train/aculus_olearius/675.jpg,0.26206421114831596,0.02668898956076423,0.0087650187118377,0.04047665944455387,0.6529446523537522,5.857674453448113,0.6586281579736892,0.1475818962530598,0.980457371476214
train/aculus_olearius/676.jpg,aculus_olearius,1,train/aculus_olearius/676.jpg,0.35867163766915217,0.004694835680751174,0.0,0.01208229770781552,0.6306959403479702,4.963436165687402,0.7540877739736845,0.18364666324655732,0.9776654427680869
train/aculus_olearius/677.jpg,aculus_olearius,1,train/aculus_olearius/677.jpg,0.36388569406352295,0.012032203839688579,4.4236043528266835e-05,0.02079094045828541,0.6112978855171194,4.631495149370558,0.7296271222347313,0.14460662443169567,0.9857387463245912
train/aculus_olearius/678.jpg,aculus_olearius,1,train/aculus_olearius/678.jpg,0.41646234676007005,0.00198482194979568,0.0,0.01780502043199066,0.5757734967892586,5.740906790881258,0.7200739127236391,0.16650275254647134,0.9796151654698292
train/aculus_olearius/679.jpg,aculus_olearius,1,train/aculus_olearius/679.jpg,0.24721466158591907,0.008383233532934131,0.0033024859372164763,0.027399745962620216,0.7337688259843949,5.828851579869569,0.6837252916134258,0.13220515604207822,0.9809131015580053
train/aculus_olearius/68.jpg,aculus_olearius,1,train/aculus_olearius/68.jpg,0.07270751525030254,2.4696846212738633e-05,0.004099676471314613,0.03151317576745449,0.8802696895606431,3.95905227389336,0.7787400934308814,0.15379827847942387,0.9846041029875471
train/aculus_olearius/680.jpg,aculus_olearius,1,train/aculus_olearius/680.jpg,0.46211559073295405,0.08689916728501937,0.09300024734108335,0.039986808475554456,0.3278093824717619,5.8050922097883895,0.6714284803267592,0.2015033684871812,0.9793810709729166
train/aculus_olearius/681.jpg,aculus_olearius,1,train/aculus_olearius/681.jpg,0.5148115878893488,0.07547375299499019,0.006425615334349815,0.051078196471357,0.36811152254410806,6.469259901269954,0.6969015489121708,0.24736417156106488,0.9731047796217789
train/aculus_olearius/682.jpg,aculus_olearius,1,train/aculus_olearius/682.jpg,0.31465045592705165,0.019817629179331307,0.0,0.000547112462006079,0.6609118541033434,6.097401106872539,0.7702150301415736,0.19662460345530272,0.9668764249109438
train/aculus_olearius/683.jpg,aculus_olearius,1,train/aculus_olearius/683.jpg,0.37894297054522663,0.014414038019636515,0.0,0.0008878211823689158,0.6020994359724253,6.0408438254570065,0.7309519759239003,0.16531383699564867,0.9748692146833793
train/aculus_olearius/684.jpg,aculus_olearius,1,train/aculus_olearius/684.jpg,0.21105826397146255,0.010924494649227111,0.0,0.005536563614744352,0.7750445897740785,7.668983355242677,0.7209416469194733,0.1451203947382978,0.9641212218622988
train/aculus_olearius/685.jpg,aculus_olearius,1,train/aculus_olearius/685.jpg,0.1074399685080698,0.0517517386169794,0.015667235270961817,0.010103660936884922,0.823120325416612,6.207121528975467,0.7213436019315452,0.19667885679284589,0.9685125182933837
train/aculus_olearius/686.jpg,aculus_olearius,1,train/aculus_olearius/686.jpg,0.13663220088626293,0.05343266328431058,0.0006743304861601695,0.007546079249887611,0.8060497077901226,6.89656287230308,0.729245325342845,0.24230875609414776,0.9640450257415603
train/aculus_olearius/687.jpg,aculus_olearius,1,train/aculus_olearius/687.jpg,0.38979067205288287,0.028938670583914798,7.344840249724569e-05,0.0065369078222548655,0.5761292691883951,6.868660701603799,0.7356140875264721,0.16594050155289544,0.9684455740841384
train/aculus_olearius/688.jpg,aculus_olearius,1,train/aculus_olearius/688.jpg,0.26280377585860615,0.013858204458726651,0.0,0.0062763607150030125,0.7198734685679855,7.193715922036234,0.7327829294553105,0.1659928726731792,0.9657009687051774
train/aculus_olearius/689.jpg,aculus_olearius,1,train/aculus_olearius/689.jpg,0.19672002818114212,0.04720341304943442,0.004618576069513484,0.018513444753219303,0.747309092332381,7.1524361803620415,0.7059458465296883,0.13766741680505148,0.9725308978079747
train/aculus_olearius/69.jpg,aculus_olearius,1,train/aculus_olearius/69.jpg,0.09032755118716877,2.3346485186655148e-05,0.006887213130063269,0.050848644736534915,0.8655709382952397,3.979724426852507,0.7771370708873666,0.14879679967109277,0.9857429184840305
train/aculus_olearius/690.jpg,aculus_olearius,1,train/aculus_olearius/690.jpg,0.11513404666956213,0.1004066806175228,0.022703044182098155,0.01452994827654282,0.7526750108579776,6.325755258985234,0.6993955669242631,0.20194917239413798,0.9698948071863227
train/aculus_olearius/7.jpg,aculus_olearius,1,train/aculus_olearius/7.jpg,0.10923339982901112,0.0009974351667141636,0.0,0.028640638358506696,0.8734682245654033,12.418678288622974,0.7625703156363983,0.11417912963256684,0.9602855432715519
train/aculus_olearius/70.jpg,aculus_olearius,1,train/aculus_olearius/70.jpg,0.0667998382915983,4.7561294618439516e-05,0.0009512258923687903,0.011105562293405627,0.9068274238424769,4.279552646558776,0.7861156768339317,0.16887101786598868,0.9793292869334864
train/aculus_olearius/71.jpg,aculus_olearius,1,train/aculus_olearius/71.jpg,0.0829442151090659,0.00013534546931041484,0.011053213327017211,0.03843811328415781,0.8775349078522929,4.587507717816322,0.7571207341426041,0.1531809455415519,0.9816712814734534
train/aculus_olearius/72.jpg,aculus_olearius,1,train/aculus_olearius/72.jpg,0.07604868956947929,0.00032214270922018457,0.007639384247221519,0.0449849283232472,0.8655514392876044,4.453110234694077,0.7574153673216286,0.15995398205172098,0.9838801337210579
train/aculus_olearius/73.jpg,aculus_olearius,1,train/aculus_olearius/73.jpg,0.060372219700408535,0.0007565441065214102,0.006077570989055329,0.036793261713824583,0.8679073990013618,4.486188958594811,0.7626392850349298,0.1630766839417308,0.9837854243954401
train/aculus_olearius/74.jpg,aculus_olearius,1,train/aculus_olearius/74.jpg,0.1327932285368803,0.0009673518742442564,0.005683192261185006,0.12648125755743653,0.792720677146312,6.240191035883157,0.743388207228865,0.13972601518715191,0.9849672849220257
train/aculus_olearius/75.jpg,aculus_olearius,1,train/aculus_olearius/75.jpg,0.14901739007493284,0.0005184033177812338,0.006150148451859183,0.13714124134030822,0.7771101371412413,6.11432291742152,0.7463062273706406,0.13463446974480242,0.985840890267981
train/aculus_olearius/76.jpg,aculus_olearius,1,train/aculus_olearius/76.jpg,0.0751097346315813,0.0006015908736436353,0.013234999220159978,0.02272676633764845,0.8728637953699784,4.515688726335661,0.7574140193148671,0.1513438826289017,0.9802974628621747
train/aculus_olearius/77.jpg,aculus_olearius,1,train/aculus_olearius/77.jpg,0.07591147981428673,0.0005891918644387358,0.016002451038156066,0.02000895571633947,0.8614692088331645,4.480239627327314,0.7693615243837026,0.1501140085766422,0.981560578243247
train/aculus_olearius/78.jpg,aculus_olearius,1,train/aculus_olearius/78.jpg,0.12087380875650293,0.010842042263247548,0.004143455642005432,0.07720639012936789,0.8425486856037936,5.238882200215354,0.7628122521763177,0.1545877528977706,0.9829708997179396
train/aculus_olearius/79.jpg,aculus_olearius,1,train/aculus_olearius/79.jpg,0.10570663465533958,0.007502654785539499,0.00318574264739831,0.0578743247610693,0.8681379565076873,4.795809542771942,0.7796414528951222,0.16703601495581255,0.9816606855402483
train/aculus_olearius/8.jpg,aculus_olearius,1,train/aculus_olearius/8.jpg,0.123726470275444,0.0015526959481016696,0.0,0.0353078804636818,0.8268637668829097,10.403828082198606,0.7478895348657213,0.10705413171984048,0.9640223116843167
train/aculus_olearius/80.jpg,aculus_olearius,1,train/aculus_olearius/80.jpg,0.09981656301731466,0.004004295109838486,0.003668739653706769,0.06165272247326742,0.8801395910697508,3.351302521914258,0.773145762994881,0.15875288717764036,0.9863134499727993
train/aculus_olearius/81.jpg,aculus_olearius,1,train/aculus_olearius/81.jpg,0.08032287074203241,0.002237283674409423,0.0012063784518874339,0.04555723717400364,0.9088855256519928,2.985519764131947,0.7903221563848379,0.1669165010657241,0.9847524694208026
train/aculus_olearius/82.jpg,aculus_olearius,1,train/aculus_olearius/82.jpg,0.02164450681445187,0.001974169302856599,0.02005090026877245,0.0008324810313250719,0.9106153224080108,3.722673744169964,0.7552372210510174,0.168575847791486,0.9787413193148139
train/aculus_olearius/83.jpg,aculus_olearius,1,train/aculus_olearius/83.jpg,0.022333053802356888,0.001191684689058569,0.007128039899368849,0.0012578893940062674,0.9376130997042856,2.9945818800528192,0.7876387445731547,0.18093716643610558,0.977754376129606
train/aculus_olearius/84.jpg,aculus_olearius,1,train/aculus_olearius/84.jpg,0.06221600838867529,0.0009612023767913317,0.021976581614819992,0.015750611674239776,0.8814007340090877,3.9110055834596835,0.7429556888411185,0.1531859192551896,0.982263709091743
train/aculus_olearius/85.jpg,aculus_olearius,1,train/aculus_olearius/85.jpg,0.08578312136585818,0.0014594481895892695,0.030717909514212244,0.018092524382051105,0.8437695461811106,4.006609444614353,0.7305546714362905,0.13915733435107255,0.9841675074600406
train/aculus_olearius/86.jpg,aculus_olearius,1,train/aculus_olearius/86.jpg,0.006873156996208678,0.0005764583287142762,0.000842516018890096,0.0,0.9576081413653194,1.8341862486629743,0.780528345900628,0.161521135956187,0.9856951679705497
train/aculus_olearius/87.jpg,aculus_olearius,1,train/aculus_olearius/87.jpg,0.006935324070873943,0.0002304094375705629,0.00011520471878528145,0.0,0.9624893435635123,1.684121983348362,0.7998374325125951,0.16750293819601994,0.9864983643916975
train/aculus_olearius/88.jpg,aculus_olearius,1,train/aculus_olearius/88.jpg,0.06902482630637971,0.005567248285694887,0.0051372575644420305,0.00018104872473804514,0.9116255912372417,3.1014273249831215,0.807156405339545,0.18993624399868964,0.9761956270902779
train/aculus_olearius/89.jpg,aculus_olearius,1,train/aculus_olearius/89.jpg,0.047425207362178014,0.004946053005930887,0.006959490512770008,0.0,0.9365548333442759,2.676646684889903,0.8177749675541431,0.21489356449861902,0.9709265476459372
train/aculus_olearius/9.jpg,aculus_olearius,1,train/aculus_olearius/9.jpg,0.06475467172978915,0.0014589787148995702,1.99860097931448e-05,0.02424302987908464,0.8750474667732587,7.360381011019373,0.7703813484381274,0.11740701358487646,0.9667275896467542
train/aculus_olearius/90.jpg,aculus_olearius,1,train/aculus_olearius/90.jpg,0.1275427224513848,0.001956393635827932,0.004148497348261638,0.030925162050677666,0.8496876841484974,3.8264765622961954,0.7780418988546552,0.16544264321602886,0.9849879233918425
train/aculus_olearius/91.jpg,aculus_olearius,1,train/aculus_olearius/91.jpg,0.09914349407485627,0.0006570456412061481,0.0014783526927138332,0.02412296139856858,0.8902264460870586,3.509273767069791,0.8149904431137047,0.1848005505338278,0.9827153329661523
train/aculus_olearius/92.jpg,aculus_olearius,1,train/aculus_olearius/92.jpg,0.10586999754206422,0.00037986280249368757,0.00042455254396353315,0.06855406341474314,0.8851473644224969,3.2897851167890497,0.7965010307169591,0.14120851619800373,0.9881358517065584
train/aculus_olearius/93.jpg,aculus_olearius,1,train/aculus_olearius/93.jpg,0.04148806794393828,0.0,0.0,0.021232480711337945,0.9559600470503798,2.3969505974604473,0.8605530237000039,0.18140489884923477,0.9821667940728787
train/aculus_olearius/94.jpg,aculus_olearius,1,train/aculus_olearius/94.jpg,0.12767682226575694,0.0009682721970771691,0.003220068004233376,0.08149249026098314,0.8598707469206692,3.157355586249683,0.7966887026304363,0.14092861160672418,0.9896772451772582
train/aculus_olearius/95.jpg,aculus_olearius,1,train/aculus_olearius/95.jpg,0.002123658887291229,0.08780002212144675,0.003318217011392545,0.0,0.862603694281606,2.4613742994179253,0.7221886551245773,0.15598968651913997,0.9669033797346812
train/aculus_olearius/96.jpg,aculus_olearius,1,train/aculus_olearius/96.jpg,0.20580203855408657,0.028631681401573527,0.0,0.02633357666207046,0.737961986643956,5.818832685713106,0.712400774571962,0.16758982203398237,0.9788210475783776
train/aculus_olearius/97.jpg,aculus_olearius,1,train/aculus_olearius/97.jpg,0.21369370467426413,0.042232920958010844,0.0065208117496495825,0.133524285453105,0.6932476080199891,10.560803144774555,0.6552936890502471,0.13385872810307758,0.9749712425171764
train/aculus_olearius/98.jpg,aculus_olearius,1,train/aculus_olearius/98.jpg,0.19978736330498179,0.04179829890643985,0.006713244228432564,0.13207776427703524,0.7080498177399757,10.40224423138513,0.661018565283423,0.13617509633173167,0.9748947070867025
train/aculus_olearius/99.jpg,aculus_olearius,1,train/aculus_olearius/99.jpg,0.09784609924358377,0.004680464053592423,0.007919078991149265,0.0025731461147711896,0.8427053525875646,3.9370221883596557,0.7007084804988224,0.14612503359129742,0.9719247181468752
train/olive_peacock_spot/A-13.JPG,olive_peacock_spot,2,train/olive_peacock_spot/A-13.JPG,0.0,0.0034677933673469387,0.0330436862244898,1.992984693877551e-05,0.9083227040816326,2.9907555823726555,0.7464347038321573,0.18568923588580566,0.9632194965426948
train/olive_peacock_spot/A-15.JPG,olive_peacock_spot,2,train/olive_peacock_spot/A-15.JPG,0.0,0.003510171519744715,0.031970482648583966,3.9888312724371757e-05,0.9037495013960909,2.989485969879507,0.7481962877349101,0.18679396620338143,0.9643777632827302
train/olive_peacock_spot/A-17.JPG,olive_peacock_spot,2,train/olive_peacock_spot/A-17.JPG,3.986048829098156e-05,0.023418036870951668,0.02064773293472845,0.0012556053811659193,0.9495764823119083,2.114919870587083,0.8109805626305099,0.2755525021283152,0.9580040445211004
train/olive_peacock_spot/A119.jpg,olive_peacock_spot,2,train/olive_peacock_spot/A119.jpg,0.01763555839285002,0.04175477795954195,0.0,0.0139847584088098,0.9370785620237003,5.557662029756656,0.7628175967988999,0.11140943555241568,0.9778676385578179
train/olive_peacock_spot/A13.JPG,olive_peacock_spot,2,train/olive_peacock_spot/A13.JPG,0.0,0.006170584175699265,0.012868915682214915,0.0,0.9153574473267568,1.9060686494328696,0.777937544246788,0.21377875883961572,0.9677932196039472
train/olive_peacock_spot/A132.jpg,olive_peacock_spot,2,train/olive_peacock_spot/A132.jpg,0.0891608741812063,0.011618357004066425,0.0,0.027603613709661266,0.8957953566635284,8.274791084508927,0.7533637843392391,0.11906633312075277,0.9690397546338145
train/olive_peacock_spot/A136.jpg,olive_peacock_spot,2,train/olive_peacock_spot/A136.jpg,0.07721397996924739,0.028924074304949508,0.0,0.06834143706104809,0.8857789968000664,7.123631695477355,0.7618925163435242,0.11322894665543316,0.9789032052509399
train/olive_peacock_spot/A139.jpg,olive_peacock_spot,2,train/olive_peacock_spot/A139.jpg,0.046129554494033935,0.0005796174524813623,0.0,0.02988027901584954,0.942138188795395,4.478322402175737,0.7876857205324166,0.11427734002852971,0.9844473106563826
train/olive_peacock_spot/A140.jpg,olive_peacock_spot,2,train/olive_peacock_spot/A140.jpg,0.07943302507773695,0.0,0.0,0.06439042119290878,0.8440011307192182,6.181770404565704,0.7764838708614996,0.11203252256758263,0.9816139570254716
train/olive_peacock_spot/A143.jpg,olive_peacock_spot,2,train/olive_peacock_spot/A143.jpg,0.08309317963496637,0.00028017931476144735,0.0,0.04104626961255203,0.9125440281780339,6.427264563120814,0.7675220700350046,0.11789354170009034,0.9756188265664869
train/olive_peacock_spot/A146.jpg,olive_peacock_spot,2,train/olive_peacock_spot/A146.jpg,0.09573427550551929,0.0,0.0,0.060103399405154,0.8986965287342555,7.454200421544892,0.7694864089910739,0.11751356204672118,0.9727050002354904
train/olive_peacock_spot/A15.JPG,olive_peacock_spot,2,train/olive_peacock_spot/A15.JPG,0.021584454409566516,0.02036870951669158,0.004723467862481316,0.009486796213253613,0.9507722969606378,2.7191946123481983,0.7915182228696833,0.2376107458092533,0.9625635954383461
train/olive_peacock_spot/A151.jpg,olive_peacock_spot,2,train/olive_peacock_spot/A151.jpg,0.08374292676882408,0.002127132295237702,0.0,0.010036760150344885,0.9067366073272479,6.505670987134012,0.7602219050092172,0.1128007670474929,0.9747073914202995
train/olive_peacock_spot/A153.jpg,olive_peacock_spot,2,train/olive_peacock_spot/A153.jpg,0.08474236717685713,0.007753025082137992,0.0,0.025082137991826268,0.89428239442263,7.458483266107323,0.7610670133538944,0.11403458691977329,0.9729414389014706
train/olive_peacock_spot/A23.JPG,olive_peacock_spot,2,train/olive_peacock_spot/A23.JPG,0.011089835647040051,0.04481809478219244,0.012645603957236318,5.983724269985639e-05,0.929312270623903,1.9581854915560601,0.7588901094323482,0.2083514645440341,0.969974627240606
train/olive_peacock_spot/A24.JPG,olive_peacock_spot,2,train/olive_peacock_spot/A24.JPG,0.0,0.015030998943444372,0.031238163586707335,1.9935011861332058e-05,0.9261009110300421,2.5007513547847506,0.7379133724116855,0.18786541695936376,0.9580077373022376
train/olive_peacock_spot/A258.jpg,olive_peacock_spot,2,train/olive_peacock_spot/A258.jpg,0.12516076349903033,0.0007961620904358477,0.0,0.058201490252117995,0.7834439114014494,7.120968188284217,0.7755827584133497,0.10913692652042715,0.9784755145918144
train/olive_peacock_spot/A261.jpg,olive_peacock_spot,2,train/olive_peacock_spot/A261.jpg,0.11342992420393815,0.0028448924021052206,0.0,0.08654569100404381,0.7739529779927252,5.910795494896764,0.78362320681667,0.10808437216852307,0.9824196159635858
train/olive_peacock_spot/A263.jpg,olive_peacock_spot,2,train/olive_peacock_spot/A263.jpg,0.08883441805426422,0.00038035669005155945,0.0,0.012910996534527935,0.8830825796635956,10.176811503749363,0.7694813406618075,0.11271562021792866,0.9615128965238325
train/olive_peacock_spot/A264.jpg,olive_peacock_spot,2,train/olive_peacock_spot/A264.jpg,0.05185406698564593,0.013157894736842105,0.0,0.008452950558213716,0.9275717703349282,6.57390964103814,0.7813729409387402,0.13358141397883377,0.9599527160798094
train/olive_peacock_spot/A266.jpg,olive_peacock_spot,2,train/olive_peacock_spot/A266.jpg,0.042992107151399186,0.0029099896356533524,0.0,0.020349996013712828,0.9496731244518856,4.403029238385558,0.7718471482407987,0.12748935882193527,0.972778840431032
train/olive_peacock_spot/A268.jpg,olive_peacock_spot,2,train/olive_peacock_spot/A268.jpg,0.09153447717707996,0.0005260602136613791,0.0,0.028973777921657496,0.8983287471673681,9.889981735407078,0.7571796720380297,0.12296518634687378,0.9553049717351213
train/olive_peacock_spot/A269.jpg,olive_peacock_spot,2,train/olive_peacock_spot/A269.jpg,0.06530457511123526,0.009617111275165107,0.0,0.04265847283465352,0.9220854366607474,7.98655870268934,0.7796475370986593,0.12179059280636671,0.96303839880548
train/olive_peacock_spot/A27.JPG,olive_peacock_spot,2,train/olive_peacock_spot/A27.JPG,0.05168187115701483,0.06418036410400675,0.020536108990073545,0.0,0.8463207812562794,1.884270936297944,0.7597188535942289,0.20982168247897492,0.978473050505655
train/olive_peacock_spot/A271.jpg,olive_peacock_spot,2,train/olive_peacock_spot/A271.jpg,0.048176614226812374,0.010487970857851968,0.0,0.025939714182778913,0.9323686001361035,5.793032261196942,0.7841238722349751,0.11856522074663163,0.9758128810064368
train/olive_peacock_spot/A283.jpg,olive_peacock_spot,2,train/olive_peacock_spot/A283.jpg,0.06463249362244898,0.000817123724489796,0.0,0.02116549744897959,0.9081034757653061,6.367393897236298,0.8080217845709792,0.13733467349494313,0.9640113342818573
train/olive_peacock_spot/A285.jpg,olive_peacock_spot,2,train/olive_peacock_spot/A285.jpg,0.03348490287583263,0.011926129791392445,7.977344342068526e-05,0.002851900602289498,0.9506800686051613,5.013702928567046,0.7865470317502261,0.13287419683057625,0.9652050506577189
train/olive_peacock_spot/A286.jpg,olive_peacock_spot,2,train/olive_peacock_spot/A286.jpg,0.059223378383765894,0.0008770880676155165,0.0,0.03665829446238488,0.9351552844556074,5.860800440821331,0.7717120309141532,0.12185044430304237,0.9710887466896926
train/olive_peacock_spot/A288.jpg,olive_peacock_spot,2,train/olive_peacock_spot/A288.jpg,0.04555890514883507,0.0012976901116013497,0.0,0.02064325500608916,0.9448381880253149,4.9936441019577575,0.7786677907829302,0.11496911841915868,0.9796875821875812
train/olive_peacock_spot/A29.JPG,olive_peacock_spot,2,train/olive_peacock_spot/A29.JPG,0.041662213291721,0.0352707295696971,0.0007481669908723628,0.009811675680297557,0.9167397020157756,3.0474881225342654,0.7549516286054296,0.19294469930836444,0.9722974302846532
train/olive_peacock_spot/A294.jpg,olive_peacock_spot,2,train/olive_peacock_spot/A294.jpg,0.05686599007038462,0.0006380475744222679,0.0,0.022371543078180768,0.9209817957051423,7.103477528472524,0.7714124481505631,0.12388019982963783,0.9643739963473302
train/olive_peacock_spot/A296.jpg,olive_peacock_spot,2,train/olive_peacock_spot/A296.jpg,0.050389682871893,0.0009966313859156052,0.0,0.00029898941577468155,0.947118738663318,4.084757815466616,0.7833385575342597,0.13641646381232703,0.9687601111464179
train/olive_peacock_spot/A300.jpg,olive_peacock_spot,2,train/olive_peacock_spot/A300.jpg,0.04497576995474388,0.0,0.0,0.006848492130241499,0.9443910448956706,4.332211751335549,0.7814257659832442,0.11606152382128497,0.9809717169610284
train/olive_peacock_spot/A301.jpg,olive_peacock_spot,2,train/olive_peacock_spot/A301.jpg,0.0504798579381073,0.0018954887368064007,0.0,0.005826133801552305,0.9401225084299367,6.545423153738848,0.7768371242436186,0.1199507503017666,0.9665801280575311
train/olive_peacock_spot/A302.jpg,olive_peacock_spot,2,train/olive_peacock_spot/A302.jpg,0.08504474988013425,0.0004594853763784561,0.0,0.03306296947418891,0.8689068243567205,8.320903565160025,0.7642951171235286,0.11590233103464012,0.9630321588301138
train/olive_peacock_spot/A306.jpg,olive_peacock_spot,2,train/olive_peacock_spot/A306.jpg,0.06884657561559167,0.0002791346824842987,0.0,0.010886252616887648,0.9294985544811085,7.207400235447684,0.7852725625485744,0.13689153989779632,0.9538671768633048
train/olive_peacock_spot/A307.jpg,olive_peacock_spot,2,train/olive_peacock_spot/A307.jpg,0.03030605124115243,0.00015950553284817067,0.0,0.004266773003688566,0.9546007377130894,6.3031828428594014,0.785506500649596,0.13417734864427244,0.9584700494463044
train/olive_peacock_spot/A318.jpg,olive_peacock_spot,2,train/olive_peacock_spot/A318.jpg,0.045864387345598584,0.006514827747954344,0.0,0.0006514827747954344,0.9423046854641163,6.3863176069841,0.797533274150266,0.13711541233052077,0.9625367279880582
train/olive_peacock_spot/A323.jpg,olive_peacock_spot,2,train/olive_peacock_spot/A323.jpg,0.046602562526129404,0.00027051619408307307,0.0,0.0003934781004844699,0.9429210830484716,6.647259989499359,0.7827779736666137,0.13213083922591207,0.9621135641140204
train/olive_peacock_spot/A324.jpg,olive_peacock_spot,2,train/olive_peacock_spot/A324.jpg,0.07321277047093763,0.0009280865507000424,0.0,0.003553245651251591,0.9202375901569793,7.743010960204984,0.7838704507301217,0.12731537674435472,0.9644998076216112
train/olive_peacock_spot/A344.jpg,olive_peacock_spot,2,train/olive_peacock_spot/A344.jpg,0.07460390401790173,0.007732113244490619,0.0,0.044754350562426326,0.8605022876665801,6.910054806460287,0.7901959185805864,0.11947448590915842,0.9716999968823916
train/olive_peacock_spot/A345.jpg,olive_peacock_spot,2,train/olive_peacock_spot/A345.jpg,0.0735800084505342,0.0011468582121084083,0.0,0.04114605339932798,0.858614514798495,8.035117015502209,0.768032116969934,0.11383717726420019,0.9696574880595785
train/olive_peacock_spot/A352.jpg,olive_peacock_spot,2,train/olive_peacock_spot/A352.jpg,0.0710622418231526,0.0006784937438885673,0.0,0.02678054718524875,0.9198978268244498,5.869072137306052,0.7815071473580215,0.11714229761375816,0.9759009182858739
train/olive_peacock_spot/A356.jpg,olive_peacock_spot,2,train/olive_peacock_spot/A356.jpg,0.06806597905044749,0.0025685275113376408,0.0,0.028675201669542884,0.9228438415539592,7.390065594192071,0.7773764264574501,0.11872743805797521,0.9673673598862954
train/olive_peacock_spot/A36.JPG,olive_peacock_spot,2,train/olive_peacock_spot/A36.JPG,0.0003284139658038958,0.02335844331780209,0.04825632710030994,0.00394096758964675,0.9064020197458897,3.9483032670639977,0.7442494284083941,0.21286419911783103,0.9690664063014774
train/olive_peacock_spot/A365.jpg,olive_peacock_spot,2,train/olive_peacock_spot/A365.jpg,0.06470611723366874,0.0036735345791407124,0.0,0.015692381408720653,0.9271881488580099,7.323418196400606,0.7667704949771689,0.1186406189405788,0.9632827660737717
train/olive_peacock_spot/A368.jpg,olive_peacock_spot,2,train/olive_peacock_spot/A368.jpg,0.05119712689545092,5.985634477254589e-05,0.0,0.005027932960893855,0.9441739824421389,6.633482056801606,0.7703877220887225,0.12017753599551592,0.9641183531659323
train/olive_peacock_spot/A369.jpg,olive_peacock_spot,2,train/olive_peacock_spot/A369.jpg,0.0394749965092853,1.9946941136576706e-05,0.0,0.016077234556080826,0.9484571041030858,5.973326633386996,0.7706820731665838,0.12084808687709518,0.969226556520288
train/olive_peacock_spot/A375.JPG,olive_peacock_spot,2,train/olive_peacock_spot/A375.JPG,0.13323296951449,0.05704010370927947,0.0028854597917450757,0.0045581901058001926,0.793292351440639,4.975432795574218,0.7807818728634595,0.2226603168840282,0.9675819206980415
train/olive_peacock_spot/A379.JPG,olive_peacock_spot,2,train/olive_peacock_spot/A379.JPG,0.03256639993614431,0.016881847025721868,0.0032127392093867857,0.014746672520104564,0.9453435236365814,2.7522372382464626,0.8013428817995552,0.23454792325083298,0.9739651820814743
train/olive_peacock_spot/A380.JPG,olive_peacock_spot,2,train/olive_peacock_spot/A380.JPG,0.0,0.002013355925446028,0.01297717532143925,0.0,0.9090202332303399,1.576005204815629,0.7680338130642816,0.20657086611886577,0.9709017629453687
train/olive_peacock_spot/A382.JPG,olive_peacock_spot,2,train/olive_peacock_spot/A382.JPG,0.00018250025347257427,0.04757173273851769,0.01666835648382845,4.0555611882794284e-05,0.9316637939774917,2.8934529184215805,0.7901420939417193,0.21688766607726578,0.9675031830608275
train/olive_peacock_spot/A386.JPG,olive_peacock_spot,2,train/olive_peacock_spot/A386.JPG,0.0005215690535694882,0.0807128110398783,0.01638596109964142,0.0,0.8627838748234271,1.8368547153683852,0.7739944899637421,0.21094673533507186,0.9778111594067083
train/olive_peacock_spot/A389.JPG,olive_peacock_spot,2,train/olive_peacock_spot/A389.JPG,0.0,0.018415178571428572,0.0262874681122449,0.0004982461734693878,0.9460100446428571,1.546490196199212,0.8045032391361715,0.24612159712083662,0.9701261661023531
train/olive_peacock_spot/A39.JPG,olive_peacock_spot,2,train/olive_peacock_spot/A39.JPG,0.0,0.028877373298643216,0.01242823660954265,0.0,0.887113767819898,1.6435402194251298,0.75753482412512,0.1921391631689253,0.974292511091696
train/olive_peacock_spot/A391.JPG,olive_peacock_spot,2,train/olive_peacock_spot/A391.JPG,0.029813425658780535,0.12220298775405526,0.0074693851381675965,0.0,0.8134577162274796,2.858625841894183,0.7673203493312855,0.21770684703329285,0.9689756854788868
train/olive_peacock_spot/A393.JPG,olive_peacock_spot,2,train/olive_peacock_spot/A393.JPG,5.978954081632653e-05,0.029316804846938774,0.02277981505102041,0.00031887755102040814,0.9353475765306123,1.830282953988775,0.7794044893792788,0.21712035908916763,0.9644424589096392
train/olive_peacock_spot/A395.JPG,olive_peacock_spot,2,train/olive_peacock_spot/A395.JPG,7.972415442568712e-05,0.03469993821378032,0.02080800430510434,0.0015147589340880553,0.9054272218125287,2.1771392165438153,0.764461808674815,0.20992932290095603,0.9665376049862036
train/olive_peacock_spot/A396.JPG,olive_peacock_spot,2,train/olive_peacock_spot/A396.JPG,0.03948530339346537,0.015264286615365207,0.007527017366805433,0.0,0.9360624027585047,2.6739150353570085,0.8064102932387718,0.2390665857987256,0.9728739685642566
train/olive_peacock_spot/A401.JPG,olive_peacock_spot,2,train/olive_peacock_spot/A401.JPG,0.0,0.06039278237463862,0.012182235071279034,0.0,0.9245140065796033,1.461202233782441,0.7940222222505601,0.2166492432554529,0.9627079457635879
train/olive_peacock_spot/A406.JPG,olive_peacock_spot,2,train/olive_peacock_spot/A406.JPG,0.0482988133292464,0.07321452029601086,0.0030214126198712618,0.0009633489512633008,0.8257214169987301,3.1873056052362454,0.796681071938941,0.23228065900621714,0.9684050040441806
train/olive_peacock_spot/A407.JPG,olive_peacock_spot,2,train/olive_peacock_spot/A407.JPG,0.0026507753019492167,0.05732052457448081,0.006357874596404512,0.0,0.9323753338382429,1.9420350776564557,0.8377216558663512,0.2553171977879059,0.9707880854736824
train/olive_peacock_spot/A409.JPG,olive_peacock_spot,2,train/olive_peacock_spot/A409.JPG,0.0,0.07455397189275391,0.003428685338383335,0.0,0.919246486594239,1.301132163800327,0.8397654944204964,0.2540234886391863,0.9761720069605122
train/olive_peacock_spot/A410.JPG,olive_peacock_spot,2,train/olive_peacock_spot/A410.JPG,0.00045838647959183676,0.006377551020408163,0.0392219387755102,0.00027901785714285713,0.9468470982142857,2.054295132376861,0.8080453359741859,0.24210797248137902,0.9630726661334548
train/olive_peacock_spot/A418.jpg,olive_peacock_spot,2,train/olive_peacock_spot/A418.jpg,0.08394973464954492,2.749745648527511e-05,0.0,0.0015948524761459565,0.903153958258861,8.545331391438861,0.7678525233615279,0.11969628919541475,0.9641734026202318
train/olive_peacock_spot/A419.jpg,olive_peacock_spot,2,train/olive_peacock_spot/A419.jpg,0.12699950527704484,2.0613456464379946e-05,0.0,0.0967389511873351,0.7723243733509235,5.346649163287206,0.785457996631679,0.10714155308122497,0.9850049330346072
train/olive_peacock_spot/A424.jpg,olive_peacock_spot,2,train/olive_peacock_spot/A424.jpg,0.06256097043729059,0.00019086397760529329,0.0,0.005662298002290368,0.8871781821266489,9.223139643922323,0.746157471968341,0.11395144297876918,0.961947270339067
train/olive_peacock_spot/A429.jpg,olive_peacock_spot,2,train/olive_peacock_spot/A429.jpg,0.07536853068418523,0.004406345136997276,0.0,0.006609517705495914,0.9144367889761256,8.614843711501418,0.7578659853014102,0.11606703711974599,0.9594446756250345
train/olive_peacock_spot/A430.jpg,olive_peacock_spot,2,train/olive_peacock_spot/A430.jpg,0.009348221241236042,0.05696822004274614,0.0,0.009088548428979486,0.9275512853804206,7.770685989771818,0.757528631134363,0.12053865478432825,0.9599665118297319
train/olive_peacock_spot/A431.jpg,olive_peacock_spot,2,train/olive_peacock_spot/A431.jpg,0.03505902999361838,0.002034141671984684,0.0,0.02107929164007658,0.9373205169112955,4.906993587146793,0.7963171921709602,0.14130994644689576,0.9608727725230827
train/olive_peacock_spot/A432.jpg,olive_peacock_spot,2,train/olive_peacock_spot/A432.jpg,0.06306541231219787,0.00032094357410787714,0.0,0.007702645778589052,0.932822498144545,7.089194586078584,0.7722856981255797,0.11771143832887417,0.969568818260546
train/olive_peacock_spot/A440.jpg,olive_peacock_spot,2,train/olive_peacock_spot/A440.jpg,0.07642079806529625,0.003385731559854897,0.0,0.05642885933091495,0.9143692059653366,5.895991758422878,0.765895147146064,0.11384377418608146,0.9813779666887198
train/olive_peacock_spot/A441.jpg,olive_peacock_spot,2,train/olive_peacock_spot/A441.jpg,0.08975429025100258,0.0004885695091912139,0.0,0.03867841947763777,0.8982961138366956,6.574106232480862,0.7592330179419334,0.10988550355680417,0.9781732303775457
train/olive_peacock_spot/A443.jpg,olive_peacock_spot,2,train/olive_peacock_spot/A443.jpg,0.10217084027763128,0.0023628193498027466,0.0,0.025569080821079723,0.889474905592709,8.948390432190353,0.7538238073165647,0.10732110178025492,0.9677877233016003
train/olive_peacock_spot/A446.jpg,olive_peacock_spot,2,train/olive_peacock_spot/A446.jpg,0.06955328746336292,0.0003118049348327686,0.0,0.065582971293159,0.9151266967385204,6.410455281413995,0.7657423363760425,0.10836026319622698,0.9808333709728927
train/olive_peacock_spot/A449.jpg,olive_peacock_spot,2,train/olive_peacock_spot/A449.jpg,0.07888842803815845,0.0012857735379510577,0.0,0.030796350062214848,0.9142472003318125,6.95775591626779,0.7716194432690469,0.11559624325419246,0.9719614390108122
train/olive_peacock_spot/A45.JPG,olive_peacock_spot,2,train/olive_peacock_spot/A45.JPG,0.0,0.026432428076396165,0.013518414054315416,0.0,0.9096824885163994,2.431401566318151,0.7539704962711397,0.20175217786687077,0.9601593850713535
train/olive_peacock_spot/A453.jpg,olive_peacock_spot,2,train/olive_peacock_spot/A453.jpg,0.04463555280643295,0.019274896741624598,0.00241435042001716,0.002673743440349582,0.9305225771694235,5.280588369359418,0.773349421143931,0.11803781317613933,0.9718796827633014
train/olive_peacock_spot/A458.jpg,olive_peacock_spot,2,train/olive_peacock_spot/A458.jpg,0.0775819924756095,0.0036134078687270177,2.1255340404276573e-05,0.019597423852743,0.9130231470657002,7.701730969422872,0.7580533734181465,0.11405049478753942,0.9700114606620757
train/olive_peacock_spot/A459.jpg,olive_peacock_spot,2,train/olive_peacock_spot/A459.jpg,0.11027017885078855,0.002114075514777388,0.0,0.04257748086761659,0.8479345482220625,10.81320388840242,0.7518542418557066,0.1070755934773081,0.9623307381352015
train/olive_peacock_spot/A460.jpg,olive_peacock_spot,2,train/olive_peacock_spot/A460.jpg,0.04574082193965002,0.002331885040060589,0.0,0.01588472117032726,0.9438753139076016,6.012255294494434,0.776229360449043,0.11627636414338152,0.9737866457017607
train/olive_peacock_spot/A463.jpg,olive_peacock_spot,2,train/olive_peacock_spot/A463.jpg,0.06622780769998005,0.000718132854578097,0.0,0.0030919609016556954,0.9291043287452623,6.461791985464361,0.7691113893586995,0.12039056413567185,0.967020005916881
train/olive_peacock_spot/A464.jpg,olive_peacock_spot,2,train/olive_peacock_spot/A464.jpg,0.07557254964766176,0.0010610185778347214,0.0,0.02462363869314542,0.9080116912235746,9.384516737878238,0.7706559028788087,0.12417779776548707,0.9549251957900923
train/olive_peacock_spot/A466.jpg,olive_peacock_spot,2,train/olive_peacock_spot/A466.jpg,0.06043727658159448,0.00024939728988278325,0.0,0.04410175409427217,0.9287347244159947,5.789981028846463,0.7811553738477653,0.10886028757690866,0.9824701566242241
train/olive_peacock_spot/A467.jpg,olive_peacock_spot,2,train/olive_peacock_spot/A467.jpg,0.09464732817539981,0.005503800780456996,0.0,0.04344393566868924,0.8810592560846322,8.831324179809783,0.7551763505274682,0.1049503562032781,0.9735628901871403
train/olive_peacock_spot/A474.jpg,olive_peacock_spot,2,train/olive_peacock_spot/A474.jpg,0.06537705181201589,0.018381025003009994,6.019986354697596e-05,0.014608500220732833,0.9111048681622989,7.2867613089560495,0.7794698186796694,0.11676699180402042,0.9690737145711936
train/olive_peacock_spot/A476.jpg,olive_peacock_spot,2,train/olive_peacock_spot/A476.jpg,0.15148104003884696,0.0014788328256743037,0.0,0.051715004635147666,0.7544916788063392,10.149634010641027,0.7473100724472467,0.0993816384961965,0.9706610389676992
train/olive_peacock_spot/A477.jpg,olive_peacock_spot,2,train/olive_peacock_spot/A477.jpg,0.03103030817917295,0.0006584117409680776,0.0,0.03982329078435953,0.9382792090563473,6.375290890114171,0.7731383177065188,0.11144143730489468,0.9779709420879628
train/olive_peacock_spot/A48.JPG,olive_peacock_spot,2,train/olive_peacock_spot/A48.JPG,0.0002579713135899288,0.08500154782788154,0.02130843050252812,0.0,0.862243318542978,1.9830931359263304,0.7607444571421605,0.20731188426212147,0.9733975470354946
train/olive_peacock_spot/A481.jpg,olive_peacock_spot,2,train/olive_peacock_spot/A481.jpg,0.06766081503387235,0.00039849829065206904,0.0,0.04016443297887959,0.9231737242811301,6.322576347501688,0.7844118091576148,0.11526220326327781,0.9790935318458989
train/olive_peacock_spot/A488.jpg,olive_peacock_spot,2,train/olive_peacock_spot/A488.jpg,0.11067097817299919,0.005962004850444624,0.0,0.016228779304769604,0.8795877122069523,7.226504276684732,0.7589659174966834,0.11535243248184601,0.9699311102161758
train/olive_peacock_spot/A492.jpg,olive_peacock_spot,2,train/olive_peacock_spot/A492.jpg,0.09404939968468286,0.0007276549298621498,0.0,0.04347738205926345,0.8731454905606986,7.841351951266797,0.7597243455252688,0.11082294037273072,0.9703942822412517
train/olive_peacock_spot/A493.jpg,olive_peacock_spot,2,train/olive_peacock_spot/A493.jpg,0.06264663511010496,2.0580366330520683e-05,0.0,0.035130685326198806,0.9168964807573575,8.424189122009526,0.7653072083234235,0.11296917182937463,0.9671041476213913
train/olive_peacock_spot/A496.jpg,olive_peacock_spot,2,train/olive_peacock_spot/A496.jpg,0.09865213040052807,0.002874603411196048,0.0,0.010476332431914486,0.8932350999723186,9.059274754442885,0.7569252102944797,0.1092048196519507,0.9644324492686741
train/olive_peacock_spot/A497.jpg,olive_peacock_spot,2,train/olive_peacock_spot/A497.jpg,0.08450048575129533,0.00018215673575129533,0.0,0.028295012953367876,0.9074441386010362,6.401473740582758,0.7716269634517025,0.11490373741033579,0.9771701943357719
train/olive_peacock_spot/A502.jpg,olive_peacock_spot,2,train/olive_peacock_spot/A502.jpg,0.08282577336111556,0.0005409520756531496,0.0,0.041653309825292514,0.8445263664048726,7.476623622025489,0.770572101115742,0.11482000972251637,0.9700455449202908
train/olive_peacock_spot/A504.jpg,olive_peacock_spot,2,train/olive_peacock_spot/A504.jpg,0.0670513767696332,0.0009983826201553484,0.0,0.023921247578922146,0.9138595475329966,8.034791137048048,0.7762465258872895,0.11900262896109275,0.9649222920999585
train/olive_peacock_spot/A506.jpg,olive_peacock_spot,2,train/olive_peacock_spot/A506.jpg,0.04995311907754304,0.0017555409260478386,0.0,0.01400442875097253,0.9375586011530712,6.361913183262205,0.7709974620604917,0.11757925780063652,0.9680351317037267
train/olive_peacock_spot/A508.jpg,olive_peacock_spot,2,train/olive_peacock_spot/A508.jpg,0.05261366593925804,0.0008208372539990791,0.0,0.004404492582434083,0.9165749064045327,7.403431728848766,0.7612361109741352,0.11785405445970212,0.9657723675404258
train/olive_peacock_spot/A51.JPG,olive_peacock_spot,2,train/olive_peacock_spot/A51.JPG,0.18623691574256399,0.145973676028604,0.008601927660897502,0.12695616126023423,0.6371644730023837,7.9419644895298305,0.6939314191868358,0.17899987595265848,0.9801455503276407
train/olive_peacock_spot/A510.jpg,olive_peacock_spot,2,train/olive_peacock_spot/A510.jpg,0.06688355754261308,0.0006985749071893337,0.0,0.005369047143826594,0.9184463694064109,7.269140863917061,0.7750933023373285,0.12592130717740904,0.9604216456567876
train/olive_peacock_spot/A515.jpg,olive_peacock_spot,2,train/olive_peacock_spot/A515.jpg,0.046185460059053544,0.0014962892027771128,0.0,0.024618945016359427,0.9242678158167744,5.205045508846822,0.7882345510902589,0.11922161767292033,0.9779911150891929
train/olive_peacock_spot/A516.jpg,olive_peacock_spot,2,train/olive_peacock_spot/A516.jpg,0.045453639281513525,0.0025119116445046948,0.0,0.02366380255577042,0.9451565957616475,5.618322413045896,0.7818186319546502,0.117230986226111,0.9766330524529573
train/olive_peacock_spot/A517.jpg,olive_peacock_spot,2,train/olive_peacock_spot/A517.jpg,0.040756302521008404,0.020768307322929173,0.0,0.024689875950380153,0.9317727090836334,6.102311069305217,0.7724548788039336,0.11454186246940887,0.9756015496514208
train/olive_peacock_spot/A518.jpg,olive_peacock_spot,2,train/olive_peacock_spot/A518.jpg,0.03484237024014065,0.003775922004235426,0.0010788348583529788,0.024833180165421347,0.9469772645542813,5.780993622655986,0.7868888154712885,0.1185589581330064,0.9769099109403767
train/olive_peacock_spot/A523.jpg,olive_peacock_spot,2,train/olive_peacock_spot/A523.jpg,0.05048206479429906,0.005808731061740224,0.00011976765075753039,0.030680479869054034,0.9269217717627802,6.854548307551663,0.7727184990061394,0.12017304350645433,0.9702111638097489
train/olive_peacock_spot/A526.jpg,olive_peacock_spot,2,train/olive_peacock_spot/A526.jpg,0.04500607920910486,0.005580913276594049,0.0,0.019034900639811843,0.9421777520878595,5.420622643891932,0.7822632849600826,0.11955699186720721,0.9734848009790741
train/olive_peacock_spot/A528.jpg,olive_peacock_spot,2,train/olive_peacock_spot/A528.jpg,0.06299118362787728,0.0010372202497307217,0.0,0.02836398452148243,0.9289703594367096,6.6569067617128885,0.7687836851722443,0.11701951513891207,0.9705965971572441
train/olive_peacock_spot/A532.jpg,olive_peacock_spot,2,train/olive_peacock_spot/A532.jpg,0.0647974456196368,0.0,0.0,0.014128916383955298,0.8942127319896228,6.5784469833120625,0.775388164736111,0.1181558764256509,0.9694734936949166
train/olive_peacock_spot/A536.jpg,olive_peacock_spot,2,train/olive_peacock_spot/A536.jpg,0.0623977331683761,0.002953266552260845,0.0,0.02159077303747456,0.9147942690665283,6.79981931975957,0.7792075296763914,0.11951913881647264,0.9694488668888572
train/olive_peacock_spot/A537.jpg,olive_peacock_spot,2,train/olive_peacock_spot/A537.jpg,0.08541195767407438,0.0,0.0,0.03616506310883524,0.9076470705898826,7.894901458341105,0.7692480923987133,0.11783166128459899,0.9673104224548352
train/olive_peacock_spot/A538.jpg,olive_peacock_spot,2,train/olive_peacock_spot/A538.jpg,0.05626072725821259,5.987306909352173e-05,0.0,0.0475591745499541,0.9382509080748812,6.348903748503494,0.7857009956814522,0.12142768197394051,0.973104036847405
train/olive_peacock_spot/A539.jpg,olive_peacock_spot,2,train/olive_peacock_spot/A539.jpg,0.03023353209819915,0.01302275492092615,0.002074068165047963,0.00287178669006641,0.9505015655226053,3.295577872404545,0.7813021360829117,0.12372985668370087,0.980056361502291
train/olive_peacock_spot/A540.jpg,olive_peacock_spot,2,train/olive_peacock_spot/A540.jpg,0.04018577949648175,0.0010365379632029023,0.0,0.015847070783582832,0.9467777622740048,5.159189971694058,0.7861515129847716,0.12665810006498443,0.9715853116511828
train/olive_peacock_spot/A541.jpg,olive_peacock_spot,2,train/olive_peacock_spot/A541.jpg,0.0804873177551428,9.986019572598362e-05,0.0,0.034791292190932695,0.9117036149390852,7.193421317949327,0.7760495676601967,0.12371716255856406,0.9690784433292646
train/olive_peacock_spot/A542.jpg,olive_peacock_spot,2,train/olive_peacock_spot/A542.jpg,0.07199616659345925,0.0019167032703749551,0.0,0.016870981911112887,0.9155452621491036,8.349885279008033,0.7633169457459791,0.12293519683878389,0.9580720078595449
train/olive_peacock_spot/A544.jpg,olive_peacock_spot,2,train/olive_peacock_spot/A544.jpg,0.07773499072208144,0.0012370558071789141,0.0,0.008519723059119296,0.9169576408148606,6.279562293829161,0.7721342119878825,0.12424326534879657,0.965171886351924
train/olive_peacock_spot/A546.jpg,olive_peacock_spot,2,train/olive_peacock_spot/A546.jpg,0.06681861804222648,0.00017994241842610365,0.0,0.005018394113883557,0.9282029750479847,7.757198335741604,0.7654165673621816,0.12859942251010556,0.9564438514776232
train/olive_peacock_spot/A551.jpg,olive_peacock_spot,2,train/olive_peacock_spot/A551.jpg,0.06234925950288026,0.0,0.0,0.0283242639877215,0.924834060874245,6.968885582647955,0.7668170505598912,0.11899617081210141,0.9692793526396166
train/olive_peacock_spot/A555.jpg,olive_peacock_spot,2,train/olive_peacock_spot/A555.jpg,0.0037466690709462842,0.03864879485484162,6.010699044298852e-05,0.0074332311514495805,0.9517541223377612,8.069413560094516,0.7744101754318184,0.12640253021063244,0.9517572539504753
train/olive_peacock_spot/A557.jpg,olive_peacock_spot,2,train/olive_peacock_spot/A557.jpg,0.013997883344315981,0.05101938936480361,0.0011382016414065775,0.00944507677868967,0.929251782184149,7.298640563719381,0.7739152874859281,0.1266908897458044,0.9572807037368378
train/olive_peacock_spot/A560.jpg,olive_peacock_spot,2,train/olive_peacock_spot/A560.jpg,0.036552274541101354,0.0008180367118914605,0.0,0.0031923383878691143,0.9539106145251397,5.351990376825059,0.7844934516380463,0.12773873211483663,0.9681203549373754
train/olive_peacock_spot/A561.jpg,olive_peacock_spot,2,train/olive_peacock_spot/A561.jpg,0.04582344613053102,0.00141578097270135,0.0,0.02382898961095934,0.9403976151069812,5.534061862283673,0.7865658246879274,0.12518505354602563,0.9705567625584235
train/olive_peacock_spot/A562.jpg,olive_peacock_spot,2,train/olive_peacock_spot/A562.jpg,0.05426202057252213,0.008751295749940196,0.0,0.008671557292081971,0.9329000877123036,5.421825223707928,0.7684835398911358,0.12068104520290755,0.9710858528254356
train/olive_peacock_spot/A563.jpg,olive_peacock_spot,2,train/olive_peacock_spot/A563.jpg,0.08137558944730022,0.0,0.0,0.004142062109690301,0.911975869833043,6.314262529131977,0.7659880148498548,0.1119315212323655,0.9749016432544209
train/olive_peacock_spot/A564.jpg,olive_peacock_spot,2,train/olive_peacock_spot/A564.jpg,0.04746006677195578,0.0,0.0,0.012134903340596949,0.9483816796945282,5.5771788201741135,0.778284396125394,0.11729252097754508,0.9759659989832233
train/olive_peacock_spot/A565.jpg,olive_peacock_spot,2,train/olive_peacock_spot/A565.jpg,0.0647836227001814,0.0038072836725337373,0.0,0.020910160065381624,0.9241931947296032,6.6348418463624945,0.7674053008445725,0.11543096154984353,0.9724818207934234
train/olive_peacock_spot/A567.jpg,olive_peacock_spot,2,train/olive_peacock_spot/A567.jpg,0.08087057504404933,0.0017219285599871857,0.0,0.06405173794650008,0.9108401409578728,7.2106188683216565,0.7664731929709978,0.11240111356882598,0.9753657655474752
train/olive_peacock_spot/A568.jpg,olive_peacock_spot,2,train/olive_peacock_spot/A568.jpg,0.05600048051896048,0.00784847635446282,0.0,0.019681255756216712,0.9283826532655267,6.976964107262368,0.7776235062583656,0.11666827552915528,0.9722784970759466
train/olive_peacock_spot/A571.jpg,olive_peacock_spot,2,train/olive_peacock_spot/A571.jpg,0.021713123579375524,0.0,0.0,0.013239223192566894,0.955377437492523,5.808422397718942,0.8052687356741881,0.12607216162123522,0.9708306528493623
train/olive_peacock_spot/A572.jpg,olive_peacock_spot,2,train/olive_peacock_spot/A572.jpg,0.07954314514490103,0.0013209771166117954,0.0,0.010913303255700524,0.9073690200382067,7.874598619199241,0.7781896181345207,0.12124262157413926,0.963321926468522
train/olive_peacock_spot/A573.jpg,olive_peacock_spot,2,train/olive_peacock_spot/A573.jpg,0.058855183959819826,0.0016741738749152949,0.0,0.03521744329732531,0.9332921433411727,5.759920655050504,0.7817855747178157,0.11812833581117299,0.9737170720188885
train/olive_peacock_spot/A580.jpg,olive_peacock_spot,2,train/olive_peacock_spot/A580.jpg,0.05471892623961513,0.00024256635200420448,0.0,0.0351114794526086,0.8947666309555092,5.893692243195948,0.777742486432834,0.11307209382518556,0.9783048330077834
train/olive_peacock_spot/A582.jpg,olive_peacock_spot,2,train/olive_peacock_spot/A582.jpg,0.058373752991760744,0.028636180712939233,0.0,0.03965009637176201,0.9044331010526762,5.89315394362293,0.7692356580728565,0.11181268646082705,0.9800041124333707
train/olive_peacock_spot/A589.jpg,olive_peacock_spot,2,train/olive_peacock_spot/A589.jpg,0.09103117704179665,0.0012809652693126176,0.0,0.011466705233362948,0.8684118096733539,6.902580889418464,0.7652149956019841,0.10995966986305898,0.9736116440146229
train/olive_peacock_spot/A596.jpg,olive_peacock_spot,2,train/olive_peacock_spot/A596.jpg,0.08584849090545672,0.001958824705176894,0.0,0.029142514491305217,0.8250249850089946,5.47548678405472,0.7866688359605059,0.11543186362357116,0.9753857394221345
train/olive_peacock_spot/A597.jpg,olive_peacock_spot,2,train/olive_peacock_spot/A597.jpg,0.064452769059431,0.004272552394451757,0.0,0.019256859370254127,0.8583982990786676,5.803067347368345,0.7745078012784774,0.11102384154728612,0.9778777678849322
train/olive_peacock_spot/A598.jpg,olive_peacock_spot,2,train/olive_peacock_spot/A598.jpg,0.05065491591203105,0.01984961190168176,0.0,0.035798027166882275,0.84061691461837,5.724104959765852,0.7986923882697139,0.12105065811308544,0.9745621782547664
train/olive_peacock_spot/A599.jpg,olive_peacock_spot,2,train/olive_peacock_spot/A599.jpg,0.029834980867346938,0.003208705357142857,9.964923469387755e-05,0.00603874362244898,0.9596420599489796,2.1288928774338145,0.788466307733229,0.11980886196299212,0.9887086871814754
train/olive_peacock_spot/A6.JPG,olive_peacock_spot,2,train/olive_peacock_spot/A6.JPG,2.6963626068433684e-05,0.06212419446167121,0.023754954566290076,2.6963626068433684e-05,0.8648583061450104,2.4508592502195814,0.8014005552386081,0.24906756385226947,0.9759106211992444
train/olive_peacock_spot/A608.jpg,olive_peacock_spot,2,train/olive_peacock_spot/A608.jpg,0.046366064665311166,3.986763943706893e-05,0.0,0.017741099549495674,0.9353745564725112,6.190857023647629,0.7962379563153026,0.14677820709077377,0.9467183446533166
train/olive_peacock_spot/A609.jpg,olive_peacock_spot,2,train/olive_peacock_spot/A609.jpg,0.04027046433700335,0.00013962023296633158,0.0,0.016554970480293602,0.9532072762087123,5.646860646854417,0.7965254720152359,0.14961264538018676,0.9477437727899409
train/olive_peacock_spot/A612.jpg,olive_peacock_spot,2,train/olive_peacock_spot/A612.jpg,0.03151034400287001,0.014071032805835692,0.0030693187706780406,0.005361342528002551,0.9497349224698051,4.979868501816,0.7995767703425201,0.1486465314955041,0.9580959000877425
train/olive_peacock_spot/A615.jpg,olive_peacock_spot,2,train/olive_peacock_spot/A615.jpg,0.05396502156205079,0.008804504072831816,0.0,0.019525634882606613,0.931420699568759,6.5227238737422635,0.7670446864312088,0.11623808853360404,0.9709185362061019
train/olive_peacock_spot/A616.jpg,olive_peacock_spot,2,train/olive_peacock_spot/A616.jpg,0.09533403818149175,0.0,0.0,0.05497815635659997,0.8998583654172235,8.99596571985114,0.7596582899872191,0.12017645081351314,0.9614158501194039
train/olive_peacock_spot/A628.JPG,olive_peacock_spot,2,train/olive_peacock_spot/A628.JPG,0.024985933690374475,0.0633921687123596,0.016754537687290308,0.0,0.881092795965574,2.453172987244226,0.8351109620912764,0.19758975249821387,0.9760132561905919
train/olive_peacock_spot/A630.JPG,olive_peacock_spot,2,train/olive_peacock_spot/A630.JPG,0.023298455406078725,0.06622820129546587,0.005440956651718984,0.0,0.9009865470852018,2.8302249797815024,0.8248984796869151,0.26402174313639737,0.965550853182848
train/olive_peacock_spot/A633.JPG,olive_peacock_spot,2,train/olive_peacock_spot/A633.JPG,0.1081575161831695,0.01669263965475905,0.017621673459602014,0.0009590026372572524,0.8538120354830976,3.9845910671529463,0.841033440663632,0.28322987469092353,0.9742441015926798
train/olive_peacock_spot/A634.JPG,olive_peacock_spot,2,train/olive_peacock_spot/A634.JPG,0.0,0.04844945790816327,0.023417570153061226,0.0,0.9077447385204082,1.463112914189479,0.8266571939415949,0.2508616390922889,0.9728274351129544
train/olive_peacock_spot/A635.JPG,olive_peacock_spot,2,train/olive_peacock_spot/A635.JPG,0.0,0.06317887394120578,0.01476831091180867,0.0,0.9070254110612855,2.0708548305921224,0.8240769375221053,0.2594452222559459,0.9640311050793386
train/olive_peacock_spot/A637.JPG,olive_peacock_spot,2,train/olive_peacock_spot/A637.JPG,0.0,0.05709901147959184,0.0037667410714285715,1.992984693877551e-05,0.9379982461734694,1.4689561934207995,0.8248721217603943,0.2657943457801237,0.9664214791792097
train/olive_peacock_spot/A645.JPG,olive_peacock_spot,2,train/olive_peacock_spot/A645.JPG,0.06770090845562543,0.050985324947589096,0.0018448637316561844,0.0,0.8754716981132076,2.256543113968605,0.8400784350450219,0.2730394063845295,0.9788391844112856
train/olive_peacock_spot/A647.JPG,olive_peacock_spot,2,train/olive_peacock_spot/A647.JPG,0.0,0.009809613421152729,0.02456407279133551,0.0,0.9316330003403335,1.9818153708102828,0.8288741401634702,0.27679073720309033,0.9640864716419044
train/olive_peacock_spot/A663.JPG,olive_peacock_spot,2,train/olive_peacock_spot/A663.JPG,8.353986243769319e-05,0.09802010526022667,0.024282253348556153,0.0,0.8202500626548969,2.2271930600888243,0.8025746702177763,0.24788327944499722,0.9767781968344124
train/olive_peacock_spot/A664.JPG,olive_peacock_spot,2,train/olive_peacock_spot/A664.JPG,0.023672182191972216,0.0922536476317838,0.004051815333027285,0.0029739925350791402,0.871459651503962,2.726910684936281,0.7876380214068734,0.22538822448048965,0.9756743817821523
train/olive_peacock_spot/A665.JPG,olive_peacock_spot,2,train/olive_peacock_spot/A665.JPG,0.04088199802537756,0.16447873624163528,0.00559476359381285,0.0,0.7757340841774235,2.8291728611503335,0.7967225383774951,0.25692649358327846,0.9741299925030034
train/olive_peacock_spot/A666.JPG,olive_peacock_spot,2,train/olive_peacock_spot/A666.JPG,0.0006496037417175523,0.07000129920748344,0.014940886059503703,0.0,0.9027413277900481,1.75894286116482,0.8209029561873168,0.24849879058230404,0.9671639699100162
train/olive_peacock_spot/A669.JPG,olive_peacock_spot,2,train/olive_peacock_spot/A669.JPG,0.013552295918367346,0.056521045918367346,0.005321269132653061,0.0001992984693877551,0.9216159119897959,1.6346907057924955,0.8169012572675568,0.3161261751381518,0.9744226755173154
train/olive_peacock_spot/A670.JPG,olive_peacock_spot,2,train/olive_peacock_spot/A670.JPG,0.011957908163265306,0.05428890306122449,0.004942602040816327,0.00031887755102040814,0.9259606186224489,1.505948878344026,0.8332034135157862,0.3307835310300693,0.9754310025338717
train/olive_peacock_spot/A671.JPG,olive_peacock_spot,2,train/olive_peacock_spot/A671.JPG,0.02600562391560138,0.05418503081187803,0.01015096823085974,0.0,0.8975330554613804,2.1624855789159447,0.8151803249909682,0.2762825547670929,0.9724074220485968
train/olive_peacock_spot/A672.JPG,olive_peacock_spot,2,train/olive_peacock_spot/A672.JPG,0.024642257574546328,0.05320169477975857,0.009972819569909665,0.0,0.9005116316252298,2.1965786476284275,0.8151024260946544,0.286447526846504,0.9715662489937991
train/olive_peacock_spot/A673 - Kopya.JPG,olive_peacock_spot,2,train/olive_peacock_spot/A673 - Kopya.JPG,0.22367571512786683,0.05715408584341577,0.0499115739831008,0.06338601465345423,0.6676585352160122,6.042939660988541,0.7538779997337562,0.20863211425645148,0.9859489319525604
train/olive_peacock_spot/A673.JPG,olive_peacock_spot,2,train/olive_peacock_spot/A673.JPG,0.22367571512786683,0.05715408584341577,0.0499115739831008,0.06338601465345423,0.6676585352160122,6.042939660988541,0.7538779997337562,0.20863211425645148,0.9859489319525604
train/olive_peacock_spot/A674 - Kopya.JPG,olive_peacock_spot,2,train/olive_peacock_spot/A674 - Kopya.JPG,0.18945653783503627,0.05082185695246557,0.04181845105878869,0.006337923885680438,0.716274248482156,5.960868882090569,0.759943863824671,0.22754378210963289,0.9813287214904101
train/olive_peacock_spot/A674.JPG,olive_peacock_spot,2,train/olive_peacock_spot/A674.JPG,0.18945653783503627,0.05082185695246557,0.04181845105878869,0.006337923885680438,0.716274248482156,5.960868882090569,0.759943863824671,0.22754378210963289,0.9813287214904101
train/olive_peacock_spot/A678.JPG,olive_peacock_spot,2,train/olive_peacock_spot/A678.JPG,0.2381385379794109,0.042282336894748807,0.01510083460526743,0.08125223265027766,0.6979833078946514,6.690737270675753,0.7776673927005765,0.22445976833596015,0.9833585772632432
train/olive_peacock_spot/A679.JPG,olive_peacock_spot,2,train/olive_peacock_spot/A679.JPG,0.1893722024561001,0.04309652243773671,0.013456903477562263,0.07901985538849994,0.7482784345231264,6.3640976559216025,0.7804871419513086,0.23857811593259476,0.9832379578904573
train/olive_peacock_spot/A682.JPG,olive_peacock_spot,2,train/olive_peacock_spot/A682.JPG,0.014568718112244899,0.033502072704081634,0.0019730548469387753,0.0,0.9489596619897959,1.92198037265096,0.783650848254922,0.22946958909662046,0.9539860356735295
train/olive_peacock_spot/A683.JPG,olive_peacock_spot,2,train/olive_peacock_spot/A683.JPG,0.00029894770408163266,0.06028778698979592,0.007892219387755101,0.00029894770408163266,0.9291493941326531,2.282175685037723,0.7791886442779888,0.22517090384688562,0.9522124119634302
train/olive_peacock_spot/A684.JPG,olive_peacock_spot,2,train/olive_peacock_spot/A684.JPG,0.0003587372448979592,0.059689891581632654,0.007453762755102041,0.00023915816326530612,0.9302654655612245,2.2138301185427633,0.7915565113699172,0.2547709570719832,0.9529357874616502
train/olive_peacock_spot/A685.JPG,olive_peacock_spot,2,train/olive_peacock_spot/A685.JPG,0.00026342451874366765,0.06016210739614995,0.0289564336372847,4.0526849037487334e-05,0.8908206686930091,1.8410791554462458,0.8239311433451151,0.2741113638885438,0.9648955325240909
train/olive_peacock_spot/A688.JPG,olive_peacock_spot,2,train/olive_peacock_spot/A688.JPG,0.0,0.008410395408163265,0.05331234056122449,7.971938775510203e-05,0.9196827168367347,2.976340997765101,0.8012173508789244,0.3106294227205936,0.9564008278439089
train/olive_peacock_spot/A689.JPG,olive_peacock_spot,2,train/olive_peacock_spot/A689.JPG,0.0,0.006855867346938775,0.05179767219387755,5.978954081632653e-05,0.9234893176020408,2.6011947714149555,0.8219177179990871,0.3334984929647622,0.9598413114617442
train/olive_peacock_spot/A706.JPG,olive_peacock_spot,2,train/olive_peacock_spot/A706.JPG,0.0009167729591836735,0.03246572066326531,0.01136001275510204,0.003208705357142857,0.9419443558673469,1.8794234999536232,0.790421699056973,0.24376594281847452,0.9576038561925359
train/olive_peacock_spot/A707.JPG,olive_peacock_spot,2,train/olive_peacock_spot/A707.JPG,0.001096141581632653,0.032904177295918366,0.009546396683673469,0.0027104591836734694,0.9422433035714286,1.9157084919169498,0.7891501553421547,0.2457473933831175,0.9564215979210411
train/olive_peacock_spot/A710.JPG,olive_peacock_spot,2,train/olive_peacock_spot/A710.JPG,0.0,0.06219521944200176,0.0253217683268047,0.0,0.8830442081701175,2.596506877371516,0.7996272491240872,0.2662148909819998,0.9649079315007324
train/olive_peacock_spot/A711.JPG,olive_peacock_spot,2,train/olive_peacock_spot/A711.JPG,0.0,0.05674607925296301,0.024123069555848198,0.0,0.8918552216768426,2.5950618476090086,0.7916648984675163,0.2759670286502016,0.9624413709760552
train/olive_peacock_spot/A712.JPG,olive_peacock_spot,2,train/olive_peacock_spot/A712.JPG,0.0008569834183673469,0.05727838010204082,0.011798469387755101,0.0009964923469387755,0.9269172512755102,3.3185869973636333,0.7969528924291199,0.24377416658536688,0.9630515064447134
train/olive_peacock_spot/A718.JPG,olive_peacock_spot,2,train/olive_peacock_spot/A718.JPG,0.0,0.014416174828521295,0.027675865369277398,0.00019939384271813686,0.9002432604881161,2.137247390979508,0.8233105383775674,0.21675782396034976,0.9722022064871495
train/olive_peacock_spot/A724.JPG,olive_peacock_spot,2,train/olive_peacock_spot/A724.JPG,0.05485620218843808,0.08422097414544398,0.020867628546528516,0.002130337949065556,0.8317275104096059,4.112159030134963,0.7729105509197967,0.19265279341132563,0.9747219672677521
train/olive_peacock_spot/A727.JPG,olive_peacock_spot,2,train/olive_peacock_spot/A727.JPG,0.0009964923469387755,0.061802455357142856,0.006397480867346939,0.0,0.9299266581632653,1.4800693280934332,0.7984599273602009,0.23425627422610976,0.9659983954506087
train/olive_peacock_spot/A731.JPG,olive_peacock_spot,2,train/olive_peacock_spot/A731.JPG,0.003293701799485861,0.17472686375321336,0.012291131105398458,0.0,0.7988833547557841,2.079721079747876,0.8125076590478925,0.2396112076043818,0.9742827923241617
train/olive_peacock_spot/A732.JPG,olive_peacock_spot,2,train/olive_peacock_spot/A732.JPG,0.0057597257653061226,0.028021364795918366,0.025091677295918366,0.001634247448979592,0.9348692602040817,2.1784966961948697,0.8170706873072198,0.28353415536104265,0.9713815934517286
train/olive_peacock_spot/A733.JPG,olive_peacock_spot,2,train/olive_peacock_spot/A733.JPG,0.0059590242346938774,0.029456313775510203,0.031947544642857144,0.003567442602040816,0.9281130420918368,2.1437296773228147,0.8119943077774934,0.274626232247539,0.9738612676908135
train/olive_peacock_spot/A738.JPG,olive_peacock_spot,2,train/olive_peacock_spot/A738.JPG,3.985969387755102e-05,0.013950892857142858,0.03768734056122449,3.985969387755102e-05,0.9196029974489796,1.537407857244309,0.7714234493447031,0.25031718975783446,0.962334164062786
train/olive_peacock_spot/A744.JPG,olive_peacock_spot,2,train/olive_peacock_spot/A744.JPG,0.0,0.0009367028061224489,0.04729352678571429,0.007692920918367347,0.9497369260204082,1.9010807841591317,0.8031111376961949,0.2639214632239728,0.9675705575329577
train/olive_peacock_spot/A745.JPG,olive_peacock_spot,2,train/olive_peacock_spot/A745.JPG,0.0,0.0033510314213595614,0.0726782139437723,0.0,0.8272695621899208,2.4085597286517286,0.8160338494590214,0.2457893061339616,0.9774091962632724
train/olive_peacock_spot/A748.JPG,olive_peacock_spot,2,train/olive_peacock_spot/A748.JPG,0.0030891262755102043,0.10030691964285714,0.0024912308673469387,0.0002192283163265306,0.8925980548469388,4.839375098737331,0.8631679294079255,0.2863368051311718,0.938525895506235
train/olive_peacock_spot/A749.JPG,olive_peacock_spot,2,train/olive_peacock_spot/A749.JPG,0.017003887172331308,0.035761985448021526,0.001395395195853683,0.0032094089504634705,0.9447822186783614,3.240353816587006,0.8443202420554926,0.26932633761453795,0.9337840981688764
train/olive_peacock_spot/A750.JPG,olive_peacock_spot,2,train/olive_peacock_spot/A750.JPG,3.6667644470519214e-05,0.13710032267527134,0.0006600176004693458,0.0,0.859819595189205,3.1053539905096335,0.8730896430557543,0.3039487357122209,0.9461516525636022
train/olive_peacock_spot/A754.JPG,olive_peacock_spot,2,train/olive_peacock_spot/A754.JPG,0.0009367028061224489,0.052834024234693876,0.0,0.0008769132653061224,0.9453125,3.3168189652111315,0.8670658944158971,0.3115386883465017,0.954661474885861
train/olive_peacock_spot/A756.JPG,olive_peacock_spot,2,train/olive_peacock_spot/A756.JPG,0.0,0.04448341836734694,0.007952008928571428,0.00047831632653061223,0.9462093431122449,2.672515614990388,0.8389302424868182,0.2805022189278313,0.9066123729748353
train/olive_peacock_spot/A757.JPG,olive_peacock_spot,2,train/olive_peacock_spot/A757.JPG,0.05264046960451023,0.008425008974007053,0.0012669186427078274,0.00010557655355898562,0.9311218564581177,5.464973750365956,0.8716071541911168,0.28987448518216263,0.945922415700729
train/olive_peacock_spot/A759.JPG,olive_peacock_spot,2,train/olive_peacock_spot/A759.JPG,0.0,0.08875822204504684,0.004644209687063983,0.0,0.9051624476778951,4.066694275373127,0.8632187183300637,0.28443193650110316,0.9307494346893711
train/olive_peacock_spot/A760.JPG,olive_peacock_spot,2,train/olive_peacock_spot/A760.JPG,0.013153698979591837,0.02951610331632653,0.00025908801020408165,0.0020129145408163264,0.956413424744898,2.6300831603769526,0.8499703325269201,0.28531285506759513,0.9371604576096264
train/olive_peacock_spot/A761.JPG,olive_peacock_spot,2,train/olive_peacock_spot/A761.JPG,0.011559311224489796,0.028559470663265307,0.00023915816326530612,0.0018136160714285715,0.9589245854591837,2.656698869829067,0.843570077966969,0.27803747251558114,0.9337770234102845
train/olive_peacock_spot/A763.JPG,olive_peacock_spot,2,train/olive_peacock_spot/A763.JPG,0.0,0.05109037993860383,0.005322329864848702,9.966909859267233e-05,0.9422915919148427,4.102657623716941,0.8813719655438884,0.29495379402101185,0.9374939399926113
train/olive_peacock_spot/A767.JPG,olive_peacock_spot,2,train/olive_peacock_spot/A767.JPG,0.0,0.04316804846938776,0.0003985969387755102,0.00015943877551020407,0.9551578443877551,2.1980817648290816,0.8781004858972522,0.2961698735681443,0.9098220332827395
train/olive_peacock_spot/A769.JPG,olive_peacock_spot,2,train/olive_peacock_spot/A769.JPG,5.9879044330452483e-05,0.04834234845611864,0.005828226981497375,0.002854234446418235,0.9447316420829923,2.672548882221057,0.8465749031055655,0.2856861362592086,0.9319584597321913
train/olive_peacock_spot/A772.JPG,olive_peacock_spot,2,train/olive_peacock_spot/A772.JPG,0.08707831684348552,0.011294552390034568,0.0041125283108833,0.003933722732149243,0.8672070568601741,8.052820322894547,0.8446103628141897,0.2801557163605284,0.9584756363972247
train/olive_peacock_spot/A778.JPG,olive_peacock_spot,2,train/olive_peacock_spot/A778.JPG,0.026189000619739708,0.003738429859459027,0.001619319885648028,0.021191099738109995,0.9552987745147038,5.8102973651084815,0.8697655015919874,0.2881177836482908,0.9495031832141227
train/olive_peacock_spot/A779.JPG,olive_peacock_spot,2,train/olive_peacock_spot/A779.JPG,0.009107940051020409,0.03298389668367347,0.00011957908163265306,0.00015943877551020407,0.9569515306122449,3.381485887085066,0.8803971899726681,0.3124642571491516,0.9081847635404002
train/olive_peacock_spot/A780.JPG,olive_peacock_spot,2,train/olive_peacock_spot/A780.JPG,0.00922751913265306,0.03282445790816327,0.0001793686224489796,0.0012356505102040817,0.9567123724489796,3.068959391060676,0.8465331135196106,0.2770475250565474,0.9126302374158013
train/olive_peacock_spot/A786.JPG,olive_peacock_spot,2,train/olive_peacock_spot/A786.JPG,0.003293084522502744,0.18526649591413588,0.006616660568361995,0.00012196609342602757,0.8011647761922186,5.711724160171153,0.8433924238327908,0.27539716595024616,0.969002792324689
train/olive_peacock_spot/A790.JPG,olive_peacock_spot,2,train/olive_peacock_spot/A790.JPG,0.0148670601056939,0.06631572453784623,0.008513088359277004,0.0,0.9083300775225679,5.104351082016123,0.8554776260284268,0.28037174746218824,0.9430726759388623
train/olive_peacock_spot/A795.JPG,olive_peacock_spot,2,train/olive_peacock_spot/A795.JPG,0.0011559311224489796,0.04165338010204082,0.006636639030612245,0.0007174744897959184,0.9489596619897959,2.737884205941782,0.8370464528060754,0.27737417530807684,0.9206985557064031
train/olive_peacock_spot/A799.JPG,olive_peacock_spot,2,train/olive_peacock_spot/A799.JPG,0.00013950892857142856,0.0830078125,0.002232142857142857,1.992984693877551e-05,0.9119300063775511,3.1648832879564424,0.8635827040878632,0.29071862938584836,0.9425340140573772
train/olive_peacock_spot/A802.JPG,olive_peacock_spot,2,train/olive_peacock_spot/A802.JPG,0.0052970795568982884,0.09901309164149043,0.0011278952668680765,0.00016112789526686808,0.8894058408862034,4.317464969991108,0.8621115769351871,0.263924163323037,0.9536683164868808
train/olive_peacock_spot/A806.JPG,olive_peacock_spot,2,train/olive_peacock_spot/A806.JPG,0.0270766593890918,0.0489297884062111,0.00036727947927931603,0.0,0.9213817870187109,3.407554125263421,0.8730630148567406,0.28671014132726635,0.9656068536647624
train/olive_peacock_spot/A809.JPG,olive_peacock_spot,2,train/olive_peacock_spot/A809.JPG,0.014409279336734694,0.032724808673469385,0.00011957908163265306,0.0069355867346938774,0.9503348214285714,3.14415042060286,0.8709429797065177,0.2826128924281624,0.9495373962554933
train/olive_peacock_spot/A813.JPG,olive_peacock_spot,2,train/olive_peacock_spot/A813.JPG,0.0,0.06196189413265306,0.015565210459183673,0.0005381058673469387,0.9199617346938775,3.7220038250294984,0.8452840579257562,0.28003250632995946,0.9239970103372256
train/olive_peacock_spot/A814.JPG,olive_peacock_spot,2,train/olive_peacock_spot/A814.JPG,0.0,0.05819515306122449,0.015126753826530613,0.0004185267857142857,0.9242267219387755,3.595457453635118,0.8518171563967922,0.2843990334305967,0.9237811789638206
train/olive_peacock_spot/A815.JPG,olive_peacock_spot,2,train/olive_peacock_spot/A815.JPG,0.08052236732425674,0.03445401500416782,0.005084745762711864,0.0001667129758266185,0.8623228674631842,5.1270282819923505,0.8652577921846222,0.2996334254219016,0.9630647917899191
train/olive_peacock_spot/A821.JPG,olive_peacock_spot,2,train/olive_peacock_spot/A821.JPG,0.04667570153061224,0.008649553571428572,0.0006776147959183673,0.0017338966836734694,0.9406090561224489,4.332167500710171,0.8780613526339669,0.31225033353825293,0.9493460626546255
train/olive_peacock_spot/A826 (2).jpg,olive_peacock_spot,2,train/olive_peacock_spot/A826 (2).jpg,0.12752255184599648,0.018413466009485725,0.0,0.012694131870175766,0.8516228029387147,11.822829554381116,0.7421498463743861,0.11052525767294716,0.9608182909993316
train/olive_peacock_spot/B-457.jpg,olive_peacock_spot,2,train/olive_peacock_spot/B-457.jpg,0.10432387891404285,0.0016480180414606643,0.0,0.04503859831728684,0.8871758175036863,9.356598511041096,0.7521178889317999,0.110786501855619,0.9665568193139817
train/olive_peacock_spot/DSC_0036.JPG,olive_peacock_spot,2,train/olive_peacock_spot/DSC_0036.JPG,0.03033148840090315,0.002477670989270086,0.00047954922372969407,0.022858512997782084,0.9642136391791716,3.5885291282346046,0.8498231122412733,0.30248663197742826,0.9534609306119497
train/olive_peacock_spot/DSC_0050.JPG,olive_peacock_spot,2,train/olive_peacock_spot/DSC_0050.JPG,0.06494629377140766,0.0038907917927571414,0.0004323101991952379,0.0024940973030494495,0.8956469688404111,3.7994438914751933,0.82489557398736,0.292612794975438,0.9691815771576086
train/olive_peacock_spot/DSC_1470.JPG,olive_peacock_spot,2,train/olive_peacock_spot/DSC_1470.JPG,9.964923469387755e-05,0.00625797193877551,0.10118383290816327,1.992984693877551e-05,0.014130261479591837,1.4850554269655427,0.7044941293717316,0.18200480041528644,0.9177431684937094
train/olive_peacock_spot/DSC_1471.JPG,olive_peacock_spot,2,train/olive_peacock_spot/DSC_1471.JPG,0.00045838647959183676,0.008868781887755101,0.43576610331632654,5.978954081632653e-05,0.007932079081632654,1.6296400200300831,0.6941210362442205,0.17456189739697778,0.9240342055798102
train/olive_peacock_spot/DSC_1474.JPG,olive_peacock_spot,2,train/olive_peacock_spot/DSC_1474.JPG,0.02564971301020408,0.009825414540816327,0.08637595663265306,0.0,0.0021125637755102043,1.550889283576486,0.6956688263674446,0.178659834161223,0.9107822358528208
train/olive_peacock_spot/DSC_1555.JPG,olive_peacock_spot,2,train/olive_peacock_spot/DSC_1555.JPG,0.0037398373983739837,0.0001016260162601626,4.065040650406504e-05,0.0,0.04502032520325203,1.6966707949133353,0.7086602450751316,0.1820890149343419,0.9288985184331844
train/olive_peacock_spot/DSC_1567.JPG,olive_peacock_spot,2,train/olive_peacock_spot/DSC_1567.JPG,0.017139668367346938,0.020089285714285716,0.1524035395408163,0.0,0.0983139349489796,1.7525171223197797,0.6874488279731475,0.1507080658919069,0.9510014333790132
train/olive_peacock_spot/DSC_1575.JPG,olive_peacock_spot,2,train/olive_peacock_spot/DSC_1575.JPG,0.005440848214285714,0.011519451530612245,0.06052694515306122,0.0,0.06311782525510204,1.070111673722609,0.7064954516306802,0.17779894200071764,0.9457634871301797
train/olive_peacock_spot/DSC_1594.JPG,olive_peacock_spot,2,train/olive_peacock_spot/DSC_1594.JPG,0.002291932397959184,0.0042849170918367345,0.1025390625,1.992984693877551e-05,0.10566804846938775,1.8032405906049895,0.6758233538512024,0.16416367482058014,0.9335325250642577
train/olive_peacock_spot/DSC_1595.JPG,olive_peacock_spot,2,train/olive_peacock_spot/DSC_1595.JPG,0.019730548469387755,0.0001992984693877551,0.05293367346938776,0.0,0.09923070790816327,1.9396335640586002,0.6738805495305464,0.15909001185861626,0.9441784937999352
train/olive_peacock_spot/DSC_1641.JPG,olive_peacock_spot,2,train/olive_peacock_spot/DSC_1641.JPG,0.012894610969387755,0.0038464604591836736,0.13600127551020408,0.0,0.07770647321428571,1.5437550138630811,0.6826763263115021,0.17372250051585958,0.927294046294788
train/olive_peacock_spot/DSC_1645.JPG,olive_peacock_spot,2,train/olive_peacock_spot/DSC_1645.JPG,0.007453762755102041,0.0024912308673469387,0.00412547831632653,3.985969387755102e-05,0.1591198979591837,2.9563724388082275,0.6628276364892333,0.16292108523281423,0.9428436422271056
train/olive_peacock_spot/DSC_1652.JPG,olive_peacock_spot,2,train/olive_peacock_spot/DSC_1652.JPG,0.01167889030612245,0.05113998724489796,0.04137436224489796,0.0,0.048329878826530615,1.5662852854577496,0.6829553108031887,0.16563974863327535,0.9383117798781372
train/olive_peacock_spot/DSC_1670.JPG,olive_peacock_spot,2,train/olive_peacock_spot/DSC_1670.JPG,0.0,0.00027902341803687095,0.010303936223218735,0.0020528151469855504,0.11635276532137519,2.650002124211194,0.6582714600114108,0.17352369358413924,0.9354128476541441
train/olive_peacock_spot/DSC_1671.JPG,olive_peacock_spot,2,train/olive_peacock_spot/DSC_1671.JPG,0.0033880739795918366,0.0,0.01873405612244898,0.005181760204081632,0.10795998086734694,2.7075121981355537,0.6663034178343165,0.17194887319286298,0.9479441370009563
train/olive_peacock_spot/IMG_20190211_191213.jpg,olive_peacock_spot,2,train/olive_peacock_spot/IMG_20190211_191213.jpg,0.07318972229431611,0.004531933158977021,0.0,0.03944977939268103,0.9197428577132704,8.769537534313399,0.7623929258852717,0.12401010686290766,0.9549549642283566
train/olive_peacock_spot/IMG_20190211_191240.jpg,olive_peacock_spot,2,train/olive_peacock_spot/IMG_20190211_191240.jpg,0.036854497565647695,0.016042780748663103,0.0008380557107510575,0.013229308005427409,0.9188682257163381,7.368245619867389,0.7857958394946555,0.1380961501360762,0.9434561628196253
train/olive_peacock_spot/IMG_20190211_191749.jpg,olive_peacock_spot,2,train/olive_peacock_spot/IMG_20190211_191749.jpg,0.08012961555386647,0.013961675401048125,0.0,0.05214625755090611,0.901628195383446,5.797656406258551,0.7565163106247317,0.11785280915114148,0.9734258435586485
train/olive_peacock_spot/IMG_20190211_192025.jpg,olive_peacock_spot,2,train/olive_peacock_spot/IMG_20190211_192025.jpg,0.07998318250981021,0.007247537438936494,0.0,0.067209898294226,0.9079042203892048,7.298121943672195,0.7762887812415177,0.11653620497732492,0.974385561908355
train/olive_peacock_spot/IMG_20190211_192034.jpg,olive_peacock_spot,2,train/olive_peacock_spot/IMG_20190211_192034.jpg,0.08428774160020787,0.0037776578521316784,0.0,0.04389278647238712,0.9034198796746018,8.920615736808589,0.7574342455861437,0.11427696779989716,0.9658417830459856
train/olive_peacock_spot/IMG_20190211_192059.jpg,olive_peacock_spot,2,train/olive_peacock_spot/IMG_20190211_192059.jpg,0.09903260191870639,0.00026145894089016716,0.0,0.05874781279539832,0.8259487942720379,8.54450589307807,0.7713319142143261,0.11278775222435518,0.9680536513514937
train/olive_peacock_spot/IMG_20190211_192203.jpg,olive_peacock_spot,2,train/olive_peacock_spot/IMG_20190211_192203.jpg,0.1198074123838316,0.014309707759489419,0.0,0.048997872578658605,0.8586272533870787,9.679261208407013,0.761512262030491,0.11490804449593192,0.971858127018572
train/olive_peacock_spot/IMG_20190211_192346.jpg,olive_peacock_spot,2,train/olive_peacock_spot/IMG_20190211_192346.jpg,0.07029838159110076,0.0002811132083048874,0.0,0.03730773864503434,0.9255451588289627,4.221361058652517,0.7816051668350381,0.12337789511504484,0.9832827021935316
train/olive_peacock_spot/IMG_20190211_192421.jpg,olive_peacock_spot,2,train/olive_peacock_spot/IMG_20190211_192421.jpg,0.07555404974489796,0.0,0.0,0.01815609056122449,0.921257174744898,3.929895097483601,0.7733686058349478,0.11889171180753766,0.9820800714966035
train/olive_peacock_spot/IMG_20190211_192430.jpg,olive_peacock_spot,2,train/olive_peacock_spot/IMG_20190211_192430.jpg,0.06234791974151342,0.0028521281263712154,0.0,0.016673979815708645,0.9318680441980135,5.596977578112953,0.7714622700563534,0.12346413327821383,0.9698557203076634
train/olive_peacock_spot/IMG_20190724_131604.jpg,olive_peacock_spot,2,train/olive_peacock_spot/IMG_20190724_131604.jpg,0.07310880084319456,0.004742969386288507,0.007809131413788147,0.027331959948258516,0.9006611411871797,4.026052317917515,0.7923410934378466,0.20616414465950517,0.9825328597934951
train/olive_peacock_spot/IMG_20190724_131607.jpg,olive_peacock_spot,2,train/olive_peacock_spot/IMG_20190724_131607.jpg,0.029660168914862107,0.0016010887403434336,0.0009206260256974743,0.011327702837929792,0.9646359524476644,2.776040134275518,0.8534760641042367,0.2744231421338549,0.9728590442446867
train/olive_peacock_spot/IMG_20190724_131729.jpg,olive_peacock_spot,2,train/olive_peacock_spot/IMG_20190724_131729.jpg,0.020489675280584735,0.03956144905539801,0.007888325278587691,0.013480049526700483,0.9301234173423334,3.780404437128438,0.7924652410131894,0.2057319608043607,0.9677587662171736
train/olive_peacock_spot/IMG_20190724_131734.jpg,olive_peacock_spot,2,train/olive_peacock_spot/IMG_20190724_131734.jpg,0.027375437566814095,0.06292577609155889,0.01624499549332383,0.020814555515962018,0.8905611335862662,4.7359758807368895,0.7424875687169349,0.1637617407680334,0.9738435398877754
train/olive_peacock_spot/IMG_20190724_132113.jpg,olive_peacock_spot,2,train/olive_peacock_spot/IMG_20190724_132113.jpg,0.02010921556122449,0.027483258928571428,0.006138392857142857,0.0009765625,0.9455516581632653,2.3778972157162355,0.8249792371816053,0.22146336946438472,0.9744626324602488
train/olive_peacock_spot/IMG_20190724_132118.jpg,olive_peacock_spot,2,train/olive_peacock_spot/IMG_20190724_132118.jpg,0.07651774342581724,0.11212946082960817,0.025048073321179733,0.0107884024673476,0.7779387158804285,2.9488725692501694,0.7546383637951242,0.15613296742785776,0.9876672744936568
train/olive_peacock_spot/IMG_20190724_132132.jpg,olive_peacock_spot,2,train/olive_peacock_spot/IMG_20190724_132132.jpg,0.009566326530612245,0.03946109693877551,0.0166015625,0.001016422193877551,0.9332549426020408,2.7816384045425764,0.819983782903308,0.2258687680728316,0.967608345232047
train/olive_peacock_spot/IMG_20190724_132138.jpg,olive_peacock_spot,2,train/olive_peacock_spot/IMG_20190724_132138.jpg,0.03032715691951361,0.10929357266936884,0.04060509554140127,0.005018336228527312,0.8169754873576529,4.053397415364899,0.721166755161737,0.1426537176182718,0.9791436164110182
train/olive_peacock_spot/IMG_20190724_132552.jpg,olive_peacock_spot,2,train/olive_peacock_spot/IMG_20190724_132552.jpg,0.03551613901206559,0.041971743838300504,0.009569970093843456,0.027534288955347014,0.9110859028565536,4.220569189861194,0.7915395839056564,0.20043817541156647,0.9791535724394927
train/olive_peacock_spot/IMG_20190724_132556.jpg,olive_peacock_spot,2,train/olive_peacock_spot/IMG_20190724_132556.jpg,0.08217023295298495,0.09330603480562283,0.027065491498339617,0.0631694589398517,0.7941624428853212,5.30967484441169,0.7155084714055562,0.144629696319835,0.9853536283416071
train/olive_peacock_spot/IMG_20190724_132610.jpg,olive_peacock_spot,2,train/olive_peacock_spot/IMG_20190724_132610.jpg,0.04371734946384383,0.012647786637338466,0.009018421776189167,0.06161671707451196,0.911657959857025,6.050130908477519,0.721941606669857,0.1548954960694232,0.9860076491103421
train/olive_peacock_spot/IMG_20190724_132912.jpg,olive_peacock_spot,2,train/olive_peacock_spot/IMG_20190724_132912.jpg,0.07135775658578038,0.006231706165612312,0.0030214332924180906,0.03427438391086772,0.9127325087338306,5.034197648747343,0.7907643381996454,0.20323869515235535,0.9797933751252063
train/olive_peacock_spot/IMG_20190724_132919.jpg,olive_peacock_spot,2,train/olive_peacock_spot/IMG_20190724_132919.jpg,0.09980198019801981,0.009927392739273927,0.008448844884488448,0.0530957095709571,0.8686732673267327,5.9951446601406495,0.7373456735161716,0.16349240026603806,0.9830353305209364
train/olive_peacock_spot/IMG_20190724_133129.jpg,olive_peacock_spot,2,train/olive_peacock_spot/IMG_20190724_133129.jpg,0.0393694454497929,0.01377327381670487,0.0004021393815096312,0.039630836047774155,0.9441830538464632,4.990866775090504,0.8381504117017124,0.2527680991293553,0.9716214432605521
train/olive_peacock_spot/IMG_20190724_133137.jpg,olive_peacock_spot,2,train/olive_peacock_spot/IMG_20190724_133137.jpg,0.06365217391304348,0.03807357859531772,0.002568561872909699,0.07925083612040133,0.8914247491638796,6.508443988581936,0.7732919616067186,0.18339326609952145,0.9801368075238373
train/olive_peacock_spot/IMG_20190724_133346.jpg,olive_peacock_spot,2,train/olive_peacock_spot/IMG_20190724_133346.jpg,0.10731371751977736,0.00669147306213064,0.0,0.07939088833995185,0.8798974391044683,7.872565853264327,0.7776664396044025,0.2010986071146466,0.9842561870534845
train/olive_peacock_spot/IMG_20190724_133353.jpg,olive_peacock_spot,2,train/olive_peacock_spot/IMG_20190724_133353.jpg,0.08197400751946475,0.01900589123419876,0.0,0.0724414577104118,0.8921815329050593,7.622776122996565,0.7712471785422041,0.17112105933289823,0.9865084628826944
train/olive_peacock_spot/IMG_20190724_133643.jpg,olive_peacock_spot,2,train/olive_peacock_spot/IMG_20190724_133643.jpg,0.05550664671185844,0.011598732282771371,0.0033893828682102296,0.02027027027027027,0.92831675323532,2.98600821947441,0.8267524840125295,0.20551115542052867,0.9809957412288437
train/olive_peacock_spot/IMG_20190724_133648.jpg,olive_peacock_spot,2,train/olive_peacock_spot/IMG_20190724_133648.jpg,0.12742471597956045,0.032098030460882075,0.01815746390831969,0.05201666914719452,0.8191943245522647,3.717163975153675,0.7681102332235932,0.13915809523979145,0.9890626438565319
train/olive_peacock_spot/IMG_20190724_133731.jpg,olive_peacock_spot,2,train/olive_peacock_spot/IMG_20190724_133731.jpg,4.414328911647207e-05,0.10340565475533582,0.04586487739201448,0.0,0.8489858079325491,1.7396577637609056,0.7771042897449909,0.17148819497108678,0.9849234485037381
train/olive_peacock_spot/IMG_20190724_133736.jpg,olive_peacock_spot,2,train/olive_peacock_spot/IMG_20190724_133736.jpg,2.235736004292613e-05,0.1497943122876051,0.060990878197102485,0.0,0.7859282775889823,1.929091452681457,0.7249892218692171,0.14160277286877676,0.9878906853127033
train/olive_peacock_spot/IMG_20190724_133746.jpg,olive_peacock_spot,2,train/olive_peacock_spot/IMG_20190724_133746.jpg,0.0003194343881766685,0.08149836023680736,0.04269772988628136,0.004152647046296691,0.8721197665999404,2.072891740777034,0.7935834418393202,0.18560143541994167,0.9831696170705109
train/olive_peacock_spot/IMG_20190724_133749.jpg,olive_peacock_spot,2,train/olive_peacock_spot/IMG_20190724_133749.jpg,0.0004630344188918043,0.14714204867006225,0.07925605803364717,0.006148068117507846,0.7624376189741215,2.357945709328901,0.7563006962935678,0.16309215234894012,0.9862310749736304
train/olive_peacock_spot/IMG_20190724_133924.jpg,olive_peacock_spot,2,train/olive_peacock_spot/IMG_20190724_133924.jpg,0.00024339514094791345,0.07151391777669602,0.028410850997920078,0.0007301854228437403,0.897995309111829,2.4375408310530204,0.8122347737016627,0.20336766666603995,0.9804640656414385
train/olive_peacock_spot/IMG_20190724_133929.jpg,olive_peacock_spot,2,train/olive_peacock_spot/IMG_20190724_133929.jpg,0.0004133537578719576,0.11554453278867897,0.05483016023536849,0.0010212269312130718,0.8216013810878499,2.9520398405998947,0.7563277109643047,0.16979350133218835,0.9838674684599452
train/olive_peacock_spot/IMG_20190724_133937.jpg,olive_peacock_spot,2,train/olive_peacock_spot/IMG_20190724_133937.jpg,0.025716660856506934,0.04156498887130943,0.05416856614196455,0.052827760049341664,0.8737228821967767,4.360996013186197,0.7842829957615645,0.18996403302025908,0.9820803293434713
train/olive_peacock_spot/IMG_20190724_133941.jpg,olive_peacock_spot,2,train/olive_peacock_spot/IMG_20190724_133941.jpg,0.022620807134447255,0.045316766452065435,0.08787795285453043,0.07162003056188783,0.8380720959943886,4.710723471002711,0.756257316077987,0.15242429237901323,0.9862012763728403
train/olive_peacock_spot/IMG_20190724_134012.jpg,olive_peacock_spot,2,train/olive_peacock_spot/IMG_20190724_134012.jpg,0.08225788959982648,0.00718468712720963,0.016619672486715108,0.02751870729855764,0.8828489317861403,3.0634166039216755,0.7969519422950513,0.195801259609368,0.9852919868172901
train/olive_peacock_spot/IMG_20190724_134017.jpg,olive_peacock_spot,2,train/olive_peacock_spot/IMG_20190724_134017.jpg,0.10405398699945417,0.01863246166823798,0.03803403959708232,0.04847913462015581,0.8202004664317968,4.356691881219516,0.7092175134315093,0.1346227262120345,0.9878281855653914
train/olive_peacock_spot/IMG_20190724_134036.jpg,olive_peacock_spot,2,train/olive_peacock_spot/IMG_20190724_134036.jpg,3.986605007175889e-05,0.018178918832722053,0.029162015627491628,0.00540184978472333,0.9507454951363419,2.277719846346618,0.8273311325779402,0.25121821165505426,0.9725157828253455
train/olive_peacock_spot/IMG_20190724_134041.jpg,olive_peacock_spot,2,train/olive_peacock_spot/IMG_20190724_134041.jpg,0.00011689412314795873,0.05654753207282504,0.10073351062275344,0.009088518074753792,0.8325199450597621,3.2222159743942314,0.7768769604314145,0.20610699365239427,0.9838998743813601
train/olive_peacock_spot/IMG_20190724_134134.jpg,olive_peacock_spot,2,train/olive_peacock_spot/IMG_20190724_134134.jpg,0.142294991744634,0.02275729223995597,0.0364336818932306,0.05415520088057237,0.7901761144744084,5.759411750212282,0.735365376496007,0.17079124087131206,0.9863736121455984
train/olive_peacock_spot/IMG_20190724_134139.jpg,olive_peacock_spot,2,train/olive_peacock_spot/IMG_20190724_134139.jpg,0.21544737557791677,0.03350557519717161,0.05248844166440032,0.09211313570845799,0.6864835463693229,5.112419823482979,0.7043634077195615,0.1292347238812253,0.9913056886987082
train/olive_peacock_spot/IMG_20190724_134144.jpg,olive_peacock_spot,2,train/olive_peacock_spot/IMG_20190724_134144.jpg,0.16113488922985814,0.02603031037174621,0.03445583999569302,0.07163046111604619,0.7696034886537996,6.103171261605677,0.7035901226731508,0.15062612135105607,0.9876147871217216
train/olive_peacock_spot/IMG_20190724_134158.jpg,olive_peacock_spot,2,train/olive_peacock_spot/IMG_20190724_134158.jpg,0.025663993334027704,0.018581397771065513,0.001958129361524841,0.03693365274450578,0.95240079158421,5.296270664181513,0.8263916261977988,0.2511811109346288,0.9796406440853571
train/olive_peacock_spot/IMG_20190724_134204.jpg,olive_peacock_spot,2,train/olive_peacock_spot/IMG_20190724_134204.jpg,0.06933541079882544,0.054413615389225144,0.009018996823874872,0.09887936717205009,0.8641157787499251,7.098976397431985,0.7493778440991337,0.18619261984307323,0.9850152913402004
train/olive_peacock_spot/IMG_20190724_134606.jpg,olive_peacock_spot,2,train/olive_peacock_spot/IMG_20190724_134606.jpg,0.00930460333006856,0.04971681642038922,0.042520120938551294,0.01296682706638845,0.8897287399395307,3.661441227922711,0.7847973289860224,0.20905638259252735,0.9807155733563251
train/olive_peacock_spot/IMG_20190724_134611.jpg,olive_peacock_spot,2,train/olive_peacock_spot/IMG_20190724_134611.jpg,0.01849280980695183,0.124106137203028,0.09469052047044031,0.02724153286009901,0.7452916677580742,4.07814343398619,0.7335377580502986,0.15932531103438258,0.987089780654035
train/olive_peacock_spot/IMG_20190724_134747.jpg,olive_peacock_spot,2,train/olive_peacock_spot/IMG_20190724_134747.jpg,0.06492557150451887,0.013977494240652135,0.021486797802587276,0.009037745879851143,0.8885123161438951,2.4686108392563684,0.7761016536091696,0.18385435206489448,0.986314523833311
train/olive_peacock_spot/IMG_20190724_134753.jpg,olive_peacock_spot,2,train/olive_peacock_spot/IMG_20190724_134753.jpg,0.10903797161227709,0.023802013829916292,0.05345141332039306,0.018561203445347566,0.7888632779327914,2.9286751027592706,0.7132333277753521,0.1436165136143301,0.9897605131740165
train/olive_peacock_spot/IMG_20190724_134806.jpg,olive_peacock_spot,2,train/olive_peacock_spot/IMG_20190724_134806.jpg,0.04103709930756808,0.028427316771010774,0.026480543326770346,0.021436630312147424,0.9016215737893503,6.072807768761157,0.7783089319889294,0.18351393993623566,0.971052784821258
train/olive_peacock_spot/IMG_20190724_134811.jpg,olive_peacock_spot,2,train/olive_peacock_spot/IMG_20190724_134811.jpg,0.06408985794516023,0.05155977157959318,0.05054509415262636,0.037283496153664636,0.829203832177073,6.658523472125941,0.7491673498950044,0.15876387358009705,0.9784727490280802
train/olive_peacock_spot/IMG_20190724_134823.jpg,olive_peacock_spot,2,train/olive_peacock_spot/IMG_20190724_134823.jpg,0.01822308107136437,0.042602912097788964,0.02168344418479238,0.03237911198993349,0.9032895919467913,4.244844485094855,0.7926848523528611,0.1913122945234224,0.9826264148880135
train/olive_peacock_spot/IMG_20190724_134828.jpg,olive_peacock_spot,2,train/olive_peacock_spot/IMG_20190724_134828.jpg,0.02603993131199221,0.07037957813260887,0.035112899505343825,0.05018325345362278,0.843529743445165,5.308213509403367,0.7339885589064815,0.15365487974914582,0.9835709806962905
train/olive_peacock_spot/IMG_20190724_134856.jpg,olive_peacock_spot,2,train/olive_peacock_spot/IMG_20190724_134856.jpg,0.07006659320653476,0.04398026158194797,0.003497341062616778,0.032530062760504,0.8767307047381785,3.4396714737550926,0.790438594951073,0.18683832177359164,0.9842410702214162
train/olive_peacock_spot/IMG_20190724_134912.jpg,olive_peacock_spot,2,train/olive_peacock_spot/IMG_20190724_134912.jpg,0.08907639315372086,0.12239993591626391,0.005420416010253398,0.06357640650449921,0.7624362500333769,4.143133267665431,0.7231045168805448,0.14383452248550446,0.9884925178887047
train/olive_peacock_spot/IMG_20190724_135019.jpg,olive_peacock_spot,2,train/olive_peacock_spot/IMG_20190724_135019.jpg,0.06345265021142689,0.017086242501720916,0.00516274953289409,0.03422165404661225,0.9122086734192153,5.100072109949507,0.7877826893835984,0.18576831353829928,0.980312764144839
train/olive_peacock_spot/IMG_20190724_135032.jpg,olive_peacock_spot,2,train/olive_peacock_spot/IMG_20190724_135032.jpg,0.0858704137392662,0.03394438612075695,0.013001695873374788,0.046757651619155294,0.864087862391989,5.393958698087676,0.7418370418126076,0.15583416496271266,0.9851831634239661
train/olive_peacock_spot/IMG_20190724_135121.jpg,olive_peacock_spot,2,train/olive_peacock_spot/IMG_20190724_135121.jpg,0.12979085012659983,0.048142624258610524,0.018036141653081754,0.08941764073393223,0.7975789948319517,6.176136874204623,0.7730190808394546,0.20861760395097917,0.984556111349813
train/olive_peacock_spot/IMG_20190724_135126.jpg,olive_peacock_spot,2,train/olive_peacock_spot/IMG_20190724_135126.jpg,0.10572445112955946,0.05388909779873304,0.02620693644962541,0.08495559862312342,0.8076711694773075,6.0491175374512896,0.7611083048837906,0.1801852051101024,0.9874258314333764
train/olive_peacock_spot/IMG_20190724_135217.jpg,olive_peacock_spot,2,train/olive_peacock_spot/IMG_20190724_135217.jpg,0.07416974169741697,0.049551924090669476,0.02691091196626252,0.056114918292040065,0.8092514496573537,3.8578387967380543,0.730582768663673,0.14918703818939877,0.988913493423665
train/olive_peacock_spot/IMG_20190724_135228.jpg,olive_peacock_spot,2,train/olive_peacock_spot/IMG_20190724_135228.jpg,0.08859626020542534,0.049486436660521466,0.026705293652883856,0.06452462470371345,0.7795628127469054,3.7565884742565228,0.7411344051007877,0.14438822179343505,0.9904043858445543
train/olive_peacock_spot/IMG_20190724_135245.jpg,olive_peacock_spot,2,train/olive_peacock_spot/IMG_20190724_135245.jpg,0.04548639867490603,0.07298634558620543,0.009386082266250451,0.0017837803401923934,0.8708033382174938,4.196438784853367,0.7512637532397612,0.17744852132620476,0.9753680228943458
train/olive_peacock_spot/IMG_20190724_135253.jpg,olive_peacock_spot,2,train/olive_peacock_spot/IMG_20190724_135253.jpg,0.08667229017292281,0.12484183888654576,0.019163854913538593,0.0014761703922395613,0.7649725854070013,4.300468630881085,0.7398965732290935,0.15585195096284452,0.9812581163396898
train/olive_peacock_spot/IMG_20190724_135407.jpg,olive_peacock_spot,2,train/olive_peacock_spot/IMG_20190724_135407.jpg,0.06514874522187136,0.01276937565785829,0.012243089025538752,0.06163093457426182,0.9068195667830037,5.99439414326439,0.7792351572842944,0.1964807002892798,0.984209033818686
train/olive_peacock_spot/IMG_20190724_135412.jpg,olive_peacock_spot,2,train/olive_peacock_spot/IMG_20190724_135412.jpg,0.08525906490057851,0.026807447918313153,0.022950716024404894,0.09170802642809724,0.8585970347421996,6.003096547346033,0.761834894489406,0.16501172228907607,0.9880838975995019
train/olive_peacock_spot/IMG_20190729_170141.jpg,olive_peacock_spot,2,train/olive_peacock_spot/IMG_20190729_170141.jpg,0.09222855486862443,0.02127608191653787,0.0047816846986089645,0.05257438176197836,0.8135625965996909,4.027580617664419,0.7470367737329564,0.1368898695855484,0.9875250374144908
train/olive_peacock_spot/IMG_20190729_170147.jpg,olive_peacock_spot,2,train/olive_peacock_spot/IMG_20190729_170147.jpg,0.05484744094488189,0.0037647637795275592,0.00012303149606299212,0.02295767716535433,0.9045521653543307,3.2249075628440442,0.8186418423863914,0.1786334783284812,0.9836001053634363
train/olive_peacock_spot/IMG_20190729_170205.jpg,olive_peacock_spot,2,train/olive_peacock_spot/IMG_20190729_170205.jpg,0.020637142111630334,0.025642242095025736,0.011931589059942595,0.0,0.9321109187086367,1.5842560668196206,0.8011062913764612,0.17349618543673345,0.9845475429743492
train/olive_peacock_spot/IMG_20190729_170209.jpg,olive_peacock_spot,2,train/olive_peacock_spot/IMG_20190729_170209.jpg,0.011314978383633618,0.013590385371201621,0.003082142192251205,0.0,0.967006598680264,1.050762283828676,0.866781209807294,0.19997465876805176,0.9847659681307008
train/olive_peacock_spot/IMG_20190729_170258.jpg,olive_peacock_spot,2,train/olive_peacock_spot/IMG_20190729_170258.jpg,0.03691007653061224,0.018415178571428572,0.0013950892857142857,0.0,0.9369220344387755,2.135052184033328,0.8449506729588805,0.2208864443561735,0.972296989890022
train/olive_peacock_spot/IMG_20190729_170303.jpg,olive_peacock_spot,2,train/olive_peacock_spot/IMG_20190729_170303.jpg,0.024832589285714284,0.011937978316326531,0.0003786670918367347,0.0,0.9598413584183674,1.9172252874071356,0.8515777744866372,0.23293920044819516,0.9697202175996772
train/olive_peacock_spot/IMG_20190729_170342.jpg,olive_peacock_spot,2,train/olive_peacock_spot/IMG_20190729_170342.jpg,0.010708362947168917,0.08623548922056384,0.02902155887230514,0.0009713338071547027,0.868348732527837,2.6738083945202824,0.7945158699668087,0.17891629413772644,0.9772303930789153
train/olive_peacock_spot/IMG_20190729_170346.jpg,olive_peacock_spot,2,train/olive_peacock_spot/IMG_20190729_170346.jpg,0.0050342041694578085,0.044820656476463064,0.010454093335769238,0.0004465826279357733,0.9379859123480097,2.0100962987816757,0.8455797460304454,0.20626151417724323,0.9729140170101925
train/olive_peacock_spot/IMG_20190729_170445.jpg,olive_peacock_spot,2,train/olive_peacock_spot/IMG_20190729_170445.jpg,0.011812197527466227,0.05731782839055942,0.0008486433175072822,0.0035551274111791553,0.9281634899883024,1.607495843068173,0.8153516119998955,0.17416806882849956,0.9839083053696253
train/olive_peacock_spot/IMG_20190729_170454.jpg,olive_peacock_spot,2,train/olive_peacock_spot/IMG_20190729_170454.jpg,0.007647509896167955,0.03601997886054175,0.00039377422229591096,0.0017408965617292905,0.9545501647634246,1.1900183905055677,0.8708751103365965,0.1963715931974448,0.9842591829807735
train/olive_peacock_spot/IMG_20190729_170537.jpg,olive_peacock_spot,2,train/olive_peacock_spot/IMG_20190729_170537.jpg,0.0,0.052626704637540225,0.03364126785672941,0.0006019772637818064,0.9063693825102452,2.0500770105817474,0.8044069852140525,0.15911607708325617,0.9826246762081442
train/olive_peacock_spot/IMG_20190729_170547.jpg,olive_peacock_spot,2,train/olive_peacock_spot/IMG_20190729_170547.jpg,0.0,0.03803126914611178,0.018334883932015704,0.0001815335042773832,0.9387551339944178,1.352821876422184,0.859067208946002,0.18693799529647612,0.9846370720653488
train/olive_peacock_spot/IMG_20190729_170608.jpg,olive_peacock_spot,2,train/olive_peacock_spot/IMG_20190729_170608.jpg,9.317927692881103e-05,0.1022642564293701,0.005241334327245621,0.0,0.890164927320164,1.834249023859289,0.793868503688032,0.16340082225406133,0.980797911367683
train/olive_peacock_spot/IMG_20190729_170611.jpg,olive_peacock_spot,2,train/olive_peacock_spot/IMG_20190729_170611.jpg,0.00020775767145201837,0.072361996966738,0.004217480730475973,0.0,0.9217376851640247,1.5430239500508764,0.818679792587838,0.1706411415163827,0.9817333391191942
train/olive_peacock_spot/IMG_20190729_170734.jpg,olive_peacock_spot,2,train/olive_peacock_spot/IMG_20190729_170734.jpg,0.051328153427941524,0.05744985980008134,0.01434106038228558,0.001476915173698067,0.8706950063143475,3.349571946534714,0.7534050153391836,0.14762997677034045,0.9789880320027384
train/olive_peacock_spot/IMG_20190729_170740.jpg,olive_peacock_spot,2,train/olive_peacock_spot/IMG_20190729_170740.jpg,0.0340077957342443,0.04013927210616213,0.005518328734726055,0.00010949064949853282,0.9157140980160294,2.5594064419489713,0.8100876543152122,0.17497610589041662,0.9780057746464654
train/olive_peacock_spot/IMG_20190729_171043.jpg,olive_peacock_spot,2,train/olive_peacock_spot/IMG_20190729_171043.jpg,0.00012674271229404308,0.09795099281791297,0.055133079847908745,0.0019856358259400086,0.8397549640895648,1.7687980914166297,0.746408689808731,0.14727413117097227,0.9857627181784572
train/olive_peacock_spot/IMG_20190729_171046.jpg,olive_peacock_spot,2,train/olive_peacock_spot/IMG_20190729_171046.jpg,2.1431173785388226e-05,0.07314459612953002,0.039797689719465935,0.001414457469835623,0.8807998114056707,1.5679750297842507,0.7863853679136577,0.1687042459523779,0.984415422397589
train/olive_peacock_spot/IMG_20190729_171143.jpg,olive_peacock_spot,2,train/olive_peacock_spot/IMG_20190729_171143.jpg,0.0026399035069752624,0.049475432966932936,0.014747047176896292,0.0063039075123461005,0.9249903279397373,1.7455446368785563,0.8144552307796757,0.17613192491864885,0.9843984490233487
train/olive_peacock_spot/IMG_20190729_171147.jpg,olive_peacock_spot,2,train/olive_peacock_spot/IMG_20190729_171147.jpg,0.0019872995568550413,0.040157156562657045,0.01135273425007995,0.0043172369683402625,0.9401297455342866,1.608611846558219,0.8322509817187199,0.1867975242500135,0.9833203542238043
train/olive_peacock_spot/IMG_20190729_171204.jpg,olive_peacock_spot,2,train/olive_peacock_spot/IMG_20190729_171204.jpg,0.016038609662165457,0.038585287378735435,0.03763467069663141,0.0007312436016184858,0.9043533369083021,2.5946373677101127,0.8030497547827543,0.18383908773771898,0.9815218973825856
train/olive_peacock_spot/IMG_20190729_171208.jpg,olive_peacock_spot,2,train/olive_peacock_spot/IMG_20190729_171208.jpg,0.010466656532974312,0.024255716488241298,0.023843130442335672,0.0012594731927645436,0.9398710125730169,2.205768442682357,0.836242632883692,0.19254506904025623,0.9795062440758671
train/olive_peacock_spot/IMG_20190729_171237.jpg,olive_peacock_spot,2,train/olive_peacock_spot/IMG_20190729_171237.jpg,0.01278085509435772,0.005179483490396374,0.012205356928758123,0.00016785363163321584,0.9421624343572405,1.726307934350011,0.8044381364270601,0.1558165844184659,0.9890721374505483
train/olive_peacock_spot/IMG_20190729_171242.jpg,olive_peacock_spot,2,train/olive_peacock_spot/IMG_20190729_171242.jpg,0.009545674238762687,0.0036732721121314643,0.002054132431126148,0.0,0.9647414209763171,1.4725391353074524,0.8291179340022671,0.17606959597823355,0.9877840091861916
train/olive_peacock_spot/IMG_20190729_171257.jpg,olive_peacock_spot,2,train/olive_peacock_spot/IMG_20190729_171257.jpg,0.014647439536732145,0.056364255705688655,0.027273759509481094,0.00034063812876121267,0.896900193028273,1.9490414191288845,0.7926256113219707,0.18637030854204273,0.9820988322346393
train/olive_peacock_spot/IMG_20190729_171302.jpg,olive_peacock_spot,2,train/olive_peacock_spot/IMG_20190729_171302.jpg,0.009762036524626453,0.0423464305478694,0.015118981737686773,4.427227448810182e-05,0.9300276701715551,1.6496170486563073,0.8318138887843358,0.20494572522879068,0.9804617840985442
train/olive_peacock_spot/IMG_20190729_171347.jpg,olive_peacock_spot,2,train/olive_peacock_spot/IMG_20190729_171347.jpg,0.024747333519753924,0.054927495705668516,0.005552670474973036,0.008229137538449246,0.9118763232533056,2.0940231581594384,0.8090151491800818,0.22868565770116753,0.9807430853758045
train/olive_peacock_spot/IMG_20190729_171355.jpg,olive_peacock_spot,2,train/olive_peacock_spot/IMG_20190729_171355.jpg,0.019896489920857078,0.04843224520208631,0.0045713595263507665,0.007632357975713394,0.923897939867491,1.9042138371388622,0.8323994472330691,0.22824814301087631,0.9818596200428408
train/olive_peacock_spot/IMG_20190729_171725.jpg,olive_peacock_spot,2,train/olive_peacock_spot/IMG_20190729_171725.jpg,0.009634096533166759,0.009898373495423203,0.010090574922518799,0.02210316411599356,0.9325613242678327,2.7232423669709283,0.791078445837955,0.19767758793147566,0.9848300327591207
train/olive_peacock_spot/IMG_20190729_171733.jpg,olive_peacock_spot,2,train/olive_peacock_spot/IMG_20190729_171733.jpg,0.008937413947196791,0.00845431049059156,0.0052416725041667675,0.02536293147177468,0.9442740162805865,2.768545903614964,0.795292813996856,0.1810313009988999,0.9842250344948767
train/olive_peacock_spot/IMG_20190729_171820.jpg,olive_peacock_spot,2,train/olive_peacock_spot/IMG_20190729_171820.jpg,0.0,0.032015532697153716,0.02503408105093568,0.000268517371008386,0.9271078613624159,1.2292368773570157,0.8147690383628934,0.1912132507132146,0.9815714950746737
train/olive_peacock_spot/IMG_20190729_171824.jpg,olive_peacock_spot,2,train/olive_peacock_spot/IMG_20190729_171824.jpg,0.0,0.02844783190853847,0.016355958389123494,0.00014419610670511897,0.9476980121536719,1.0725320289378262,0.8300156451063164,0.19219562111513855,0.9814750335321357
train/olive_peacock_spot/IMG_20190729_172015.jpg,olive_peacock_spot,2,train/olive_peacock_spot/IMG_20190729_172015.jpg,0.01608374282528802,0.0015484989883139944,0.004397737126811744,0.023372011396952556,0.9375645207911798,2.6496544148445884,0.7943392638162445,0.20537002475833568,0.9866403121264401
train/olive_peacock_spot/IMG_20190729_172116.jpg,olive_peacock_spot,2,train/olive_peacock_spot/IMG_20190729_172116.jpg,0.017706035692801284,0.04694204932825346,0.004331261279326248,0.0014838580308802888,0.929456587126529,1.9489531216936633,0.8162246069530672,0.20932009183229405,0.9776884877077446
train/olive_peacock_spot/IMG_20190729_172119.jpg,olive_peacock_spot,2,train/olive_peacock_spot/IMG_20190729_172119.jpg,0.016212115161921496,0.04059018488200296,0.002855089246496027,0.000918420317054666,0.9383460448029389,1.8712295477866934,0.8320128552890443,0.23779811766140008,0.9747222878375437
train/olive_peacock_spot/IMG_20190729_172217.jpg,olive_peacock_spot,2,train/olive_peacock_spot/IMG_20190729_172217.jpg,0.03646372252804106,0.018211166756342868,0.009829891146889615,0.011154339638260007,0.9031497040685402,2.957775958132483,0.7592689883300208,0.18035258033196963,0.9847757050405948
train/olive_peacock_spot/IMG_20190729_172220.jpg,olive_peacock_spot,2,train/olive_peacock_spot/IMG_20190729_172220.jpg,0.023101681277262524,0.01378477957057553,0.0033244399271587684,0.003282090373946555,0.9343158429678566,2.534918182088295,0.803560893485388,0.21202631939596048,0.9828841220664811
train/olive_peacock_spot/IMG_20190729_172246.jpg,olive_peacock_spot,2,train/olive_peacock_spot/IMG_20190729_172246.jpg,0.06948077054288249,0.0166935795674225,0.009984307125474766,0.005094498396597603,0.8780277013350315,3.020208110193031,0.7677358701103545,0.16525363558073625,0.9862903756415595
train/olive_peacock_spot/IMG_20190729_172249.jpg,olive_peacock_spot,2,train/olive_peacock_spot/IMG_20190729_172249.jpg,0.0586604374972711,0.013688163122735013,0.008317687639173907,0.0028380561498493645,0.8984849146400035,2.7178945407500756,0.787876138517388,0.1889012806443966,0.9854408527357688
train/olive_peacock_spot/IMG_20190729_172342.jpg,olive_peacock_spot,2,train/olive_peacock_spot/IMG_20190729_172342.jpg,0.045884257195805675,0.0019001149452250814,0.005278097070069671,0.0831593516150977,0.9097328109972085,4.007857633826228,0.8033010909841025,0.17353737857831297,0.9843261272357067
train/olive_peacock_spot/IMG_20190729_172351.jpg,olive_peacock_spot,2,train/olive_peacock_spot/IMG_20190729_172351.jpg,0.03490656554118883,0.00022844610956275415,0.0008680952163384657,0.06821400831543839,0.9362406908210353,3.8011733798383207,0.812318467547345,0.1847919155658105,0.9825531054113785
train/olive_peacock_spot/IMG_20190729_172518.jpg,olive_peacock_spot,2,train/olive_peacock_spot/IMG_20190729_172518.jpg,0.05170717307881531,0.011413952573059136,0.0013775460001967923,0.07313293318901899,0.8999065236642724,3.8664201343697244,0.8136809996205334,0.18871256290910055,0.9836693248485968
train/olive_peacock_spot/IMG_20190729_172524.jpg,olive_peacock_spot,2,train/olive_peacock_spot/IMG_20190729_172524.jpg,0.02840320197587492,0.008093148389088584,0.0011687652986967164,0.06291485655059871,0.9357399607471277,3.5305052805444466,0.8197976948216342,0.1876681638802898,0.9823556762406068
train/olive_peacock_spot/IMG_20190729_173045.jpg,olive_peacock_spot,2,train/olive_peacock_spot/IMG_20190729_173045.jpg,0.050883593120765624,0.020301321836357605,0.0019898611834936277,0.048419955465011606,0.916970673236367,3.141641360321277,0.7946330067468591,0.15864321687443317,0.9873899559875438
train/olive_peacock_spot/IMG_20190729_173102.jpg,olive_peacock_spot,2,train/olive_peacock_spot/IMG_20190729_173102.jpg,0.06489016416576508,0.02351945058563432,0.009878169245966415,0.05748153723129028,0.8937156028035185,3.348445254050208,0.7904742107447932,0.16344878454368467,0.9867909294779734
train/olive_peacock_spot/IMG_20190729_173114.jpg,olive_peacock_spot,2,train/olive_peacock_spot/IMG_20190729_173114.jpg,0.08588916821510548,0.015870586949393375,0.01628593288884031,0.0023390534484643132,0.8664553503115094,3.3397662434670083,0.7533760665478972,0.1776235161787637,0.9806771191729056
train/olive_peacock_spot/IMG_20190729_173118.jpg,olive_peacock_spot,2,train/olive_peacock_spot/IMG_20190729_173118.jpg,0.08199182391389703,0.01078596669515209,0.00868420444834515,0.004988798300113172,0.8826708547936347,3.0091261366568114,0.7804170414486098,0.1763158063683581,0.9828556938306163
train/olive_peacock_spot/IMG_20190729_173159.jpg,olive_peacock_spot,2,train/olive_peacock_spot/IMG_20190729_173159.jpg,0.0569353118891061,0.003931935311889106,0.006419939577039275,0.039408210414074996,0.8988359694330904,2.8461451726689337,0.7824334928769212,0.17385327081022162,0.9862709185327792
train/olive_peacock_spot/IMG_20190729_173338.jpg,olive_peacock_spot,2,train/olive_peacock_spot/IMG_20190729_173338.jpg,0.04080213283876202,0.00848498898806074,0.0022255708821142923,0.036629187434797726,0.9288512808624088,3.115285810124334,0.8032946975740966,0.17842053635719252,0.9832126095882389
train/olive_peacock_spot/IMG_20190729_173341.jpg,olive_peacock_spot,2,train/olive_peacock_spot/IMG_20190729_173341.jpg,0.04164633154384253,0.006391038601873155,0.0023704943177856796,0.041320969578656254,0.9242603825327105,3.3454455643934105,0.7857691308173327,0.17190489079580407,0.9832456982064537
train/olive_peacock_spot/IMG_20190729_173505.jpg,olive_peacock_spot,2,train/olive_peacock_spot/IMG_20190729_173505.jpg,0.0646693287337854,0.009191219904071072,0.004205751010089077,0.041844859768919974,0.8963447770715687,3.66291354632575,0.762394141398394,0.15568097658766408,0.9837767509853106
train/olive_peacock_spot/IMG_20190729_174458.jpg,olive_peacock_spot,2,train/olive_peacock_spot/IMG_20190729_174458.jpg,0.10365700449987438,0.005345028438292332,0.03344069074213664,0.020923273715708443,0.8480321615386373,3.670476326957123,0.6910260546440734,0.14031831333801853,0.9851544685931666
train/olive_peacock_spot/IMG_20190729_174505.jpg,olive_peacock_spot,2,train/olive_peacock_spot/IMG_20190729_174505.jpg,0.09841974601355867,0.004917406664756994,0.035687004678697606,0.02234316814666285,0.8414494414207964,4.060187395284076,0.6838157313713571,0.1392570172364893,0.9837442830813099
train/olive_peacock_spot/IMG_20190729_174629.jpg,olive_peacock_spot,2,train/olive_peacock_spot/IMG_20190729_174629.jpg,0.07238429480149156,0.0046611098925202895,0.0,0.05870256635227023,0.9078745338890107,9.35691440253219,0.7634494131583226,0.12164957906500391,0.9783107714753607
train/olive_peacock_spot/IMG_20190729_174633.jpg,olive_peacock_spot,2,train/olive_peacock_spot/IMG_20190729_174633.jpg,0.041237356470893355,0.0014618159526560252,0.0,0.028363945016858037,0.9500624808431377,8.339745726032648,0.7620746631250194,0.13772063903432777,0.9728721635822704
train/olive_peacock_spot/IMG_20190729_174711.jpg,olive_peacock_spot,2,train/olive_peacock_spot/IMG_20190729_174711.jpg,0.0,0.06472070193727739,0.043197810789679436,0.001846060290157241,0.8865650247589263,4.050721022498312,0.7412765120655419,0.1542534027123245,0.9753065972984255
train/olive_peacock_spot/IMG_20190729_174719.jpg,olive_peacock_spot,2,train/olive_peacock_spot/IMG_20190729_174719.jpg,0.0,0.06256718513480904,0.03972972380053968,0.001601474233815238,0.8920650242414936,3.978580364751962,0.7596542542242664,0.16334468813228475,0.974736691848048
train/olive_peacock_spot/IMG_20190729_175203.jpg,olive_peacock_spot,2,train/olive_peacock_spot/IMG_20190729_175203.jpg,0.0563481867153515,0.010773773299975207,0.0026821736876507314,0.040029751842585705,0.8991142065048346,4.8514618151072355,0.7224110721431057,0.15325582728791956,0.980657643385911
train/olive_peacock_spot/IMG_20190729_175206.jpg,olive_peacock_spot,2,train/olive_peacock_spot/IMG_20190729_175206.jpg,0.0587451772919346,0.004661951129891604,0.000826749954069447,0.03256476207973544,0.9153729560903914,4.071575590394845,0.7580064916609013,0.17021484044743046,0.9785008608031354
train/olive_peacock_spot/IMG_20190729_175750.jpg,olive_peacock_spot,2,train/olive_peacock_spot/IMG_20190729_175750.jpg,0.11183637946040034,0.015448215839860748,0.0008703220191470844,0.0838410211778358,0.8572671888598782,5.823954820156714,0.7194193331301613,0.14238545215262835,0.9835795544553139
train/olive_peacock_spot/IMG_20190729_175755.jpg,olive_peacock_spot,2,train/olive_peacock_spot/IMG_20190729_175755.jpg,0.10778817698433703,0.020523061376705242,0.0007458556889541178,0.08432981257368333,0.8567957077208094,5.903369565099203,0.7142376486752338,0.1380424189970541,0.9847431908424878
train/olive_peacock_spot/IMG_20190729_175832.jpg,olive_peacock_spot,2,train/olive_peacock_spot/IMG_20190729_175832.jpg,2.2779043280182233e-05,0.074874715261959,0.007767653758542142,0.0,0.9039407744874716,2.5171951725239863,0.7523083320605244,0.16915025111625398,0.9727507266830502
train/olive_peacock_spot/IMG_20190729_175835.jpg,olive_peacock_spot,2,train/olive_peacock_spot/IMG_20190729_175835.jpg,4.3795300764228e-05,0.080868022861147,0.009569273216983818,2.1897650382114e-05,0.8940810651017146,2.6208710135485527,0.7477107096524095,0.16875448848884061,0.9744698610829766
train/olive_peacock_spot/IMG_20190729_175936.jpg,olive_peacock_spot,2,train/olive_peacock_spot/IMG_20190729_175936.jpg,0.021963310812224152,0.025602945175392727,0.0025100926642541888,0.017800740477335954,0.9492752107431967,3.1081641769764197,0.7806098767064269,0.19016777136562366,0.9761244806301403
train/olive_peacock_spot/IMG_20190729_175938.jpg,olive_peacock_spot,2,train/olive_peacock_spot/IMG_20190729_175938.jpg,0.018183332986190664,0.01720439066047364,0.0014996563287579929,0.014017620961862907,0.9625085917810502,2.706467167757073,0.8003879233400498,0.19611421873693274,0.9724906493222317
train/olive_peacock_spot/IMG_20190729_180206.jpg,olive_peacock_spot,2,train/olive_peacock_spot/IMG_20190729_180206.jpg,0.07895955899383889,0.023810626766109233,0.00011581044146940288,0.06376522907305322,0.8854866354750545,6.361034874021993,0.7470435174884792,0.14285335570883564,0.9792504514020738
train/olive_peacock_spot/IMG_20190729_180213.jpg,olive_peacock_spot,2,train/olive_peacock_spot/IMG_20190729_180213.jpg,0.07279342776722579,0.01540081008718735,6.86514565550699e-05,0.05329641410558594,0.902423396416394,5.72074512799251,0.7616949310731442,0.15978040722335196,0.975076198674598
train/olive_peacock_spot/IMG_20190729_180241.jpg,olive_peacock_spot,2,train/olive_peacock_spot/IMG_20190729_180241.jpg,0.08168570842170075,0.025951517639278467,0.010672504617910653,0.025563841189482565,0.8591594262388543,5.946680691291662,0.6865682769369115,0.14517701440387676,0.97388552386333
train/olive_peacock_spot/IMG_20190729_180243.jpg,olive_peacock_spot,2,train/olive_peacock_spot/IMG_20190729_180243.jpg,0.05348988910632746,0.011674202037924287,0.0034415277684054254,0.014170996693434105,0.9242414018039904,4.456786320297361,0.7516038744080918,0.1789150807461751,0.9687724565565466
train/olive_peacock_spot/IMG_20190729_180840.jpg,olive_peacock_spot,2,train/olive_peacock_spot/IMG_20190729_180840.jpg,0.023950890610848343,0.12584280970111703,0.008453255509711181,0.05972627553587602,0.839715205796518,6.001434227537118,0.7678724231734171,0.16742273731848645,0.9784741500665932
train/olive_peacock_spot/IMG_20190729_181105.jpg,olive_peacock_spot,2,train/olive_peacock_spot/IMG_20190729_181105.jpg,0.0413625304136253,0.03444273309672091,0.0005580481707180964,0.01772360990200674,0.9187481863434451,3.0619734990840173,0.7791922645932101,0.184204517062384,0.9800831478723511
train/olive_peacock_spot/IMG_20190729_181112.jpg,olive_peacock_spot,2,train/olive_peacock_spot/IMG_20190729_181112.jpg,0.03398476038539852,0.024916559961376185,0.00033585927496379016,0.013497344612607317,0.9375511660614203,2.6708042209208704,0.8053301639710914,0.2011501500460769,0.979208558413283
train/olive_peacock_spot/IMG_20190729_181649.jpg,olive_peacock_spot,2,train/olive_peacock_spot/IMG_20190729_181649.jpg,0.08943502563865663,0.022566637409340787,0.0001847831108236707,0.06451240356631403,0.8754792811936989,6.563618924846539,0.737300663237628,0.15985778111706647,0.9765260086556793
train/olive_peacock_spot/IMG_20190729_181655.jpg,olive_peacock_spot,2,train/olive_peacock_spot/IMG_20190729_181655.jpg,0.0802592109180005,0.014998511598085686,9.159396395777518e-05,0.0527581232396785,0.895880561470999,5.944683978066871,0.7590715530729057,0.1729256246920637,0.974061567752786
train/olive_peacock_spot/IMG_20190729_181852.jpg,olive_peacock_spot,2,train/olive_peacock_spot/IMG_20190729_181852.jpg,0.07070960102022227,0.027942248132628893,0.0061031153215521956,0.028511568591728913,0.8900756057569685,5.271727011777433,0.6979340865106167,0.16296003610580506,0.9794583619753361
train/olive_peacock_spot/IMG_20190729_181854.jpg,olive_peacock_spot,2,train/olive_peacock_spot/IMG_20190729_181854.jpg,0.06469338751385298,0.020617842630217955,0.005310306612486147,0.029645363871444404,0.9008588843738455,5.019800501694257,0.7164777876942248,0.17089400167448496,0.9791988009780557
train/olive_peacock_spot/IMG_20190729_182023.jpg,olive_peacock_spot,2,train/olive_peacock_spot/IMG_20190729_182023.jpg,0.0,0.09647205026120176,0.06913216578832301,0.008123719881251008,0.8266632913722873,4.972662194620885,0.7248519724907805,0.13956251229479907,0.9810932145865676
train/olive_peacock_spot/IMG_20190729_182026.jpg,olive_peacock_spot,2,train/olive_peacock_spot/IMG_20190729_182026.jpg,0.0,0.0726264694379903,0.049276495893625344,0.004393935908348478,0.8718627067565391,4.741985020551878,0.7520569444739529,0.16070635162445518,0.9767745931167914
train/olive_peacock_spot/IMG_20190729_182225.jpg,olive_peacock_spot,2,train/olive_peacock_spot/IMG_20190729_182225.jpg,0.011694616063548102,0.05474404236540159,0.02124889673433363,0.0020741394527802296,0.9110988526037069,3.0922713859603967,0.7518906322752241,0.17203559431781051,0.9715136282958937
train/olive_peacock_spot/IMG_20190729_182228.jpg,olive_peacock_spot,2,train/olive_peacock_spot/IMG_20190729_182228.jpg,0.007309911916573858,0.03492963450440417,0.011319226485775033,0.0012351928723296547,0.9457325098714184,2.4922803266701736,0.7815385566853146,0.19931726413173906,0.9676199264669748
train/olive_peacock_spot/IMG_20190806_142459.jpg,olive_peacock_spot,2,train/olive_peacock_spot/IMG_20190806_142459.jpg,0.007556786703601108,0.023933518005540166,0.007534626038781163,0.06103047091412742,0.9241218836565097,3.853949021830174,0.6988102775773264,0.15609365000280923,0.9875148026819371
train/olive_peacock_spot/IMG_20190806_142504.jpg,olive_peacock_spot,2,train/olive_peacock_spot/IMG_20190806_142504.jpg,0.004125740853211586,0.02418898825106285,0.007769796226098976,0.06810613834844709,0.8522063289283546,4.299121568470429,0.6995908454454293,0.17123729230544976,0.9862660320749357
train/olive_peacock_spot/IMG_20190806_142509.jpg,olive_peacock_spot,2,train/olive_peacock_spot/IMG_20190806_142509.jpg,0.012428155557214302,0.02828991565275808,0.006643278345898336,0.07859968649697693,0.9429723072329627,5.38835227519779,0.7002294526456606,0.19960227183119025,0.9789236753400986
train/olive_peacock_spot/IMG_20190806_142516.jpg,olive_peacock_spot,2,train/olive_peacock_spot/IMG_20190806_142516.jpg,0.02030293264582662,0.025551309792366833,0.0034528797016711936,0.07518070070438745,0.9375258965977625,4.759595455981645,0.7531918157853654,0.23160718857819423,0.9770096772703102
train/olive_peacock_spot/IMG_20190806_142525.jpg,olive_peacock_spot,2,train/olive_peacock_spot/IMG_20190806_142525.jpg,0.0817199505341902,0.033206965759117725,0.00032436596590102785,0.0455531453362256,0.8772072090335922,5.471019418460749,0.6545671596571461,0.19988250272656966,0.9763645365681889
train/olive_peacock_spot/IMG_20190806_142531.jpg,olive_peacock_spot,2,train/olive_peacock_spot/IMG_20190806_142531.jpg,0.06400098023198823,0.022300277732396668,0.00022463649730436203,0.03743260905080869,0.9032225126613298,4.667336774525278,0.7216487496879948,0.23647802566291537,0.976150651041745
train/olive_peacock_spot/IMG_20190806_142653.jpg,olive_peacock_spot,2,train/olive_peacock_spot/IMG_20190806_142653.jpg,0.06919387988125143,0.15812481649430724,0.0033601931295468633,0.0005872182168140149,0.7629595798127426,2.0656178800426748,0.7695795721259242,0.17722182587252183,0.986768121188706
train/olive_peacock_spot/IMG_20190806_142704.jpg,olive_peacock_spot,2,train/olive_peacock_spot/IMG_20190806_142704.jpg,0.03262642740619902,0.0869293168562426,0.004916310979016291,0.0017654025788285772,0.8742318264095287,2.503423920447799,0.7558767749199223,0.1658886625293162,0.9804257132017689
train/olive_peacock_spot/IMG_20190806_142708.jpg,olive_peacock_spot,2,train/olive_peacock_spot/IMG_20190806_142708.jpg,0.017096840801156307,0.06467065868263473,0.0029527152591368984,0.014185422258930415,0.9143299607681189,2.976497913109719,0.7751074705790338,0.1697743120299386,0.9787975779760818
train/olive_peacock_spot/IMG_20190806_142724.jpg,olive_peacock_spot,2,train/olive_peacock_spot/IMG_20190806_142724.jpg,0.0531938216243149,0.06493273542600897,0.001096163428001993,0.008570004982561037,0.8783258594917788,3.6205830221447033,0.7692202373349297,0.2438081431401767,0.9765122038808283
train/olive_peacock_spot/IMG_20190806_142736.jpg,olive_peacock_spot,2,train/olive_peacock_spot/IMG_20190806_142736.jpg,0.16089706249479904,0.189065490555047,0.0029125405675293333,0.06486643921111758,0.6172505617042523,3.9770293282456266,0.6711311734753896,0.1896416786898748,0.9845725339249265
train/olive_peacock_spot/IMG_20190806_142742.jpg,olive_peacock_spot,2,train/olive_peacock_spot/IMG_20190806_142742.jpg,0.07452013549115544,0.09491908167105759,0.005645464809936018,0.050733910425291684,0.7849956090829256,4.455336512191966,0.6561475946122746,0.1420251018374503,0.9811830488101341
train/olive_peacock_spot/IMG_20190806_142747.jpg,olive_peacock_spot,2,train/olive_peacock_spot/IMG_20190806_142747.jpg,0.013653849987043791,0.03982539018118759,0.008750423568339015,0.02053060654986147,0.050808268053977555,3.8463771600827408,0.7370542880101808,0.1935676431235213,0.9744683903375908
train/olive_peacock_spot/IMG_20190806_142755.jpg,olive_peacock_spot,2,train/olive_peacock_spot/IMG_20190806_142755.jpg,0.05923115372381515,0.07506702412868632,0.0005225610033171264,0.005543690643886036,0.860180851547235,3.865884280583576,0.7568965308708666,0.20704631605372867,0.9765236105172579
train/olive_peacock_spot/IMG_20190806_143101.jpg,olive_peacock_spot,2,train/olive_peacock_spot/IMG_20190806_143101.jpg,0.08430241338689703,0.0003322560183646963,0.0,0.01963331017609569,0.832089890355514,5.098610435248632,0.7240071653950659,0.19487575698231585,0.9815707623876615
train/olive_peacock_spot/IMG_20190806_143106.jpg,olive_peacock_spot,2,train/olive_peacock_spot/IMG_20190806_143106.jpg,0.05351034989485419,0.00038004509868504394,0.0,0.015455167346525122,0.8719754744229649,5.542007204744625,0.7136633633097067,0.22090313069708256,0.9782911954501959
train/olive_peacock_spot/IMG_20190806_143110.jpg,olive_peacock_spot,2,train/olive_peacock_spot/IMG_20190806_143110.jpg,0.10634173359180282,0.0009231053263177328,0.0,0.044832148681497895,0.8317794393673652,4.807720638056899,0.7362404414947923,0.2473582366955951,0.9823172622553358
train/olive_peacock_spot/IMG_20190806_143118.jpg,olive_peacock_spot,2,train/olive_peacock_spot/IMG_20190806_143118.jpg,0.00044894817855310417,0.002789892252437147,6.413545407901488e-05,0.026648281169830684,0.9904117496151873,4.204932277973295,0.699345228622994,0.13660836545171087,0.9803845964409964
train/olive_peacock_spot/IMG_20190806_143129.jpg,olive_peacock_spot,2,train/olive_peacock_spot/IMG_20190806_143129.jpg,0.0005233810415282726,0.11967308814944541,0.01489622964349699,0.004428608812931538,0.864021579402943,1.9977391417933197,0.7190346648786875,0.24088649378886473,0.9819305446184639
train/olive_peacock_spot/IMG_20190806_143133.jpg,olive_peacock_spot,2,train/olive_peacock_spot/IMG_20190806_143133.jpg,0.03795399274408962,0.08083163895865726,0.0008770880676155165,0.009847306940956027,0.01883745963401507,2.420338162645197,0.6991020782728886,0.20174116163661707,0.9786206785999638
train/olive_peacock_spot/IMG_20190806_143138.jpg,olive_peacock_spot,2,train/olive_peacock_spot/IMG_20190806_143138.jpg,0.02367713004484305,0.05656203288490284,0.0006776283009466866,0.003208769307424016,0.009825610363726955,2.0553511008577305,0.7790498067334586,0.30326302083474266,0.9702558915764944
train/olive_peacock_spot/IMG_20190806_143145.jpg,olive_peacock_spot,2,train/olive_peacock_spot/IMG_20190806_143145.jpg,0.04068654812215932,0.07724663105015549,0.0030101267841479945,0.014731680089307073,0.019236902958296786,2.387479740732106,0.7155164510890194,0.18256880785357027,0.9793947890724249
train/olive_peacock_spot/IMG_20190806_143200.jpg,olive_peacock_spot,2,train/olive_peacock_spot/IMG_20190806_143200.jpg,0.02737714481121638,0.0512944300283628,0.005793253273791563,0.0352624062116549,0.6397924084243558,3.479756018266232,0.715936209589237,0.21758315899955646,0.9798400676467495
train/olive_peacock_spot/IMG_20190806_143204.jpg,olive_peacock_spot,2,train/olive_peacock_spot/IMG_20190806_143204.jpg,0.05749276717930869,0.07950664549389833,0.007200191425028823,0.04322290139435731,0.8480346305279415,4.348279076420166,0.683994202687939,0.17198063539133598,0.9778454748273779
train/olive_peacock_spot/IMG_20190806_143210.jpg,olive_peacock_spot,2,train/olive_peacock_spot/IMG_20190806_143210.jpg,0.03975516877006201,0.058516258946906714,0.005283410092310146,0.02849053970532528,0.8922782463065972,4.033636770938119,0.7240305821074156,0.2633560031792826,0.9705998596484917
train/olive_peacock_spot/IMG_20190806_143217.jpg,olive_peacock_spot,2,train/olive_peacock_spot/IMG_20190806_143217.jpg,0.046586178184845964,0.09194421315570359,0.009825145711906744,0.01892173189009159,0.8428601165695254,4.722120860460447,0.7093842203475529,0.24171576621100377,0.9727568537990875
train/olive_peacock_spot/IMG_20190806_143250.jpg,olive_peacock_spot,2,train/olive_peacock_spot/IMG_20190806_143250.jpg,0.08569049601522541,0.03230641132389675,0.0016176995361008683,0.07358153919352921,0.8620673248483407,6.222529873022024,0.7240550348573572,0.18603649377696108,0.9841306939083743
train/olive_peacock_spot/IMG_20190806_143255.jpg,olive_peacock_spot,2,train/olive_peacock_spot/IMG_20190806_143255.jpg,0.0697910432225663,0.10348955216112832,0.00832704467979911,0.1341434853886388,0.8023888209425174,7.800094402843853,0.7185873493316803,0.14716295302952354,0.9830965235259742
train/olive_peacock_spot/IMG_20190806_143303.jpg,olive_peacock_spot,2,train/olive_peacock_spot/IMG_20190806_143303.jpg,0.05281470461198829,0.029634784277967077,0.00038393242789269087,0.05667802466765849,0.9123674233334933,7.167258033775732,0.7739153633824296,0.20076957251983588,0.9688502244744733
train/olive_peacock_spot/IMG_20190806_143314.jpg,olive_peacock_spot,2,train/olive_peacock_spot/IMG_20190806_143314.jpg,0.0705217525932807,0.04425349641327347,2.5803787996077823e-05,0.034422253186767816,0.8555503947979564,6.12431305093609,0.7242342300882356,0.16792812474455895,0.9697704446194749
train/olive_peacock_spot/IMG_20190806_143336.jpg,olive_peacock_spot,2,train/olive_peacock_spot/IMG_20190806_143336.jpg,0.02614183292393106,0.04155932338785373,0.008966908313861762,0.02989635132706249,0.026601162303037565,3.0770448454045374,0.7473153746206129,0.18643684179858952,0.978230572704532
train/olive_peacock_spot/IMG_20190806_143343.jpg,olive_peacock_spot,2,train/olive_peacock_spot/IMG_20190806_143343.jpg,0.02970494417862839,0.042045454545454546,0.0071172248803827755,0.02753189792663477,0.04621212121212121,3.7082033593879196,0.7475596671925961,0.21113769009022398,0.9740355940392662
train/olive_peacock_spot/IMG_20190806_143349.jpg,olive_peacock_spot,2,train/olive_peacock_spot/IMG_20190806_143349.jpg,0.024246789100948265,0.03693034049533869,0.006481814908174289,0.034549673908694435,0.15088224702916816,3.6641478760786934,0.7501106845537066,0.19154207617310748,0.9740384772968387
train/olive_peacock_spot/IMG_20190806_143400.jpg,olive_peacock_spot,2,train/olive_peacock_spot/IMG_20190806_143400.jpg,0.02186210367388022,0.04428787116255662,0.00700553598389532,0.04235530951182687,0.03065928535480624,3.7211591227125647,0.727143808111361,0.1529484202682843,0.9775116943110703
train/olive_peacock_spot/IMG_20190806_143418.jpg,olive_peacock_spot,2,train/olive_peacock_spot/IMG_20190806_143418.jpg,0.02406599127057222,0.07776398510391222,0.004504865254474833,0.04304649020942618,0.444039562727746,3.3684516094727117,0.7484582181889774,0.257842082253133,0.9809153138937381
train/olive_peacock_spot/IMG_20190806_143422.jpg,olive_peacock_spot,2,train/olive_peacock_spot/IMG_20190806_143422.jpg,0.050029742979631184,0.11618223215934032,0.00030768599618469363,0.023794383704949643,0.8311214128940945,4.7166623623837385,0.7086215058495152,0.211904629162437,0.9759939094055509
train/olive_peacock_spot/IMG_20190806_143426.jpg,olive_peacock_spot,2,train/olive_peacock_spot/IMG_20190806_143426.jpg,0.028719481813652217,0.0741604384653712,0.00021923268560039861,0.009287493771798704,0.895226706527155,3.8487022201947454,0.7697160578283365,0.28367277091287013,0.969604552838419
train/olive_peacock_spot/IMG_20190806_143432.jpg,olive_peacock_spot,2,train/olive_peacock_spot/IMG_20190806_143432.jpg,0.024283448912451776,0.20013727485739982,0.0005443658138268917,0.00033135310406854273,0.7690705545430877,4.584450325706351,0.7020991320458589,0.18549414216835605,0.9739365092940824
train/olive_peacock_spot/IMG_20190806_143437.jpg,olive_peacock_spot,2,train/olive_peacock_spot/IMG_20190806_143437.jpg,0.036063044197068225,0.16647194974098975,0.0003967816598699438,0.00046291193651493444,0.790389066460928,3.9947046449659673,0.6936905055834846,0.207473384772463,0.9778288525472277
train/olive_peacock_spot/IMG_20190806_143537.jpg,olive_peacock_spot,2,train/olive_peacock_spot/IMG_20190806_143537.jpg,0.03016467961242474,0.06172494916065234,0.019159456118665017,0.023406036923322302,0.41080186610311414,5.185706966470633,0.7298240050730322,0.19448369639654997,0.9704466986307141
train/olive_peacock_spot/IMG_20190806_143544.jpg,olive_peacock_spot,2,train/olive_peacock_spot/IMG_20190806_143544.jpg,0.011721761211626536,0.12796444928127693,0.010542783294789825,0.0033782251847821157,0.8456219108511314,6.623482026908742,0.69539227504635,0.14685725107110262,0.9620957525921738
train/olive_peacock_spot/IMG_20190806_143548.jpg,olive_peacock_spot,2,train/olive_peacock_spot/IMG_20190806_143548.jpg,0.007557026639017387,0.07064523847503588,0.0048253309937789125,0.0012960599776678896,0.9150183442335301,4.677952870955217,0.766056706719503,0.21917178834639084,0.9538730807949906
train/olive_peacock_spot/IMG_20190806_143555.jpg,olive_peacock_spot,2,train/olive_peacock_spot/IMG_20190806_143555.jpg,0.0030386740331491712,0.10093497662558436,0.00786230344241394,0.00040373990650233746,0.883892902677433,5.396375475207343,0.7170592059446428,0.16903630286240398,0.9536664730084093
train/olive_peacock_spot/IMG_20190806_143605.jpg,olive_peacock_spot,2,train/olive_peacock_spot/IMG_20190806_143605.jpg,0.012977214425833711,0.1048237010210754,0.01287661586439314,0.0034203510889794274,0.8637140988883859,5.1222832063577215,0.7206218858303564,0.1500564354923292,0.9652264925025416
train/olive_peacock_spot/IMG_20190806_143623.jpg,olive_peacock_spot,2,train/olive_peacock_spot/IMG_20190806_143623.jpg,0.013811383928571428,0.07065130739795919,0.006816007653061225,9.964923469387755e-05,0.03435905612244898,1.852168036065757,0.7287777792720891,0.19814404713967892,0.9772212665956886
train/olive_peacock_spot/IMG_20190806_143628.jpg,olive_peacock_spot,2,train/olive_peacock_spot/IMG_20190806_143628.jpg,0.003122685509538203,0.12112416678343375,0.00042036151089937343,0.0,0.8724302900494425,2.2825095122992316,0.7091723053348102,0.23563555430125327,0.9685372029567645
train/olive_peacock_spot/IMG_20190806_143632.jpg,olive_peacock_spot,2,train/olive_peacock_spot/IMG_20190806_143632.jpg,0.0019331951530612245,0.08816964285714286,0.0004384566326530612,0.0,0.9074457908163265,1.75104283369954,0.7716625723032593,0.2490908984421864,0.9699584185181881
train/olive_peacock_spot/IMG_20190806_143642.jpg,olive_peacock_spot,2,train/olive_peacock_spot/IMG_20190806_143642.jpg,0.002590880102040816,0.11122847576530612,0.0009367028061224489,0.0,0.8806202168367347,2.0883737528298685,0.7304048395518847,0.22108483754427855,0.9685133961306315
train/olive_peacock_spot/IMG_20190806_143646.jpg,olive_peacock_spot,2,train/olive_peacock_spot/IMG_20190806_143646.jpg,0.0020926756352765323,0.1182660687593423,0.0006776283009466866,0.0,0.8744992526158445,1.968304504450972,0.7271287477943152,0.24359179715682006,0.9707230762341108
train/olive_peacock_spot/IMG_20190806_143723.jpg,olive_peacock_spot,2,train/olive_peacock_spot/IMG_20190806_143723.jpg,0.07505360972122944,0.11779842744817727,0.0005003573981415296,0.039337622111031686,0.8041934715272814,6.871785783130035,0.7436817133853273,0.15481451218161152,0.9762661767269984
train/olive_peacock_spot/IMG_20190806_143735.jpg,olive_peacock_spot,2,train/olive_peacock_spot/IMG_20190806_143735.jpg,0.09500104799832321,0.1370257807587508,0.00013099979040033535,0.008619786208342067,0.764043177530916,7.386087793603078,0.7222662746781122,0.1593858612582693,0.9729140842573668
train/olive_peacock_spot/IMG_20190806_143756.jpg,olive_peacock_spot,2,train/olive_peacock_spot/IMG_20190806_143756.jpg,0.015481484560076472,0.029134283695607,0.0017455633597938574,0.045654794065084575,0.9029965504343128,4.990441955499016,0.7417143024904775,0.19210068888184867,0.9767306805990379
train/olive_peacock_spot/IMG_20190806_143800.jpg,olive_peacock_spot,2,train/olive_peacock_spot/IMG_20190806_143800.jpg,0.07656720852255847,0.038177496710665934,0.0,0.04511693052077586,0.8812868723738381,6.173228607155195,0.7147347033832858,0.20563115876951943,0.9692245187960633
train/olive_peacock_spot/IMG_20190806_143804.jpg,olive_peacock_spot,2,train/olive_peacock_spot/IMG_20190806_143804.jpg,0.060896093796733865,0.024745269286754003,0.0,0.03648980080157923,0.9127036350222328,5.265904000872523,0.7664207009684872,0.22855633517916563,0.9666208225049457
train/olive_peacock_spot/IMG_20190806_143815.jpg,olive_peacock_spot,2,train/olive_peacock_spot/IMG_20190806_143815.jpg,0.08916269210386857,0.04171082847553436,0.0,0.04974827768945416,0.8645336512983571,6.211703416275123,0.7185758601579272,0.18205022760855344,0.9707543388016315
train/olive_peacock_spot/IMG_20190806_143828.jpg,olive_peacock_spot,2,train/olive_peacock_spot/IMG_20190806_143828.jpg,0.16278530877071024,0.21196848569111343,0.0,0.05822036843934654,0.5881705480245626,5.98110894603614,0.7119630630688705,0.15815699733337965,0.977847759223549
train/olive_peacock_spot/IMG_20190806_143845.jpg,olive_peacock_spot,2,train/olive_peacock_spot/IMG_20190806_143845.jpg,0.0042251275510204085,0.07852359693877552,0.0205875318877551,0.0029296875,0.019511320153061226,2.151249973730442,0.7505972610741182,0.22961509993553902,0.9737850644388677
train/olive_peacock_spot/IMG_20190806_143850.jpg,olive_peacock_spot,2,train/olive_peacock_spot/IMG_20190806_143850.jpg,0.0,0.09151489135545063,0.016741276752314956,4.088223871139184e-05,0.8756157887205903,2.3186109796626573,0.7429604737683609,0.22279587656787703,0.971601867145351
train/olive_peacock_spot/IMG_20190806_143855.jpg,olive_peacock_spot,2,train/olive_peacock_spot/IMG_20190806_143855.jpg,1.992984693877551e-05,0.07049186862244898,0.0074338329081632655,0.0,0.9093789859693877,2.0296789216290203,0.7643443420693802,0.26277832749694413,0.9641953126647281
train/olive_peacock_spot/IMG_20190806_143859.jpg,olive_peacock_spot,2,train/olive_peacock_spot/IMG_20190806_143859.jpg,3.98628717212788e-05,0.10639400462409312,0.005202104759626884,0.0,0.8711432671609662,2.4762066153643305,0.7281830278847349,0.21053482105050175,0.9630353462581217
train/olive_peacock_spot/IMG_20190806_143904.jpg,olive_peacock_spot,2,train/olive_peacock_spot/IMG_20190806_143904.jpg,3.9992001599680064e-05,0.1131373725254949,0.00637872425514897,0.0,0.8590681863627274,2.475726040890663,0.7200814084865397,0.20940102725626975,0.9678039697928323
train/olive_peacock_spot/IMG_20190806_144002.jpg,olive_peacock_spot,2,train/olive_peacock_spot/IMG_20190806_144002.jpg,0.04400512758883147,0.07435003805632336,0.012318230981853143,0.047129752033008857,0.04787084885630734,4.3399086879060125,0.7030042881586658,0.17325010915240602,0.9788301427797853
train/olive_peacock_spot/IMG_20190806_144007.jpg,olive_peacock_spot,2,train/olive_peacock_spot/IMG_20190806_144007.jpg,0.08270697857725981,0.1625707288235791,0.0009852771443853278,0.012189285814824199,0.7514568026349125,5.577776543309646,0.6910802499626492,0.1812765099945106,0.9717277487415585
train/olive_peacock_spot/IMG_20190806_144011.jpg,olive_peacock_spot,2,train/olive_peacock_spot/IMG_20190806_144011.jpg,0.04702313234736443,0.08574336866055925,3.9917769395046207e-05,0.007644252839151348,0.8659760892561323,4.437562729903981,0.7389533238441216,0.20475350602912637,0.9684480263681612
train/olive_peacock_spot/IMG_20190806_144018.jpg,olive_peacock_spot,2,train/olive_peacock_spot/IMG_20190806_144018.jpg,0.05269227996828372,0.15579422859751557,0.0002402748744563781,2.402748744563781e-05,0.7886061654532786,4.855430670457224,0.699156641781274,0.17679867265455107,0.964787712943269
train/olive_peacock_spot/IMG_20190806_144029.jpg,olive_peacock_spot,2,train/olive_peacock_spot/IMG_20190806_144029.jpg,0.051859239207864366,0.1393598328346868,0.00045115638505010213,0.0,0.8060502445742509,4.359794271278718,0.7066276164217592,0.1889254035051255,0.9675062190485691
train/olive_peacock_spot/IMG_20190806_144128.jpg,olive_peacock_spot,2,train/olive_peacock_spot/IMG_20190806_144128.jpg,0.02831582730939734,0.034386357282639085,9.984424298094972e-05,0.0,0.886457126882064,2.094259697454355,0.7713277436560758,0.242885288874584,0.9757833761239316
train/olive_peacock_spot/IMG_20190806_144136.jpg,olive_peacock_spot,2,train/olive_peacock_spot/IMG_20190806_144136.jpg,0.02547872446636449,0.03648090094047643,0.0001797088716279627,0.0,0.8904574589165551,2.7381478074154866,0.7482043169997129,0.22306179690060515,0.9743938713158089
train/olive_peacock_spot/IMG_20190806_144144.jpg,olive_peacock_spot,2,train/olive_peacock_spot/IMG_20190806_144144.jpg,0.0017840115653163546,0.014425886622989142,0.0006766940420165483,0.0,0.9651194980160561,1.6097108654172279,0.8001809705906953,0.2577199692582762,0.9751987719524897
train/olive_peacock_spot/IMG_20190806_144205.jpg,olive_peacock_spot,2,train/olive_peacock_spot/IMG_20190806_144205.jpg,0.01691203309405037,0.037960822484487164,0.0002433386056697895,0.0,0.9139798028957294,2.0668554029062514,0.751837229156031,0.18717501800649977,0.9804940548018743
train/olive_peacock_spot/IMG_20190806_144215.jpg,olive_peacock_spot,2,train/olive_peacock_spot/IMG_20190806_144215.jpg,0.0011880179899867054,0.016123101292676717,0.0018668854128362515,0.00028286142618731084,0.9676123667015529,2.6304500510535407,0.7419645744938734,0.2120320397669438,0.9824716482338252
train/olive_peacock_spot/IMG_20190806_144218.jpg,olive_peacock_spot,2,train/olive_peacock_spot/IMG_20190806_144218.jpg,0.02110653776203695,0.02493538814970805,2.3930314922944387e-05,0.0,0.9276825883028621,3.2425341223502246,0.7249816406209666,0.2199842265757182,0.9776135913306108
train/olive_peacock_spot/IMG_20190806_144222.jpg,olive_peacock_spot,2,train/olive_peacock_spot/IMG_20190806_144222.jpg,0.02477279974489796,0.018893494897959183,0.0,0.0,0.9250837053571429,2.60650939834368,0.7926052822981489,0.28179461842400155,0.9701186633481012
train/olive_peacock_spot/IMG_20190806_144226.jpg,olive_peacock_spot,2,train/olive_peacock_spot/IMG_20190806_144226.jpg,0.06220127903062942,0.048760237854818804,0.0,0.0,0.841108493212162,3.7779438849530917,0.7227037387467862,0.20680878083895554,0.9737466166804171
train/olive_peacock_spot/IMG_20190806_144229.jpg,olive_peacock_spot,2,train/olive_peacock_spot/IMG_20190806_144229.jpg,0.03341852623440218,0.06234831726122721,4.295440390025987e-05,0.0,0.8607632997573076,2.920723192907734,0.7249568017370589,0.22813701156124272,0.9802138741911046
train/olive_peacock_spot/IMG_20190806_144300.jpg,olive_peacock_spot,2,train/olive_peacock_spot/IMG_20190806_144300.jpg,0.0038971459137278875,0.01551216902915218,0.00038207312879685174,0.0,0.9638940893286975,1.5841308334734403,0.8161352572177222,0.24565232674817428,0.9819388136830116
train/olive_peacock_spot/IMG_20190806_144308.jpg,olive_peacock_spot,2,train/olive_peacock_spot/IMG_20190806_144308.jpg,0.04282924107142857,0.018355389030612245,0.0003786670918367347,0.0,0.9019650829081632,2.577217816887021,0.7634607625233403,0.20654430417363645,0.973581010422109
train/olive_peacock_spot/IMG_20190806_144313.jpg,olive_peacock_spot,2,train/olive_peacock_spot/IMG_20190806_144313.jpg,0.02810108418367347,0.008629623724489796,0.0004982461734693878,0.0,0.9314413265306123,2.3941492430017925,0.785037532705502,0.24009943652512833,0.9685905430216761
train/olive_peacock_spot/IMG_20190806_144318.jpg,olive_peacock_spot,2,train/olive_peacock_spot/IMG_20190806_144318.jpg,0.03293741890408224,0.011078949995009482,9.981036031540073e-05,0.0,0.9254616229164587,3.236551048282377,0.7679599958381991,0.22213664154899282,0.9729988878792646
train/olive_peacock_spot/IMG_20190806_144326.jpg,olive_peacock_spot,2,train/olive_peacock_spot/IMG_20190806_144326.jpg,0.03231658692185008,0.01634768740031898,3.9872408293460924e-05,0.0,0.9260765550239235,2.803456612465621,0.7729529188226115,0.25723162128252614,0.976511126108871
train/olive_peacock_spot/IMG_20190806_144346.jpg,olive_peacock_spot,2,train/olive_peacock_spot/IMG_20190806_144346.jpg,0.0,0.0,0.0,0.0,0.9992076069730587,2.425681640800512,0.7569697399426434,0.22415398048831917,0.9838367697142226
train/olive_peacock_spot/IMG_20190806_144349.jpg,olive_peacock_spot,2,train/olive_peacock_spot/IMG_20190806_144349.jpg,0.0021384407977313932,0.0008600251034354517,0.0,4.648784342894333e-05,0.9890521128724838,2.8606994388821514,0.7155456394471159,0.19706019722001633,0.9813032210863256
train/olive_peacock_spot/IMG_20190806_144353.jpg,olive_peacock_spot,2,train/olive_peacock_spot/IMG_20190806_144353.jpg,0.02072704081632653,0.003786670918367347,0.0,1.992984693877551e-05,0.954460299744898,2.503546708007114,0.7775077644837789,0.2886865760157037,0.9776048868804087
train/olive_peacock_spot/IMG_20190806_144400.jpg,olive_peacock_spot,2,train/olive_peacock_spot/IMG_20190806_144400.jpg,0.016761001275510203,0.0062380420918367345,0.0,0.0,0.9457110969387755,2.9638601926627923,0.7374701853483161,0.25797028313169335,0.9784205352879355
train/olive_peacock_spot/IMG_20190806_144405.jpg,olive_peacock_spot,2,train/olive_peacock_spot/IMG_20190806_144405.jpg,0.01731903698979592,0.003826530612244898,0.0,0.0,0.9585857780612245,2.352324951410372,0.7683483222831247,0.26651811623354793,0.9818037349248742
train/olive_peacock_spot/IMG_20190806_144448.jpg,olive_peacock_spot,2,train/olive_peacock_spot/IMG_20190806_144448.jpg,7.975117632985087e-05,0.00462556822713135,0.010606906451870166,0.0,0.9335074567349868,2.3114288812282444,0.7568364666551607,0.2503507022457753,0.9807710340815738
train/olive_peacock_spot/IMG_20190806_144453.jpg,olive_peacock_spot,2,train/olive_peacock_spot/IMG_20190806_144453.jpg,0.030950060541626058,0.05212486341218511,0.011724402705177047,0.0,0.8631759251055787,2.8395912791211773,0.7221206536401241,0.23293537855299212,0.9788725583087129
train/olive_peacock_spot/IMG_20190806_144458.jpg,olive_peacock_spot,2,train/olive_peacock_spot/IMG_20190806_144458.jpg,0.05056202168367347,0.035076530612244895,0.0007174744897959184,0.0,0.9071667729591837,2.5086134725535665,0.7768054490249636,0.2511618866662065,0.9734301503301253
train/olive_peacock_spot/IMG_20190806_144503.jpg,olive_peacock_spot,2,train/olive_peacock_spot/IMG_20190806_144503.jpg,0.06567164179104477,0.059070842968257306,0.0010300609627916753,0.0,0.8577885221778432,2.9684616462573348,0.75978467191328,0.20379072111471075,0.9765075353352248
train/olive_peacock_spot/IMG_20190806_144508.jpg,olive_peacock_spot,2,train/olive_peacock_spot/IMG_20190806_144508.jpg,0.07251139616240856,0.05913283154881798,0.0006148627159970317,0.0,0.843103996607654,2.4637734125212756,0.7334702812477908,0.1838743949185222,0.9830266833673376
train/olive_peacock_spot/IMG_20190806_144522.jpg,olive_peacock_spot,2,train/olive_peacock_spot/IMG_20190806_144522.jpg,0.00011957908163265306,0.06841916454081633,0.007692920918367347,0.0,0.025829081632653062,1.2781428768903211,0.7909444673601128,0.24655029256903488,0.9640028124779232
train/olive_peacock_spot/IMG_20190806_144525.jpg,olive_peacock_spot,2,train/olive_peacock_spot/IMG_20190806_144525.jpg,5.997720866070893e-05,0.09254483296347388,0.006937363801755333,0.0,0.8876626881784921,1.5590163842356544,0.7525460899981173,0.2446027634761785,0.9612029715769622
train/olive_peacock_spot/IMG_20190806_144529.jpg,olive_peacock_spot,2,train/olive_peacock_spot/IMG_20190806_144529.jpg,0.0,0.061802455357142856,0.00785235969387755,0.0,0.9238480548469388,1.027370461163078,0.8069660561129933,0.2550136526819189,0.9654669097297565
train/olive_peacock_spot/IMG_20190806_144533.jpg,olive_peacock_spot,2,train/olive_peacock_spot/IMG_20190806_144533.jpg,0.0,0.08498086734693877,0.00922751913265306,0.0,0.8921396683673469,1.152855474286989,0.7798123395440035,0.21725809713443459,0.9695301065190555
train/olive_peacock_spot/IMG_20190806_144536.jpg,olive_peacock_spot,2,train/olive_peacock_spot/IMG_20190806_144536.jpg,0.0,0.0921157525510204,0.006576849489795918,0.0,0.8887316645408163,1.1543795618454344,0.775298484110738,0.22146417678845318,0.9685676482405696
train/olive_peacock_spot/IMG_20190806_144547.jpg,olive_peacock_spot,2,train/olive_peacock_spot/IMG_20190806_144547.jpg,0.0,0.005700277041436629,0.010045243457636577,0.0,0.6745261395571324,1.703954687903105,0.7889714023638338,0.26959841692600667,0.9773994094044212
train/olive_peacock_spot/IMG_20190806_144551.jpg,olive_peacock_spot,2,train/olive_peacock_spot/IMG_20190806_144551.jpg,0.00047405721870629787,0.02028964896062955,0.015193533859536847,0.0,0.9357889497262319,1.9361202365130274,0.7444865105903802,0.21492715213687624,0.9771195467471994
train/olive_peacock_spot/IMG_20190806_144555.jpg,olive_peacock_spot,2,train/olive_peacock_spot/IMG_20190806_144555.jpg,0.02702487244897959,0.028459821428571428,0.005839445153061225,0.0,0.9172512755102041,1.8681724727231375,0.7978609783091714,0.23661391497470846,0.9729542420007926
train/olive_peacock_spot/IMG_20190806_144600.jpg,olive_peacock_spot,2,train/olive_peacock_spot/IMG_20190806_144600.jpg,0.0339723218862122,0.034710404920553564,0.006212198872373142,0.0,0.8946796514607893,2.0606313282470645,0.7697241248368332,0.21116272525341057,0.9741804219206778
train/olive_peacock_spot/IMG_20190806_144604.jpg,olive_peacock_spot,2,train/olive_peacock_spot/IMG_20190806_144604.jpg,0.021386636846519428,0.033367946004233394,0.0048723990574703465,0.0,0.915372019649347,1.6129759003032071,0.7647712285796507,0.21011608028898787,0.9778526221244329
train/olive_peacock_spot/IMG_20190806_144618.jpg,olive_peacock_spot,2,train/olive_peacock_spot/IMG_20190806_144618.jpg,0.000896843112244898,0.007294323979591837,0.017338966836734693,1.992984693877551e-05,0.09028220663265306,2.14775664275714,0.7578466507070498,0.21584120415502925,0.9741221680546428
train/olive_peacock_spot/IMG_20190806_144623.jpg,olive_peacock_spot,2,train/olive_peacock_spot/IMG_20190806_144623.jpg,0.01335151527486618,0.04951865345083752,0.03797854802271386,0.0,0.8802434209187308,2.4173347137233696,0.740135813237552,0.243430638468701,0.9713958184850124
train/olive_peacock_spot/IMG_20190806_144628.jpg,olive_peacock_spot,2,train/olive_peacock_spot/IMG_20190806_144628.jpg,0.006776147959183673,0.04083625637755102,0.035455197704081634,0.0,0.9027622767857143,1.914825245810641,0.7816800676500878,0.2577948780038083,0.9699459288707126
train/olive_peacock_spot/IMG_20190806_144634.jpg,olive_peacock_spot,2,train/olive_peacock_spot/IMG_20190806_144634.jpg,0.0067362882653061226,0.04627710459183673,0.04272959183673469,0.0,0.8772122130102041,2.149426050818743,0.7637038984337119,0.24197086645142374,0.9710486149829926
train/olive_peacock_spot/IMG_20190806_144638.jpg,olive_peacock_spot,2,train/olive_peacock_spot/IMG_20190806_144638.jpg,0.004993731717509402,0.06259924780610113,0.04908065190137902,0.0,0.8407856247388216,2.3090107453381523,0.7427520775232296,0.21771110152311113,0.9756034531225597
train/olive_peacock_spot/IMG_20190806_144655.jpg,olive_peacock_spot,2,train/olive_peacock_spot/IMG_20190806_144655.jpg,0.0004386402153324693,0.00011962914963612801,0.0,1.9938191606021334e-05,0.9765327484797129,2.112053748068739,0.7639021504357688,0.23593989526293874,0.979082132368997
train/olive_peacock_spot/IMG_20190806_144659.jpg,olive_peacock_spot,2,train/olive_peacock_spot/IMG_20190806_144659.jpg,0.06154856181527225,0.013458618850272865,0.00016412949817405932,2.0516187271757415e-05,0.9145911123876739,2.499570266188579,0.7459060219942948,0.24343090268012554,0.9775635486807875
train/olive_peacock_spot/IMG_20190806_144703.jpg,olive_peacock_spot,2,train/olive_peacock_spot/IMG_20190806_144703.jpg,0.0389030612244898,0.0262874681122449,0.00025908801020408165,3.985969387755102e-05,0.9299067283163265,2.4195295583307543,0.7693558957682933,0.24577549693894177,0.9711135380971614
train/olive_peacock_spot/IMG_20190806_144708.jpg,olive_peacock_spot,2,train/olive_peacock_spot/IMG_20190806_144708.jpg,0.03852705004461027,0.03933814583502312,0.0003244383161651391,0.0,0.9161326952713116,2.668826734298418,0.771628670789495,0.20560523991194943,0.9711454509573194
train/olive_peacock_spot/IMG_20190806_144713.jpg,olive_peacock_spot,2,train/olive_peacock_spot/IMG_20190806_144713.jpg,0.05112100331321016,0.021302111917393337,0.00030489664003902674,0.0,0.9199341423257515,2.0525612506558377,0.7732031336838555,0.20723329158542175,0.9779453406744312
train/olive_peacock_spot/IMG_20190806_144727.jpg,olive_peacock_spot,2,train/olive_peacock_spot/IMG_20190806_144727.jpg,0.0002790456638297024,0.02499451874588906,0.002690797472643559,0.0,0.7104502601104223,1.6969599412721337,0.7697454196697899,0.23503475667821047,0.9817742095919134
train/olive_peacock_spot/IMG_20190806_144732.jpg,olive_peacock_spot,2,train/olive_peacock_spot/IMG_20190806_144732.jpg,0.011273021655535316,0.050313701679821896,0.0021655535316737503,0.0,0.923659178303987,2.1306093895388485,0.7599709250856942,0.2493724872706633,0.9760236831005222
train/olive_peacock_spot/IMG_20190806_144735.jpg,olive_peacock_spot,2,train/olive_peacock_spot/IMG_20190806_144735.jpg,0.019690688775510203,0.043825733418367346,0.0013552295918367347,0.0,0.9206991390306123,1.9552195220533921,0.7867575946182702,0.25247317478998244,0.970772091969513
train/olive_peacock_spot/IMG_20190806_144740.jpg,olive_peacock_spot,2,train/olive_peacock_spot/IMG_20190806_144740.jpg,0.018614477040816327,0.044244260204081634,0.0013950892857142857,0.0,0.9219746492346939,1.8671654652720044,0.7971664288686543,0.24069551720792168,0.9713818795464388
train/olive_peacock_spot/IMG_20190806_144744.jpg,olive_peacock_spot,2,train/olive_peacock_spot/IMG_20190806_144744.jpg,0.01724687961079874,0.055469155002592016,0.0015153327750528373,0.0,0.9060294293575787,1.9411234332470528,0.7837209188996677,0.2209621785211203,0.9737657238150985
train/olive_peacock_spot/IMG_20190806_144841.jpg,olive_peacock_spot,2,train/olive_peacock_spot/IMG_20190806_144841.jpg,0.004638701163674171,0.018634782260966928,0.014156036309833246,3.9988803135122166e-05,0.7390330707401928,2.1776484384284984,0.7303128013723885,0.19698752589414226,0.9812407433700523
train/olive_peacock_spot/IMG_20190806_144850.jpg,olive_peacock_spot,2,train/olive_peacock_spot/IMG_20190806_144850.jpg,0.020129145408163265,0.03569435586734694,0.015027104591836735,0.0,0.9070073341836735,2.8152773948058094,0.7053604856350638,0.2227514798367149,0.9733405592829605
train/olive_peacock_spot/IMG_20190806_144855.jpg,olive_peacock_spot,2,train/olive_peacock_spot/IMG_20190806_144855.jpg,0.016721141581632654,0.02770248724489796,0.012137276785714286,0.0,0.9231106505102041,2.6413434046005486,0.7631257716970852,0.32357131077154166,0.9689525474138153
train/olive_peacock_spot/IMG_20190806_144901.jpg,olive_peacock_spot,2,train/olive_peacock_spot/IMG_20190806_144901.jpg,0.014170121173469387,0.02626753826530612,0.009526466836734694,1.992984693877551e-05,0.9356863839285714,2.494551670055747,0.7979270781609871,0.34545874815187255,0.9670231125287307
train/olive_peacock_spot/IMG_20190806_144907.jpg,olive_peacock_spot,2,train/olive_peacock_spot/IMG_20190806_144907.jpg,0.01429628296642873,0.02969228000719813,0.017835362805670527,0.0,0.9226601083718233,2.096268164043822,0.7581401660785964,0.21357188318672982,0.9783411606735435
train/olive_peacock_spot/IMG_20190806_144919.jpg,olive_peacock_spot,2,train/olive_peacock_spot/IMG_20190806_144919.jpg,0.005719866071428571,0.01624282525510204,0.014190051020408163,0.0,0.05532525510204082,1.618465921855119,0.7895716704293344,0.27137925589065487,0.9728729840436456
train/olive_peacock_spot/IMG_20190806_144925.jpg,olive_peacock_spot,2,train/olive_peacock_spot/IMG_20190806_144925.jpg,0.017047419492646012,0.07569623858250096,0.01631507211587363,0.0,0.8785727363346014,2.2651151213762546,0.7298856304631256,0.2054259172931112,0.9704218239616008
train/olive_peacock_spot/IMG_20190806_144930.jpg,olive_peacock_spot,2,train/olive_peacock_spot/IMG_20190806_144930.jpg,0.012416294642857142,0.05424904336734694,0.011698820153061224,0.0,0.9126474808673469,1.955728472183979,0.7646800466802821,0.3129556865281009,0.962357267486935
train/olive_peacock_spot/IMG_20190806_144935.jpg,olive_peacock_spot,2,train/olive_peacock_spot/IMG_20190806_144935.jpg,0.0146484375,0.061842315051020405,0.01251594387755102,0.0,0.9008290816326531,2.116915655318704,0.7781450035135002,0.2988411985285978,0.9618016995355386
train/olive_peacock_spot/IMG_20190806_144939.jpg,olive_peacock_spot,2,train/olive_peacock_spot/IMG_20190806_144939.jpg,0.013333067602040817,0.05951052295918367,0.011499521683673469,0.0,0.9030612244897959,1.8522523251280538,0.775472191582463,0.2866687965956647,0.9675291254982583
train/olive_peacock_spot/IMG_20190806_145005.jpg,olive_peacock_spot,2,train/olive_peacock_spot/IMG_20190806_145005.jpg,0.0003403841478239728,0.00437636761487965,0.009093119377583272,0.0,0.9766593727206418,2.278603500084068,0.7707018268811083,0.24785769472901278,0.9797506482862185
train/olive_peacock_spot/IMG_20190806_145009.jpg,olive_peacock_spot,2,train/olive_peacock_spot/IMG_20190806_145009.jpg,0.0033560530048783862,0.019928727121752067,0.00425561360412414,0.0,0.9551949624606442,2.986351241082852,0.7136085710265039,0.17756634414689046,0.9777560582357898
train/olive_peacock_spot/IMG_20190806_145013.jpg,olive_peacock_spot,2,train/olive_peacock_spot/IMG_20190806_145013.jpg,0.04065688775510204,0.02086654974489796,0.0,0.0,0.9137834821428571,2.9171416550839075,0.740128543778887,0.2749572661880567,0.9709821643856849
train/olive_peacock_spot/IMG_20190806_145020.jpg,olive_peacock_spot,2,train/olive_peacock_spot/IMG_20190806_145020.jpg,0.04342713647959184,0.03904257015306122,0.0004185267857142857,0.0,0.8875159438775511,3.2356773362156264,0.7231084927136755,0.2501758948609727,0.975345432641641
train/olive_peacock_spot/IMG_20190806_145026.jpg,olive_peacock_spot,2,train/olive_peacock_spot/IMG_20190806_145026.jpg,0.03944891665665425,0.034362609635948574,0.00018022347711161841,0.0,0.8915254916095959,2.4715968279774896,0.7517740752429019,0.22252767110612862,0.981463488449656
train/olive_peacock_spot/IMG_20190806_145044.jpg,olive_peacock_spot,2,train/olive_peacock_spot/IMG_20190806_145044.jpg,0.023701718721123637,0.06750138606542229,0.0006006283496581039,0.0,0.8795509148031787,2.3752539315571037,0.7665817284307777,0.2195010371923723,0.9792820791845467
train/olive_peacock_spot/IMG_20190806_145049.jpg,olive_peacock_spot,2,train/olive_peacock_spot/IMG_20190806_145049.jpg,0.03043585766628453,0.054195607705621866,0.00011239238429204037,0.0,0.8981949783082699,3.1954370992533017,0.7157282434886159,0.1689930948916278,0.9727173213750965
train/olive_peacock_spot/IMG_20190806_145053.jpg,olive_peacock_spot,2,train/olive_peacock_spot/IMG_20190806_145053.jpg,0.022321428571428572,0.02393574617346939,0.0,0.0,0.9424824617346939,2.0620689980027915,0.8060598656023835,0.28958329057017634,0.9684973344723462
train/olive_peacock_spot/IMG_20190806_145058.jpg,olive_peacock_spot,2,train/olive_peacock_spot/IMG_20190806_145058.jpg,0.021444515306122448,0.046994579081632654,0.00015943877551020407,0.0,0.9063695790816326,3.105592839714368,0.7506773827957965,0.2521128520663499,0.9710550863223186
train/olive_peacock_spot/IMG_20190806_145101.jpg,olive_peacock_spot,2,train/olive_peacock_spot/IMG_20190806_145101.jpg,0.027835380443451907,0.046079917052161426,1.9939384271813686e-05,0.0,0.909993619397033,2.5449478558239473,0.766161266701475,0.23593846868131413,0.9743647053390965
train/olive_peacock_spot/IMG_20190806_145115.jpg,olive_peacock_spot,2,train/olive_peacock_spot/IMG_20190806_145115.jpg,0.00023915816326530612,0.016721141581632654,0.012416294642857142,0.0,0.05239556760204082,1.196442385595149,0.7631622564369456,0.23052907361549874,0.9791551839114329
train/olive_peacock_spot/IMG_20190806_145126.jpg,olive_peacock_spot,2,train/olive_peacock_spot/IMG_20190806_145126.jpg,0.002311862244897959,0.03437898596938776,0.00839046556122449,0.0,0.03471779336734694,1.2365870104078192,0.7568180131132246,0.21411244264843543,0.9758261277046908
train/olive_peacock_spot/IMG_20190806_145130.jpg,olive_peacock_spot,2,train/olive_peacock_spot/IMG_20190806_145130.jpg,5.978954081632653e-05,0.07228555484693877,0.0037268813775510204,0.0,0.9161152742346939,1.2446377481658422,0.7815027177782761,0.30874556129830755,0.969933844842967
train/olive_peacock_spot/IMG_20190806_145134.jpg,olive_peacock_spot,2,train/olive_peacock_spot/IMG_20190806_145134.jpg,3.985969387755102e-05,0.06762197066326531,0.0024115114795918366,0.0,0.9102160395408163,1.2252836931599127,0.778694491910868,0.25790043779416827,0.9695806660834154
train/olive_peacock_spot/IMG_20190806_145140.jpg,olive_peacock_spot,2,train/olive_peacock_spot/IMG_20190806_145140.jpg,0.00025908801020408165,0.08569834183673469,0.0014947385204081632,0.0,0.8977200255102041,1.1925607859563279,0.7664838217087113,0.24466394614835463,0.9705460575355873
train/olive_peacock_spot/IMG_20190806_145157.jpg,olive_peacock_spot,2,train/olive_peacock_spot/IMG_20190806_145157.jpg,0.000617849882409216,0.006058914975883924,0.0026507753019492167,0.0,0.35897078167975444,1.6329291504459702,0.7790066448918468,0.2623490780638287,0.9794298224465166
train/olive_peacock_spot/IMG_20190806_145203.jpg,olive_peacock_spot,2,train/olive_peacock_spot/IMG_20190806_145203.jpg,0.024710070042484787,0.07853944195659662,0.007899873693879894,0.0,0.8637731082787921,2.230827227622687,0.7134532478217366,0.1897590661679161,0.9777242238088016
train/olive_peacock_spot/IMG_20190806_145207.jpg,olive_peacock_spot,2,train/olive_peacock_spot/IMG_20190806_145207.jpg,0.020467952806122448,0.057736766581632654,0.001096141581632653,0.0,0.9150988520408163,1.9455650727866196,0.7713040015667109,0.32480076818568565,0.9674055603353963
train/olive_peacock_spot/IMG_20190806_145212.jpg,olive_peacock_spot,2,train/olive_peacock_spot/IMG_20190806_145212.jpg,0.015923947704081634,0.08266900510204081,0.0031887755102040817,0.0,0.8875558035714286,2.1506089058165556,0.7437887019462852,0.2566902101433737,0.970351941740031
train/olive_peacock_spot/IMG_20190806_145216.jpg,olive_peacock_spot,2,train/olive_peacock_spot/IMG_20190806_145216.jpg,0.014873525125277006,0.08353131426061611,0.003733354628760806,0.0,0.8875401784823015,1.827031121822654,0.7619861962661711,0.25753738581509883,0.9771285534877076
train/olive_peacock_spot/IMG_20190806_145225.jpg,olive_peacock_spot,2,train/olive_peacock_spot/IMG_20190806_145225.jpg,0.0016144463047117915,0.010424140955114406,0.0037072470700789287,0.0,0.3285099258550586,2.194403935470362,0.741169024587608,0.236903942598804,0.9809189292007141
train/olive_peacock_spot/IMG_20190806_145247.jpg,olive_peacock_spot,2,train/olive_peacock_spot/IMG_20190806_145247.jpg,0.030117497168742922,0.050467157417893545,0.04632644394110985,0.0031497734994337485,0.8454133635334088,3.101569293852421,0.7759321975867466,0.23038788161393903,0.9784083824915395
train/olive_peacock_spot/IMG_20190806_145254.jpg,olive_peacock_spot,2,train/olive_peacock_spot/IMG_20190806_145254.jpg,0.051556769971956566,0.0700606409242348,0.021475995302126027,0.0013422497063828767,0.83919369142638,4.198746339472331,0.7527382051147885,0.1837372261921561,0.9745698399937726
train/olive_peacock_spot/IMG_20190806_145257.jpg,olive_peacock_spot,2,train/olive_peacock_spot/IMG_20190806_145257.jpg,0.04502519689027324,0.061840006077641875,0.02028412975765403,0.00017726455468611513,0.8549975942667578,3.8994568949087083,0.7616831125335878,0.194433008424095,0.9719718786242442
train/olive_peacock_spot/IMG_20190806_145301.jpg,olive_peacock_spot,2,train/olive_peacock_spot/IMG_20190806_145301.jpg,0.03807454296376778,0.05982805045113137,0.031012329349520525,0.0054324720109594216,0.8568897916765081,4.103681932845589,0.7753431798062145,0.16416800598754272,0.9747752307089953
train/olive_peacock_spot/IMG_20190806_145310.jpg,olive_peacock_spot,2,train/olive_peacock_spot/IMG_20190806_145310.jpg,0.036964124418092964,0.04544085971697895,0.034346990295759314,0.016860828681937143,0.8697917872941613,3.5652092977584244,0.7658201846116448,0.15226060270736272,0.9790066787253854
train/olive_peacock_spot/IMG_20190806_151145.jpg,olive_peacock_spot,2,train/olive_peacock_spot/IMG_20190806_151145.jpg,0.0001992984693877551,0.06090561224489796,0.015545280612244899,0.0,0.025271045918367346,1.0498079060875818,0.7705102365091715,0.2154610217698672,0.9789875250974921
train/olive_peacock_spot/IMG_20190806_151149.jpg,olive_peacock_spot,2,train/olive_peacock_spot/IMG_20190806_151149.jpg,0.0,0.03675063775510204,0.016143176020408163,0.0,0.8895288584183674,1.2442809350370019,0.7433274270907675,0.20941173195501314,0.9736534193490545
train/olive_peacock_spot/IMG_20190806_151153.jpg,olive_peacock_spot,2,train/olive_peacock_spot/IMG_20190806_151153.jpg,0.0,0.030472735969387755,0.012356505102040817,0.0,0.9162946428571429,1.0402396255156081,0.7828925926080876,0.2718228854608317,0.9681672571460125
train/olive_peacock_spot/IMG_20190806_151157.jpg,olive_peacock_spot,2,train/olive_peacock_spot/IMG_20190806_151157.jpg,0.0,0.028200733418367346,0.012675382653061224,0.0,0.9057118941326531,1.1073009727347296,0.7617809735395455,0.22683283900358775,0.9697916201887694
train/olive_peacock_spot/IMG_20190806_151201.jpg,olive_peacock_spot,2,train/olive_peacock_spot/IMG_20190806_151201.jpg,0.0,0.04265077280533387,0.012284069097888676,0.0,0.8867764420648551,1.3268273062501998,0.7504211820323413,0.18100477971611395,0.9764868017952224
train/olive_peacock_spot/IMG_20190806_151206.jpg,olive_peacock_spot,2,train/olive_peacock_spot/IMG_20190806_151206.jpg,2.2180326050792947e-05,0.030453587667738716,0.057846290340468,0.0,0.8766552068315404,1.687914583520533,0.7261016612346729,0.14686554881146122,0.9807104329868619
train/olive_peacock_spot/IMG_20190806_151238.jpg,olive_peacock_spot,2,train/olive_peacock_spot/IMG_20190806_151238.jpg,0.014854265920485988,0.046435184222023425,0.019015124721742566,0.0,0.8816859799862692,2.808208617829686,0.7568038986290164,0.24590902102277706,0.974493705845677
train/olive_peacock_spot/IMG_20190806_151243.jpg,olive_peacock_spot,2,train/olive_peacock_spot/IMG_20190806_151243.jpg,0.005900824007923963,0.10130450359318033,0.020083875998398348,0.0,0.8631641061305346,3.4136962887086595,0.715954008479167,0.2330472658597393,0.9700663412991182
train/olive_peacock_spot/IMG_20190806_151248.jpg,olive_peacock_spot,2,train/olive_peacock_spot/IMG_20190806_151248.jpg,0.005839445153061225,0.07537468112244898,0.015565210459183673,1.992984693877551e-05,0.8957868303571429,2.9593955899020576,0.7395162528209072,0.28010706365801213,0.9653052340948244
train/olive_peacock_spot/IMG_20190806_151254.jpg,olive_peacock_spot,2,train/olive_peacock_spot/IMG_20190806_151254.jpg,0.004000240014400864,0.09078544712682761,0.01972118327099626,0.0,0.8756525391523492,3.0879131522823053,0.7281182136365506,0.2421932639411178,0.9673396117131253
train/olive_peacock_spot/IMG_20190806_151300.jpg,olive_peacock_spot,2,train/olive_peacock_spot/IMG_20190806_151300.jpg,0.008741559238796808,0.1278330263965623,0.022050337630448127,0.0,0.825389809699202,2.8766996407048575,0.7246767633826505,0.19335479829050267,0.9748798870811364
train/olive_peacock_spot/IMG_20190806_151313.jpg,olive_peacock_spot,2,train/olive_peacock_spot/IMG_20190806_151313.jpg,0.0029229082937522835,0.02729265619291195,0.0010960906101571063,0.0,0.9589331384727804,2.8296311064957247,0.7726971713811713,0.22318196964927164,0.9783889249272807
train/olive_peacock_spot/IMG_20190806_151317.jpg,olive_peacock_spot,2,train/olive_peacock_spot/IMG_20190806_151317.jpg,0.00928780094691246,0.029878110204492797,0.00012088244182532487,0.0004432356200261912,0.9510829052080185,3.401767574699776,0.7114036427315719,0.1814731952347169,0.9770185912204432
train/olive_peacock_spot/IMG_20190806_151322.jpg,olive_peacock_spot,2,train/olive_peacock_spot/IMG_20190806_151322.jpg,0.006138392857142857,0.015465561224489796,1.992984693877551e-05,5.978954081632653e-05,0.9725566007653061,2.858409865325923,0.7632450849839574,0.24760571601666798,0.9705253205994316
train/olive_peacock_spot/IMG_20190806_151328.jpg,olive_peacock_spot,2,train/olive_peacock_spot/IMG_20190806_151328.jpg,0.007075095663265306,0.01833545918367347,5.978954081632653e-05,5.978954081632653e-05,0.9680125956632653,2.9136917594737204,0.7723474520100904,0.23222614295446262,0.9737171008538529
train/olive_peacock_spot/IMG_20190806_151331.jpg,olive_peacock_spot,2,train/olive_peacock_spot/IMG_20190806_151331.jpg,0.006656370320419395,0.019664571142676904,0.00015226990929063976,4.3505688368754214e-05,0.9660003045398186,2.768049069187875,0.7603368132099524,0.1902065773113986,0.976958142914892
train/olive_peacock_spot/IMG_20190806_151538.jpg,olive_peacock_spot,2,train/olive_peacock_spot/IMG_20190806_151538.jpg,0.0,0.03218670280612245,0.00466358418367347,0.0,0.058514030612244895,1.4762771808447446,0.7748187545868872,0.23744908466325057,0.9786794709205979
train/olive_peacock_spot/IMG_20190806_151541.jpg,olive_peacock_spot,2,train/olive_peacock_spot/IMG_20190806_151541.jpg,0.01056281887755102,0.11136798469387756,0.00025908801020408165,0.0,0.8712133290816326,1.9642097137233674,0.7306826717136655,0.22886356400709204,0.9699161359779128
train/olive_peacock_spot/IMG_20190806_151548.jpg,olive_peacock_spot,2,train/olive_peacock_spot/IMG_20190806_151548.jpg,0.004404496173469388,0.08803013392857142,0.0003786670918367347,0.0,0.8994738520408163,1.8169298861748915,0.7661284876064397,0.3470462723652287,0.9596119120574311
train/olive_peacock_spot/IMG_20190806_151551.jpg,olive_peacock_spot,2,train/olive_peacock_spot/IMG_20190806_151551.jpg,0.00045838647959183676,0.0977359693877551,0.00011957908163265306,0.0,0.8956672512755102,1.4360532264820387,0.7903643864370742,0.2627377206755435,0.9676478107621662
train/olive_peacock_spot/IMG_20190806_151602.jpg,olive_peacock_spot,2,train/olive_peacock_spot/IMG_20190806_151602.jpg,0.00356751370204285,0.07188839063278525,0.0034080717488789236,0.0,0.04007972097658196,1.5411026485878931,0.7633478228194781,0.22081376175888906,0.9740809416318217
train/olive_peacock_spot/IMG_20190806_151605.jpg,olive_peacock_spot,2,train/olive_peacock_spot/IMG_20190806_151605.jpg,3.985969387755102e-05,0.09036192602040816,0.005361128826530612,0.0,0.9025231186224489,1.750749678967829,0.7603009865174875,0.2650256145777696,0.9634438528849851
train/olive_peacock_spot/IMG_20190806_151610.jpg,olive_peacock_spot,2,train/olive_peacock_spot/IMG_20190806_151610.jpg,0.0001793686224489796,0.07599250637755102,0.004962531887755102,0.0,0.9169921875,1.744480402543911,0.7660771170834234,0.2924571641619969,0.9568900902576689
train/olive_peacock_spot/IMG_20190806_151614.jpg,olive_peacock_spot,2,train/olive_peacock_spot/IMG_20190806_151614.jpg,0.0,0.10650510204081633,0.007553411989795918,0.0,0.883430325255102,1.9051517058185823,0.7425696143579272,0.283414697508001,0.961988685766637
train/olive_peacock_spot/IMG_20190806_151618.jpg,olive_peacock_spot,2,train/olive_peacock_spot/IMG_20190806_151618.jpg,0.00021976704693025393,0.11373943619763051,0.006213413781391725,0.0,0.8777895430843307,1.7111007562735354,0.7460926476527087,0.2103734839270795,0.9716165729932125
train/olive_peacock_spot/IMG_20190806_151641.jpg,olive_peacock_spot,2,train/olive_peacock_spot/IMG_20190806_151641.jpg,0.05447758214556633,0.04479578392621871,3.992494111071186e-05,0.0,0.886712979598355,1.916729222949962,0.7818162651676475,0.2096875202595303,0.9753578744167873
train/olive_peacock_spot/IMG_20190806_151644.jpg,olive_peacock_spot,2,train/olive_peacock_spot/IMG_20190806_151644.jpg,0.04115513392857143,0.040138711734693876,1.992984693877551e-05,0.0,0.9034797512755102,2.448321723696382,0.7825321887471485,0.21433361565072384,0.9703916436620252
train/olive_peacock_spot/IMG_20190806_151648.jpg,olive_peacock_spot,2,train/olive_peacock_spot/IMG_20190806_151648.jpg,0.023557079081632654,0.023198341836734693,3.985969387755102e-05,0.0,0.9333944515306123,2.525695504788672,0.791429739961606,0.23108058222085573,0.9666770360340249
train/olive_peacock_spot/IMG_20190806_151654.jpg,olive_peacock_spot,2,train/olive_peacock_spot/IMG_20190806_151654.jpg,0.028551307847082496,0.04301810865191147,0.00028169014084507044,0.0,0.8916297786720322,3.5059305349424994,0.7651249825425501,0.20361270823310385,0.9748439281477355
train/olive_peacock_spot/IMG_20190806_151706.jpg,olive_peacock_spot,2,train/olive_peacock_spot/IMG_20190806_151706.jpg,0.011104852337651887,0.06868109761004265,0.0011265792226603363,0.0,0.9014243180172206,2.23684880018755,0.736086012074186,0.20283795112081277,0.9846465063994614
train/olive_peacock_spot/IMG_20190806_151723.jpg,olive_peacock_spot,2,train/olive_peacock_spot/IMG_20190806_151723.jpg,0.010019083969465648,0.06723429242513213,0.0008807985907222549,0.0,0.9044333529066354,2.2494047452975696,0.7230175961619074,0.17937621448927848,0.9857792958429995
train/olive_peacock_spot/IMG_20190806_151727.jpg,olive_peacock_spot,2,train/olive_peacock_spot/IMG_20190806_151727.jpg,0.010660639638378303,0.04108246494789687,6.000360021601296e-05,0.0,0.9311958717523051,2.741981465102434,0.7035417805821386,0.20443229657713358,0.9791199950220514
train/olive_peacock_spot/IMG_20190806_151731.jpg,olive_peacock_spot,2,train/olive_peacock_spot/IMG_20190806_151731.jpg,0.013173628826530613,0.023098692602040817,1.992984693877551e-05,0.0,0.9425023915816326,2.3805024769480103,0.7551190879195759,0.2810539374609226,0.9747685439400168
train/olive_peacock_spot/IMG_20190806_151740.jpg,olive_peacock_spot,2,train/olive_peacock_spot/IMG_20190806_151740.jpg,0.01016422193877551,0.017717633928571428,0.0,0.0,0.9567920918367347,1.9782414421011623,0.7902019622330587,0.31980173348868846,0.9728735697657385
train/olive_peacock_spot/IMG_20190806_151744.jpg,olive_peacock_spot,2,train/olive_peacock_spot/IMG_20190806_151744.jpg,0.01598373724489796,0.02863919005102041,0.0,0.0,0.9213568239795918,2.3012423600865013,0.7616476549714203,0.2823460785931016,0.9764177603457627
train/olive_peacock_spot/IMG_20190806_151805.jpg,olive_peacock_spot,2,train/olive_peacock_spot/IMG_20190806_151805.jpg,0.09324971117346097,0.05570226109919128,0.001650437365901964,0.0,0.7821010067667932,2.7240443359561892,0.7594847890461016,0.2268669516539807,0.982730974611919
train/olive_peacock_spot/IMG_20190806_151809.jpg,olive_peacock_spot,2,train/olive_peacock_spot/IMG_20190806_151809.jpg,0.10724677843979492,0.02651147752990624,0.00030021708004249225,0.0,0.8342801718165442,3.541164087659909,0.7382323185724854,0.21096647101621507,0.9788521903549505
train/olive_peacock_spot/IMG_20190806_151814.jpg,olive_peacock_spot,2,train/olive_peacock_spot/IMG_20190806_151814.jpg,0.07079081632653061,0.009745695153061224,3.985969387755102e-05,0.0,0.9019650829081632,3.047212065664492,0.7708809947531883,0.25315133489478436,0.9753642638313342
train/olive_peacock_spot/IMG_20190806_151817.jpg,olive_peacock_spot,2,train/olive_peacock_spot/IMG_20190806_151817.jpg,0.07957987882653061,0.018116230867346938,0.0004185267857142857,0.0,0.8816366390306123,3.8309494535568733,0.7483221443708015,0.267982153173151,0.9752814127344025
train/olive_peacock_spot/IMG_20190806_151820.jpg,olive_peacock_spot,2,train/olive_peacock_spot/IMG_20190806_151820.jpg,0.08071403278551938,0.02189172863421442,0.0004790768397592118,0.0,0.865129454893874,3.5699044385777845,0.7711540577325708,0.23548899364223047,0.9811007472262245
train/olive_peacock_spot/IMG_20190806_151901.jpg,olive_peacock_spot,2,train/olive_peacock_spot/IMG_20190806_151901.jpg,0.036637126865671645,0.0324160447761194,0.0010494402985074627,0.0,0.8883861940298508,2.5638310515651654,0.7928885398135596,0.17714364302180244,0.9818083064414679
train/olive_peacock_spot/IMG_20190806_151904.jpg,olive_peacock_spot,2,train/olive_peacock_spot/IMG_20190806_151904.jpg,0.026176236044657096,0.02900717703349282,0.0007177033492822966,7.974481658692185e-05,0.903329346092504,3.2028793116505057,0.7756979590957134,0.20381656333842096,0.9771860910560107
train/olive_peacock_spot/IMG_20190806_151908.jpg,olive_peacock_spot,2,train/olive_peacock_spot/IMG_20190806_151908.jpg,0.01403061224489796,0.018355389030612245,0.0004185267857142857,0.0,0.9503946109693877,2.8815160064974648,0.7954767348087811,0.24751405167707785,0.966989671439249
train/olive_peacock_spot/IMG_20190806_151911.jpg,olive_peacock_spot,2,train/olive_peacock_spot/IMG_20190806_151911.jpg,0.02003683093798791,0.02339965571079707,0.0009207734496977461,0.0003002522118579607,0.9305216381760679,4.256095240571231,0.7529141701252541,0.23267674665154606,0.9760680853624324
train/olive_peacock_spot/IMG_20190806_151915.jpg,olive_peacock_spot,2,train/olive_peacock_spot/IMG_20190806_151915.jpg,0.02354674038054115,0.021892213635721636,0.0011702750146284377,0.008070862169851294,0.9328907810576865,4.136278247932484,0.7661917748998519,0.2067951818588278,0.9796421289430817
train/olive_peacock_spot/IMG_20190806_151939.jpg,olive_peacock_spot,2,train/olive_peacock_spot/IMG_20190806_151939.jpg,0.007758587079418301,0.06717610823034037,0.01263207142578658,0.0005848181215641936,0.8548871301025381,2.441471686121849,0.7836206736720479,0.2370109362118072,0.9804886512221087
train/olive_peacock_spot/IMG_20190806_151943.jpg,olive_peacock_spot,2,train/olive_peacock_spot/IMG_20190806_151943.jpg,0.03112550802784596,0.055691923866242804,0.0009255160758118386,4.023982938312342e-05,0.8926401352058267,3.013642395342074,0.7695401918193796,0.2145220632610933,0.9754749736528291
train/olive_peacock_spot/IMG_20190806_151945.jpg,olive_peacock_spot,2,train/olive_peacock_spot/IMG_20190806_151945.jpg,0.026426977040816327,0.04097576530612245,0.0003587372448979592,1.992984693877551e-05,0.9110331632653061,2.541063561290336,0.7645410359037542,0.24851953310991157,0.9731920751369343
train/olive_peacock_spot/IMG_20190806_151948.jpg,olive_peacock_spot,2,train/olive_peacock_spot/IMG_20190806_151948.jpg,0.03906733475735133,0.057133731259856664,0.000319405905016669,0.0,0.8801229712734314,2.990023793882859,0.7167208105388312,0.23605615471917502,0.9741846153557734
train/olive_peacock_spot/IMG_20190806_151952.jpg,olive_peacock_spot,2,train/olive_peacock_spot/IMG_20190806_151952.jpg,0.03641188324255302,0.055046786776002075,0.00011971030107140719,1.995171684523453e-05,0.8860557450968656,2.625568464277749,0.7668200686295505,0.2586165051802489,0.9763171683943787
train/olive_peacock_spot/IMG_20190806_152519.jpg,olive_peacock_spot,2,train/olive_peacock_spot/IMG_20190806_152519.jpg,0.0005580357142857143,0.06778140943877552,0.0012755102040816326,0.0,0.9274354272959183,1.4627552405060003,0.7790947111222458,0.23887509988888184,0.9747084290457552
train/olive_peacock_spot/IMG_20190806_152522.jpg,olive_peacock_spot,2,train/olive_peacock_spot/IMG_20190806_152522.jpg,0.0020129145408163264,0.06782126913265306,0.0015146683673469387,0.0,0.9241470025510204,1.9365878800209315,0.7256645089405369,0.20591427483176022,0.9658124653057821
train/olive_peacock_spot/IMG_20190806_152525.jpg,olive_peacock_spot,2,train/olive_peacock_spot/IMG_20190806_152525.jpg,0.0029296875,0.05662069515306122,0.0010562818877551021,0.0,0.9355269451530612,1.766398774497727,0.7623656716116777,0.26335292027292373,0.9591695582895217
train/olive_peacock_spot/IMG_20190806_152529.jpg,olive_peacock_spot,2,train/olive_peacock_spot/IMG_20190806_152529.jpg,0.0013352997448979591,0.07150829081632654,0.0010762117346938774,0.0,0.9222935267857143,1.8475667636406081,0.7489726441855034,0.2785310041124966,0.9574357416251776
train/olive_peacock_spot/IMG_20190806_152532.jpg,olive_peacock_spot,2,train/olive_peacock_spot/IMG_20190806_152532.jpg,0.0011957908163265306,0.06503109056122448,0.0008569834183673469,0.0,0.9297672193877551,1.5586099306918366,0.7737424784631874,0.2572443422680201,0.9652789591230891
train/olive_peacock_spot/IMG_20190806_152811.jpg,olive_peacock_spot,2,train/olive_peacock_spot/IMG_20190806_152811.jpg,0.02788011550333566,0.05030867270735836,9.957184108334163e-05,0.01767400179229314,0.8931843074778453,3.1934666782373675,0.7612415923203922,0.185336671958642,0.984260115095114
train/olive_peacock_spot/IMG_20190806_152815.jpg,olive_peacock_spot,2,train/olive_peacock_spot/IMG_20190806_152815.jpg,0.023852275498215513,0.03746314646095188,2.2167542284586908e-05,0.01341136308217508,0.9136352552592494,3.6219945808609877,0.7503070220392647,0.1945133425219489,0.9804558273724319
train/olive_peacock_spot/IMG_20190806_152818.jpg,olive_peacock_spot,2,train/olive_peacock_spot/IMG_20190806_152818.jpg,0.028295237136240055,0.03239854999496526,0.0,0.0019383747860235625,0.9149884200986809,3.3550652970743378,0.7792173008431237,0.2159461238242768,0.9801616162591137
train/olive_peacock_spot/IMG_20190806_152822.jpg,olive_peacock_spot,2,train/olive_peacock_spot/IMG_20190806_152822.jpg,0.03302021064617136,0.03351836037574722,9.48856627763545e-05,0.00965461618749407,0.901769617610779,3.175329288968098,0.7957054710714561,0.20339080848466076,0.9818364744592032
train/olive_peacock_spot/IMG_20190806_152826.jpg,olive_peacock_spot,2,train/olive_peacock_spot/IMG_20190806_152826.jpg,0.032754885857792376,0.032754885857792376,0.00028565307434121257,0.03787283677307244,0.9029017591468494,3.1794710025696893,0.7716940538245124,0.152274888695194,0.9848359988594191
train/olive_peacock_spot/IMG_20190806_153226.jpg,olive_peacock_spot,2,train/olive_peacock_spot/IMG_20190806_153226.jpg,0.00021923268560039861,0.0002391629297458894,0.0,0.0006776283009466866,0.9787144992526159,3.026152459302111,0.7792220966694928,0.21942802555016347,0.9788979461185191
train/olive_peacock_spot/IMG_20190806_153231.jpg,olive_peacock_spot,2,train/olive_peacock_spot/IMG_20190806_153231.jpg,0.001232361821430772,0.00024647236428615443,0.0002875510916671801,0.0,0.9599071620761189,3.4097384167533944,0.7786481011534063,0.2559736653752273,0.9793778360595691
train/olive_peacock_spot/IMG_20190806_153234.jpg,olive_peacock_spot,2,train/olive_peacock_spot/IMG_20190806_153234.jpg,5.0464271295922484e-05,0.00010092854259184497,0.00042894630601534114,0.0,0.9919004844570044,2.9820794704998326,0.7540901725275736,0.20476941925588274,0.984770807221858
train/olive_peacock_spot/IMG_20190806_154020.jpg,olive_peacock_spot,2,train/olive_peacock_spot/IMG_20190806_154020.jpg,0.043666294642857144,0.012934470663265306,0.0005381058673469387,7.971938775510203e-05,0.9250837053571429,3.0470915653688246,0.7710151048277812,0.3387611954154574,0.9691529988063602
train/olive_peacock_spot/IMG_20190806_154023.jpg,olive_peacock_spot,2,train/olive_peacock_spot/IMG_20190806_154023.jpg,0.04189931453992465,0.013958872395478687,0.000295065595351582,0.0,0.9257569567388443,2.4492181045840264,0.7628099607210874,0.19578158958435157,0.9777676955855783
train/olive_peacock_spot/IMG_20190806_161721.jpg,olive_peacock_spot,2,train/olive_peacock_spot/IMG_20190806_161721.jpg,0.14749049225989608,0.008516792543789169,0.0,0.0009106004606567037,0.7873480100701697,3.129753613242478,0.6768170355396933,0.15974925880299332,0.982021727184126
train/olive_peacock_spot/IMG_20190806_161816.jpg,olive_peacock_spot,2,train/olive_peacock_spot/IMG_20190806_161816.jpg,0.15899910822011226,0.03538267848712165,0.0,0.09481718512301317,0.7538949798038084,5.6849609335368765,0.7219684593375245,0.15436097962887013,0.9847785781203899
train/olive_peacock_spot/IMG_20190806_161831.jpg,olive_peacock_spot,2,train/olive_peacock_spot/IMG_20190806_161831.jpg,0.11965323425740688,0.013789654186910546,4.763265694960465e-05,0.000881204153567686,0.845050966942936,3.16809702925669,0.7520689007681431,0.22804826385928795,0.9818534945061888
train/olive_peacock_spot/IMG_20190806_161838.jpg,olive_peacock_spot,2,train/olive_peacock_spot/IMG_20190806_161838.jpg,0.16567286043001708,0.057822203528218326,0.0002969047677957295,0.007274166810995374,0.7394413241952643,4.1160447740237975,0.6769912367465464,0.15792719359092033,0.9837134653423822
train/olive_peacock_spot/IMG_20190806_161941.jpg,olive_peacock_spot,2,train/olive_peacock_spot/IMG_20190806_161941.jpg,0.09334573433668725,0.0738987063498774,0.002311096079591894,0.023674642766551113,0.7656774048082072,4.041777391363572,0.6987333140932479,0.13182837324188684,0.9832490974008887
train/olive_peacock_spot/IMG_20190806_162031.jpg,olive_peacock_spot,2,train/olive_peacock_spot/IMG_20190806_162031.jpg,0.07184709821428571,0.001295440051020408,0.0,0.0008569834183673469,0.8993144132653061,3.42522844555208,0.7418943674070355,0.25316070989111633,0.9734220645830283
train/olive_peacock_spot/IMG_20190806_162522.jpg,olive_peacock_spot,2,train/olive_peacock_spot/IMG_20190806_162522.jpg,0.10058384003388088,0.010103760171824424,0.0,0.0005142632422784887,0.8173155458753063,4.82111983612867,0.6759814691351879,0.1879046853252611,0.9771961568149838
train/olive_peacock_spot/IMG_20190806_162544.jpg,olive_peacock_spot,2,train/olive_peacock_spot/IMG_20190806_162544.jpg,0.12935493923340605,0.20140230601433468,0.0007790588968526021,0.0,0.645216578373325,2.2669703639475847,0.7325111494271805,0.1980058139696408,0.9878300227433456
train/olive_peacock_spot/IMG_20190806_162551.jpg,olive_peacock_spot,2,train/olive_peacock_spot/IMG_20190806_162551.jpg,0.0475951198922678,0.09486865113661488,0.00010049645247522762,0.0,0.8553052077261672,2.1331112709830435,0.7590085643553153,0.21605079164176394,0.979935042476298
train/olive_peacock_spot/IMG_20190806_162600.jpg,olive_peacock_spot,2,train/olive_peacock_spot/IMG_20190806_162600.jpg,0.05332145584118096,0.21356579282260116,0.0015525579027742427,0.0,0.7282769152456096,2.8886588591110804,0.7083381701460221,0.16272045606470634,0.9798992257799265
train/olive_peacock_spot/IMG_20190806_162608.jpg,olive_peacock_spot,2,train/olive_peacock_spot/IMG_20190806_162608.jpg,0.0835572681640724,0.21360847741215838,0.013461440957258024,0.0,0.6671652385539725,2.0877016596566227,0.7182677693482611,0.14138652159272608,0.9850282451244656
train/olive_peacock_spot/IMG_20190806_162621.jpg,olive_peacock_spot,2,train/olive_peacock_spot/IMG_20190806_162621.jpg,0.027552600418981693,0.19842426450496403,0.013776300209490847,0.0,0.7523453866472356,1.782085689139406,0.7408869324591464,0.1913938945788653,0.9873611166402445
train/olive_peacock_spot/IMG_20190806_162629.jpg,olive_peacock_spot,2,train/olive_peacock_spot/IMG_20190806_162629.jpg,0.017757009345794394,0.11183092608326253,0.009388275276125744,0.0,0.8523364485981308,2.187516826107818,0.7479785185530867,0.19923242934851962,0.9797238753242375
train/olive_peacock_spot/IMG_20190806_162636.jpg,olive_peacock_spot,2,train/olive_peacock_spot/IMG_20190806_162636.jpg,0.014020750711052358,0.08546649040580058,0.013179505668389217,0.0,0.8559868605536194,1.7338975733446214,0.7567434499723193,0.2014784897680524,0.9795815161787351
train/olive_peacock_spot/IMG_20190806_162642.jpg,olive_peacock_spot,2,train/olive_peacock_spot/IMG_20190806_162642.jpg,0.02285800787163185,0.22047056788201203,0.00830413909432983,0.0,0.7361057047705549,1.9456457837533114,0.7361899747479492,0.1939599492889066,0.9823232493456857
train/olive_peacock_spot/IMG_20190806_162646.jpg,olive_peacock_spot,2,train/olive_peacock_spot/IMG_20190806_162646.jpg,0.018016751360796994,0.17110892401630948,0.007190632092714966,0.0,0.7941430493904031,2.0738528444320172,0.7218764604496242,0.1897519047904347,0.9785016574476811
train/olive_peacock_spot/IMG_20190806_163940.jpg,olive_peacock_spot,2,train/olive_peacock_spot/IMG_20190806_163940.jpg,0.05079191698525396,0.043881023400411716,2.1005755577028105e-05,0.0003360920892324497,0.8890475990421376,2.9009101678788154,0.7840910658836591,0.19255828140011702,0.9776931543572719
train/olive_peacock_spot/IMG_20190806_163943.jpg,olive_peacock_spot,2,train/olive_peacock_spot/IMG_20190806_163943.jpg,0.03714388748647674,0.04819583801786131,4.242591374811735e-05,0.0002333425256146454,0.9050508050317134,3.2264792526617505,0.8048408284256826,0.24350937569028588,0.9711693954743832
train/olive_peacock_spot/IMG_20190806_163948.jpg,olive_peacock_spot,2,train/olive_peacock_spot/IMG_20190806_163948.jpg,0.043421683446339294,0.035225897769559165,0.0,0.0010729858685478164,0.9152569458712874,2.5434265084526273,0.8170243396046887,0.1753789291622992,0.9782683539197286
train/olive_peacock_spot/IMG_20190806_163952.jpg,olive_peacock_spot,2,train/olive_peacock_spot/IMG_20190806_163952.jpg,0.04605809128630706,0.04778699861687413,9.220839096357768e-05,0.010396496081143384,0.8973029045643154,2.745853372178443,0.7939696379246846,0.15776414284893803,0.9822848278331919
train/olive_peacock_spot/IMG_20190806_163956.jpg,olive_peacock_spot,2,train/olive_peacock_spot/IMG_20190806_163956.jpg,0.03047006221759599,0.07248468216980909,0.002957110075465449,0.033285231009439094,0.885406070355563,2.2025056271214742,0.7749594677417245,0.13376070427037737,0.9880066399457108
train/olive_peacock_spot/IMG_20190806_164358.jpg,olive_peacock_spot,2,train/olive_peacock_spot/IMG_20190806_164358.jpg,0.08137589506792478,0.008655111646478841,2.2306988779584644e-05,0.03731959222824511,0.8761292913069665,5.07117491162553,0.7653995925067412,0.15928450264291874,0.9802165170929495
train/olive_peacock_spot/IMG_20190806_164402.jpg,olive_peacock_spot,2,train/olive_peacock_spot/IMG_20190806_164402.jpg,0.11492383461230099,0.010880769671286221,0.0,0.07256900698659947,0.8523193219562478,6.58498502453754,0.7705167732012473,0.1633927811349598,0.9757908986339519
train/olive_peacock_spot/IMG_20190806_164405.jpg,olive_peacock_spot,2,train/olive_peacock_spot/IMG_20190806_164405.jpg,0.08030878859857482,0.0067220902612826604,0.0,0.04185273159144893,0.8987410926365795,4.8777749943112445,0.8029900345545179,0.16187375635225587,0.9760595894258761
train/olive_peacock_spot/IMG_20190806_164409.jpg,olive_peacock_spot,2,train/olive_peacock_spot/IMG_20190806_164409.jpg,0.08992961435958179,0.008655839274731783,4.5557048814377803e-05,0.06270927769299105,0.881346666362953,5.882462888354667,0.7756212087176457,0.15765988268241804,0.9755453824112077
train/olive_peacock_spot/IMG_20190806_164413.jpg,olive_peacock_spot,2,train/olive_peacock_spot/IMG_20190806_164413.jpg,0.06630154788702977,0.014782669234875033,0.006033742544846952,0.07839223967881924,0.8934348239771646,5.535931462529772,0.7468151824802924,0.14053494084313872,0.9801821683060592
train/olive_peacock_spot/IMG_20190806_164947.jpg,olive_peacock_spot,2,train/olive_peacock_spot/IMG_20190806_164947.jpg,0.008907524459186016,0.042409829567974636,0.01952562738594405,0.0014185284853036276,0.9233577403675658,2.3488791774039806,0.8236788986934724,0.2057442149207076,0.9769906028993223
train/olive_peacock_spot/IMG_20190806_165745.jpg,olive_peacock_spot,2,train/olive_peacock_spot/IMG_20190806_165745.jpg,0.06993982733060085,0.00017441353449027645,0.0005668439870933985,0.0,0.9118775616987879,2.32573632678322,0.8194640285370447,0.18922090961456528,0.981565660189107
train/olive_peacock_spot/IMG_20190806_165748.jpg,olive_peacock_spot,2,train/olive_peacock_spot/IMG_20190806_165748.jpg,0.06656908005855197,0.008354914987051008,0.0005404796757121946,0.00015763990541605674,0.9086138948316631,2.9224395691356895,0.8192262334120064,0.1910361510292018,0.9771566001079104
train/olive_peacock_spot/IMG_20190806_165752.jpg,olive_peacock_spot,2,train/olive_peacock_spot/IMG_20190806_165752.jpg,0.05365930034893084,0.013062539142882705,0.0004473472309206406,0.0004920819540127047,0.9264113805135546,2.7165535928065427,0.8175257213592814,0.16568943211179105,0.977722008691685
train/olive_peacock_spot/IMG_20190806_165756.jpg,olive_peacock_spot,2,train/olive_peacock_spot/IMG_20190806_165756.jpg,0.03010327400571303,0.032784003515710834,0.025335091188749725,0.014304548450889914,0.9025269171610635,2.627214931764349,0.769657130319438,0.1628723143671069,0.9811610683092616
train/olive_peacock_spot/IMG_20190806_165758.jpg,olive_peacock_spot,2,train/olive_peacock_spot/IMG_20190806_165758.jpg,0.040134044012876666,0.03348461660245923,0.030502928914454587,0.01643886220908755,0.8832656076837828,2.6684775755766243,0.770564830899131,0.17245715595765843,0.9810143948284719
train/olive_peacock_spot/IMG_20190806_165957.jpg,olive_peacock_spot,2,train/olive_peacock_spot/IMG_20190806_165957.jpg,0.026503052601787085,0.0774269195002628,0.0036186471515788623,4.04318117494845e-05,0.8845267456434723,2.143035504129217,0.8020477305333922,0.1997439092957398,0.9795994192127585
train/olive_peacock_spot/IMG_20190806_170000.jpg,olive_peacock_spot,2,train/olive_peacock_spot/IMG_20190806_170000.jpg,0.02687237140084115,0.07871643481074087,0.003680038822387577,6.065998058880621e-05,0.8847258168877385,2.4852270170313835,0.8007738887052493,0.2148243647703161,0.9755051635276811
train/olive_peacock_spot/IMG_20190806_170003.jpg,olive_peacock_spot,2,train/olive_peacock_spot/IMG_20190806_170003.jpg,0.021223364783207885,0.0625887840559737,0.0039011979221880632,0.0001060108131029365,0.9065408671684512,2.1522076578130465,0.8303926399506965,0.1795725685150248,0.9793667854918849
train/olive_peacock_spot/IMG_20190806_170006.jpg,olive_peacock_spot,2,train/olive_peacock_spot/IMG_20190806_170006.jpg,0.02026712583767684,0.05475148920327625,0.024641660461653017,0.0003257632166790767,0.8775828369322413,2.76043941097479,0.7671236408611172,0.13742357329585253,0.9796303010685352
train/olive_peacock_spot/IMG_20190806_170009.jpg,olive_peacock_spot,2,train/olive_peacock_spot/IMG_20190806_170009.jpg,0.016891891891891893,0.05442428730099963,0.027952610144390967,2.3139577934098483e-05,0.8871945575712699,2.8534334137242423,0.7559491786254168,0.16671512571418381,0.971290453902111
train/olive_peacock_spot/IMG_20190806_170111.jpg,olive_peacock_spot,2,train/olive_peacock_spot/IMG_20190806_170111.jpg,0.1367985728186831,0.05114066385555195,0.00018920964428586874,0.0007027786787760839,0.7911395826575846,2.934682045895289,0.7546370082265819,0.1742288399878011,0.9851635468299633
train/olive_peacock_spot/IMG_20190806_170114.jpg,olive_peacock_spot,2,train/olive_peacock_spot/IMG_20190806_170114.jpg,0.10378974015337651,0.04355595264686174,7.445461990916536e-05,0.00037227309954582683,0.8377633832179286,3.111285091606505,0.7735873565546822,0.20673855435713512,0.9814903642555757
train/olive_peacock_spot/IMG_20190806_170119.jpg,olive_peacock_spot,2,train/olive_peacock_spot/IMG_20190806_170119.jpg,0.08850075401201918,0.02948524612302775,2.2507821467960115e-05,0.0003376173220194017,0.8710301829885886,2.7321973664854076,0.802141515182478,0.21190842697731097,0.9810837017652023
train/olive_peacock_spot/IMG_20190806_170122.jpg,olive_peacock_spot,2,train/olive_peacock_spot/IMG_20190806_170122.jpg,0.07897381079636558,0.053361838588989845,0.0002993051843933725,0.00019241047568145376,0.8565045430251202,2.656671332080616,0.7826633490705448,0.20906242106810605,0.9835801711804085
train/olive_peacock_spot/IMG_20190806_170128.jpg,olive_peacock_spot,2,train/olive_peacock_spot/IMG_20190806_170128.jpg,0.08337129840546698,0.09703872437357632,0.009303440834432321,0.06004076249850138,0.8062102865363865,2.3771926479284184,0.7395005570844222,0.13602861635848337,0.9905572014970929
train/olive_peacock_spot/IMG_20190806_170149.jpg,olive_peacock_spot,2,train/olive_peacock_spot/IMG_20190806_170149.jpg,0.09146824472298588,0.0020269325753692743,0.0,0.0016075672149480453,0.8381482689529844,3.598667707424445,0.7778163031933387,0.17767186641247396,0.9838082683540524
train/olive_peacock_spot/IMG_20190806_170152.jpg,olive_peacock_spot,2,train/olive_peacock_spot/IMG_20190806_170152.jpg,0.10461867392307879,0.00896523239145752,0.0,0.0031098909108578927,0.8283728953570301,4.2046654833889505,0.791772479036761,0.19725305475275517,0.9810829857396037
train/olive_peacock_spot/IMG_20190806_170157.jpg,olive_peacock_spot,2,train/olive_peacock_spot/IMG_20190806_170157.jpg,0.08528436370836015,0.019031826956392616,0.00042072959461466117,0.010740979062515468,0.838885314062268,3.5405169958635216,0.8054277628800797,0.18069374641744876,0.9784740801918088
train/olive_peacock_spot/IMG_20190806_170201.jpg,olive_peacock_spot,2,train/olive_peacock_spot/IMG_20190806_170201.jpg,0.08645236703682058,0.021367621274108708,0.0055406195207481,0.07146697837521918,0.853489187609585,3.225907187642189,0.7748425934066774,0.14959728340587736,0.9869558963802035
train/olive_peacock_spot/IMG_20190806_170204.jpg,olive_peacock_spot,2,train/olive_peacock_spot/IMG_20190806_170204.jpg,0.05360448066152256,0.030792529025744572,0.018220715848176725,0.059085118146198407,0.8645224874402058,2.5491582552734604,0.7773183498034514,0.16533130903128215,0.9885020628719091
train/olive_peacock_spot/IMG_20190806_170225.jpg,olive_peacock_spot,2,train/olive_peacock_spot/IMG_20190806_170225.jpg,0.12081081081081081,0.02076167076167076,2.457002457002457e-05,0.003832923832923833,0.8099508599508599,4.667001271446803,0.7886156955693288,0.19110523445384464,0.9796605116902013
train/olive_peacock_spot/IMG_20190806_170228.jpg,olive_peacock_spot,2,train/olive_peacock_spot/IMG_20190806_170228.jpg,0.12184674989238055,0.015669393026259148,0.0,0.0030994403788204908,0.8312311665949204,4.996185070699563,0.8105241525522978,0.23452052248067226,0.9781883422110654
train/olive_peacock_spot/IMG_20190806_170234.jpg,olive_peacock_spot,2,train/olive_peacock_spot/IMG_20190806_170234.jpg,0.0845636025998143,0.006685236768802228,0.0,0.0008356545961002785,0.8740018570102136,3.5814169838338628,0.8243625830183646,0.19042067477975344,0.9752924476659229
train/olive_peacock_spot/IMG_20190806_170245.jpg,olive_peacock_spot,2,train/olive_peacock_spot/IMG_20190806_170245.jpg,0.05515399120050283,0.0384529047319745,0.001257071024512885,0.005364999551046063,0.8854494028912634,2.1403103087561393,0.8182432840912648,0.19391517138531028,0.9850935528027296
train/olive_peacock_spot/IMG_20190806_170248.jpg,olive_peacock_spot,2,train/olive_peacock_spot/IMG_20190806_170248.jpg,0.05578662441407539,0.03422019761889043,0.0010783213397592482,0.009286767456702098,0.8924979643933892,2.508688227576309,0.8125250293778086,0.21267701437986747,0.9819602675957355
train/olive_peacock_spot/IMG_20190806_170251.jpg,olive_peacock_spot,2,train/olive_peacock_spot/IMG_20190806_170251.jpg,0.043875776397515526,0.03190062111801242,0.001565217391304348,0.009167701863354038,0.8994534161490684,2.42113689322744,0.8224436449427662,0.16284222318661604,0.9838847455670999
train/olive_peacock_spot/IMG_20190806_170254.jpg,olive_peacock_spot,2,train/olive_peacock_spot/IMG_20190806_170254.jpg,0.04144618640939184,0.02884497058895917,0.006669784154955576,0.006891289901799119,0.9056877753439492,2.444945473446346,0.8124592445421984,0.15755865181434553,0.9835523990924967
train/olive_peacock_spot/IMG_20190806_170258.jpg,olive_peacock_spot,2,train/olive_peacock_spot/IMG_20190806_170258.jpg,0.04844256896846111,0.044003219747786426,0.03105105251603776,0.013830280264409592,0.8633070712491158,2.7327835853641034,0.7703112154348026,0.13191379623125415,0.9853240404291024
train/olive_peacock_spot/IMG_20190806_170329.jpg,olive_peacock_spot,2,train/olive_peacock_spot/IMG_20190806_170329.jpg,0.1412284353175154,0.055825354978955646,6.937699458859442e-05,0.012164099717866889,0.7970029138337728,3.706292022241777,0.7773142653075482,0.1741567999683052,0.9842935791132214
train/olive_peacock_spot/IMG_20190806_170332.jpg,olive_peacock_spot,2,train/olive_peacock_spot/IMG_20190806_170332.jpg,0.12585231394167998,0.05493495817012428,7.253735673872045e-05,0.002466270129116495,0.7800667343681996,4.407063156195527,0.7398491470105837,0.1454995893695674,0.9776287588872643
train/olive_peacock_spot/IMG_20190806_170336.jpg,olive_peacock_spot,2,train/olive_peacock_spot/IMG_20190806_170336.jpg,0.05727798213347346,0.05911718339464004,7.165719199350308e-05,0.027707447570821192,0.8786843739549993,4.16967299920137,0.7963351268579446,0.1482689233448258,0.9787033225783305
train/olive_peacock_spot/IMG_20190806_170340.jpg,olive_peacock_spot,2,train/olive_peacock_spot/IMG_20190806_170340.jpg,0.07734861948984956,0.057247991188765675,0.0011765000375478735,0.06252972539988486,0.8613482189791984,6.064385565799229,0.7654790294077847,0.1429248253622563,0.9756635136852762
train/olive_peacock_spot/IMG_20190806_170420.jpg,olive_peacock_spot,2,train/olive_peacock_spot/IMG_20190806_170420.jpg,0.05942401154523653,2.1222861266155902e-05,0.0,0.006388081241112927,0.919692692968866,3.2121495912093767,0.7974371918630763,0.18135450714774592,0.9801312729768219
train/olive_peacock_spot/IMG_20190806_170423.jpg,olive_peacock_spot,2,train/olive_peacock_spot/IMG_20190806_170423.jpg,0.06308379277349979,4.556431402925229e-05,0.0,0.0008429398095411674,0.9214243404565544,3.727775361179323,0.8225146533094605,0.20833619112425547,0.9744147080074603
train/olive_peacock_spot/IMG_20190806_170425.jpg,olive_peacock_spot,2,train/olive_peacock_spot/IMG_20190806_170425.jpg,0.05253247975899077,2.0920939768614405e-05,0.0,0.0071758823406347415,0.934517458524237,3.4913105721764177,0.8230400833782074,0.19067088965848356,0.9737081081556938
train/olive_peacock_spot/IMG_20190806_170428.jpg,olive_peacock_spot,2,train/olive_peacock_spot/IMG_20190806_170428.jpg,0.05126769396165562,0.0010974735710446157,0.0,0.019306575882458342,0.940378068446515,2.907071172941386,0.8129378857166112,0.17738628298268994,0.9797918383829884
train/olive_peacock_spot/IMG_20190806_170431.jpg,olive_peacock_spot,2,train/olive_peacock_spot/IMG_20190806_170431.jpg,0.047033948079407965,0.0019264654058498767,0.004933630917420416,0.024033830612005168,0.9338423587454482,2.2027361425339205,0.8113133382591744,0.1695233561850659,0.9868949682336385
train/olive_peacock_spot/IMG_20190806_170444.jpg,olive_peacock_spot,2,train/olive_peacock_spot/IMG_20190806_170444.jpg,0.05446531006581728,0.042207596159652194,0.0003220417446611517,2.0127609041321982e-05,0.8921361431475555,2.4090356153672285,0.7904476612027477,0.20128034827058733,0.9788731949391849
train/olive_peacock_spot/IMG_20190806_170448.jpg,olive_peacock_spot,2,train/olive_peacock_spot/IMG_20190806_170448.jpg,0.051279496173469385,0.03665098852040816,0.0001793686224489796,0.0,0.9091796875,2.780746779351628,0.8086225540425911,0.23755399182932177,0.9713305338013777
train/olive_peacock_spot/IMG_20190806_170452.jpg,olive_peacock_spot,2,train/olive_peacock_spot/IMG_20190806_170452.jpg,0.03916438242378935,0.03374449705125011,0.00010382922169615416,0.0,0.9232702051665421,2.367176063681772,0.830777838773104,0.23122286605839037,0.9731483761191818
train/olive_peacock_spot/IMG_20190806_170455.jpg,olive_peacock_spot,2,train/olive_peacock_spot/IMG_20190806_170455.jpg,0.0370306874678553,0.03411623521344077,0.0012214983713355048,0.0015858049031373222,0.9229598834219098,1.9880098016267427,0.822341874902087,0.1882209822967579,0.9828831985666353
train/olive_peacock_spot/IMG_20190806_170458.jpg,olive_peacock_spot,2,train/olive_peacock_spot/IMG_20190806_170458.jpg,0.028561329091551783,0.03876517026039825,0.007988688582538,0.004995876045716979,0.9160834217037822,1.5780570388296633,0.7990365576578864,0.16003506827351976,0.9907243150223322
train/olive_peacock_spot/IMG_20190806_170511.jpg,olive_peacock_spot,2,train/olive_peacock_spot/IMG_20190806_170511.jpg,0.018910166713309078,0.05583096789669372,0.0015591892216047655,7.995842162075721e-05,0.9214608403630112,1.6763038444508558,0.8103320400346421,0.20588259476511078,0.975487754582993
train/olive_peacock_spot/IMG_20190806_170514.jpg,olive_peacock_spot,2,train/olive_peacock_spot/IMG_20190806_170514.jpg,0.01823653685175589,0.053792801052337864,0.0003986128273607845,7.97225654721569e-05,0.9254394706421653,1.7343058159362423,0.8213939302671897,0.24828313963707865,0.9700208429545625
train/olive_peacock_spot/IMG_20190806_170519.jpg,olive_peacock_spot,2,train/olive_peacock_spot/IMG_20190806_170519.jpg,0.013633390564957893,0.043659553593328425,0.0004292371842040716,8.17594636579184e-05,0.9408265881775816,1.4793528257715676,0.8407888139478824,0.20180761950869802,0.976303354801441
train/olive_peacock_spot/IMG_20190806_170522.jpg,olive_peacock_spot,2,train/olive_peacock_spot/IMG_20190806_170522.jpg,0.011389935109134637,0.05576984162998593,0.0014521032808458502,0.0007941189817125743,0.9288923174660798,1.8257676237966576,0.8044839293345571,0.17562415022894423,0.9855047034776317
train/olive_peacock_spot/IMG_20190806_170526.jpg,olive_peacock_spot,2,train/olive_peacock_spot/IMG_20190806_170526.jpg,0.009464705036660756,0.06740307662816888,0.010135620836727848,0.0012220252072650596,0.9114630756697177,2.058592130798492,0.7787107337598183,0.1569891009110456,0.9852868507319225
train/olive_peacock_spot/IMG_20190806_170539.jpg,olive_peacock_spot,2,train/olive_peacock_spot/IMG_20190806_170539.jpg,0.06909272183449651,0.04490528414755733,0.0016350947158524428,0.0015154536390827517,0.8798005982053838,2.2468572318113225,0.7947041216315538,0.20533182996505644,0.9840555991171672
train/olive_peacock_spot/IMG_20190806_170542.jpg,olive_peacock_spot,2,train/olive_peacock_spot/IMG_20190806_170542.jpg,0.06936935139556691,0.04205654090936297,0.0016359755002693375,0.00043892025616982226,0.8818905492488478,2.590303433377501,0.7925975243334553,0.239142324587461,0.980047842894731
train/olive_peacock_spot/IMG_20190806_170545.jpg,olive_peacock_spot,2,train/olive_peacock_spot/IMG_20190806_170545.jpg,0.057667783421593,0.03514535826218524,0.0008213552361396304,0.0013184913001188805,0.90286393602075,2.2505400659746537,0.8259021229052117,0.20231254188061756,0.9818856941872607
train/olive_peacock_spot/IMG_20190806_170548.jpg,olive_peacock_spot,2,train/olive_peacock_spot/IMG_20190806_170548.jpg,0.04621414824203164,0.030582547059099657,0.005022766746467634,0.0003755339623527203,0.908205417077407,2.2238621021882214,0.800253888874012,0.1849127333587122,0.9828884584641456
train/olive_peacock_spot/IMG_20190806_170551.jpg,olive_peacock_spot,2,train/olive_peacock_spot/IMG_20190806_170551.jpg,0.03920333963012197,0.02943165652184053,0.019753259171156043,0.0009095361365703492,0.9085799575549803,2.2576205283769086,0.7769454605463559,0.1655533797354253,0.9831386692635531
train/olive_peacock_spot/IMG_20190806_170603.jpg,olive_peacock_spot,2,train/olive_peacock_spot/IMG_20190806_170603.jpg,0.028374478999679386,0.060977075985892915,0.0003606925296569413,0.00020038473869830073,0.9080033664636101,2.0396220190387315,0.8128274820808394,0.20673862752715552,0.9759232311679511
train/olive_peacock_spot/IMG_20190806_170606.jpg,olive_peacock_spot,2,train/olive_peacock_spot/IMG_20190806_170606.jpg,0.02796157525510204,0.039361447704081634,1.992984693877551e-05,0.00023915816326530612,0.9311025191326531,2.224849067774751,0.8373896405377517,0.27223348144525944,0.9639848096556447
train/olive_peacock_spot/IMG_20190806_170609.jpg,olive_peacock_spot,2,train/olive_peacock_spot/IMG_20190806_170609.jpg,0.021586003181095204,0.03257524116419822,0.0001652516989940303,0.0001239387742455227,0.944165582202392,1.9680948461654302,0.8499361909852563,0.23048232180240086,0.9686893400216566
train/olive_peacock_spot/IMG_20190806_170613.jpg,olive_peacock_spot,2,train/olive_peacock_spot/IMG_20190806_170613.jpg,0.00887327432831115,0.047654437763214194,0.0038961331441569264,0.001553949057496115,0.9381122897101547,1.7855966161904429,0.817442237351777,0.20549676099899616,0.9814302669762967
train/olive_peacock_spot/IMG_20190806_170621.jpg,olive_peacock_spot,2,train/olive_peacock_spot/IMG_20190806_170621.jpg,0.044689649072374674,0.011542799018198704,0.0,0.000508590761338257,0.9009353647480265,3.2513045781869208,0.805881600500016,0.215776076464791,0.982606582451055
train/olive_peacock_spot/IMG_20190806_170624.jpg,olive_peacock_spot,2,train/olive_peacock_spot/IMG_20190806_170624.jpg,0.05126530268231526,0.013169261889209633,2.1070819022735415e-05,0.0007164078467730041,0.8929391685454814,3.933914567034138,0.809618491984788,0.2554237532002145,0.9791633263821836
train/olive_peacock_spot/IMG_20190806_170628.jpg,olive_peacock_spot,2,train/olive_peacock_spot/IMG_20190806_170628.jpg,0.051955380007812836,0.01473588263379487,0.0003906419549459612,0.005078345414297495,0.9019922739702244,3.353232043938628,0.821098478798653,0.1997509325968244,0.9792252798115277
train/olive_peacock_spot/IMG_20190806_170631.jpg,olive_peacock_spot,2,train/olive_peacock_spot/IMG_20190806_170631.jpg,0.033940758783923525,0.027667348392582208,0.0031481949582921618,0.033366270652848314,0.9087942643104994,2.7311015860293577,0.8022323512428577,0.15916935631476387,0.9857450485454898
train/olive_peacock_spot/IMG_20190806_170631_1.jpg,olive_peacock_spot,2,train/olive_peacock_spot/IMG_20190806_170631_1.jpg,0.032039490534845276,0.02819754581228025,0.0030269867511118357,0.030945118401750994,0.9085617156029525,2.7049077748122152,0.802891095057797,0.16091211589682364,0.9858729650588818
train/olive_peacock_spot/IMG_20190806_170634.jpg,olive_peacock_spot,2,train/olive_peacock_spot/IMG_20190806_170634.jpg,0.02874776243020118,0.05233909535386999,0.014934943493013438,0.027972962141654865,0.8870928958828715,2.469856718558394,0.7909475518341053,0.17323880945530934,0.9878895999931319
train/olive_peacock_spot/IMG_20190806_170652.jpg,olive_peacock_spot,2,train/olive_peacock_spot/IMG_20190806_170652.jpg,0.08755639173797819,0.01543565778560013,0.0,0.0008901296757095749,0.8916874026420667,2.57577980743868,0.8058134751221657,0.2114226295723477,0.9833258426524636
train/olive_peacock_spot/IMG_20190806_170654.jpg,olive_peacock_spot,2,train/olive_peacock_spot/IMG_20190806_170654.jpg,0.07864675744103986,0.019895935089013377,0.0,0.00021929387372660034,0.8971910448356293,3.0087193434203727,0.8153091350486937,0.2555192376216473,0.9788355900370992
train/olive_peacock_spot/IMG_20190806_170657.jpg,olive_peacock_spot,2,train/olive_peacock_spot/IMG_20190806_170657.jpg,0.07428691275167786,0.01566694630872483,2.0973154362416106e-05,0.000587248322147651,0.9066694630872483,2.81089418239701,0.8282861802599312,0.21612648922638564,0.9792608392082699
train/olive_peacock_spot/IMG_20190806_170703.jpg,olive_peacock_spot,2,train/olive_peacock_spot/IMG_20190806_170703.jpg,0.07801808541066203,0.023805856856834832,0.0010780840905590637,0.002926228245803173,0.890585465666322,2.7031834950692746,0.8075918862719503,0.18577394434302474,0.9838186577101662
train/olive_peacock_spot/IMG_20190806_170709.jpg,olive_peacock_spot,2,train/olive_peacock_spot/IMG_20190806_170709.jpg,0.07954896509113377,0.02948055960104153,0.0038616002471424157,0.046846727569619134,0.8822542918928461,2.3346038667709013,0.7843922752213011,0.17536909772968576,0.987811023679833
train/olive_peacock_spot/IMG_20190806_170720.jpg,olive_peacock_spot,2,train/olive_peacock_spot/IMG_20190806_170720.jpg,0.01082353913205131,0.0835312829198769,0.0003924565715820131,0.0,0.9026914258566914,1.2634587122189354,0.8292139638629852,0.2008397384241013,0.98179777559111
train/olive_peacock_spot/IMG_20190806_170724.jpg,olive_peacock_spot,2,train/olive_peacock_spot/IMG_20190806_170724.jpg,0.006683036190882887,0.08442404184904452,0.00032027329988256647,0.0,0.9063947902209886,1.709807976743651,0.8215844500273985,0.22645397281740867,0.9737797494803253
train/olive_peacock_spot/IMG_20190806_170729.jpg,olive_peacock_spot,2,train/olive_peacock_spot/IMG_20190806_170729.jpg,0.003808056821342233,0.06711165308174485,8.557431059196029e-05,0.0,0.9274971653509616,1.5802073384113815,0.8370231380086617,0.2004116444514885,0.9804338958765306
train/olive_peacock_spot/IMG_20190806_170733.jpg,olive_peacock_spot,2,train/olive_peacock_spot/IMG_20190806_170733.jpg,0.0018076148636280431,0.06177924217462932,0.0005033864177192019,0.00018304960644334616,0.9345597656965038,1.843306678483728,0.8411590040471495,0.19463226100722625,0.9846029093305684
train/olive_peacock_spot/IMG_20190806_170736.jpg,olive_peacock_spot,2,train/olive_peacock_spot/IMG_20190806_170736.jpg,0.0002606079272193134,0.08623753227984553,0.0027008457911819753,0.0022507048259849797,0.9093558245871733,2.0595692000066537,0.8144899571295117,0.1668828996012964,0.9884645939790967
train/olive_peacock_spot/IMG_20190806_170818.jpg,olive_peacock_spot,2,train/olive_peacock_spot/IMG_20190806_170818.jpg,0.0,0.07492969482345589,0.02872617435683783,0.0,0.8891365482762212,1.2174233417927378,0.8008209112787641,0.1788335832557817,0.9855760761714909
train/olive_peacock_spot/IMG_20190806_170820.jpg,olive_peacock_spot,2,train/olive_peacock_spot/IMG_20190806_170820.jpg,6.129955046996322e-05,0.08884348181446669,0.016019615856150388,0.0,0.8902738046587658,1.0452577234325937,0.8255848354462703,0.1961569209608407,0.9858635371969369
train/olive_peacock_spot/IMG_20190806_170823.jpg,olive_peacock_spot,2,train/olive_peacock_spot/IMG_20190806_170823.jpg,0.0,0.09110114684832284,0.011942743813055101,0.0,0.8930973527636458,1.3116875231896836,0.809291024516619,0.17933641514896353,0.984600375916318
train/olive_peacock_spot/IMG_20190806_170826.jpg,olive_peacock_spot,2,train/olive_peacock_spot/IMG_20190806_170826.jpg,0.0,0.06397444893416246,0.030462871107454815,0.00024196085073435118,0.895013186866365,1.6111042166090201,0.7956148763506776,0.14894661594074204,0.9875007389171016
train/olive_peacock_spot/IMG_20190806_170830.jpg,olive_peacock_spot,2,train/olive_peacock_spot/IMG_20190806_170830.jpg,0.0,0.07453356182568609,0.02862590813641959,0.0001930921290820883,0.8901064420361565,1.6593876275070105,0.7846420528970168,0.15457009413914077,0.9872058518755308
train/olive_peacock_spot/IMG_20190806_170932.jpg,olive_peacock_spot,2,train/olive_peacock_spot/IMG_20190806_170932.jpg,0.07849764060706542,0.08510819198231519,0.0,2.1255792203375418e-05,0.8328231943204524,1.8772266171905143,0.7824051221952911,0.18801833493130976,0.98545261116476
train/olive_peacock_spot/IMG_20190806_170935.jpg,olive_peacock_spot,2,train/olive_peacock_spot/IMG_20190806_170935.jpg,0.06972495686592915,0.07331777123718665,0.0,2.0298386278290876e-05,0.8528772962549477,2.0660116517286506,0.7920333901361672,0.23221188012452887,0.9809186358604645
train/olive_peacock_spot/IMG_20190806_170938.jpg,olive_peacock_spot,2,train/olive_peacock_spot/IMG_20190806_170938.jpg,0.052727312098048984,0.05476278123037613,0.0,4.330785387930101e-05,0.8906260150278253,1.9200290423603021,0.8130644734637684,0.19663996336070985,0.9823792260520798
train/olive_peacock_spot/IMG_20190806_170942.jpg,olive_peacock_spot,2,train/olive_peacock_spot/IMG_20190806_170942.jpg,0.04158741137817742,0.06233788690990835,0.0,0.0005187618882932734,0.8943238803389244,2.0570774414025554,0.8059561465171976,0.17740958304469948,0.984284088205329
train/olive_peacock_spot/IMG_20190806_170946.jpg,olive_peacock_spot,2,train/olive_peacock_spot/IMG_20190806_170946.jpg,0.030937904427026104,0.10800185578590091,0.003931335921666301,0.0007569653016873001,0.8549800991380363,2.4658285528768062,0.7638150315047969,0.15790797521656638,0.9849899019986756
train/olive_peacock_spot/IMG_20190806_171029.jpg,olive_peacock_spot,2,train/olive_peacock_spot/IMG_20190806_171029.jpg,1.992984693877551e-05,0.06598772321428571,0.00568000637755102,3.985969387755102e-05,0.9080436862244898,1.0570470275899255,0.836384869556751,0.2371106367762715,0.9802236769424701
train/olive_peacock_spot/IMG_20190806_171032.jpg,olive_peacock_spot,2,train/olive_peacock_spot/IMG_20190806_171032.jpg,3.985969387755102e-05,0.056919642857142856,0.00625797193877551,3.985969387755102e-05,0.9255620216836735,1.0658595373730724,0.8435098140998584,0.2498260525414999,0.9724021462282103
train/olive_peacock_spot/IMG_20190806_171034.jpg,olive_peacock_spot,2,train/olive_peacock_spot/IMG_20190806_171034.jpg,0.0,0.042980514170605714,0.005464807834220866,0.0,0.9431779652565867,0.9973906171644249,0.8580823742843975,0.2553868771670209,0.9717136947063815
train/olive_peacock_spot/IMG_20190806_171037.jpg,olive_peacock_spot,2,train/olive_peacock_spot/IMG_20190806_171037.jpg,2.128384130767921e-05,0.056955559339349565,0.018389238889834836,4.256768261535842e-05,0.9162480844542823,1.1906334153185198,0.8309846324242485,0.2148198906113022,0.9811416864048192
train/olive_peacock_spot/IMG_20190806_171040.jpg,olive_peacock_spot,2,train/olive_peacock_spot/IMG_20190806_171040.jpg,0.0,0.05252918287937743,0.03499572933472525,0.0014235550915820442,0.9021305874537344,1.23699817435597,0.8093451005611411,0.1822991815930916,0.9880404722859002
train/olive_peacock_spot/IMG_20190806_171049.jpg,olive_peacock_spot,2,train/olive_peacock_spot/IMG_20190806_171049.jpg,0.040831859135228535,0.04056444645575349,0.013946599744929445,2.0570206113465255e-05,0.9018389764265438,2.6129985238317515,0.8118359736971933,0.20674520759624737,0.9766916083086985
train/olive_peacock_spot/IMG_20190806_171052.jpg,olive_peacock_spot,2,train/olive_peacock_spot/IMG_20190806_171052.jpg,0.044043820247555945,0.0420723156033414,0.013007865693786713,2.0324790146541736e-05,0.8983557244771447,3.312319577926038,0.8015512764457215,0.23292104572087868,0.9683097342713498
train/olive_peacock_spot/IMG_20190806_171055.jpg,olive_peacock_spot,2,train/olive_peacock_spot/IMG_20190806_171055.jpg,0.03502025119666162,0.02818802929264002,0.009430102687886103,0.0005113938550914372,0.9247023687763368,2.7395294278887903,0.8286093522304108,0.2100236513813156,0.9692440137382445
train/olive_peacock_spot/IMG_20190806_171058.jpg,olive_peacock_spot,2,train/olive_peacock_spot/IMG_20190806_171058.jpg,0.042738650513919084,0.03438086996897491,0.012705514868829277,0.00016884405141301366,0.9065659230493236,2.5357711729051844,0.8160825158120641,0.20812011297005534,0.9747393805061156
train/olive_peacock_spot/IMG_20190806_171101.jpg,olive_peacock_spot,2,train/olive_peacock_spot/IMG_20190806_171101.jpg,0.03671252880644352,0.030757295730942113,0.011636662331439524,0.0006616925639446004,0.9183608278002144,1.5459173612097479,0.8183571151804013,0.18626888761895902,0.9867800803332158
train/olive_peacock_spot/IMG_20190806_171110.jpg,olive_peacock_spot,2,train/olive_peacock_spot/IMG_20190806_171110.jpg,0.11630535975528661,0.01287848561422175,0.00024382675001108304,0.0021279425455512702,0.8666046016757547,3.5915492900333454,0.8005510043668057,0.1810193208439816,0.9816512481785782
train/olive_peacock_spot/IMG_20190806_171114.jpg,olive_peacock_spot,2,train/olive_peacock_spot/IMG_20190806_171114.jpg,0.11794475138121548,0.007580110497237569,0.00013259668508287293,0.0037790055248618786,0.8708950276243094,4.5328907380044265,0.7975126978182215,0.20984152503127412,0.9765296581371865
train/olive_peacock_spot/IMG_20190806_171117.jpg,olive_peacock_spot,2,train/olive_peacock_spot/IMG_20190806_171117.jpg,0.09108325449385052,0.004754020813623462,0.0,0.007757805108798486,0.9020340586565753,3.7666056473037344,0.8242871269736489,0.18999518265360268,0.9771815915144677
train/olive_peacock_spot/IMG_20190806_171121.jpg,olive_peacock_spot,2,train/olive_peacock_spot/IMG_20190806_171121.jpg,0.08436747982824518,0.01373094889822111,0.0036804605294200915,0.019794271693483696,0.8850327938470249,3.7573794824932056,0.78945613635093,0.15304400664819384,0.9789961508934008
train/olive_peacock_spot/IMG_20190806_171124.jpg,olive_peacock_spot,2,train/olive_peacock_spot/IMG_20190806_171124.jpg,0.08891539732060928,0.0316801247935401,0.02174710956138741,0.03500642319691687,0.8524041108460267,2.965189749580385,0.7754136102087639,0.16369143724965232,0.985414366014926
train/olive_peacock_spot/IMG_20190806_171132.jpg,olive_peacock_spot,2,train/olive_peacock_spot/IMG_20190806_171132.jpg,0.017390951016842404,0.04638264155543366,0.01013794924930416,0.0,0.9135125251417078,1.827007184815977,0.8310734629910624,0.20418027739429861,0.9760429088321014
train/olive_peacock_spot/IMG_20190806_171135.jpg,olive_peacock_spot,2,train/olive_peacock_spot/IMG_20190806_171135.jpg,0.017820479598142206,0.05338170510494947,0.010504913588614028,0.0,0.905615245081428,2.30592885006711,0.8114300522807373,0.24887568824625414,0.967374237347542
train/olive_peacock_spot/IMG_20190806_171138.jpg,olive_peacock_spot,2,train/olive_peacock_spot/IMG_20190806_171138.jpg,0.019226735649863665,0.03397888554848633,0.010697056561560512,0.0,0.9281502715048126,1.7946829182259223,0.8290973133188864,0.18412516101240914,0.9768199365437795
train/olive_peacock_spot/IMG_20190806_171141.jpg,olive_peacock_spot,2,train/olive_peacock_spot/IMG_20190806_171141.jpg,0.023774080560420314,0.03706217162872154,0.02068739054290718,0.0,0.9154115586690017,1.665469189788699,0.8196727110700299,0.1846011257650397,0.982509670544863
train/olive_peacock_spot/IMG_20190806_171144.jpg,olive_peacock_spot,2,train/olive_peacock_spot/IMG_20190806_171144.jpg,0.013698946590279062,0.03779338384771761,0.03601459988911477,0.0,0.9093513213823693,1.371450823559845,0.7894179908882906,0.1826764297895742,0.9875864885273464
train/olive_peacock_spot/IMG_20190806_171155.jpg,olive_peacock_spot,2,train/olive_peacock_spot/IMG_20190806_171155.jpg,0.07221504717290896,0.00043779961911433136,0.000656699428671497,0.024845128384738305,0.9081496399098132,3.8930700848380133,0.8048078807354423,0.18094203378367496,0.9801130571762422
train/olive_peacock_spot/IMG_20190806_171204.jpg,olive_peacock_spot,2,train/olive_peacock_spot/IMG_20190806_171204.jpg,0.06412514484356895,0.00305909617612978,0.0006720741599073001,0.05371958285052144,0.9226882966396291,4.171948169790471,0.8020840134270852,0.15209673502583773,0.9825049234856252
train/olive_peacock_spot/IMG_20190806_171208.jpg,olive_peacock_spot,2,train/olive_peacock_spot/IMG_20190806_171208.jpg,0.08906103518034243,0.009202151280406572,0.00027137711550796864,0.08054966201213795,0.8894014901070706,4.84140215783618,0.7535320604628817,0.14495934786504155,0.9832691197596085
train/olive_peacock_spot/IMG_20190806_171308.jpg,olive_peacock_spot,2,train/olive_peacock_spot/IMG_20190806_171308.jpg,0.017157868812084393,0.07265413348657745,0.0003694277973893769,8.20950660865282e-05,0.9068015762252689,1.8818217525023158,0.8078559197178965,0.17871521896124748,0.9807083829699305
train/olive_peacock_spot/IMG_20190806_171311.jpg,olive_peacock_spot,2,train/olive_peacock_spot/IMG_20190806_171311.jpg,0.01710083112430989,0.08008291312060271,9.96551930321089e-05,0.0,0.9006437725469875,2.2387414995318657,0.8043635777109315,0.22186655116192727,0.9728625898758311
train/olive_peacock_spot/IMG_20190806_171314.jpg,olive_peacock_spot,2,train/olive_peacock_spot/IMG_20190806_171314.jpg,0.019832322745879212,0.05651993082766018,6.566994286714971e-05,2.188998095571657e-05,0.9195105400258302,1.8067757943553446,0.8286118395038791,0.17997173858858692,0.9771604454319001
train/olive_peacock_spot/IMG_20190806_171317.jpg,olive_peacock_spot,2,train/olive_peacock_spot/IMG_20190806_171317.jpg,0.01797771599389594,0.08215398122791981,4.1808641846269625e-05,0.0,0.8964818027886364,2.1918282727889444,0.7903618914409621,0.18682702746954222,0.9705958345303329
train/olive_peacock_spot/IMG_20190806_171323.jpg,olive_peacock_spot,2,train/olive_peacock_spot/IMG_20190806_171323.jpg,0.01408747288845838,0.09844385015477268,0.00037903514498094295,0.0,0.8845837983533029,1.8935622315069556,0.7686594839619558,0.1714894788742991,0.9770343342613002
train/olive_peacock_spot/IMG_20190806_171332.jpg,olive_peacock_spot,2,train/olive_peacock_spot/IMG_20190806_171332.jpg,0.07977480348417251,0.004843849585723391,4.248990864669641e-05,0.00898661567877629,0.8940939026981092,3.04021958365099,0.7867226875224469,0.17457080661501514,0.9836739723640703
train/olive_peacock_spot/IMG_20190806_171335.jpg,olive_peacock_spot,2,train/olive_peacock_spot/IMG_20190806_171335.jpg,0.07046614779479454,0.0025943593606159512,0.0,0.005732697296844925,0.9166666666666666,3.599041278722607,0.8161374749245862,0.2261551369535257,0.9738450662985589
train/olive_peacock_spot/IMG_20190806_171337.jpg,olive_peacock_spot,2,train/olive_peacock_spot/IMG_20190806_171337.jpg,0.06382885927993545,0.0015046775846653728,0.0,0.01334583596833635,0.9277536690145453,3.3079486170977273,0.8239407893688516,0.18082485555069852,0.9760749961611386
train/olive_peacock_spot/IMG_20190806_171341.jpg,olive_peacock_spot,2,train/olive_peacock_spot/IMG_20190806_171341.jpg,0.053661027485458014,0.010079481372940811,0.001975933573109542,0.031659340171395586,0.9260245992629101,3.2167654704171813,0.7828888717073282,0.16171070736971166,0.980129253750754
train/olive_peacock_spot/IMG_20190806_171343.jpg,olive_peacock_spot,2,train/olive_peacock_spot/IMG_20190806_171343.jpg,0.05000571363272769,0.015495371957490572,0.010010284538909838,0.0336418695006285,0.9189349788595589,2.65927373989435,0.7788670638385011,0.1602262765998716,0.9842576185369117
train/olive_peacock_spot/IMG_20190806_171506.jpg,olive_peacock_spot,2,train/olive_peacock_spot/IMG_20190806_171506.jpg,0.028778698979591837,0.03394052933673469,0.023477359693877552,0.0,0.9077646683673469,1.8300073500424707,0.8178705087717124,0.20641510506327967,0.9807144428822502
train/olive_peacock_spot/IMG_20190806_171509.jpg,olive_peacock_spot,2,train/olive_peacock_spot/IMG_20190806_171509.jpg,0.033581777070597105,0.04080479021857466,0.015806883845574073,0.0,0.9030022611171594,2.1516002647609644,0.80148734103679,0.2101294312535612,0.9752041945344374
train/olive_peacock_spot/IMG_20190806_171512.jpg,olive_peacock_spot,2,train/olive_peacock_spot/IMG_20190806_171512.jpg,0.02105555674312221,0.030503837027853187,0.016267288001539086,0.0,0.9290523930655608,1.8651774481783088,0.8331308734944346,0.20099913444674047,0.9786509468305518
train/olive_peacock_spot/IMG_20190806_171516.jpg,olive_peacock_spot,2,train/olive_peacock_spot/IMG_20190806_171516.jpg,0.024102641770700362,0.03531015383283931,0.021809212661459573,0.00030290573140916074,0.9151431229580909,1.8506183130375247,0.8204286260549154,0.18123318905690544,0.983822447975612
train/olive_peacock_spot/IMG_20190806_171520.jpg,olive_peacock_spot,2,train/olive_peacock_spot/IMG_20190806_171520.jpg,0.023057236480183693,0.05058719414480136,0.025233801334640867,0.01949341050969887,0.8974144322992658,1.7030756766314539,0.7806244257043716,0.146781120414855,0.990694528043176
train/olive_peacock_spot/IMG_20190806_171812.jpg,olive_peacock_spot,2,train/olive_peacock_spot/IMG_20190806_171812.jpg,0.07350413523952035,0.04274765939376782,0.0044082259923563785,0.010171273734657149,0.8714739247366186,3.5463474573599814,0.7881513990938547,0.19811721779920527,0.9808199927354373
train/olive_peacock_spot/IMG_20190806_171815.jpg,olive_peacock_spot,2,train/olive_peacock_spot/IMG_20190806_171815.jpg,0.0666559005208123,0.03562921393677581,0.0030683515684928743,0.005955024425693407,0.88774274294481,4.062446170042706,0.8000307680903962,0.2388716581648057,0.974700221932403
train/olive_peacock_spot/IMG_20190806_171818.jpg,olive_peacock_spot,2,train/olive_peacock_spot/IMG_20190806_171818.jpg,0.055360565017979806,0.031480803600267004,0.0025193255959174007,0.004005081716586637,0.9058805796602141,3.5398668921259535,0.8122970007493231,0.22205791405919476,0.973802793686448
train/olive_peacock_spot/IMG_20190806_171821.jpg,olive_peacock_spot,2,train/olive_peacock_spot/IMG_20190806_171821.jpg,0.04643718389210184,0.025331313088200774,0.005335154399368318,0.007170447512751019,0.9204208369790222,2.6353747787921784,0.8203898434837368,0.21929260044448212,0.9789711323584293
train/olive_peacock_spot/IMG_20190806_171824.jpg,olive_peacock_spot,2,train/olive_peacock_spot/IMG_20190806_171824.jpg,0.056984655112479514,0.030466305805234146,0.02055916968763967,0.045339424939166706,0.8897551770372946,2.2928284003321715,0.7934226128885381,0.1680581996314272,0.9905212786559872
train/olive_peacock_spot/IMG_20190806_171832.jpg,olive_peacock_spot,2,train/olive_peacock_spot/IMG_20190806_171832.jpg,0.06600765306122448,0.040716677295918366,0.0001992984693877551,0.0005580357142857143,0.890983737244898,2.4252958858603852,0.8043934169678799,0.20417782583346425,0.9801308290703715
train/olive_peacock_spot/IMG_20190806_171836.jpg,olive_peacock_spot,2,train/olive_peacock_spot/IMG_20190806_171836.jpg,0.05835459183673469,0.03380102040816327,5.978954081632653e-05,0.00011957908163265306,0.9051339285714286,2.705498092648587,0.8206623710792971,0.2606201924930039,0.9738891899954577
train/olive_peacock_spot/IMG_20190806_171838.jpg,olive_peacock_spot,2,train/olive_peacock_spot/IMG_20190806_171838.jpg,0.04243538665849423,0.02715292675452038,2.0431096128307284e-05,6.129328838492186e-05,0.928389008070283,2.4523819790075434,0.8334597349778953,0.23851189783827098,0.9704139911466281
train/olive_peacock_spot/IMG_20190806_171842.jpg,olive_peacock_spot,2,train/olive_peacock_spot/IMG_20190806_171842.jpg,0.05897753333468634,0.04134109958800966,0.0010959348933492988,0.0002638361780285349,0.8961703164004627,2.380257218875828,0.8142545337509209,0.2009492513566476,0.9792077644997799
train/olive_peacock_spot/IMG_20190806_171845.jpg,olive_peacock_spot,2,train/olive_peacock_spot/IMG_20190806_171845.jpg,0.0568864792165763,0.04919514142815114,0.0014920354726179969,0.00025217500945656286,0.8892111125120834,1.8898356449340705,0.8041143553823255,0.21412747480761224,0.9844253299726463
train/olive_peacock_spot/IMG_20190806_172627.jpg,olive_peacock_spot,2,train/olive_peacock_spot/IMG_20190806_172627.jpg,0.06884600573360147,0.0021607975696375853,0.0,0.0041718368918745455,0.9077489196012152,2.9653591203211045,0.8001363991417946,0.17453258516954917,0.9814767446808541
train/olive_peacock_spot/IMG_20190806_172630.jpg,olive_peacock_spot,2,train/olive_peacock_spot/IMG_20190806_172630.jpg,0.07632701321734724,0.005552974958827752,0.0,0.0012879523668763988,0.8983573328829019,4.026707403813532,0.7913409238692318,0.194111307011259,0.974405002687659
train/olive_peacock_spot/IMG_20190806_172633.jpg,olive_peacock_spot,2,train/olive_peacock_spot/IMG_20190806_172633.jpg,0.06343797103348843,0.0024903335736286784,0.0,0.01400266509382441,0.9275837210826398,3.159347792885675,0.817667922822191,0.18898716612111602,0.9769715518615544
train/olive_peacock_spot/IMG_20190806_172635.jpg,olive_peacock_spot,2,train/olive_peacock_spot/IMG_20190806_172635.jpg,0.06548016633987633,0.00394303074702118,0.0,0.03281549632630196,0.9224752752580208,3.0534634969026992,0.8227434381227947,0.20001157581559784,0.9795280783739484
train/olive_peacock_spot/IMG_20190806_172638.jpg,olive_peacock_spot,2,train/olive_peacock_spot/IMG_20190806_172638.jpg,0.08338715784315909,0.011559277489476381,0.0,0.06917748724915923,0.891155705026838,2.3939259743652355,0.781091731999211,0.16865561104574428,0.9904870613299221
train/olive_peacock_spot/IMG_20190806_172655.jpg,olive_peacock_spot,2,train/olive_peacock_spot/IMG_20190806_172655.jpg,0.0076958698096981195,0.03865575867163554,0.0238814527332466,0.0076958698096981195,0.9254669342212618,2.4467204353283285,0.8216775864893655,0.2090805111557692,0.9815977385113099
train/olive_peacock_spot/IMG_20190806_173037.jpg,olive_peacock_spot,2,train/olive_peacock_spot/IMG_20190806_173037.jpg,0.041121269483265534,0.048330581175238634,2.013774215634943e-05,0.00018123967940714486,0.9075677635023561,2.379676933294884,0.8179541055247939,0.1973801504005667,0.9797992081442144
train/olive_peacock_spot/IMG_20190806_173040.jpg,olive_peacock_spot,2,train/olive_peacock_spot/IMG_20190806_173040.jpg,0.04645647321428571,0.04651626275510204,0.0,0.0003985969387755102,0.9041772959183674,2.7813412867302922,0.817813787367532,0.23177490218978258,0.9750532334646647
train/olive_peacock_spot/IMG_20190806_173044.jpg,olive_peacock_spot,2,train/olive_peacock_spot/IMG_20190806_173044.jpg,0.04600595559286128,0.04176909087275416,0.0,9.992605471950756e-05,0.9095269500569578,2.6757974986303643,0.8239198108618182,0.2230156662091785,0.9740874353290297
train/olive_peacock_spot/IMG_20190806_173048.jpg,olive_peacock_spot,2,train/olive_peacock_spot/IMG_20190806_173048.jpg,0.035965047432482994,0.03999295666145753,2.2010432945216032e-05,0.0006162921224660489,0.9217309004468118,1.5322702101709984,0.8452199033530134,0.19126909641342862,0.9865841860887059
train/olive_peacock_spot/IMG_20190806_173101.jpg,olive_peacock_spot,2,train/olive_peacock_spot/IMG_20190806_173101.jpg,0.013063915511873511,0.050932991473861995,0.013694727631605723,8.139511222351098e-05,0.9182182609934273,1.780432676908297,0.8139693966978703,0.18423147005543167,0.9792686198229272
train/olive_peacock_spot/IMG_20190806_173104.jpg,olive_peacock_spot,2,train/olive_peacock_spot/IMG_20190806_173104.jpg,0.01601285911939448,0.0440099291934565,0.012899812810287296,2.034670790266135e-05,0.9228249369252055,2.085921942077973,0.826798093717612,0.21713263882012362,0.9711319028224431
train/olive_peacock_spot/IMG_20190806_173107.jpg,olive_peacock_spot,2,train/olive_peacock_spot/IMG_20190806_173107.jpg,0.007236073731782867,0.07718478647235058,0.021505103336210838,0.0027928705631442645,0.8900878484740771,2.3384843567471636,0.792821219595152,0.15068296124751387,0.9857116887509263
train/olive_peacock_spot/IMG_20190806_173110.jpg,olive_peacock_spot,2,train/olive_peacock_spot/IMG_20190806_173110.jpg,0.004774368668508555,0.08644757888614221,0.026053026998206583,0.0030051863700256893,0.8799137220687315,2.0248564866615673,0.7710640952270738,0.14757208267753125,0.9880901696160315
train/olive_peacock_spot/IMG_20190806_173129.jpg,olive_peacock_spot,2,train/olive_peacock_spot/IMG_20190806_173129.jpg,0.0035945514167997983,0.09728411670730681,0.00035735306482805013,0.00010510384259648533,0.8947700327923989,1.4505043393694175,0.815098916526696,0.17351753941699088,0.9823861963741014
train/olive_peacock_spot/IMG_20190806_173134.jpg,olive_peacock_spot,2,train/olive_peacock_spot/IMG_20190806_173134.jpg,0.0030891262755102043,0.08769132653061225,0.00011957908163265306,0.0,0.9063895089285714,1.418661258699756,0.8301804981317331,0.2469594413887106,0.9721015322855984
train/olive_peacock_spot/IMG_20190806_173137.jpg,olive_peacock_spot,2,train/olive_peacock_spot/IMG_20190806_173137.jpg,0.0031682471232756153,0.08860091087104795,0.0003740291742755935,0.00024201887747244286,0.9038965039273064,1.6854884761769469,0.8158942128905758,0.18842829826517543,0.9784210512791599
train/olive_peacock_spot/IMG_20190806_173139.jpg,olive_peacock_spot,2,train/olive_peacock_spot/IMG_20190806_173139.jpg,0.0025486222816436524,0.09429902442081514,0.0017965698050930665,0.0002506841588501953,0.8915373206041488,1.7497599958403454,0.8122018698426829,0.20079865994095375,0.9776891988760659
train/olive_peacock_spot/IMG_20190806_173142.jpg,olive_peacock_spot,2,train/olive_peacock_spot/IMG_20190806_173142.jpg,0.001207806242451211,0.07155722246943402,0.0257665331722925,0.002521560400906914,0.9000275464581612,1.1790916112046774,0.8214441426659027,0.22410881143263855,0.9871763383014505
train/olive_peacock_spot/IMG_20190806_173152.jpg,olive_peacock_spot,2,train/olive_peacock_spot/IMG_20190806_173152.jpg,0.09361945384987468,0.013675739853128711,0.0,0.009740116969350513,0.8642539905896839,3.047449827852849,0.7980771871513364,0.2021744797091382,0.9849154618716424
train/olive_peacock_spot/IMG_20190806_173155.jpg,olive_peacock_spot,2,train/olive_peacock_spot/IMG_20190806_173155.jpg,0.09881716206189167,0.015953035659726767,0.0,0.0023132992885513508,0.8657195233730522,3.3879148643331174,0.8061561743707686,0.22320559541313273,0.9798067155033556
train/olive_peacock_spot/IMG_20190806_173158.jpg,olive_peacock_spot,2,train/olive_peacock_spot/IMG_20190806_173158.jpg,0.08517469687300575,0.008415762603701341,0.0,0.005304722399489471,0.8919112954690491,3.1703904979549744,0.8335293928442344,0.25430434924101286,0.9815333287058049
train/olive_peacock_spot/IMG_20190806_173201.jpg,olive_peacock_spot,2,train/olive_peacock_spot/IMG_20190806_173201.jpg,0.0817035803154626,0.0106730828552039,0.0,0.0011721882904559195,0.883562629814712,2.9733982179453484,0.807736835041934,0.22367042473166301,0.9823106928746962
train/olive_peacock_spot/IMG_20190806_173204.jpg,olive_peacock_spot,2,train/olive_peacock_spot/IMG_20190806_173204.jpg,0.05765166805176303,0.019138074320313427,0.0006648462543036922,0.0006648462543036922,0.8824646800427401,2.3742170538015204,0.7822261403657357,0.1847603973588659,0.9840780660389392
train/olive_peacock_spot/IMG_20190806_173309.jpg,olive_peacock_spot,2,train/olive_peacock_spot/IMG_20190806_173309.jpg,0.08907265447375304,0.00661958511901169,0.0,0.0002012031951067383,0.8945695257640691,2.831686835651828,0.8086176259506805,0.20663044088825153,0.9801155567259578
train/olive_peacock_spot/IMG_20190806_173312.jpg,olive_peacock_spot,2,train/olive_peacock_spot/IMG_20190806_173312.jpg,0.09789540816326531,0.006576849489795918,0.0,9.964923469387755e-05,0.8857421875,3.500552181678131,0.7886916294001288,0.22977464655109722,0.9751163509074533
train/olive_peacock_spot/IMG_20190806_173315.jpg,olive_peacock_spot,2,train/olive_peacock_spot/IMG_20190806_173315.jpg,0.07573458117280048,0.0017916613970743224,0.0,4.215673875468994e-05,0.915496817166224,2.9698050173415345,0.8172190807726725,0.22732470264158294,0.9731413336326239
train/olive_peacock_spot/IMG_20190806_173318.jpg,olive_peacock_spot,2,train/olive_peacock_spot/IMG_20190806_173318.jpg,0.06927409261576971,0.0015853149770546516,0.0,0.00012515644555694618,0.9197329995828118,2.70686121119715,0.82585024484605,0.24675505178485976,0.9757773443818694
train/olive_peacock_spot/IMG_20190806_173321.jpg,olive_peacock_spot,2,train/olive_peacock_spot/IMG_20190806_173321.jpg,0.08078168862016843,0.0026776074282012525,0.0,0.01086158497084863,0.9058302742388253,2.4776582125174818,0.7926235940614936,0.1989395056885958,0.9816353224704579
train/olive_peacock_spot/IMG_20190806_173331.jpg,olive_peacock_spot,2,train/olive_peacock_spot/IMG_20190806_173331.jpg,0.028169294870516934,0.09200374793166005,0.0006180100077749646,0.0,0.8733876916329419,1.9788591165165654,0.7712807447171895,0.18274460557607422,0.979901390379096
train/olive_peacock_spot/IMG_20190806_173335.jpg,olive_peacock_spot,2,train/olive_peacock_spot/IMG_20190806_173335.jpg,0.02391581632653061,0.08968431122448979,0.0007573341836734694,0.0,0.8814572704081632,2.16953535575148,0.7815177716895909,0.22471779990976787,0.975244258633095
train/olive_peacock_spot/IMG_20190806_173338.jpg,olive_peacock_spot,2,train/olive_peacock_spot/IMG_20190806_173338.jpg,0.020523034291652233,0.05604866643574645,0.00017319016279875303,4.329754069968826e-05,0.9201160374090752,1.7136908445682426,0.8193359754824628,0.19521455551358252,0.9813696414579847
train/olive_peacock_spot/IMG_20190806_173342.jpg,olive_peacock_spot,2,train/olive_peacock_spot/IMG_20190806_173342.jpg,0.01281771809739722,0.08843789510398047,0.001307930418101757,0.0001743907224135676,0.8932728778828967,1.92254276775386,0.7786619879528855,0.1595672392816338,0.9832654620643224
train/olive_peacock_spot/IMG_20190806_173346.jpg,olive_peacock_spot,2,train/olive_peacock_spot/IMG_20190806_173346.jpg,0.010042457986932093,0.12292477054890295,0.016474715887422775,0.003203416978109984,0.8449393638929144,2.393614340354958,0.7298554729964211,0.13408351766990634,0.9857905678663029
train/olive_peacock_spot/IMG_20190806_173416.jpg,olive_peacock_spot,2,train/olive_peacock_spot/IMG_20190806_173416.jpg,0.08888032113940988,0.08205384074569659,0.004490508697525685,0.004286394665819971,0.821264146236364,3.471524586680111,0.7916376783747321,0.16782629387243853,0.9823268417420475
train/olive_peacock_spot/IMG_20190806_173419.jpg,olive_peacock_spot,2,train/olive_peacock_spot/IMG_20190806_173419.jpg,0.08423110242342122,0.08089917590350741,0.0057087007707856685,0.002821031120193696,0.8251849219218552,4.2716794548105455,0.7836854180587267,0.20529824315129,0.9761574538795579
train/olive_peacock_spot/IMG_20190806_173422.jpg,olive_peacock_spot,2,train/olive_peacock_spot/IMG_20190806_173422.jpg,0.060488788816962194,0.05964443193545361,0.0030490665165587767,0.014776245426400225,0.8743550051599587,4.436066904771528,0.8090499675797502,0.18344385489979675,0.9734106272280453
train/olive_peacock_spot/IMG_20190806_173425.jpg,olive_peacock_spot,2,train/olive_peacock_spot/IMG_20190806_173425.jpg,0.06071256985359193,0.0669330164108529,0.00925481073153463,0.039472020633676386,0.8597618024123195,6.145569746957021,0.7845888081758755,0.1451558845702084,0.9734180584443559
train/olive_peacock_spot/IMG_20190806_173428.jpg,olive_peacock_spot,2,train/olive_peacock_spot/IMG_20190806_173428.jpg,0.074060841159657,0.0722743977133524,0.019319109840751327,0.06826766026949775,0.8313086974275214,6.777086093147089,0.767168807359729,0.13313886888645002,0.9755980749239594
train/olive_peacock_spot/IMG_20190806_173439.jpg,olive_peacock_spot,2,train/olive_peacock_spot/IMG_20190806_173439.jpg,0.008510212254705647,0.054985983179815776,0.025110132158590308,0.000961153384060873,0.8995394473368041,1.2533130900687302,0.8176476384929428,0.20209399698887656,0.9872302017179082
train/olive_peacock_spot/IMG_20190806_173442.jpg,olive_peacock_spot,2,train/olive_peacock_spot/IMG_20190806_173442.jpg,0.009526846573922748,0.05592537967871806,0.02258141666998844,0.0003986128273607845,0.9020608283174553,1.5321475811349057,0.8108548996407241,0.23411446961021143,0.9818876337266877
train/olive_peacock_spot/IMG_20190806_173444.jpg,olive_peacock_spot,2,train/olive_peacock_spot/IMG_20190806_173444.jpg,0.012514691159186872,0.04849170765681452,0.02452879467200627,0.0008705872110738694,0.905432464197101,1.4726179439954703,0.8129752811561551,0.1827962698981796,0.9837889199921784
train/olive_peacock_spot/IMG_20190806_173447.jpg,olive_peacock_spot,2,train/olive_peacock_spot/IMG_20190806_173447.jpg,0.008784646342255014,0.04970032671960534,0.026072657247333233,0.0005409264989073285,0.9085617846247052,1.4223707927030793,0.8208344372757601,0.19195740937026626,0.9845303439042561
train/olive_peacock_spot/IMG_20190806_173451.jpg,olive_peacock_spot,2,train/olive_peacock_spot/IMG_20190806_173451.jpg,0.00742154822933871,0.05186503935994509,0.03946719289590528,0.005083546041483452,0.8995946032903627,1.2383468672912432,0.798503148745089,0.1743856929008682,0.9898661093197674
train/olive_peacock_spot/IMG_20190806_173459.jpg,olive_peacock_spot,2,train/olive_peacock_spot/IMG_20190806_173459.jpg,0.0698929060310814,0.017775183187052096,0.0021740880908285693,0.00012078267171269829,0.8895643771640229,3.192050952624922,0.810709532174555,0.2130633602667272,0.9776199240333537
train/olive_peacock_spot/IMG_20190806_173502.jpg,olive_peacock_spot,2,train/olive_peacock_spot/IMG_20190806_173502.jpg,0.08010603735225529,0.018436945645891052,0.0020729106455920753,1.993183313069303e-05,0.8823224571963884,3.830052483868685,0.8055605784994212,0.2519718824633176,0.9728087086864304
train/olive_peacock_spot/IMG_20190806_173504.jpg,olive_peacock_spot,2,train/olive_peacock_spot/IMG_20190806_173504.jpg,0.06032005704817635,0.013842572201598189,0.001447178002894356,0.0,0.9150359697141299,3.1476199504465563,0.8241502945396479,0.24135416254625186,0.9701428637454909
train/olive_peacock_spot/IMG_20190806_173507.jpg,olive_peacock_spot,2,train/olive_peacock_spot/IMG_20190806_173507.jpg,0.0522118777536333,0.013436733717429875,0.001873965830027312,1.9935806702418212e-05,0.9171268515380475,3.1665264717477304,0.8184193744244187,0.2670082085943133,0.9676520077870515
train/olive_peacock_spot/IMG_20190806_173510.jpg,olive_peacock_spot,2,train/olive_peacock_spot/IMG_20190806_173510.jpg,0.04598618903754855,0.01221406991799741,0.00293482952093224,0.00010789814415192059,0.9229175658178679,2.2500673723697706,0.8202942476213837,0.22580398235267274,0.9802974577653847
train/olive_peacock_spot/IMG_20190806_173521.jpg,olive_peacock_spot,2,train/olive_peacock_spot/IMG_20190806_173521.jpg,0.09030571609451263,0.0056364490371066224,0.00010210958400555477,0.00010210958400555477,0.8817979455551698,3.0235334065499293,0.7937467710670247,0.2052479330169137,0.9817299718421919
train/olive_peacock_spot/IMG_20190806_173523.jpg,olive_peacock_spot,2,train/olive_peacock_spot/IMG_20190806_173523.jpg,0.09902134699328297,0.001953319646807917,1.993183313069303e-05,3.986366626138606e-05,0.8826413665264794,3.775615427914879,0.7982006188366558,0.25591758333286296,0.976235513458743
train/olive_peacock_spot/IMG_20190806_173526.jpg,olive_peacock_spot,2,train/olive_peacock_spot/IMG_20190806_173526.jpg,0.06958191126279864,0.0028583617747440274,0.0,2.1331058020477816e-05,0.9165315699658703,3.0402493180783923,0.8389903501789852,0.23778661435841858,0.9755474225722081
train/olive_peacock_spot/IMG_20190806_173529.jpg,olive_peacock_spot,2,train/olive_peacock_spot/IMG_20190806_173529.jpg,0.06722444222444222,0.0019355644355644355,2.0812520812520813e-05,0.0,0.9123792873792874,2.9213554514596476,0.8388047263757976,0.2689504691146529,0.9761064359315387
train/olive_peacock_spot/IMG_20190806_173532.jpg,olive_peacock_spot,2,train/olive_peacock_spot/IMG_20190806_173532.jpg,0.06122906028845292,0.011578428737794499,0.00029114037445131236,0.01872256561856132,0.9076637104720953,2.0958034871847855,0.7976774243308528,0.20434530949247573,0.9858542082694511
train/olive_peacock_spot/IMG_20190806_173829.jpg,olive_peacock_spot,2,train/olive_peacock_spot/IMG_20190806_173829.jpg,0.11577181208053691,0.022796420581655482,0.0,0.0,0.8303803131991051,2.646711657671,0.7805037090725,0.16677030158056494,0.9851871751833189
train/olive_peacock_spot/IMG_20190806_173831.jpg,olive_peacock_spot,2,train/olive_peacock_spot/IMG_20190806_173831.jpg,0.1135146531730972,0.018722327640733713,0.0,0.0,0.846257642842083,3.0315855030784387,0.7956604770783765,0.21659375916695842,0.9800978206785831
train/olive_peacock_spot/IMG_20190806_173834.jpg,olive_peacock_spot,2,train/olive_peacock_spot/IMG_20190806_173834.jpg,0.09483493986181012,0.008402286104239529,0.0,2.1325599249338905e-05,0.8857587648212915,2.4862939689069683,0.8126710130668082,0.1891445260812788,0.9817318596511221
train/olive_peacock_spot/IMG_20190806_173838.jpg,olive_peacock_spot,2,train/olive_peacock_spot/IMG_20190806_173838.jpg,0.08515840952583457,0.01341696789283436,0.0,0.0,0.8891558579630023,2.2580934484435216,0.8281910682321212,0.2620642079747433,0.981374648204099
train/olive_peacock_spot/IMG_20190806_173841.jpg,olive_peacock_spot,2,train/olive_peacock_spot/IMG_20190806_173841.jpg,0.11205518449578451,0.028643381145297273,0.0,0.03192817256104238,0.8554034818789007,1.8485536159962297,0.8006071134728645,0.1897696041654634,0.9902753490480941
train/olive_peacock_spot/IMG_20190806_174040.jpg,olive_peacock_spot,2,train/olive_peacock_spot/IMG_20190806_174040.jpg,0.005998883928571429,0.050283003826530615,0.00568000637755102,0.0,0.9248844068877551,1.0901655408196402,0.8367052135378734,0.2065051248401082,0.9796500346274938
train/olive_peacock_spot/IMG_20190806_174044.jpg,olive_peacock_spot,2,train/olive_peacock_spot/IMG_20190806_174044.jpg,0.007912149234693877,0.057338169642857144,0.003208705357142857,0.0,0.9200015943877551,1.2922171121380612,0.8340401472417451,0.2811446444392058,0.9692154030762911
train/olive_peacock_spot/IMG_20190806_174046.jpg,olive_peacock_spot,2,train/olive_peacock_spot/IMG_20190806_174046.jpg,0.007976271594051865,0.04918032786885246,0.002084251873822598,0.0,0.9300172351597258,1.148783148564705,0.8479986239166759,0.25347437268273393,0.9745607928012584
train/olive_peacock_spot/IMG_20190806_174055.jpg,olive_peacock_spot,2,train/olive_peacock_spot/IMG_20190806_174055.jpg,0.007806533729316928,0.04480271531607976,0.005685193042002545,0.0,0.9269622401357658,1.0270827188671263,0.832818901152023,0.2130112688389382,0.9825212554210194
train/olive_peacock_spot/IMG_20190815_122410.jpg,olive_peacock_spot,2,train/olive_peacock_spot/IMG_20190815_122410.jpg,0.03418973908880555,0.06526769328971516,0.006263464453841857,3.989467804994814e-05,0.853805952285965,3.0335580301886287,0.7694865009726652,0.27898431910833216,0.9726057945781421
train/olive_peacock_spot/IMG_20190815_122420.jpg,olive_peacock_spot,2,train/olive_peacock_spot/IMG_20190815_122420.jpg,0.020936221784578095,0.11477048931980004,0.0014543251022572337,0.0,0.8614755340099984,2.4044392798081686,0.771037033838307,0.16304834234789364,0.9787236965367749
train/olive_peacock_spot/IMG_20190815_122423.jpg,olive_peacock_spot,2,train/olive_peacock_spot/IMG_20190815_122423.jpg,0.019828773863412714,0.07860165321787049,0.0006642393229679197,0.0,0.8998720724266877,2.6591051164774386,0.7921083564225252,0.18605364846540878,0.9699723043645433
train/olive_peacock_spot/IMG_20190815_122429.jpg,olive_peacock_spot,2,train/olive_peacock_spot/IMG_20190815_122429.jpg,0.014119681106521948,0.08560656997406589,0.0023772932475266545,0.0,0.896911920084526,2.7586661475559615,0.7870638494307333,0.16930565452414012,0.9735417518312396
train/olive_peacock_spot/IMG_20190815_122433.jpg,olive_peacock_spot,2,train/olive_peacock_spot/IMG_20190815_122433.jpg,0.018775888380204928,0.08962829736211031,0.001498800959232614,0.0,0.8888707216045345,2.8127147763210223,0.7701273583666688,0.17855893772823103,0.9716532400752682
train/olive_peacock_spot/IMG_20190815_122436.jpg,olive_peacock_spot,2,train/olive_peacock_spot/IMG_20190815_122436.jpg,0.009213816094082785,0.0823224372627095,0.004907861839059172,0.0056023705898694326,0.9026067228447079,2.587302747288992,0.7434094812260992,0.14432391439096495,0.9786148390211363
train/olive_peacock_spot/IMG_20190815_122439.jpg,olive_peacock_spot,2,train/olive_peacock_spot/IMG_20190815_122439.jpg,0.006199683325527976,0.07481991927031065,0.006578800651189759,0.004147989563123035,0.9108405254120113,2.2269968083387175,0.7606891595494036,0.1895344756070239,0.9757352075715942
train/olive_peacock_spot/IMG_20190815_122442.jpg,olive_peacock_spot,2,train/olive_peacock_spot/IMG_20190815_122442.jpg,0.00836499744796688,0.10037996937560256,0.007344184200079397,0.004225032609312085,0.8718028696194635,2.4905499777524054,0.7710987476669331,0.19230348296775976,0.9766386379234135
train/olive_peacock_spot/IMG_20190815_122507.jpg,olive_peacock_spot,2,train/olive_peacock_spot/IMG_20190815_122507.jpg,0.2958569299552906,0.167451564828614,0.00029806259314456036,0.07779433681073025,0.532220566318927,4.705218435037022,0.7492577104722664,0.17222351670543928,0.9842980781412247
train/olive_peacock_spot/IMG_20190815_122510.jpg,olive_peacock_spot,2,train/olive_peacock_spot/IMG_20190815_122510.jpg,0.3309356903383115,0.16720512039012497,0.0,0.1040536421822615,0.4970435842730875,6.0345624559758635,0.7294515276683455,0.17138271696307217,0.9809863910061455
train/olive_peacock_spot/IMG_20190815_122515.jpg,olive_peacock_spot,2,train/olive_peacock_spot/IMG_20190815_122515.jpg,0.12304519032439527,0.050890680667541724,7.500468779298706e-05,0.04447777986124133,0.8237014813425839,4.702500871424819,0.7839979469431259,0.21284527560988153,0.9749348616060154
train/olive_peacock_spot/IMG_20190815_122520.jpg,olive_peacock_spot,2,train/olive_peacock_spot/IMG_20190815_122520.jpg,0.07416037091953212,0.06307514886205841,0.008731671726799877,0.04125773729671209,0.8521499682270706,4.695332338049023,0.7175922311621719,0.13837825292730835,0.9829715872120492
train/olive_peacock_spot/IMG_20190815_122523.jpg,olive_peacock_spot,2,train/olive_peacock_spot/IMG_20190815_122523.jpg,0.1471266076871608,0.11196193591554532,0.05018214259162888,0.06326667162292766,0.6746710281763437,4.618046197652927,0.716274625783673,0.18565538979150903,0.9837523576841031
train/olive_peacock_spot/IMG_20190815_122543.jpg,olive_peacock_spot,2,train/olive_peacock_spot/IMG_20190815_122543.jpg,0.0001390008618053432,0.1203747463234272,0.00019460120652748048,0.0,0.8785688471268522,2.104879553149309,0.784669410617296,0.1690328134927086,0.9757964681697552
train/olive_peacock_spot/IMG_20190815_122546.jpg,olive_peacock_spot,2,train/olive_peacock_spot/IMG_20190815_122546.jpg,0.0004725578883413218,0.08157249263034722,6.750826976304597e-05,0.0,0.9171223474875673,2.2849564767697403,0.7958122644343827,0.2062362501875782,0.963803033655399
train/olive_peacock_spot/IMG_20190815_122639.jpg,olive_peacock_spot,2,train/olive_peacock_spot/IMG_20190815_122639.jpg,0.10376520563815408,0.10511681791851708,0.005213361652828732,0.0002703224560726009,0.7843599150415138,3.7187006086929584,0.7614331446200351,0.1673300800746227,0.9779893645661157
train/olive_peacock_spot/IMG_20190815_122652.jpg,olive_peacock_spot,2,train/olive_peacock_spot/IMG_20190815_122652.jpg,0.06296950950066284,0.0557098668013383,0.0031563663910106686,0.0009469099173032005,0.8764282557919323,3.9634214003814816,0.7760062297412629,0.18613295193357327,0.9683387878427622
train/olive_peacock_spot/IMG_20190815_122700.jpg,olive_peacock_spot,2,train/olive_peacock_spot/IMG_20190815_122700.jpg,0.033803405896429155,0.07525033106428455,0.005180865645981925,0.021327509699602724,0.8847896289756755,3.4883516682802957,0.7571035613256495,0.15680476137484847,0.9789762719067934
train/olive_peacock_spot/IMG_20190815_122702.jpg,olive_peacock_spot,2,train/olive_peacock_spot/IMG_20190815_122702.jpg,0.021363596606315052,0.06120440829178693,0.005247966413014957,0.00017493221376716522,0.9109813697192338,3.1125640796159884,0.7619677161221696,0.2406817041884254,0.9728473311224016
train/olive_peacock_spot/IMG_20190815_122706.jpg,olive_peacock_spot,2,train/olive_peacock_spot/IMG_20190815_122706.jpg,0.025235975937790384,0.06783391206533966,0.0054286692424316526,7.33603951679953e-05,0.8979801437863745,3.0004842884463296,0.7777223302542302,0.2193736493544657,0.9745067956154019
train/olive_peacock_spot/IMG_20190815_122714.jpg,olive_peacock_spot,2,train/olive_peacock_spot/IMG_20190815_122714.jpg,0.0002260602224432589,0.12745275341350937,0.0015146034903698346,2.2606022244325888e-05,0.8695406456279953,1.837253740966897,0.7934960734168082,0.18096713615421117,0.9760063082540125
train/olive_peacock_spot/IMG_20190815_122733.jpg,olive_peacock_spot,2,train/olive_peacock_spot/IMG_20190815_122733.jpg,0.03718790602942726,0.15075323945640343,0.002352775924430242,0.0,0.8060188924395126,2.9279083259295486,0.7699116569884417,0.17344439476883033,0.9744339315635677
train/olive_peacock_spot/IMG_20190815_122736.jpg,olive_peacock_spot,2,train/olive_peacock_spot/IMG_20190815_122736.jpg,0.02515367403101772,0.10905069314060853,0.001697487204547208,0.0,0.8602402201589465,3.609736183840571,0.7498425633860599,0.16504915383866978,0.9677533169362287
train/olive_peacock_spot/IMG_20190815_122740.jpg,olive_peacock_spot,2,train/olive_peacock_spot/IMG_20190815_122740.jpg,0.013082219522073713,0.05905224787363305,0.001275820170109356,2.025111381125962e-05,0.9245443499392466,2.7979833264368237,0.7882578858445876,0.20796577107754682,0.9614493487808159
train/olive_peacock_spot/IMG_20190815_122742.jpg,olive_peacock_spot,2,train/olive_peacock_spot/IMG_20190815_122742.jpg,0.009168426398652802,0.1209002699740718,0.010638582235171473,0.0024324396567854374,0.8551228248376146,2.7846674889341845,0.7464626752139386,0.15192599683847685,0.979022089426903
train/olive_peacock_spot/IMG_20190815_122745.jpg,olive_peacock_spot,2,train/olive_peacock_spot/IMG_20190815_122745.jpg,0.005492341810192957,0.08750440423635723,0.007212584716781695,0.0017824203610437522,0.893676552881925,2.405203950543658,0.7615960822247704,0.3002523873558571,0.9736934960777527
train/olive_peacock_spot/IMG_20190815_122748.jpg,olive_peacock_spot,2,train/olive_peacock_spot/IMG_20190815_122748.jpg,0.007374043367346939,0.06654575892857142,0.0012555803571428572,0.0,0.9219746492346939,2.1485739884950252,0.7970581819774754,0.25506065629508373,0.9675538581112197
train/olive_peacock_spot/IMG_20190815_122757.jpg,olive_peacock_spot,2,train/olive_peacock_spot/IMG_20190815_122757.jpg,0.031749550481538956,0.1072932830857903,0.0003448360797063967,0.0014039754673760437,0.8591098302913864,3.1550906290853815,0.7760766842898917,0.1821513179234391,0.9695284519426375
train/olive_peacock_spot/IMG_20190815_122800.jpg,olive_peacock_spot,2,train/olive_peacock_spot/IMG_20190815_122800.jpg,0.03234326990458735,0.13187968303595493,0.0004312435987278314,0.0011320144466605575,0.8333513018166137,2.9609639507320824,0.7850240479867163,0.19052553070752323,0.9735620638186252
train/olive_peacock_spot/IMG_20190815_122803.jpg,olive_peacock_spot,2,train/olive_peacock_spot/IMG_20190815_122803.jpg,0.03145027296463328,0.11408141466888203,0.00014835034417279847,0.0006230714455257537,0.8527177783052456,3.2149699458086194,0.7884880596418483,0.22080839502499905,0.9657640435939634
train/olive_peacock_spot/IMG_20190815_122806.jpg,olive_peacock_spot,2,train/olive_peacock_spot/IMG_20190815_122806.jpg,0.03732048374905518,0.1186381960191484,6.298815822625347e-05,0.000944822373393802,0.842183169564122,3.065818661027716,0.7883927650368712,0.20363721495788636,0.9685924744243302
train/olive_peacock_spot/IMG_20190815_122809.jpg,olive_peacock_spot,2,train/olive_peacock_spot/IMG_20190815_122809.jpg,0.029745042492917848,0.1214018093758567,0.014004386365713242,0.00027414785707758385,0.8330668006945079,2.8556734827425077,0.7408165040523282,0.14342918736001756,0.9775186804745153
train/olive_peacock_spot/IMG_20190815_122812.jpg,olive_peacock_spot,2,train/olive_peacock_spot/IMG_20190815_122812.jpg,0.05242872372413416,0.13057977749227784,0.0012027444441407211,5.4670202006396416e-05,0.7314326326435776,2.5416151315217435,0.7667892306088272,0.23687475273813305,0.9712832537219165
train/olive_peacock_spot/IMG_20190815_122815.jpg,olive_peacock_spot,2,train/olive_peacock_spot/IMG_20190815_122815.jpg,0.01901888418954231,0.10355324479405188,0.000619595377279707,5.387785889388756e-05,0.8741951994827726,2.8051925323423443,0.7950200330611366,0.17977248906812937,0.9754409729614982
train/olive_peacock_spot/IMG_20190815_122824.jpg,olive_peacock_spot,2,train/olive_peacock_spot/IMG_20190815_122824.jpg,0.009039889773834728,0.174816009678395,0.00013442215277077661,0.0,0.8138925294888598,2.978226631502891,0.7735289873393824,0.1662639253197477,0.9748170718762179
train/olive_peacock_spot/IMG_20190815_122827.jpg,olive_peacock_spot,2,train/olive_peacock_spot/IMG_20190815_122827.jpg,0.00833859759949463,0.12896399241945672,6.317119393556538e-05,0.0,0.8613076437144662,2.5490602879216366,0.7864025234946823,0.17852048299017084,0.9739437221139144
train/olive_peacock_spot/IMG_20190815_122830.jpg,olive_peacock_spot,2,train/olive_peacock_spot/IMG_20190815_122830.jpg,0.006547681909388531,0.11001689724363713,0.00021121554546414616,0.0,0.8817720984264442,2.976085865960715,0.7727555465811519,0.1887612743485734,0.966645002279764
train/olive_peacock_spot/IMG_20190815_122901.jpg,olive_peacock_spot,2,train/olive_peacock_spot/IMG_20190815_122901.jpg,0.02815586457667928,0.11065795292614614,0.017861530145938775,0.00012284408628568622,0.8378703749201514,3.318062149618364,0.7446247215379977,0.15340221872771329,0.9771812958432639
train/olive_peacock_spot/IMG_20190815_122904.jpg,olive_peacock_spot,2,train/olive_peacock_spot/IMG_20190815_122904.jpg,0.031153688103554553,0.12487158413807274,0.0054705157181015,0.0,0.8047308403534005,2.8994386194457125,0.7517407265677861,0.22791704713734706,0.9760489949380877
train/olive_peacock_spot/IMG_20190815_122908.jpg,olive_peacock_spot,2,train/olive_peacock_spot/IMG_20190815_122908.jpg,0.02313834904752742,0.10996728882047335,2.405233788724264e-05,2.405233788724264e-05,0.8640321339234174,2.5367591349233782,0.7842862832105119,0.20035232855520707,0.9756673965742859
train/olive_peacock_spot/IMG_20190815_122923.jpg,olive_peacock_spot,2,train/olive_peacock_spot/IMG_20190815_122923.jpg,0.0002700804839842273,0.10851833846486253,0.007832334035542591,0.0,0.8786798465942851,2.491355864525868,0.782618308408476,0.1730883525672655,0.9755428515916283
train/olive_peacock_spot/IMG_20190815_122942.jpg,olive_peacock_spot,2,train/olive_peacock_spot/IMG_20190815_122942.jpg,0.0010202997130407058,0.07161228610904453,0.004825167392921671,0.0,0.9213093846317356,2.9399540074308304,0.7756382578728114,0.19933955422316862,0.959519580267439
train/olive_peacock_spot/IMG_20190815_122945.jpg,olive_peacock_spot,2,train/olive_peacock_spot/IMG_20190815_122945.jpg,0.00034911847584848257,0.08433704895139772,0.017306301588489066,0.0,0.8963866237749682,2.944163025463695,0.778150645232405,0.163694843004322,0.971959778658214
train/olive_peacock_spot/IMG_20190815_122948.jpg,olive_peacock_spot,2,train/olive_peacock_spot/IMG_20190815_122948.jpg,0.0005723574257652419,0.06779001350763525,0.04370521303143387,2.2894297030609674e-05,0.8854140433617986,2.6367692170003485,0.7474313603723932,0.1528610715866625,0.9778260138415861
train/olive_peacock_spot/IMG_20190815_122951.jpg,olive_peacock_spot,2,train/olive_peacock_spot/IMG_20190815_122951.jpg,0.0008073768750265584,0.061636850380317,0.0514171588832703,0.0,0.8796795988611736,2.9658629297700325,0.7244812248690726,0.21425865153819415,0.9716234037922111
train/olive_peacock_spot/IMG_20190815_123057.jpg,olive_peacock_spot,2,train/olive_peacock_spot/IMG_20190815_123057.jpg,0.06754593275901502,0.12743005260349166,0.0033925440268354045,0.0002668293054814363,0.7954943965845849,3.499162793566885,0.7659035468434607,0.1676522754343167,0.9778723815132995
train/olive_peacock_spot/IMG_20190815_123100.jpg,olive_peacock_spot,2,train/olive_peacock_spot/IMG_20190815_123100.jpg,0.05022012065873145,0.10400021740311974,0.004130659274960596,0.0036143268655905213,0.8386597097668351,2.9475820996301296,0.7691994599509251,0.1658216838132708,0.9828305687238161
train/olive_peacock_spot/IMG_20190815_123103.jpg,olive_peacock_spot,2,train/olive_peacock_spot/IMG_20190815_123103.jpg,0.040619869658225956,0.07711059151286005,0.0029103029700014924,0.00629321924282374,0.8768469230386547,3.4745155575596813,0.760236921956817,0.167822971378406,0.976256361393701
train/olive_peacock_spot/IMG_20190815_123106.jpg,olive_peacock_spot,2,train/olive_peacock_spot/IMG_20190815_123106.jpg,0.052181882686849576,0.08792573320719016,0.003104304635761589,0.0032225638599810784,0.8543046357615894,3.5322044230334355,0.7650469309304604,0.19229630470410297,0.9744526865201674
train/olive_peacock_spot/IMG_20190815_123109.jpg,olive_peacock_spot,2,train/olive_peacock_spot/IMG_20190815_123109.jpg,0.04756967885041952,0.08993152666602372,0.010656765358279486,0.030210242067701804,0.8498649821583566,3.3574143621315122,0.7250022814497348,0.1419354744797004,0.9825343291795434
train/olive_peacock_spot/IMG_20190815_123135.jpg,olive_peacock_spot,2,train/olive_peacock_spot/IMG_20190815_123135.jpg,0.02338209548678081,0.14373460728168302,0.013857155574018575,0.00011869084003442034,0.8173941426070443,3.59015469330196,0.7459535856042449,0.16595345704928974,0.9731615684983663
train/olive_peacock_spot/IMG_20190815_123139.jpg,olive_peacock_spot,2,train/olive_peacock_spot/IMG_20190815_123139.jpg,0.02812861070162158,0.20821546675166341,0.01653452328778039,0.0,0.7434160723534802,4.303575051959379,0.7299983299271757,0.1638914006750376,0.9672192018911182
train/olive_peacock_spot/IMG_20190815_123142.jpg,olive_peacock_spot,2,train/olive_peacock_spot/IMG_20190815_123142.jpg,0.023248594391362835,0.17215687627194648,0.01655686247456107,3.4493463488668896e-05,0.7861750198337415,4.822733557246643,0.7315301719130739,0.1708736073133809,0.9670405574750115
train/olive_peacock_spot/IMG_20190815_123151.jpg,olive_peacock_spot,2,train/olive_peacock_spot/IMG_20190815_123151.jpg,0.01102318257021548,0.05637171846034245,0.0021328761935136644,0.007734167879283194,0.9285586142284769,2.968259778255889,0.7586733866727022,0.1881900942532727,0.9646875214806006
train/olive_peacock_spot/IMG_20190815_123154.jpg,olive_peacock_spot,2,train/olive_peacock_spot/IMG_20190815_123154.jpg,0.00018759086432490737,0.08584626928668573,0.012756178774093702,0.014843127139708296,0.8982085072456971,2.375308939115475,0.7370910087816456,0.1446331191768616,0.9836598886024155
train/olive_peacock_spot/IMG_20190815_123157.jpg,olive_peacock_spot,2,train/olive_peacock_spot/IMG_20190815_123157.jpg,0.00046475600309837337,0.0771273652760872,0.005045922319353768,6.639371472833905e-05,0.900852052672347,2.539290320517657,0.7831677625202196,0.22624633829712137,0.9715457725117553
train/olive_peacock_spot/IMG_20190815_123211.jpg,olive_peacock_spot,2,train/olive_peacock_spot/IMG_20190815_123211.jpg,0.019143675487772037,0.10617150970647997,0.0044799138289799015,0.0021053146955861833,0.8687605571739823,3.7379436747965977,0.7376848711820361,0.14982419360239616,0.9731944831250338
train/olive_peacock_spot/IMG_20190815_123228.jpg,olive_peacock_spot,2,train/olive_peacock_spot/IMG_20190815_123228.jpg,0.01674197508292632,0.0832919790007052,0.002690208164651187,0.0012798077676495938,0.8958393188288453,3.4630551211516147,0.7554227475406528,0.16260140812903603,0.9694814644882921
train/olive_peacock_spot/IMG_20190815_123231.jpg,olive_peacock_spot,2,train/olive_peacock_spot/IMG_20190815_123231.jpg,0.021113084008434136,0.09288647208966819,0.003273776495394518,0.0019698146709577185,0.8810620352902009,3.5022803565631224,0.7558174091447066,0.18366478240341289,0.9692946071788607
train/olive_peacock_spot/IMG_20190815_123234.jpg,olive_peacock_spot,2,train/olive_peacock_spot/IMG_20190815_123234.jpg,0.01178157749586321,0.09575289575289575,0.009862107004964147,0.011715388858246,0.8817429674572532,3.5186844302657176,0.7128688047627725,0.13919021843775015,0.9779964525232637
train/olive_peacock_spot/IMG_20190815_123237.jpg,olive_peacock_spot,2,train/olive_peacock_spot/IMG_20190815_123237.jpg,0.005996532125999422,0.09854541951642423,0.017821019169636836,0.000313071958385512,0.8763606588960601,2.919257532480038,0.731127935248877,0.18920635058022406,0.9774023408207883
train/olive_peacock_spot/IMG_20190815_123346.jpg,olive_peacock_spot,2,train/olive_peacock_spot/IMG_20190815_123346.jpg,0.06378315660553711,0.08025268314693654,3.222999323170142e-05,0.004479969059206498,0.8541592806265511,4.5070341962673215,0.7812534471578364,0.2122652714695217,0.970353488905092
train/olive_peacock_spot/IMG_20190815_123350.jpg,olive_peacock_spot,2,train/olive_peacock_spot/IMG_20190815_123350.jpg,0.03845002245621039,0.050476570687160036,0.00017465941414242228,0.005065123010130246,0.9097010828883677,4.022906786895485,0.7837468961008794,0.21408381993575856,0.9676632817369267
train/olive_peacock_spot/IMG_20190815_123355.jpg,olive_peacock_spot,2,train/olive_peacock_spot/IMG_20190815_123355.jpg,0.04261986837981824,0.07202548835265851,0.011125039172673143,7.834534628643058e-05,0.870521257703959,3.324507318881339,0.7622248678863484,0.27108326475019695,0.9764769658876673
train/olive_peacock_spot/IMG_20190815_123412.jpg,olive_peacock_spot,2,train/olive_peacock_spot/IMG_20190815_123412.jpg,0.06925858951175407,0.07228106432446396,5.1666236114699044e-05,0.005218289847584603,0.8563420304830793,5.443983667759927,0.7513963451308203,0.1714521426756221,0.969206433708936
train/olive_peacock_spot/IMG_20190815_123416.jpg,olive_peacock_spot,2,train/olive_peacock_spot/IMG_20190815_123416.jpg,0.1438474870017331,0.1280019806882892,9.903441445902451e-05,0.00019806882891804903,0.7220103986135182,4.914281624386545,0.761266371998468,0.17142382547538101,0.9726448184473433
train/olive_peacock_spot/IMG_20190815_123418.jpg,olive_peacock_spot,2,train/olive_peacock_spot/IMG_20190815_123418.jpg,0.11224660747193835,0.08330541129167365,0.0,0.0016334394370916402,0.8003853241749037,5.989382273045454,0.7622138714200122,0.1937139254185012,0.9624565273675547
train/olive_peacock_spot/IMG_20190815_123421.jpg,olive_peacock_spot,2,train/olive_peacock_spot/IMG_20190815_123421.jpg,0.0716790269029075,0.05681571353213144,3.102988177615043e-05,0.002234151487882831,0.868805659850436,5.177362507826487,0.7657765080359844,0.19005370704501995,0.9649301049365767
train/olive_peacock_spot/IMG_20190815_123424.jpg,olive_peacock_spot,2,train/olive_peacock_spot/IMG_20190815_123424.jpg,0.05627255966137786,0.059077098860006755,0.0034018021761146747,0.010517021994858345,0.8790412630813577,5.345585449814591,0.7448413819828139,0.16077314802886872,0.9680865983516787
train/olive_peacock_spot/IMG_20190815_123427.jpg,olive_peacock_spot,2,train/olive_peacock_spot/IMG_20190815_123427.jpg,0.05247432847943378,0.05804374311075013,0.009456401926089226,0.0022915820618437084,0.8697279108893659,3.974308028014596,0.7653374333175362,0.27569694177140897,0.9685437736641815
train/olive_peacock_spot/IMG_20190815_123516.jpg,olive_peacock_spot,2,train/olive_peacock_spot/IMG_20190815_123516.jpg,0.12230831606451031,0.09690062167762861,0.0,0.00022524551761419947,0.7781782142535364,4.515208242446701,0.7722272129140456,0.17897990873397754,0.9735733857996622
train/olive_peacock_spot/IMG_20190815_123519.jpg,olive_peacock_spot,2,train/olive_peacock_spot/IMG_20190815_123519.jpg,0.13738085370907585,0.08573352673021135,0.0,0.00010360547036883547,0.7736738499792789,3.8067926657555153,0.7863604803550939,0.19080042071005052,0.9751940369315377
train/olive_peacock_spot/IMG_20190815_123524.jpg,olive_peacock_spot,2,train/olive_peacock_spot/IMG_20190815_123524.jpg,0.058737063146842655,0.03959802009899505,0.0,0.0014099295035248237,0.8998950052497375,4.241261180869394,0.792948668063383,0.2212045471862765,0.9628327445105522
train/olive_peacock_spot/IMG_20190815_123527.jpg,olive_peacock_spot,2,train/olive_peacock_spot/IMG_20190815_123527.jpg,0.07345391595033429,0.045158787010506206,2.9847182425978987e-05,0.012953677172874881,0.8795964660936008,4.257808446334699,0.7614201963514053,0.15560237803134086,0.9737938979051686
train/olive_peacock_spot/IMG_20190815_123637.jpg,olive_peacock_spot,2,train/olive_peacock_spot/IMG_20190815_123637.jpg,0.0011283239814588923,0.0945352525006099,0.025616003903391072,0.0,0.8707611612588436,2.974136098256123,0.7517049950438124,0.16399563865448652,0.9772904145532223
train/olive_peacock_spot/IMG_20190815_123721.jpg,olive_peacock_spot,2,train/olive_peacock_spot/IMG_20190815_123721.jpg,0.06096447362699482,0.14301865460712268,0.0016089055094142715,0.0,0.7921468017567509,4.849458557137895,0.798741274211687,0.21384487190957893,0.9613193938412667
train/olive_peacock_spot/IMG_20190815_123724.jpg,olive_peacock_spot,2,train/olive_peacock_spot/IMG_20190815_123724.jpg,0.051290726393071015,0.1048820922285753,0.0016578137158710289,0.0,0.8404100551476807,3.991826429390289,0.8027418999813538,0.2184573749844918,0.9674703906101835
train/olive_peacock_spot/IMG_20190815_123727.jpg,olive_peacock_spot,2,train/olive_peacock_spot/IMG_20190815_123727.jpg,0.05033783783783784,0.08392454954954955,0.001492117117117117,5.630630630630631e-05,0.8628378378378379,5.3215676189413,0.786657571813379,0.23006233078076893,0.956394397873247
train/olive_peacock_spot/IMG_20190815_123731.jpg,olive_peacock_spot,2,train/olive_peacock_spot/IMG_20190815_123731.jpg,0.03185765633023017,0.04918179179782555,0.0006474225883508584,0.001160895675663608,0.9172861831089679,4.364304030511798,0.8095270018451057,0.2584035763031801,0.9536360287007024
train/olive_peacock_spot/IMG_20190815_123841.jpg,olive_peacock_spot,2,train/olive_peacock_spot/IMG_20190815_123841.jpg,0.01699029126213592,0.259565962307253,0.004521225966114601,0.0002379592613744527,0.7162573767371027,4.978982674045838,0.765314840231387,0.18307040377271802,0.9681565524154623
train/olive_peacock_spot/IMG_20190815_123944.jpg,olive_peacock_spot,2,train/olive_peacock_spot/IMG_20190815_123944.jpg,0.07205473038004317,0.06966157688005618,0.0,0.01110735374450485,0.8567229404573005,4.442308892554971,0.7662329986810188,0.18466912755978315,0.974919837042026
train/olive_peacock_spot/IMG_20190815_123947.jpg,olive_peacock_spot,2,train/olive_peacock_spot/IMG_20190815_123947.jpg,0.10635664101706256,0.09150217464034795,0.0,0.012646370023419205,0.8001672800267648,4.431603932535436,0.7568836421983738,0.1758253610596087,0.9773626892138031
train/olive_peacock_spot/IMG_20190815_123950.jpg,olive_peacock_spot,2,train/olive_peacock_spot/IMG_20190815_123950.jpg,0.17431877566256065,0.1436570148776196,0.0,0.016530688423185624,0.6784514477683571,5.743562190743817,0.7464857754335679,0.17686821742022285,0.9717791194701211
train/olive_peacock_spot/IMG_20190815_123954.jpg,olive_peacock_spot,2,train/olive_peacock_spot/IMG_20190815_123954.jpg,0.1065730460995515,0.08381736637011984,0.0,0.021836629659583853,0.8080655834129843,4.979441779945867,0.7560448945694676,0.18400482787132244,0.9730311056584692
train/olive_peacock_spot/IMG_20190815_123957.jpg,olive_peacock_spot,2,train/olive_peacock_spot/IMG_20190815_123957.jpg,0.09303209860895466,0.10548496466934948,0.00481637567730283,0.022751037738838367,0.7949554802116671,5.325172889956223,0.6983595001926628,0.14192875069211522,0.9770175027332185
train/olive_peacock_spot/IMG_20190815_123959.jpg,olive_peacock_spot,2,train/olive_peacock_spot/IMG_20190815_123959.jpg,0.10967157596282587,0.13396865401275893,0.03394502638418524,0.018508309049381742,0.7183192880207924,5.089976717014869,0.6904508812015746,0.1696398333821897,0.9776852895704905
train/olive_peacock_spot/IMG_20190815_124002.jpg,olive_peacock_spot,2,train/olive_peacock_spot/IMG_20190815_124002.jpg,0.07321933485929716,0.09139625690049819,0.032152955432880034,0.017234414972398006,0.8012925811229299,5.79779404970855,0.6696852504078578,0.1628591146868698,0.9744898417886784
train/olive_peacock_spot/IMG_20190815_124013.jpg,olive_peacock_spot,2,train/olive_peacock_spot/IMG_20190815_124013.jpg,0.07859661979572208,0.15247561031466128,0.0,0.009801676361471168,0.7653551962625383,3.9684358069719954,0.7778679603365173,0.17156450157467606,0.9776250077095147
train/olive_peacock_spot/IMG_20190815_124016.jpg,olive_peacock_spot,2,train/olive_peacock_spot/IMG_20190815_124016.jpg,0.06629047279899195,0.06623568728428203,0.0,0.03046074617871035,0.8658302744754287,3.167598632243527,0.7822154957703,0.1814993419818548,0.9817543256171926
train/olive_peacock_spot/IMG_20190815_124019.jpg,olive_peacock_spot,2,train/olive_peacock_spot/IMG_20190815_124019.jpg,0.08080177932082022,0.05394922425952045,5.424758598242378e-05,0.030921124009981555,0.8633503309102745,3.9550857058070075,0.7739066705454838,0.1870281743365872,0.9790994972909401
train/olive_peacock_spot/IMG_20190815_124022.jpg,olive_peacock_spot,2,train/olive_peacock_spot/IMG_20190815_124022.jpg,0.10043178609980902,0.0606161255501121,8.30357884248111e-05,0.031387528024578594,0.8359212820725733,3.7404987068128532,0.7802339768332676,0.21696444880678317,0.9741389080786217
train/olive_peacock_spot/IMG_20190815_124026.jpg,olive_peacock_spot,2,train/olive_peacock_spot/IMG_20190815_124026.jpg,0.06658754450621525,0.08695109001186832,0.0002810918858142295,0.05240802048847523,0.8424948466487601,3.923138316856604,0.7329835978057089,0.13861544728512237,0.9844757444780837
train/olive_peacock_spot/IMG_20190815_124028.jpg,olive_peacock_spot,2,train/olive_peacock_spot/IMG_20190815_124028.jpg,0.03157177196570157,0.12187421519032755,0.004843396835647401,0.05575287913034119,0.8375847594446238,3.9292312928103437,0.7361200587223086,0.14075574349480488,0.987011155242769
train/olive_peacock_spot/IMG_20190815_124047.jpg,olive_peacock_spot,2,train/olive_peacock_spot/IMG_20190815_124047.jpg,0.016650794138428928,0.08859942858898344,0.0035943596202881634,0.037633252434641024,0.8881754784799238,3.700182174887862,0.7535564672007611,0.15042883492688922,0.9849669689578083
train/olive_peacock_spot/IMG_20190815_124343.jpg,olive_peacock_spot,2,train/olive_peacock_spot/IMG_20190815_124343.jpg,0.005210183540556542,0.1387507400828893,0.06039076376554174,0.0009177027827116637,0.7931616341030195,3.092601227495126,0.7272994377364521,0.1633644522996208,0.9798361510581179
train/olive_peacock_spot/IMG_20190815_124346.jpg,olive_peacock_spot,2,train/olive_peacock_spot/IMG_20190815_124346.jpg,0.00951591392423314,0.16396928955051726,0.08254334426702231,0.00043254154201059726,0.7392855855531125,3.717016005048114,0.7019777776564883,0.18467821242314772,0.9765581019017119
train/olive_peacock_spot/IMG_20190815_124406.jpg,olive_peacock_spot,2,train/olive_peacock_spot/IMG_20190815_124406.jpg,0.0028946160142135626,0.06967041303176093,0.00616852654063442,0.0002595172978260436,0.9186712714351306,2.8136997490441575,0.7687831613804403,0.21104221063254042,0.9622171282072804
train/olive_peacock_spot/IMG_20190815_124410.jpg,olive_peacock_spot,2,train/olive_peacock_spot/IMG_20190815_124410.jpg,0.0025521271980195495,0.11752545746880025,0.014521603756731236,0.001352627414950361,0.8603220784523901,3.358644253234217,0.7233042576194402,0.15022644530055956,0.9729080817614941
train/olive_peacock_spot/IMG_20190815_124412.jpg,olive_peacock_spot,2,train/olive_peacock_spot/IMG_20190815_124412.jpg,0.0015446954263583245,0.10105442253016633,0.046072220107904814,0.00268642682844926,0.845642391815353,3.372446507923634,0.6886788802165041,0.16773842409544995,0.9764616932477681
train/olive_peacock_spot/IMG_20190815_124416.jpg,olive_peacock_spot,2,train/olive_peacock_spot/IMG_20190815_124416.jpg,0.001529497450837582,0.10393299344501092,0.04319009468317553,0.0014809419762078174,0.8411264870114106,3.86514909516757,0.6987305676540125,0.21519955449246966,0.9709201648435739
train/olive_peacock_spot/IMG_20190815_124640.jpg,olive_peacock_spot,2,train/olive_peacock_spot/IMG_20190815_124640.jpg,0.000559120964605212,0.1324873590042785,0.014342668222481524,0.0006077401789187087,0.8513710618436406,2.776038458458591,0.7195300841001928,0.15499289224157614,0.9789867817728091
train/olive_peacock_spot/IMG_20190815_124643.jpg,olive_peacock_spot,2,train/olive_peacock_spot/IMG_20190815_124643.jpg,0.0,0.11663625655357183,0.03432108460170451,0.0001616740189851491,0.8479109407118276,2.6991484902429463,0.7112483933656911,0.19138834051568793,0.9799989380680316
train/olive_peacock_spot/IMG_20190815_124646.jpg,olive_peacock_spot,2,train/olive_peacock_spot/IMG_20190815_124646.jpg,9.973868464622689e-05,0.09782370190101933,0.03825975943029263,0.0003590592647264168,0.8622808242404899,3.2731553739553823,0.6888352804977718,0.20695782889372527,0.9754782746868894
train/olive_peacock_spot/IMG_20190815_124657.jpg,olive_peacock_spot,2,train/olive_peacock_spot/IMG_20190815_124657.jpg,0.00011681560656503709,0.22136557444074528,0.00011681560656503709,0.0,0.7761520939197477,2.6996813547340337,0.7391246619905939,0.1755484435020649,0.9746692084263732
train/olive_peacock_spot/IMG_20190815_124659.jpg,olive_peacock_spot,2,train/olive_peacock_spot/IMG_20190815_124659.jpg,5.300259712725924e-05,0.14819526156781682,0.0,2.650129856362962e-05,0.8503736683097471,2.051598788230371,0.7834464021176456,0.20292875180985437,0.9764010031739314
train/olive_peacock_spot/IMG_20190815_124702.jpg,olive_peacock_spot,2,train/olive_peacock_spot/IMG_20190815_124702.jpg,0.0002706286704013423,0.17141619983221024,2.706286704013423e-05,0.0,0.826418770804579,2.637412957162864,0.7676912885729912,0.19011095738930897,0.9738856515188585
train/olive_peacock_spot/IMG_20190815_124706.jpg,olive_peacock_spot,2,train/olive_peacock_spot/IMG_20190815_124706.jpg,8.000320012800512e-05,0.08664346573862955,4.000160006400256e-05,0.0,0.9122764910596424,2.2365664023888323,0.7817169691460377,0.23983583035088385,0.9668160913002121
train/olive_peacock_spot/IMG_20190815_124709.jpg,olive_peacock_spot,2,train/olive_peacock_spot/IMG_20190815_124709.jpg,0.0006337433104872782,0.14388320345507463,0.00131443056989954,0.0,0.8526429443244766,2.595887753600904,0.7278200685592116,0.15548149975335437,0.9787738473920804
train/olive_peacock_spot/IMG_20190815_124714.jpg,olive_peacock_spot,2,train/olive_peacock_spot/IMG_20190815_124714.jpg,0.0005584252408208851,0.13815440457908698,0.02979198659779422,0.0,0.828395923495742,2.9702096138990366,0.7107672954584076,0.21427470025137882,0.9758930067449607
train/olive_peacock_spot/IMG_20190815_124722.jpg,olive_peacock_spot,2,train/olive_peacock_spot/IMG_20190815_124722.jpg,0.19368737995120178,0.15111872501687174,0.004568343456367129,0.0011420858640917822,0.6430981674713181,5.953939492319822,0.7139974485151817,0.17428956546071267,0.971926976337121
train/olive_peacock_spot/IMG_20190815_124725.jpg,olive_peacock_spot,2,train/olive_peacock_spot/IMG_20190815_124725.jpg,0.14048765173712852,0.1003034742570113,0.0028777731268313103,0.0017789870238593553,0.7498953537044789,4.473355801660111,0.7627692740911336,0.20946025076219765,0.9720506781460858
train/olive_peacock_spot/IMG_20190815_124728.jpg,olive_peacock_spot,2,train/olive_peacock_spot/IMG_20190815_124728.jpg,0.19362984218077475,0.1351506456241033,0.003672883787661406,0.010559540889526542,0.6555523672883787,6.305868588596205,0.7330577121647348,0.2011368359952205,0.9687528340814529
train/olive_peacock_spot/IMG_20190815_124732.jpg,olive_peacock_spot,2,train/olive_peacock_spot/IMG_20190815_124732.jpg,0.057894602134575514,0.03166031071638811,0.0008446162115123749,0.0045046197947326665,0.9072969721788539,4.552754558403221,0.7912516373922961,0.2801004533779262,0.9629896274155636
train/olive_peacock_spot/IMG_20190815_124735.jpg,olive_peacock_spot,2,train/olive_peacock_spot/IMG_20190815_124735.jpg,0.08585858585858586,0.0626331340617055,0.004191575620147049,0.013639799354085068,0.8364941936370508,5.235323852074429,0.7410014281917272,0.17832968832413804,0.9721062361424729
train/olive_peacock_spot/IMG_20190815_124737.jpg,olive_peacock_spot,2,train/olive_peacock_spot/IMG_20190815_124737.jpg,0.055087457337883956,0.04706164675767918,0.031783276450511946,0.015465017064846416,0.8507359215017065,4.121970960900759,0.7272949952770187,0.20084730453379035,0.9784650886765576
train/olive_peacock_spot/IMG_20190815_124740.jpg,olive_peacock_spot,2,train/olive_peacock_spot/IMG_20190815_124740.jpg,0.050009734931716406,0.048730286763274275,0.03198620421105332,0.006591939476538814,0.8568130614969544,4.661659242646708,0.7314415069914681,0.250387593915178,0.9715641557864243
train/olive_peacock_spot/IMG_20190815_124844.jpg,olive_peacock_spot,2,train/olive_peacock_spot/IMG_20190815_124844.jpg,0.02109724077571514,0.08719885761665669,0.0011285641899672946,0.007715693951817219,0.888986134782809,4.037672070164751,0.7521571325040596,0.15781869372058577,0.9668914700290642
train/olive_peacock_spot/IMG_20190815_124847.jpg,olive_peacock_spot,2,train/olive_peacock_spot/IMG_20190815_124847.jpg,0.019726821598781506,0.07360094334987471,0.0007861248955927873,0.00800864737385152,0.9047806220213236,3.542952139030859,0.767569571952441,0.1657540420146322,0.9685690404165324
train/olive_peacock_spot/IMG_20190815_124850.jpg,olive_peacock_spot,2,train/olive_peacock_spot/IMG_20190815_124850.jpg,0.01808263241398796,0.06478885483906023,0.0011953663254439155,0.009606398469931103,0.914520440764165,4.321154099791025,0.7650491968076192,0.17816651476428008,0.9610767353557941
train/olive_peacock_spot/IMG_20190815_124853.jpg,olive_peacock_spot,2,train/olive_peacock_spot/IMG_20190815_124853.jpg,0.016193164259667485,0.05212303508518923,0.0006592636848719586,0.007457920435114032,0.9299532334823544,3.9010100601554987,0.7724026019154844,0.20163686908953776,0.9576434714828078
train/olive_peacock_spot/IMG_20190815_124855.jpg,olive_peacock_spot,2,train/olive_peacock_spot/IMG_20190815_124855.jpg,0.018581968238089285,0.09300987870451419,0.003301237964236589,0.017156433662623483,0.8831061648118044,4.435075862873597,0.7218546272507016,0.1389064360901221,0.9722693437559051
train/olive_peacock_spot/IMG_20190815_124858.jpg,olive_peacock_spot,2,train/olive_peacock_spot/IMG_20190815_124858.jpg,0.00561391324478398,0.10223688398877218,0.008710246838556588,0.017188992100008682,0.8799374945741818,3.5279463986784823,0.7590212945024661,0.15650605939068526,0.9776076711949007
train/olive_peacock_spot/IMG_20190815_124929.jpg,olive_peacock_spot,2,train/olive_peacock_spot/IMG_20190815_124929.jpg,0.09241210020937117,0.1502418597935167,0.0,0.0,0.7547830481553679,3.199356925635045,0.7630126454284487,0.18619755298648483,0.9774575081532506
train/olive_peacock_spot/IMG_20190815_124939.jpg,olive_peacock_spot,2,train/olive_peacock_spot/IMG_20190815_124939.jpg,0.08342564167484255,0.11808083045858785,3.164857423173086e-05,0.0,0.7967845048580562,2.694339665626516,0.7719970888799528,0.17856275504274566,0.9796147518268296
train/olive_peacock_spot/IMG_20190815_124942.jpg,olive_peacock_spot,2,train/olive_peacock_spot/IMG_20190815_124942.jpg,0.07580085696796572,0.17353601305855948,0.0,0.0001360266612256002,0.7485207100591716,3.768365209786901,0.7504477239748033,0.16605983441540145,0.978295121009482
train/olive_peacock_spot/IMG_20190815_124946.jpg,olive_peacock_spot,2,train/olive_peacock_spot/IMG_20190815_124946.jpg,0.062498124756218305,0.08704131537099823,0.0,0.0,0.8486903297428666,2.754333322885902,0.7883874812001785,0.2253387161423152,0.9694186929396231
train/olive_peacock_spot/IMG_20190815_124948.jpg,olive_peacock_spot,2,train/olive_peacock_spot/IMG_20190815_124948.jpg,0.05620847028778169,0.09411430868547377,0.024994679467473812,0.0020809193880205255,0.823571141431578,2.4068816244590128,0.7359905289882744,0.13900258586149988,0.985105605858303
train/olive_peacock_spot/IMG_20190815_124951.jpg,olive_peacock_spot,2,train/olive_peacock_spot/IMG_20190815_124951.jpg,0.040688940140919574,0.057404625378218825,0.039482871712405575,0.00014811366665961364,0.8617887899113434,2.0339719796162568,0.7577697561410071,0.2518709687961991,0.9811536228281952
train/olive_peacock_spot/IMG_20190815_124953.jpg,olive_peacock_spot,2,train/olive_peacock_spot/IMG_20190815_124953.jpg,0.04629028769197491,0.06695988655755042,0.0,0.0,0.8855240704689115,2.68545217435887,0.7894379544539102,0.1957480888157831,0.9696173759159121
train/olive_peacock_spot/IMG_20190815_125008.jpg,olive_peacock_spot,2,train/olive_peacock_spot/IMG_20190815_125008.jpg,0.028629197679188888,0.07545566430287758,5.86063412061185e-05,0.0,0.8940690382699408,3.0426337111681345,0.7900362256491277,0.1823438910880917,0.9696398959941843
train/olive_peacock_spot/IMG_20190815_125124.jpg,olive_peacock_spot,2,train/olive_peacock_spot/IMG_20190815_125124.jpg,0.004009401354901148,0.11685331121249827,0.0,0.0,0.8778100373289092,3.005056573767839,0.7596948348539395,0.17042728197175375,0.970998966794815
train/olive_peacock_spot/IMG_20190815_125135.jpg,olive_peacock_spot,2,train/olive_peacock_spot/IMG_20190815_125135.jpg,0.0015907317365988355,0.14670748544330392,0.0026712287652320066,0.0022810492826700283,0.8470196290293535,3.290992474947868,0.7072392504345084,0.1292204588738895,0.9803614859467167
train/olive_peacock_spot/IMG_20190815_125138.jpg,olive_peacock_spot,2,train/olive_peacock_spot/IMG_20190815_125138.jpg,0.0007496251874062968,0.1519240379810095,0.013774362818590704,0.0005622188905547226,0.8324900049975013,3.330339093855903,0.7128572690654198,0.18625134663714393,0.9759697312183416
train/olive_peacock_spot/IMG_20190815_125202.jpg,olive_peacock_spot,2,train/olive_peacock_spot/IMG_20190815_125202.jpg,0.06372658202786646,0.12272626030143292,0.00180661766525602,0.008958843764694236,0.8100824114633604,2.83629048592529,0.7162714040135867,0.12817994026168011,0.9850202648471018
train/olive_peacock_spot/a224.jpg,olive_peacock_spot,2,train/olive_peacock_spot/a224.jpg,0.06646200462483055,0.00041862690375568136,0.0,0.017004226138266486,0.8918746511442469,5.731100000797109,0.8050813134647752,0.13290152711888728,0.9691170077600033
train/olive_peacock_spot/a226.jpg,olive_peacock_spot,2,train/olive_peacock_spot/a226.jpg,0.05255602520137172,0.001973841614163809,0.0,0.020515990110854136,0.9272071138049286,5.4706080280507825,0.7796750793456098,0.12560811346762316,0.9696733037420138
train/olive_peacock_spot/a228.jpg,olive_peacock_spot,2,train/olive_peacock_spot/a228.jpg,0.0423635892426387,0.010306812065150217,0.0,0.005781383943701282,0.93478997627639,5.386066053275346,0.7912080456950509,0.13553786958606767,0.9622454271545383
train/olive_peacock_spot/a231.jpg,olive_peacock_spot,2,train/olive_peacock_spot/a231.jpg,0.051838565022421526,0.0,0.0,0.022521175884404585,0.9383756851021425,5.208150571154608,0.7946329895570076,0.14781566367768342,0.956801845994825
train/olive_peacock_spot/a233.jpg,olive_peacock_spot,2,train/olive_peacock_spot/a233.jpg,0.06256623542820579,9.997800483893543e-05,0.0,0.022275099478114815,0.9223770770430505,7.053878193654078,0.7900817400788744,0.13180378638541693,0.9637858904516201
train/olive_peacock_spot/a244.jpg,olive_peacock_spot,2,train/olive_peacock_spot/a244.jpg,0.06421451355661882,3.9872408293460924e-05,0.0,0.01335725677830941,0.9210326953748006,6.942048303022412,0.7851906622689813,0.1296482540669914,0.9602739315208113
train/olive_peacock_spot/a248.jpg,olive_peacock_spot,2,train/olive_peacock_spot/a248.jpg,0.01390444942381562,0.052556818181818184,0.0,0.03439100512163892,0.8852632842509603,6.046918593886272,0.8013287719574304,0.12674823880312747,0.9739273100678025
test/Healthy/B-700.jpg,Healthy,0,test/Healthy/B-700.jpg,0.0545279946557555,0.0026929982046678637,0.0037367959584150975,0.019247630579098993,0.9264748862260448,4.4796501021070885,0.8092601836837752,0.23806642471505557,0.9773029519331633
test/Healthy/B-701.jpg,Healthy,0,test/Healthy/B-701.jpg,0.09128364278452565,0.005350741077639253,0.009176520948151318,0.03480657071004334,0.8700840066349189,5.522240219388854,0.7648633862623379,0.18771540392397365,0.9806892541751848
test/Healthy/B-702.jpg,Healthy,0,test/Healthy/B-702.jpg,0.06272904959687271,0.007858946168254744,0.003949833048293835,0.016369411189836307,0.920636859679127,3.0569250779390815,0.804980620892828,0.21352890321918366,0.9792266929010593
test/Healthy/B-703.jpg,Healthy,0,test/Healthy/B-703.jpg,0.11484077514491524,0.01637117702699425,0.014382382188159395,0.03497368484877883,0.8434430404307438,3.9605367759383507,0.7305667186678458,0.15265051205425545,0.9830064261185535
test/Healthy/B-704.jpg,Healthy,0,test/Healthy/B-704.jpg,0.04028576032658323,0.0012622871568996078,0.003464575388086158,0.03851318687221357,0.9502068002363431,7.985048565174536,0.7611058860403942,0.1582893310430013,0.9818471057477535
test/Healthy/B-705.jpg,Healthy,0,test/Healthy/B-705.jpg,0.05114200595829196,0.0027032991283239545,0.007723711795211299,0.04703188789584023,0.9347622200154474,7.699013066118061,0.76316979659597,0.15341690189988738,0.98555120886864
test/Healthy/B-706.jpg,Healthy,0,test/Healthy/B-706.jpg,0.09905925866366487,0.003216209696872236,0.0006968454343223178,0.07922596553295275,0.8848060893570261,6.6244950582423145,0.7610804446538666,0.20146529203732982,0.9829275617309574
test/Healthy/B-707.jpg,Healthy,0,test/Healthy/B-707.jpg,0.1484883863831879,0.0037483101880299865,0.0007066486420056532,0.11515300479292122,0.8299434681086395,7.1544940609047325,0.7187794627980966,0.17251177790855804,0.9856261562076858
test/Healthy/B-708.jpg,Healthy,0,test/Healthy/B-708.jpg,0.06029147936866294,0.0057046100505956585,0.0012296155939446472,0.025418774819085246,0.9267270051805117,3.686883865524485,0.8160910190955744,0.2116093834030577,0.9783741876510536
test/Healthy/B-709.jpg,Healthy,0,test/Healthy/B-709.jpg,0.11818136571769859,0.015503683057933506,0.007142146127812064,0.050144336054150904,0.8421511049173801,4.807182746114964,0.7367156870410445,0.16087818109189939,0.9830708706281247
test/Healthy/B-710.jpg,Healthy,0,test/Healthy/B-710.jpg,0.11467470148420936,0.0023658073875683517,0.0036156678942082356,0.03713871219729941,0.8724919093851132,4.212243097264794,0.7808543556444116,0.20349738004249052,0.9844913362866874
test/Healthy/B-711.jpg,Healthy,0,test/Healthy/B-711.jpg,0.213008039613876,0.0041171725039641695,0.010292931259910423,0.06604167246223606,0.7523020001669124,5.1198411108147575,0.7125675854557512,0.1560386149557598,0.9875790468841007
test/Healthy/B-712.jpg,Healthy,0,test/Healthy/B-712.jpg,0.0694418004526514,0.002792055333460245,0.00266514372739387,0.026736045011316285,0.9148000084607737,4.342402371434966,0.7972848631203427,0.2249577638009134,0.9802012152484105
test/Healthy/B-713.jpg,Healthy,0,test/Healthy/B-713.jpg,0.11306948023532844,0.0045947391452326545,0.00848446540574707,0.049253658773763795,0.8453104487771673,5.388249461564573,0.7493775383412267,0.19098858000761884,0.9845105345715084
test/Healthy/B-714.jpg,Healthy,0,test/Healthy/B-714.jpg,0.06889163576431809,0.0018747424804285125,0.0005150391429748661,0.02812113720642769,0.926946847960445,4.649451618350006,0.8009014410424169,0.21128583549582142,0.9770533404706316
test/Healthy/B-715.jpg,Healthy,0,test/Healthy/B-715.jpg,0.1644343336230254,0.0054189458616635145,0.006185777823219672,0.05799805735903073,0.8214815193497265,5.2580301750313385,0.7583785611244501,0.17685428869952546,0.9850603153507306
test/Healthy/B-716.jpg,Healthy,0,test/Healthy/B-716.jpg,0.06822497513337553,0.007166109051451306,0.05468396780902433,0.003164843114205624,0.8382765168640925,2.95185276055059,0.7595523204100695,0.16208624742546304,0.987678406071081
test/Healthy/B-717.jpg,Healthy,0,test/Healthy/B-717.jpg,0.07626989373061474,0.01149133065541262,0.0936848527991051,0.004372807240555245,0.759546448365282,3.1781062082041975,0.741992110694108,0.14290086522906326,0.9892403701585197
test/Healthy/B-718.jpg,Healthy,0,test/Healthy/B-718.jpg,0.09050196378963503,0.0161892901618929,0.008334131621802854,0.04878340837244947,0.8697911677363732,4.77459664445286,0.773783554377995,0.18047690597160426,0.9819818255375035
test/Healthy/B-719.jpg,Healthy,0,test/Healthy/B-719.jpg,0.10356002592601483,0.029238783397748276,0.017908154691888518,0.0653671651823223,0.8273759512206832,5.753827271465626,0.7029950970613922,0.13430673255866826,0.9821044425343746
test/Healthy/B-720.jpg,Healthy,0,test/Healthy/B-720.jpg,0.08840128442152378,0.012041451785540527,0.016274204534397197,0.04235185365379002,0.8630680159579643,3.635586067602258,0.7844992918608503,0.18080672158916852,0.9846349903980003
test/Healthy/B-721.jpg,Healthy,0,test/Healthy/B-721.jpg,0.10604254887542156,0.02051373076045338,0.033521819611025176,0.06859041002104622,0.79301163881634,4.411891547106905,0.7138294811559163,0.15246674562210216,0.9869957318363834
test/Healthy/B-722.jpg,Healthy,0,test/Healthy/B-722.jpg,0.05010292021986473,0.0038001311950055417,0.03001651247483544,0.012305186726684611,0.8996358207604787,3.507377059352555,0.7881409935673741,0.18357020942527205,0.9823390274512555
test/Healthy/B-723.jpg,Healthy,0,test/Healthy/B-723.jpg,0.061602537714603965,0.006901227692084171,0.09000653800518198,0.021236409424413395,0.794682422451994,3.357281814070891,0.7507277567841538,0.1378250413487919,0.9893379444257104
test/Healthy/B-724.jpg,Healthy,0,test/Healthy/B-724.jpg,0.08519149375451636,0.004180860947661815,0.028130484154020852,0.0404924125116135,0.8593217714462682,4.922682132313042,0.7148522398567204,0.14667804304464602,0.9887224574571596
test/Healthy/B-725.jpg,Healthy,0,test/Healthy/B-725.jpg,0.08384413309982487,0.006293782837127846,0.031058450087565675,0.04449430823117338,0.8528896672504378,5.271170187633497,0.705354704310843,0.14058094564872206,0.9881862972714145
test/Healthy/B-726.jpg,Healthy,0,test/Healthy/B-726.jpg,0.054764766664557894,0.003605997342949326,0.005208662828704583,0.018346302271145695,0.9296935956643682,3.3104835393108694,0.8036726505054592,0.19129439842205084,0.9853018744188766
test/Healthy/B-727.jpg,Healthy,0,test/Healthy/B-727.jpg,0.0993866230053029,0.006280393929767112,0.012438601207204124,0.0346521346008162,0.8662300530290071,4.2367369733768125,0.7277531084308498,0.1550429032415896,0.9877301931320719
test/Healthy/B-728.jpg,Healthy,0,test/Healthy/B-728.jpg,0.025322887994918483,0.003980520855388524,0.020601312724962947,0.009951302138471311,0.9344060978191827,2.5369618181870965,0.8036117605142234,0.19473223699114517,0.982573120568192
test/Healthy/B-729.jpg,Healthy,0,test/Healthy/B-729.jpg,0.045522836538461536,0.008463541666666666,0.09334935897435898,0.025691105769230768,0.8191356169871795,3.3434736034375527,0.7140607360340092,0.13160312536486812,0.9874996740374544
test/Healthy/B-730.jpg,Healthy,0,test/Healthy/B-730.jpg,0.10501726121979287,0.005615650172612198,0.009804372842347525,0.03084004602991945,0.8742002301495972,3.981296048731642,0.7565481250137703,0.16373969654343434,0.9823850165672965
test/Healthy/B-731.jpg,Healthy,0,test/Healthy/B-731.jpg,0.1464501510574018,0.01513091641490433,0.01659113796576032,0.04700402819738167,0.8053877139979859,4.20650208815845,0.7292649630050448,0.14345482884072686,0.9854025715380844
test/Healthy/B-732.jpg,Healthy,0,test/Healthy/B-732.jpg,0.14523062317044225,0.02531712334186028,0.008913737176613307,0.10387932171207047,0.8133653313642237,5.182558151753263,0.7435290731121809,0.15512052004033927,0.9854366166780039
test/Healthy/B-733.jpg,Healthy,0,test/Healthy/B-733.jpg,0.1501278838452993,0.030330431188157182,0.011858320200480534,0.11819567520086806,0.7973751517813316,5.261275575683832,0.7332010073366488,0.14772967734463663,0.9868455307009313
test/Healthy/B-734.jpg,Healthy,0,test/Healthy/B-734.jpg,0.09434277596724325,0.007875825185927969,0.0017548257708698922,0.009860449569649871,0.8941672933901562,2.9247591715195975,0.7858456857616629,0.18480629161683873,0.9822946744297014
test/Healthy/B-735.jpg,Healthy,0,test/Healthy/B-735.jpg,0.17557053267063935,0.015092768482135886,0.007208098050951105,0.018137344193187438,0.7978609903978766,3.6801585630802554,0.7290113055229207,0.15347978054688627,0.9844117388028192
test/Healthy/B-736.jpg,Healthy,0,test/Healthy/B-736.jpg,0.10729055890346213,0.004230178423726811,0.00016542597187758478,0.06281460475008863,0.8816731655441333,5.959848015180575,0.7789000752026771,0.20556723491470835,0.9826333384733057
test/Healthy/B-737.jpg,Healthy,0,test/Healthy/B-737.jpg,0.18134074760580784,0.013480495408206252,0.001235712079085573,0.10365939281601932,0.7825427584463729,6.9580298896895165,0.7101710597094384,0.15737262107259273,0.9859440108862709
test/Healthy/B-738.jpg,Healthy,0,test/Healthy/B-738.jpg,0.09501310973235379,0.0024402274084265726,0.026764621894551022,0.029230809169024687,0.8695776329794138,5.188170417356284,0.7507160882506599,0.16639793274635545,0.9847545811830598
test/Healthy/B-739.jpg,Healthy,0,test/Healthy/B-739.jpg,0.1234386691993323,0.0024175444655499916,0.03568756115811892,0.03724169688597249,0.8278938582858458,5.564961344791405,0.7225939071710904,0.15113338650484545,0.9857938666340951
test/Healthy/B-740.jpg,Healthy,0,test/Healthy/B-740.jpg,0.07236828686234116,0.004018194056336305,0.0028963632284251537,0.03408326024435515,0.9191465926938218,3.500364920459398,0.8061063678216728,0.1807119476329484,0.9830393424619643
test/Healthy/B-741.jpg,Healthy,0,test/Healthy/B-741.jpg,0.1436418707325838,0.009651419477385903,0.007957287335078804,0.0514913496586067,0.8346937727809436,4.513058350496079,0.7442810682892249,0.1404023622921441,0.9843899251377016
test/Healthy/B-742.jpg,Healthy,0,test/Healthy/B-742.jpg,0.07919485629288422,0.0035986756873470564,0.019600786910416966,0.041864593829470755,0.8686483374118324,4.364772874266965,0.7609073769335791,0.16652264375313006,0.9837791060008945
test/Healthy/B-743.jpg,Healthy,0,test/Healthy/B-743.jpg,0.09468274826356297,0.004763469119579501,0.028158438145297542,0.05756054064201239,0.8267552093110568,3.9472251279780335,0.756283965749159,0.16252059530184698,0.9884735376383629
test/Healthy/B-744.JPG,Healthy,0,test/Healthy/B-744.JPG,0.04637900781623863,0.003230180252033817,1.9939384271813686e-05,0.044066039240708246,0.9487159036528952,4.304052976830587,0.8859373988629303,0.2909835247743927,0.9606459650515664
test/Healthy/B-745.JPG,Healthy,0,test/Healthy/B-745.JPG,0.09443502192070147,0.005312169989439662,0.0,0.0,0.8759320298249544,6.1724724740275185,0.8617870376421074,0.2897084325607329,0.9530686629434281
test/Healthy/B-746.JPG,Healthy,0,test/Healthy/B-746.JPG,0.06076610331632653,0.0027104591836734694,0.0,0.001634247448979592,0.9282525510204082,5.198609737746418,0.866883878549568,0.29636468393511406,0.9441721915047119
test/Healthy/B-747.JPG,Healthy,0,test/Healthy/B-747.JPG,0.06947531556516243,0.0019576255633271477,0.00016313546361059565,0.0001835273965619201,0.9183507004628969,4.797030443343232,0.8669890133885866,0.29566199651524794,0.9639923425867439
test/Healthy/B-748.JPG,Healthy,0,test/Healthy/B-748.JPG,0.0594108737244898,0.001096141581632653,7.971938775510203e-05,0.00763313137755102,0.9339126275510204,4.252757239710295,0.8783033810341355,0.3046348189765855,0.9560646013694841
test/Healthy/B-749.JPG,Healthy,0,test/Healthy/B-749.JPG,0.11082904669650612,0.011156389872402967,0.00016701182443717015,0.0,0.858474179971942,5.760574133068184,0.864465924760349,0.2853397376327397,0.9530155576241818
test/Healthy/B-750.JPG,Healthy,0,test/Healthy/B-750.JPG,0.1127178222770133,0.007663345883450505,0.00036650784659980677,0.003498483990270883,0.8492319994668976,7.857969374581471,0.8427472596697902,0.27909668658016934,0.9604067969947115
test/Healthy/B-751.JPG,Healthy,0,test/Healthy/B-751.JPG,0.024788088892451356,0.0003606997575296074,0.0,0.023024667855639943,0.9722060797948019,2.4359954560903425,0.8520208683654412,0.29109016314272984,0.9584367298804
test/Healthy/B-752.JPG,Healthy,0,test/Healthy/B-752.JPG,0.02545585125483781,0.0003191956270199098,1.9949726688744364e-05,0.015381239277021905,0.9712125443881419,2.625884831338529,0.8642375604139584,0.3196347076119289,0.9564220908226352
test/Healthy/B-753.JPG,Healthy,0,test/Healthy/B-753.JPG,0.031193252895363382,0.0008474234292401437,0.0005245954561962794,0.024615632944594647,0.9638432670190872,3.4209004898095707,0.8479669381313402,0.2949637467262206,0.9682640754176015
test/Healthy/B-754.JPG,Healthy,0,test/Healthy/B-754.JPG,0.028003140539125882,0.0007046081372174018,0.0006442131540273388,0.02246693374670344,0.9670444708392889,3.3143162005660973,0.8517124038564183,0.298616919991057,0.9656180142610526
test/Healthy/B-755.JPG,Healthy,0,test/Healthy/B-755.JPG,0.043311873392995956,0.0022921608100296984,0.004524526120667317,0.0017141376492396006,0.938251180961113,2.7023493005774126,0.8090544533825303,0.26278689019503576,0.9698069188596272
test/Healthy/B-756.JPG,Healthy,0,test/Healthy/B-756.JPG,0.056604904958925464,0.0057964062281385545,0.0006396034458635646,0.0006196158381803282,0.9348603865603325,3.2064369351138264,0.8136201531844895,0.2786545160615314,0.969822600656671
test/Healthy/B-760.JPG,Healthy,0,test/Healthy/B-760.JPG,0.11244337863042898,0.008716836054965552,0.010163297933082106,0.04739065890145027,0.8123025389212439,5.738570905897687,0.7887826260100477,0.2748577651653257,0.9747904815023517
test/Healthy/B-761.JPG,Healthy,0,test/Healthy/B-761.JPG,0.12271392021226192,0.007959821851606179,0.01075523547806311,0.04955936700464323,0.7961717047285132,5.538424036396235,0.8118391708736691,0.31893691520313444,0.9729216019548966
test/Healthy/B-762.JPG,Healthy,0,test/Healthy/B-762.JPG,0.14923486660948856,0.005823139078228682,0.003701530266781023,0.008621857084819213,0.8299553107931206,4.2501910431299255,0.8106804547699782,0.2916761352131614,0.9735078769751201
test/Healthy/B-763.JPG,Healthy,0,test/Healthy/B-763.JPG,0.16645929947592655,0.010632281416129397,0.002224484409757569,0.0010556875164951175,0.8168759190136863,4.680274760602736,0.815921963167835,0.3199058536414764,0.9709954016976348
test/Healthy/B-764.jpg,Healthy,0,test/Healthy/B-764.jpg,0.08263477975016437,4.10913872452334e-05,0.0,0.04867274819197896,0.9118589743589743,9.428947989164518,0.774017404459518,0.11604874658869067,0.9631952175699079
test/Healthy/B-765.JPG,Healthy,0,test/Healthy/B-765.JPG,0.19498300101075072,0.012312781402186897,0.0024809335661122854,0.0008729210695580262,0.7847560415326656,4.611528673861752,0.821759142330843,0.3247628553795744,0.9705074987269998
test/Healthy/B-766.JPG,Healthy,0,test/Healthy/B-766.JPG,0.033302774234693876,0.0048828125,0.002889827806122449,0.001953125,0.9580078125,1.7563399098428576,0.8008293684945741,0.25106945086727034,0.9582569721670526
test/Healthy/B-767.JPG,Healthy,0,test/Healthy/B-767.JPG,0.14162500477044612,0.006754951723085143,0.002213487005304736,3.816356905697821e-05,0.8416211884135404,3.7503231609131995,0.826530421355089,0.2740177070482905,0.973706036627739
test/Healthy/B-768.JPG,Healthy,0,test/Healthy/B-768.JPG,0.059000938742085604,0.0020971897657139434,0.001517965925659616,0.016318133700840873,0.9346475722531807,2.622620407899287,0.8722310714693522,0.29458660958355426,0.9797919518881371
test/Healthy/B-769.JPG,Healthy,0,test/Healthy/B-769.JPG,0.04906886788690832,0.0016947800773617259,0.00279140248036049,0.02386649120708219,0.9446305379431351,2.8719414755812718,0.8142025905637629,0.3299548899847581,0.9720202199678029
test/Healthy/B-770.JPG,Healthy,0,test/Healthy/B-770.JPG,0.09524651891536731,0.011624674635465366,0.003108336913396174,0.002299663895276844,0.8728108968689191,3.8458760228824147,0.7950157029757757,0.24499731892725068,0.9759888307151738
test/Healthy/B-771.JPG,Healthy,0,test/Healthy/B-771.JPG,0.10338487254492269,0.010168547151413847,0.014709569577935646,0.0,0.8676417328318707,2.439776823759865,0.8074094637374205,0.2503273666644105,0.9780482638652365
test/Healthy/B-772.JPG,Healthy,0,test/Healthy/B-772.JPG,0.3139767169525384,0.015705724323207274,0.005786319487497416,0.016807880416063924,0.6184473376041882,4.155992309177913,0.8077085941635291,0.290990203136286,0.9815256446489494
test/Healthy/B-773.JPG,Healthy,0,test/Healthy/B-773.JPG,0.2075381679389313,0.011032919847328244,0.0038764312977099236,0.003101145038167939,0.7370586832061069,3.525328772635313,0.8297733091862121,0.29988145544545397,0.9791569059601632
test/Healthy/B-774.JPG,Healthy,0,test/Healthy/B-774.JPG,0.049081956101353644,0.002531847451207113,0.001495185502681366,0.0018141584099200575,0.9446183289806822,2.6204356634858113,0.8334605080338517,0.28495328410914256,0.9701392726250375
test/Healthy/B-775.JPG,Healthy,0,test/Healthy/B-775.JPG,0.11882895129471835,0.020788435396704354,0.002785053545969961,0.0,0.8366101919697623,3.558779618478991,0.8412950791869809,0.2862355870220567,0.9773848007760261
test/Healthy/B-777.JPG,Healthy,0,test/Healthy/B-777.JPG,0.06290110415753179,0.008869135408777455,0.0,0.00023916769641647067,0.9245027304978675,4.287787339194041,0.8787247504318852,0.29678692821452757,0.9543445291953412
test/Healthy/B-778.JPG,Healthy,0,test/Healthy/B-778.JPG,0.09102382079192302,0.0013671977704159436,0.0,0.0,0.8867066309091866,4.3444451243329425,0.8695208187422214,0.2928251706390981,0.9619505198733986
test/Healthy/B-779.JPG,Healthy,0,test/Healthy/B-779.JPG,0.07820565063841348,0.00356560717196414,0.0008489540885628905,0.01280222765552839,0.8850176582450421,7.406808273499148,0.8629959228983346,0.305871548592197,0.9540436221289421
test/Healthy/B-800.JPG,Healthy,0,test/Healthy/B-800.JPG,0.05061286473587157,0.007701486061394945,0.0057273023104458184,0.022887514914849767,0.91333116390064,10.255191295861179,0.8514109907013871,0.27936914888811365,0.9399326024799766
test/Healthy/B-801.JPG,Healthy,0,test/Healthy/B-801.JPG,0.028556614685119452,0.0014956327523630998,7.976708012603199e-05,0.0005384277908507159,0.949048777569497,4.462081222407877,0.8772077312362391,0.29879046899536116,0.9467680128733762
test/Healthy/B-802.JPG,Healthy,0,test/Healthy/B-802.JPG,0.038165656887755105,0.002311862244897959,1.992984693877551e-05,0.006477200255102041,0.9471061862244898,4.306629590651347,0.8711574535665269,0.30318598792085394,0.9461780388740492
test/Healthy/DSC_0017.JPG,Healthy,0,test/Healthy/DSC_0017.JPG,0.03469765197812801,0.0022314248954647797,0.0024726600192988097,0.021409617240270185,0.9555122225796076,3.2168907943480827,0.8210018441476482,0.2678091096801075,0.9643844579056713
test/Healthy/DSC_0024.JPG,Healthy,0,test/Healthy/DSC_0024.JPG,0.03964430527118712,0.0013047492874061583,0.00032116905536151594,0.022521980007226303,0.9547753823919065,3.5846048632025975,0.8416069608835737,0.292415714378789,0.9651139219073148
test/Healthy/DSC_0037.JPG,Healthy,0,test/Healthy/DSC_0037.JPG,0.02066392229229615,0.0008922596475574393,0.00014195039847504716,0.01954859773284935,0.9764565124814958,3.5421163366605537,0.8445741151964936,0.29532656278402597,0.964156688904611
test/Healthy/DSC_0064.JPG,Healthy,0,test/Healthy/DSC_0064.JPG,0.04932735426008968,0.007095166915794719,0.010762331838565023,0.011420029895366219,0.9217737917289487,2.543557946850701,0.8173715990497972,0.2793662404932087,0.9722338116834524
test/Healthy/IMG_20190724_133214.jpg,Healthy,0,test/Healthy/IMG_20190724_133214.jpg,0.1699094014555176,0.00460418832615476,0.004930937175107678,0.11106490420317837,0.8116144363582356,7.096482804487758,0.7484422256093064,0.20310313575637065,0.9861164510053302
test/Healthy/IMG_20190724_133224.jpg,Healthy,0,test/Healthy/IMG_20190724_133224.jpg,0.20728626512431858,0.0045871559633027525,0.00711341576917963,0.14183619199574524,0.7597726366174711,8.596091705050362,0.6786980099859568,0.15893794373361864,0.9874303592229566
test/Healthy/IMG_20190729_170233.jpg,Healthy,0,test/Healthy/IMG_20190729_170233.jpg,0.007664562669071236,0.0003506662659052199,0.0,0.10482416591523895,0.9457719667368,4.978776435332606,0.7903966332182835,0.1471953084695957,0.9879395227995517
test/Healthy/IMG_20190729_170239.jpg,Healthy,0,test/Healthy/IMG_20190729_170239.jpg,0.0335966498524793,0.00030931759779194825,0.0,0.0747120966974398,0.9272627771961549,3.9150919498102845,0.8407492862095783,0.1759690799368835,0.9846340840270406
test/Healthy/IMG_20190729_170319.jpg,Healthy,0,test/Healthy/IMG_20190729_170319.jpg,0.0009466559378993705,2.3666398447484262e-05,0.0,0.013560846310408482,0.9926397500828323,2.2864966884045836,0.7957142993975648,0.17403178495234373,0.9865383977525577
test/Healthy/IMG_20190729_170325.jpg,Healthy,0,test/Healthy/IMG_20190729_170325.jpg,0.0009091870176551433,0.0,0.0,0.005476265990062374,0.990717834866265,1.783656020186624,0.8499373370072966,0.20113418326857385,0.9833428946536074
test/Healthy/IMG_20190729_170410.jpg,Healthy,0,test/Healthy/IMG_20190729_170410.jpg,0.05051743587228408,4.9046054244935994e-05,0.0,0.054956103781450785,0.9159350630241797,3.917944892254912,0.7880871539093328,0.1580386057313691,0.9836161641652219
test/Healthy/IMG_20190729_170416.jpg,Healthy,0,test/Healthy/IMG_20190729_170416.jpg,0.030208381893618012,4.661787329262039e-05,0.0,0.030767796373129458,0.9481143070253135,3.2157876538852928,0.8408317068909286,0.18604930642060843,0.9799341368741306
test/Healthy/IMG_20190729_170712.jpg,Healthy,0,test/Healthy/IMG_20190729_170712.jpg,0.13633923778851315,0.0,2.4398575123212803e-05,0.11521007173181086,0.8552188552188552,6.500976661576951,0.7966969117629735,0.16207625501118303,0.981532915392542
test/Healthy/IMG_20190729_170717.jpg,Healthy,0,test/Healthy/IMG_20190729_170717.jpg,0.09683979974968711,0.0,0.0,0.07154776804338757,0.8960680016687526,5.101008597212567,0.8326916199882151,0.18793176412776386,0.9783099513476694
test/Healthy/IMG_20190729_170756.jpg,Healthy,0,test/Healthy/IMG_20190729_170756.jpg,0.01762554795920685,0.0003407000249846685,0.0022486201648988123,0.012151634224453176,0.932155268358053,2.2054041789620253,0.7643966758301501,0.16160223965382023,0.9889793397675001
test/Healthy/IMG_20190729_170800.jpg,Healthy,0,test/Healthy/IMG_20190729_170800.jpg,0.008156725657271867,4.8551938436142065e-05,0.0,0.002888840336950453,0.9662321268176632,1.8338630424574134,0.8131606575385816,0.17767736803240217,0.9877650010463183
test/Healthy/IMG_20190729_170911.jpg,Healthy,0,test/Healthy/IMG_20190729_170911.jpg,0.02655837472591399,0.0002461180471651676,0.0002461180471651676,0.03492638832952969,0.9167897256902493,3.0137953476060835,0.775001448462385,0.16317976652665667,0.9860457871969324
test/Healthy/IMG_20190729_170915.jpg,Healthy,0,test/Healthy/IMG_20190729_170915.jpg,0.021223190874252035,0.00020169875170883664,0.0,0.024315905067120863,0.935635687232469,2.7368229382560183,0.8056280682674068,0.1745745068752655,0.9840445760016633
test/Healthy/IMG_20190729_171107.jpg,Healthy,0,test/Healthy/IMG_20190729_171107.jpg,0.0606214607231015,0.0,0.0,0.1498475388412952,0.8727070325734475,6.213799636791538,0.7693680009783443,0.13610575250669907,0.9844905446356653
test/Healthy/IMG_20190729_171112.jpg,Healthy,0,test/Healthy/IMG_20190729_171112.jpg,0.04354048416048125,0.0,0.0,0.08729927715519332,0.9095958860913016,4.757344969722949,0.819146354777631,0.16651493173728055,0.9818977246350142
test/Healthy/IMG_20190729_171130.jpg,Healthy,0,test/Healthy/IMG_20190729_171130.jpg,0.0035577903749911054,7.115580749982211e-05,0.0,0.07151158653732122,0.9664381774625839,3.2312096535751222,0.8189284683587562,0.16868568281158636,0.9871735967018604
test/Healthy/IMG_20190729_171132.jpg,Healthy,0,test/Healthy/IMG_20190729_171132.jpg,0.0015618414854847906,0.0,0.0,0.04623546619728785,0.9740436819793242,2.7759258390317214,0.8461123261768483,0.18553623584925577,0.9855249295424808
test/Healthy/IMG_20190729_171436.jpg,Healthy,0,test/Healthy/IMG_20190729_171436.jpg,0.016101525990564993,0.001594649066465859,0.0032778897477353766,0.00682155433988173,0.9500121813470355,2.3515532150683693,0.7642665787141489,0.1816440737321153,0.9863215663693417
test/Healthy/IMG_20190729_171443.jpg,Healthy,0,test/Healthy/IMG_20190729_171443.jpg,0.009626780330595696,0.0007901029213015906,0.0008108951034411061,0.004179228610042624,0.9694354922549121,1.7575773421217442,0.8230148918024252,0.22789947364806326,0.9865329660840529
test/Healthy/IMG_20190729_171458.jpg,Healthy,0,test/Healthy/IMG_20190729_171458.jpg,0.008834459064669176,0.00042068852688900834,0.00037394535723467406,0.02923785261878608,0.9449599177320214,2.6373712202628603,0.7608631689719685,0.18897417396961566,0.9874994138554781
test/Healthy/IMG_20190729_171504.jpg,Healthy,0,test/Healthy/IMG_20190729_171504.jpg,0.012256616884213574,0.00024127198590971602,0.00012063599295485801,0.024199580186744517,0.9418051969985765,2.564019648908207,0.7796553344635461,0.1949888085690641,0.9868931805438996
test/Healthy/IMG_20190729_171531.jpg,Healthy,0,test/Healthy/IMG_20190729_171531.jpg,0.001976842699802316,9.413536665725314e-05,0.0,0.09185258401581474,0.9850089428598324,4.037749565374577,0.7709914018707151,0.12365790456388871,0.9870458960318745
test/Healthy/IMG_20190729_171619.jpg,Healthy,0,test/Healthy/IMG_20190729_171619.jpg,0.04831113225499524,0.008230256898192198,0.002878211227402474,0.012226450999048526,0.9132968601332064,2.0412446627495484,0.8033907110942928,0.17245796238333905,0.988387212856193
test/Healthy/IMG_20190729_171627.jpg,Healthy,0,test/Healthy/IMG_20190729_171627.jpg,0.05832409612980826,0.003065965425343742,0.0024056036414235515,0.01813636470837952,0.9122898044857433,1.7902976450152386,0.8296977741580032,0.1696270821886948,0.9899905254076345
test/Healthy/IMG_20190729_171643.jpg,Healthy,0,test/Healthy/IMG_20190729_171643.jpg,0.002133946158896914,0.0007269486914923553,0.00018759966232060783,0.008676484382328112,0.9615420692242754,2.1656241349161296,0.7948207448261871,0.20496390240521217,0.9870667378160303
test/Healthy/IMG_20190729_171647.jpg,Healthy,0,test/Healthy/IMG_20190729_171647.jpg,0.004824363033318257,0.00047382136934375743,2.153733497017079e-05,0.01796213736512244,0.9557192393013288,2.1881798608111795,0.7855458114829197,0.19355529123059648,0.9884560745263227
test/Healthy/IMG_20190729_171703.jpg,Healthy,0,test/Healthy/IMG_20190729_171703.jpg,0.002291790805335289,0.0004354402530137049,0.00011458954026676446,0.001650089379841408,0.9725443461520832,2.1100273457088963,0.7712262517695218,0.17925836055979885,0.988693593212584
test/Healthy/IMG_20190729_171709.jpg,Healthy,0,test/Healthy/IMG_20190729_171709.jpg,0.006934449823367788,0.0004143224737232326,2.1806445985433294e-05,0.00396877316934886,0.9636922674342535,2.5087243708711515,0.762464399406494,0.17744097710719034,0.985023361694439
test/Healthy/IMG_20190729_171842.jpg,Healthy,0,test/Healthy/IMG_20190729_171842.jpg,0.01048174730211184,0.00012908555790778128,0.0,0.027417772499612744,0.9461455052408736,2.6199059241668428,0.8384479322861623,0.1834575272381233,0.9859081352196077
test/Healthy/IMG_20190729_171852.jpg,Healthy,0,test/Healthy/IMG_20190729_171852.jpg,0.014185239747184337,0.002661217507009457,0.00042769567076937696,0.06189706790856817,0.9226108444613411,3.533553161261028,0.7680376787545655,0.15247462008228072,0.9870208703913974
test/Healthy/IMG_20190729_171904.jpg,Healthy,0,test/Healthy/IMG_20190729_171904.jpg,0.06233371341695173,0.0037784783240548216,0.0133252845037673,0.004404498401413017,0.8944709012453328,1.8609909630892751,0.7593786547246223,0.16088373304029316,0.9892930311109718
test/Healthy/IMG_20190729_171909.jpg,Healthy,0,test/Healthy/IMG_20190729_171909.jpg,0.04504445890262416,0.0008891780524831924,0.0015397961396660161,0.003708523096942095,0.9307742355237476,1.605628575378069,0.7956799286400051,0.1707218107087923,0.9886276665612684
test/Healthy/IMG_20190729_172030.jpg,Healthy,0,test/Healthy/IMG_20190729_172030.jpg,0.030159611716127785,0.0162750827034989,0.0,0.08700166614348151,0.861347885929539,4.92955098885879,0.7738339717322964,0.1531097962007469,0.9832144717707009
test/Healthy/IMG_20190729_172038.jpg,Healthy,0,test/Healthy/IMG_20190729_172038.jpg,0.00828797018292384,0.0061056348388995145,0.0,0.06976116914324948,0.8875729488499828,4.946973347807534,0.7704986151478261,0.15479693532181998,0.9820174569425397
test/Healthy/IMG_20190729_172058.jpg,Healthy,0,test/Healthy/IMG_20190729_172058.jpg,0.0022828470040458376,0.0003390366837691838,0.0002486269014307348,0.06803336120968288,0.97201817236625,4.143532180033113,0.8115908888520998,0.19996067504168896,0.9824334000153747
test/Healthy/IMG_20190729_172102.jpg,Healthy,0,test/Healthy/IMG_20190729_172102.jpg,0.004152249134948097,0.000461361014994233,0.000853517877739331,0.07974625144175317,0.9509803921568627,4.188058499960876,0.808769231053935,0.19626706047899262,0.9845055553857731
test/Healthy/IMG_20190729_172321.jpg,Healthy,0,test/Healthy/IMG_20190729_172321.jpg,0.0016056518946692357,0.0011132519803040033,0.014750588739028046,0.05206593877114108,0.9679083707985442,3.9669065107933643,0.7749506757130684,0.1758517563524744,0.9838768582178504
test/Healthy/IMG_20190729_172328.jpg,Healthy,0,test/Healthy/IMG_20190729_172328.jpg,0.002935293094451209,0.00015220038267524787,0.0019351191511567229,0.03711515046094973,0.9719081579405114,3.301479352304919,0.8042908343202273,0.20089253527915424,0.9818233097010356
test/Healthy/IMG_20190729_172407.jpg,Healthy,0,test/Healthy/IMG_20190729_172407.jpg,0.08417654869282543,0.0008699235382995284,0.0,0.06219953298841628,0.9010347511560826,4.933803396962407,0.8007248620794991,0.16080570572707498,0.9779846456361667
test/Healthy/IMG_20190729_172410.jpg,Healthy,0,test/Healthy/IMG_20190729_172410.jpg,0.06961778471138845,0.0006337753510140406,0.0,0.05248147425897036,0.9196080343213728,4.307348674637124,0.8231888146033315,0.17408098613997697,0.9779442040756195
test/Healthy/IMG_20190729_172428.jpg,Healthy,0,test/Healthy/IMG_20190729_172428.jpg,0.13239539059481328,0.0,0.00015910175693797306,0.1112803145669023,0.8584221651476237,6.0547063416173295,0.7764938954551874,0.14224062956561573,0.9823112853208545
test/Healthy/IMG_20190729_172432.jpg,Healthy,0,test/Healthy/IMG_20190729_172432.jpg,0.13856015779092704,0.0,0.00037569268338499107,0.11256692025922795,0.8518831595754672,5.895492138516284,0.7764458244028368,0.14286888183526772,0.9822598579232784
test/Healthy/IMG_20190729_172454.jpg,Healthy,0,test/Healthy/IMG_20190729_172454.jpg,0.021309515437091215,0.0003750849801908245,0.030663197130599902,0.004501019762289894,0.912277000257871,2.3585591489096562,0.74734095746477,0.15530596060348487,0.9884802347219102
test/Healthy/IMG_20190729_172458.jpg,Healthy,0,test/Healthy/IMG_20190729_172458.jpg,0.020804505619886875,0.0001456558153084262,0.013011919500886072,0.004539606243779283,0.9364940645255262,2.176867054816065,0.7804542098790488,0.1766292698766852,0.9869633208912113
test/Healthy/IMG_20190729_172544.jpg,Healthy,0,test/Healthy/IMG_20190729_172544.jpg,0.016077534476121466,0.0008378433459387242,0.0024682412083059714,0.018206109463100927,0.9571567672833495,2.7031090797391792,0.7851117404252677,0.18687670416549645,0.9851851037167472
test/Healthy/IMG_20190729_172557.jpg,Healthy,0,test/Healthy/IMG_20190729_172557.jpg,0.017949463977977215,0.0008057116000089523,0.005371410666726349,0.01709899062241221,0.9519034936550211,2.316976899633608,0.8043730942492222,0.1952292173677477,0.9870801544915777
test/Healthy/IMG_20190729_172623.jpg,Healthy,0,test/Healthy/IMG_20190729_172623.jpg,0.05804880473137518,7.45489786789921e-05,2.484965955966403e-05,0.12434769643655882,0.8717757566721336,5.65426053355107,0.7851732783637592,0.14376394519505856,0.9852714520943439
test/Healthy/IMG_20190729_172626.jpg,Healthy,0,test/Healthy/IMG_20190729_172626.jpg,0.04725641025641026,0.0,0.0,0.08341025641025641,0.9061025641025641,4.568653010962884,0.8253394703627781,0.16440934773092244,0.9839598548622719
test/Healthy/IMG_20190729_172641.jpg,Healthy,0,test/Healthy/IMG_20190729_172641.jpg,0.02048266071790712,0.0006083958629081322,2.5349827621172177e-05,0.10446663962685054,0.9485398499290205,4.275155665275781,0.7936578414376981,0.16001660012517574,0.9855592086480722
test/Healthy/IMG_20190729_172647.jpg,Healthy,0,test/Healthy/IMG_20190729_172647.jpg,0.017089169461432234,0.0004931939238508582,9.863878477017163e-05,0.09027914776089958,0.9575113434602486,3.684328946739107,0.8265274702117021,0.16896595148184068,0.9861032829798684
test/Healthy/IMG_20190729_172659.jpg,Healthy,0,test/Healthy/IMG_20190729_172659.jpg,0.08484183580179191,0.0039769610532089964,0.010765222161272627,0.056865971841287256,0.8622462973121229,3.4822922766036464,0.7652900111122007,0.16287164011399863,0.9864525666497191
test/Healthy/IMG_20190729_172704.jpg,Healthy,0,test/Healthy/IMG_20190729_172704.jpg,0.05095639203299114,0.0016890409756953584,0.0005483899271738177,0.04391506536807932,0.9151750460647539,3.0070184798220843,0.8053371760842736,0.17379351092357043,0.9847966558576273
test/Healthy/IMG_20190729_172805.jpg,Healthy,0,test/Healthy/IMG_20190729_172805.jpg,0.011603647530415621,0.00016409198527860474,0.0006329262289317612,0.03258397993389437,0.9412550692702595,2.456519503066839,0.7809198268615928,0.15789716146804259,0.9899254459625807
test/Healthy/IMG_20190729_172811.jpg,Healthy,0,test/Healthy/IMG_20190729_172811.jpg,0.0026492714503511534,2.499312689010522e-05,0.0001249656344505261,0.019619604608732598,0.9744570243183125,2.4255891991153167,0.8118377386203224,0.17847177656083624,0.9870616941464389
test/Healthy/IMG_20190729_172830.jpg,Healthy,0,test/Healthy/IMG_20190729_172830.jpg,0.04057291272663086,0.0,0.0,0.0922661825150667,0.9014297601936606,4.596056467602523,0.8177728967072883,0.15929973735915087,0.9850783180809561
test/Healthy/IMG_20190729_172835.jpg,Healthy,0,test/Healthy/IMG_20190729_172835.jpg,0.027766179540709812,4.639294827186268e-05,0.0,0.05873347251217815,0.9356297842727905,3.9079407181119916,0.8365818801336147,0.16509379806677,0.9831034447965307
test/Healthy/IMG_20190729_172940.jpg,Healthy,0,test/Healthy/IMG_20190729_172940.jpg,0.091941264886114,0.003815469996531391,0.0685397155740548,0.0062666204185454965,0.8069834662966817,2.7939409163113424,0.7787276746922651,0.13654781681942849,0.989478079258523
test/Healthy/IMG_20190729_172942.jpg,Healthy,0,test/Healthy/IMG_20190729_172942.jpg,0.07776948899664304,0.003333644162625886,0.05284875046624394,0.004475941812756434,0.8459530026109661,2.6461198678333093,0.7809567471250769,0.14134254538456104,0.9886131812061246
test/Healthy/IMG_20190729_173007.jpg,Healthy,0,test/Healthy/IMG_20190729_173007.jpg,0.08657327640022973,0.002072564736434689,0.015331984917721676,0.0796564037256224,0.8774689739556022,5.006672650087955,0.801694492474571,0.15290220543632743,0.9837238728335518
test/Healthy/IMG_20190729_173009.jpg,Healthy,0,test/Healthy/IMG_20190729_173009.jpg,0.05507785813564513,0.0014841339018587011,0.014676435251713821,0.05255718627058353,0.920492826686141,4.233023181892632,0.821426656770758,0.15433848256584365,0.9832512421181322
test/Healthy/IMG_20190729_173026.jpg,Healthy,0,test/Healthy/IMG_20190729_173026.jpg,0.08700941628750092,0.003138762500304144,0.014233922966495536,0.05710601231173508,0.8712620745030293,3.8881519471361963,0.7726401668951259,0.15721859616384476,0.9859585608046371
test/Healthy/IMG_20190729_173029.jpg,Healthy,0,test/Healthy/IMG_20190729_173029.jpg,0.06715342492074167,0.0022816793159765587,0.009102699586895956,0.04258334133922567,0.9061389182438274,3.4078333299515107,0.8117750270256376,0.17234245124474665,0.9843534309413031
test/Healthy/IMG_20190729_173140.jpg,Healthy,0,test/Healthy/IMG_20190729_173140.jpg,0.10467634752645828,0.00036918533103618014,9.844942160964804e-05,0.10494708343588481,0.8759045040610386,6.6791310381948,0.7585710553375737,0.1266896875268895,0.9834444384040415
test/Healthy/IMG_20190729_173144.jpg,Healthy,0,test/Healthy/IMG_20190729_173144.jpg,0.08902098575279169,0.0005053908355795149,0.00021659607239122065,0.077541393916057,0.8998844820947247,5.373582032416241,0.7968091156598138,0.15000331340990603,0.9809455311118853
test/Healthy/IMG_20190729_173201.jpg,Healthy,0,test/Healthy/IMG_20190729_173201.jpg,0.054325226052898794,0.001329722934094096,0.0002175910255790339,0.03104298631594217,0.917557178086166,2.849555686581297,0.8027075678096353,0.1837203838270732,0.9835333181197576
test/Healthy/IMG_20190729_173234.jpg,Healthy,0,test/Healthy/IMG_20190729_173234.jpg,0.011306935225452048,0.002677958342870222,0.008766308079652094,0.04639505607690547,0.9397573815518425,2.713243831725518,0.7747430098786179,0.15455649541066427,0.9884895346981843
test/Healthy/IMG_20190729_173237.jpg,Healthy,0,test/Healthy/IMG_20190729_173237.jpg,0.018898075453345375,0.0025243752750179487,0.004099214896130063,0.03010722805067278,0.9447416568239191,2.3724222765166836,0.8102830740263985,0.17789721277543122,0.986842118540829
test/Healthy/IMG_20190729_173254.jpg,Healthy,0,test/Healthy/IMG_20190729_173254.jpg,0.0347603450661992,0.0010840983530931401,0.01109470867740001,0.005697282834340545,0.9189924805092956,2.14234309733725,0.7863819024038636,0.15519802730908855,0.987908391862505
test/Healthy/IMG_20190729_173257.jpg,Healthy,0,test/Healthy/IMG_20190729_173257.jpg,0.03633498424133273,0.0016659162539396667,0.016434038721296715,0.006933813597478613,0.9135749662314273,2.1487798195770234,0.7809014768147461,0.15344109662319894,0.9882176654846055
test/Healthy/IMG_20190729_173508.jpg,Healthy,0,test/Healthy/IMG_20190729_173508.jpg,0.0584810989867498,0.004286827747466875,0.000779423226812159,0.03297934528448948,0.9137275915822292,3.087626949926233,0.8093595114170321,0.17426981587437781,0.9837877062676329
test/Healthy/IMG_20190729_173522.jpg,Healthy,0,test/Healthy/IMG_20190729_173522.jpg,0.04718099483142871,0.003698610650101949,0.00042676276731945566,0.025084167101332447,0.9089098582199251,2.520349648785012,0.8003150214332695,0.16223091412140642,0.9869571181583343
test/Healthy/IMG_20190729_173525.jpg,Healthy,0,test/Healthy/IMG_20190729_173525.jpg,0.04838819446019827,0.004242190512919399,0.0004310247045212223,0.029400421950500216,0.906649123205009,2.7654118315573992,0.772435434403076,0.15093196341400175,0.9863060487117602
test/Healthy/IMG_20190729_173617.jpg,Healthy,0,test/Healthy/IMG_20190729_173617.jpg,0.04697969734233443,0.0002760559138705549,0.0004015358747208071,0.06276507641729616,0.9260672070670314,6.387452497383869,0.7793560072522497,0.12911036932418554,0.9822522959866906
test/Healthy/IMG_20190729_173622.jpg,Healthy,0,test/Healthy/IMG_20190729_173622.jpg,0.039607676332974705,0.00022518577826707034,0.0014261765956914455,0.04919058223034003,0.9397753146345735,5.592213977907477,0.8008604867416598,0.13966469577241297,0.9825909810742645
test/Healthy/IMG_20190729_173720.jpg,Healthy,0,test/Healthy/IMG_20190729_173720.jpg,0.04824633238962072,0.002152600669178034,0.006785371674582934,0.0465616883876553,0.9233954935772948,3.6561161384612215,0.7615308035776732,0.14995038203774083,0.9834436308593114
test/Healthy/IMG_20190729_173724.jpg,Healthy,0,test/Healthy/IMG_20190729_173724.jpg,0.03444706941163236,0.0020699741253234335,0.002204972437844527,0.036157048036899536,0.947373157835527,2.971213564116585,0.805197748588993,0.17271534978963235,0.9833697576143152
test/Healthy/IMG_20190729_173753.jpg,Healthy,0,test/Healthy/IMG_20190729_173753.jpg,0.07984531392174704,0.010873521383075523,0.003002729754322111,0.014672429481346679,0.8815969062784349,2.033246939686539,0.7775604860002809,0.17829718818880455,0.9879179656668682
test/Healthy/IMG_20190729_173803.jpg,Healthy,0,test/Healthy/IMG_20190729_173803.jpg,0.062493327924504134,0.01152934645686103,0.0053590110382817,0.01206311249653052,0.9090249161987318,1.9514195845206013,0.7905890367741367,0.18796788988243784,0.985505592426996
test/Healthy/IMG_20190729_173820.jpg,Healthy,0,test/Healthy/IMG_20190729_173820.jpg,0.12365716954694068,0.01644091546006539,0.013895375992526857,0.09016814572629613,0.8267631947687997,3.3206140791087027,0.7433548607907576,0.1374539765003134,0.9904848903698102
test/Healthy/IMG_20190729_173825.jpg,Healthy,0,test/Healthy/IMG_20190729_173825.jpg,0.09430628857679578,0.006709007961356114,0.004539762053850971,0.06102960908846945,0.8770462474282136,3.1054623071633025,0.7812436897891519,0.15858851638564386,0.9886421800684015
test/Healthy/IMG_20190729_174004.jpg,Healthy,0,test/Healthy/IMG_20190729_174004.jpg,0.05858795260194587,0.0007774034724021767,0.0,0.0647836227001814,0.9195505194468656,4.792462007871409,0.7885499022536784,0.15693861910006252,0.9866705325829095
test/Healthy/IMG_20190729_174013.jpg,Healthy,0,test/Healthy/IMG_20190729_174013.jpg,0.08843537414965986,0.0016513851917578626,0.005644286700187321,0.06758355516119491,0.8996845114857537,5.171226028571098,0.815868298152637,0.15735747486259688,0.9847928500727424
test/Healthy/IMG_20190729_174435.jpg,Healthy,0,test/Healthy/IMG_20190729_174435.jpg,0.10499744234148077,0.012254520383426374,0.015612837221715633,0.02221826835397994,0.8592843004247938,3.3755762092694814,0.6927919387514805,0.15398740299709388,0.981505855422071
test/Healthy/IMG_20190729_174438.jpg,Healthy,0,test/Healthy/IMG_20190729_174438.jpg,0.08117806364251862,0.0062062739787858276,0.009907470097043557,0.013811780636425186,0.8990069961633943,2.6956868865604156,0.7386465989546545,0.1811730184255131,0.9808277319318177
test/Healthy/IMG_20190729_175633.jpg,Healthy,0,test/Healthy/IMG_20190729_175633.jpg,0.0619328092216689,0.02348391010895119,2.527869764149751e-05,0.059253267271670164,0.8999721934325944,8.438614531488634,0.7027386911928918,0.13020183164045257,0.9826961068838513
test/Healthy/IMG_20190729_175636.jpg,Healthy,0,test/Healthy/IMG_20190729_175636.jpg,0.05071546773094519,0.014212012070476005,9.734254842791784e-05,0.04523994938187482,0.9242918329601869,7.747915419617257,0.742120786972718,0.1487021446822433,0.9796671305116539
test/Healthy/IMG_20190729_175700.jpg,Healthy,0,test/Healthy/IMG_20190729_175700.jpg,0.04626647823367236,0.007784445010773116,0.042976623496976576,0.008711164654912772,0.8579107105622872,1.8419389854078938,0.7276357103462797,0.14983684756014948,0.9888427621904263
test/Healthy/IMG_20190729_175702.jpg,Healthy,0,test/Healthy/IMG_20190729_175702.jpg,0.038107608312786194,0.006626452976400141,0.026968122578372666,0.006560408594575555,0.8898820007044734,1.8923660152660626,0.739256147791501,0.1623169014985838,0.9863356760961215
test/Healthy/IMG_20190729_175915.jpg,Healthy,0,test/Healthy/IMG_20190729_175915.jpg,0.09407940339890528,0.0023902287448908863,4.7804574897817724e-05,0.06551616989745919,0.8969811410952028,6.504228335219856,0.7668424570837952,0.14769323057940276,0.9752195653303036
test/Healthy/IMG_20190729_175918.jpg,Healthy,0,test/Healthy/IMG_20190729_175918.jpg,0.08848717823950172,0.0016544207094545277,4.865943263101552e-05,0.060289037029828234,0.9021702106953433,5.9278463659954745,0.7796052906148011,0.15361964571458497,0.9749070940918891
test/Healthy/IMG_20190729_180018.jpg,Healthy,0,test/Healthy/IMG_20190729_180018.jpg,0.05235589685248388,0.0026545316647705727,0.029152445961319683,0.020880735684489952,0.9021141448615851,4.0003348010470265,0.7526162210894854,0.14474547093988543,0.9834346199449187
test/Healthy/IMG_20190729_180055.jpg,Healthy,0,test/Healthy/IMG_20190729_180055.jpg,0.07369198406659803,0.014075996956541199,0.0019245401244237569,0.043548314908472455,0.8880409971803249,5.288360695045503,0.705283186714028,0.14686726208358136,0.9810806490236945
test/Healthy/IMG_20190729_180058.jpg,Healthy,0,test/Healthy/IMG_20190729_180058.jpg,0.07429274292742928,0.006418427820641843,0.001274740020127474,0.03162249804316225,0.9029632114502963,4.005155718720763,0.7539813729477152,0.1662155357746745,0.9813474406458182
test/Healthy/IMG_20190729_180510.jpg,Healthy,0,test/Healthy/IMG_20190729_180510.jpg,0.03547730267097856,0.007761408551922386,0.00014372978799856272,0.026182776380404837,0.955132351179782,6.7654850013478995,0.7792859957320397,0.17008958789661577,0.9768177308865943
test/Healthy/IMG_20190729_180921.jpg,Healthy,0,test/Healthy/IMG_20190729_180921.jpg,0.0976337568481175,0.009068656020515212,0.030539689940552513,0.0037300384660216806,0.8168084858375102,3.189506745480186,0.7022998160766766,0.12263179288198982,0.9841900195019853
test/Healthy/IMG_20190729_180924.jpg,Healthy,0,test/Healthy/IMG_20190729_180924.jpg,0.08906441824372843,0.009751916795997313,0.016955826828194853,0.0028954622315906513,0.8618517060063469,2.434701408374672,0.7603737285725445,0.14291005056652284,0.9865159678731681
test/Healthy/IMG_20190729_181133.jpg,Healthy,0,test/Healthy/IMG_20190729_181133.jpg,0.06118376259009697,0.013312046580424014,0.0005634728711290587,0.033996196558119876,0.8879862888268025,4.007473758518584,0.7235298375970912,0.1653783809986579,0.9819890980659267
test/Healthy/IMG_20190729_181138.jpg,Healthy,0,test/Healthy/IMG_20190729_181138.jpg,0.04632640146638445,0.007441028214807865,0.0,0.02367599886529775,0.924607763981932,3.2261295504317573,0.7676376609076703,0.1891420825758777,0.978476919134572
test/Healthy/IMG_20190729_181621.jpg,Healthy,0,test/Healthy/IMG_20190729_181621.jpg,0.02256165612622273,0.009628640829813774,0.004376654922642624,0.0068713482285489205,0.9341313434142285,2.3351921464515497,0.7492206262120137,0.1590326512843052,0.9852487699225086
test/Healthy/IMG_20190729_181624.jpg,Healthy,0,test/Healthy/IMG_20190729_181624.jpg,0.016480065833640124,0.005024146219979643,0.0007146414881867596,0.004374472139809862,0.955367390692336,1.8423184673576283,0.7802353422212359,0.18150664722874893,0.9823389029669343
test/Healthy/IMG_20190729_181914.jpg,Healthy,0,test/Healthy/IMG_20190729_181914.jpg,0.08684108127904049,0.05758886676280071,0.006134267206848406,0.06191489848703335,0.8239831536542379,5.446279831353014,0.6678169705185373,0.13375441930330273,0.9833065870869192
test/Healthy/IMG_20190729_181916.jpg,Healthy,0,test/Healthy/IMG_20190729_181916.jpg,0.08697350582504193,0.04012040717847377,0.004480801489004802,0.05280452216273352,0.8516050460718307,4.9658791670773414,0.7093792327387499,0.15706208108797132,0.9819805652411088
test/Healthy/IMG_20190729_191720.jpg,Healthy,0,test/Healthy/IMG_20190729_191720.jpg,0.0006510063473118863,0.004665545489068518,0.10177399229642489,0.0,0.8789128193999891,2.9974622243688707,0.7264648832401523,0.14283009701022675,0.9817938459996252
test/Healthy/IMG_20190729_191724.jpg,Healthy,0,test/Healthy/IMG_20190729_191724.jpg,0.0007234279354479689,0.003867557039510295,0.10676126878130217,0.0,0.8751252086811352,3.113486662127754,0.7198141162395826,0.13977603672885752,0.9817573038854142
test/Healthy/IMG_20190729_191837.jpg,Healthy,0,test/Healthy/IMG_20190729_191837.jpg,0.04111637179167705,0.00740774301701289,0.0006796094511021,0.031669800421357856,0.9485082572548309,5.587061905220841,0.7624183567795134,0.2001947100247511,0.976803236175618
test/Healthy/IMG_20190729_191841.jpg,Healthy,0,test/Healthy/IMG_20190729_191841.jpg,0.05632054435530218,0.010551481575136204,0.0005976874094848394,0.04273464977816602,0.9300935610675617,6.535615797500415,0.7341751347201589,0.19544221563113848,0.9773713410206076
test/Healthy/IMG_20190729_191958.jpg,Healthy,0,test/Healthy/IMG_20190729_191958.jpg,0.01159753672153931,0.0023003378621234993,0.016869144322238995,0.034313373110008864,0.9420842019504948,4.42745857289964,0.6789788098978149,0.11901243769410151,0.9853591127430436
test/Healthy/IMG_20190729_192000.jpg,Healthy,0,test/Healthy/IMG_20190729_192000.jpg,0.007341346775235879,0.0026625306966524495,0.014113997673516867,0.026392658653224765,0.9532893886519322,3.2254686671149866,0.7572357311338866,0.15151775122879624,0.9861309452574231
test/Healthy/IMG_20190729_194737.jpg,Healthy,0,test/Healthy/IMG_20190729_194737.jpg,0.0540654402471563,0.015540888451996443,0.009830080044937508,0.03227542948087815,0.8771005944857931,3.8715041553012997,0.7044740320562967,0.18226818848660575,0.9827518365636884
test/Healthy/IMG_20190729_195303.jpg,Healthy,0,test/Healthy/IMG_20190729_195303.jpg,0.040144961421557164,0.01596913724573299,0.00023380874444704232,0.036567687631517416,0.9203647416413374,4.146174875391666,0.7543752792784533,0.17491186638173206,0.9786420686745988
test/Healthy/IMG_20190729_195543.jpg,Healthy,0,test/Healthy/IMG_20190729_195543.jpg,0.005888639288128939,0.0027916512180759414,0.00026171730169461955,0.0,0.9745916119604807,2.1902767833590735,0.7684503133077769,0.20540249279119122,0.9704566758687543
test/Healthy/IMG_20190729_195754.jpg,Healthy,0,test/Healthy/IMG_20190729_195754.jpg,0.02016725245424797,0.006544661253181433,0.004872136710701733,0.02079747909344322,0.9488789237668162,4.662544096631397,0.7505693993857758,0.1737450598374613,0.9798988006571461
test/Healthy/IMG_20190729_195808.jpg,Healthy,0,test/Healthy/IMG_20190729_195808.jpg,0.023512486311223723,0.002426402696957334,0.00032208885357840717,0.011659616499538339,0.9532541710506538,3.667137420249243,0.726312951920738,0.19069320984827368,0.9756883503369185
test/Healthy/IMG_20190729_200321.jpg,Healthy,0,test/Healthy/IMG_20190729_200321.jpg,0.03635412254254603,0.005855530361547854,0.03837241173099444,0.012682829591607903,0.8730471183315476,3.0446766905278944,0.6813526184698191,0.14395590337311406,0.9861694472883974
test/Healthy/IMG_20190729_200338.jpg,Healthy,0,test/Healthy/IMG_20190729_200338.jpg,0.028955308111393286,0.0019100952877081027,4.3411256538820516e-05,0.019057541620542205,0.9501855831217034,3.193541410613931,0.7098869254753543,0.1846795614827632,0.9799950833796924
test/Healthy/IMG_20190729_201351.jpg,Healthy,0,test/Healthy/IMG_20190729_201351.jpg,0.06318983229012375,0.012112379951263796,0.010893974867408859,0.05243919919728606,0.8849443356108748,3.2545437284952072,0.74344291808666,0.17194291027275788,0.9900997283022229
test/Healthy/IMG_20190806_151403.jpg,Healthy,0,test/Healthy/IMG_20190806_151403.jpg,0.010343796711509716,0.0,0.0,0.0,0.9345889387144992,3.885066247307832,0.7823126702748109,0.2895486115484608,0.9746748090891919
test/Healthy/IMG_20190806_151408.jpg,Healthy,0,test/Healthy/IMG_20190806_151408.jpg,0.04172006265128862,2.847785846504343e-05,0.0,0.0,0.852484693151075,4.194291406628162,0.7602035553647908,0.19907110293454716,0.982328956403488
test/Healthy/IMG_20190806_151505.jpg,Healthy,0,test/Healthy/IMG_20190806_151505.jpg,0.0017608517608517608,0.0006347256347256347,0.0,2.0475020475020476e-05,0.9826986076986077,2.6774839139691804,0.7550105496058318,0.20403548176214312,0.9803339668609372
test/Healthy/IMG_20190806_151509.jpg,Healthy,0,test/Healthy/IMG_20190806_151509.jpg,0.0016712864829610305,0.0004483939344529594,0.0,0.0,0.9881583238219468,2.885538895620347,0.7450682668543511,0.2092375065186714,0.9803025511058152
test/Healthy/IMG_20190806_151512.jpg,Healthy,0,test/Healthy/IMG_20190806_151512.jpg,0.0006975446428571429,0.0004982461734693878,0.0,0.0001793686224489796,0.9930444834183674,2.97910340080324,0.7686975108151969,0.2173075342615046,0.9770144631928899
test/Healthy/IMG_20190806_151518.jpg,Healthy,0,test/Healthy/IMG_20190806_151518.jpg,0.0002790790391707366,0.00045848699292335294,0.0,9.96710854181202e-05,0.9952556563340975,3.493739872630682,0.7392315518931838,0.24439927693290375,0.9766986410812544
test/Healthy/IMG_20190806_152043.jpg,Healthy,0,test/Healthy/IMG_20190806_152043.jpg,0.0008723199118497773,0.0008264083375418943,0.0,0.0,0.9707084155915706,2.5435320169806492,0.7338457229606125,0.1834354700252241,0.9843548857862242
test/Healthy/IMG_20190806_152046.jpg,Healthy,0,test/Healthy/IMG_20190806_152046.jpg,0.0005979311581926534,9.96551930321089e-05,0.0,0.0,0.9815837203276663,2.957271039020997,0.7200710466330089,0.20130966204259043,0.9801350092031472
test/Healthy/IMG_20190806_152050.jpg,Healthy,0,test/Healthy/IMG_20190806_152050.jpg,0.00033880739795918367,9.964923469387755e-05,0.0,0.0,0.9875239158163265,2.610195901187316,0.7446812868221486,0.23706173405185152,0.9783176651826888
test/Healthy/IMG_20190806_152054.jpg,Healthy,0,test/Healthy/IMG_20190806_152054.jpg,0.00037875767482656883,0.0007176461207240252,0.0,0.0,0.9840124391994259,2.730236117170228,0.7650465070761371,0.26352214930208323,0.9787219353409575
test/Healthy/IMG_20190806_152057.jpg,Healthy,0,test/Healthy/IMG_20190806_152057.jpg,0.002148966347187003,0.001439807452615292,0.0,0.0,0.9508531396398332,2.5977736817390022,0.7349843990487898,0.1747029546159679,0.9836993271770651
test/Healthy/IMG_20190806_163920.jpg,Healthy,0,test/Healthy/IMG_20190806_163920.jpg,0.02738168139270405,0.00041553669845157906,0.0,0.03501443443268305,0.8929227539147931,5.12166070830709,0.7873141272175805,0.18677137300111565,0.9733720127993288
test/Healthy/IMG_20190806_163923.jpg,Healthy,0,test/Healthy/IMG_20190806_163923.jpg,0.020572833173025544,0.0014427701186277653,5.343593031954686e-05,0.009992518969755263,0.8499519076627124,4.015163470959237,0.8032772998416269,0.16568218710562768,0.9744096144575451
test/Healthy/IMG_20190806_163926.jpg,Healthy,0,test/Healthy/IMG_20190806_163926.jpg,0.04317597163317806,0.0027810609747618716,0.03274699297782104,0.025191777329717953,0.8612482328675056,3.5042270670340963,0.7745243957669874,0.12859822790986256,0.9824967856636696
test/Healthy/IMG_20190806_163930.jpg,Healthy,0,test/Healthy/IMG_20190806_163930.jpg,0.04825774657709384,0.0036030591134150027,0.025709570189916084,0.016667054092377787,0.8758688021571863,2.965566287527408,0.7911681644889148,0.16025956080272472,0.982260291946468
test/Healthy/IMG_20190806_164427.jpg,Healthy,0,test/Healthy/IMG_20190806_164427.jpg,0.10228921664176034,0.0,0.0,0.0,0.8702705044073377,2.1878513327545615,0.8119241782417637,0.20784043185367143,0.9868896787964561
test/Healthy/IMG_20190806_164434.jpg,Healthy,0,test/Healthy/IMG_20190806_164434.jpg,0.10135663679234741,0.0005363967547996335,0.0,6.704959434995418e-05,0.8916925552600407,2.8815484131734834,0.8037525225343354,0.18886484350672453,0.9793552431475665
test/Healthy/IMG_20190806_164438.jpg,Healthy,0,test/Healthy/IMG_20190806_164438.jpg,0.08190184049079755,0.002673093777388256,0.0,0.00032865907099035934,0.9090052585451358,2.6930070514753037,0.8157484071460651,0.17155619439975262,0.9786220581933529
test/Healthy/IMG_20190806_164441.jpg,Healthy,0,test/Healthy/IMG_20190806_164441.jpg,0.07122428268290433,0.014553925638896577,0.003782636774610204,0.002444874988467571,0.8924946950825722,2.4953403683825846,0.7939919758751327,0.16024472763613767,0.9829026243721349
test/Healthy/IMG_20190806_164445.jpg,Healthy,0,test/Healthy/IMG_20190806_164445.jpg,0.08360173000828196,0.012215882948375816,0.021372043802337353,0.0159427624919481,0.8747354375632649,2.5970884990767376,0.7444705415221733,0.1477853371505848,0.9844355561871291
test/aculus_olearius/A12.JPG,aculus_olearius,1,test/aculus_olearius/A12.JPG,0.30860693464252836,0.01158330776311752,7.671064743786438e-05,0.0,0.6619361767413316,2.419100549196917,0.830552940785142,0.2693847050731969,0.973789610012882
test/aculus_olearius/A144.jpg,aculus_olearius,1,test/aculus_olearius/A144.jpg,0.10037398156805129,0.001469213303058635,0.0,0.027380793375183652,0.8809269400293843,10.035690212830456,0.7494275266424762,0.11130089169862144,0.9687252463998053
test/aculus_olearius/A203.jpg,aculus_olearius,1,test/aculus_olearius/A203.jpg,0.06955651339039487,0.00040855514473066003,0.0,0.010234306375503033,0.9250914142136335,6.772858844943561,0.7789088476380578,0.11968518392483433,0.9714262420365777
test/aculus_olearius/A213.jpg,aculus_olearius,1,test/aculus_olearius/A213.jpg,0.14915032679738563,0.0010457516339869282,2.1786492374727668e-05,0.013507625272331155,0.8477995642701525,10.994270246042392,0.7407911013866324,0.11462420968683791,0.9598637050001154
test/aculus_olearius/A44.JPG,aculus_olearius,1,test/aculus_olearius/A44.JPG,0.36282012039587797,0.014233241505968778,0.011682481379451076,0.1015712682379349,0.5928986838077747,8.346770524137515,0.7539363231571727,0.19930097252612905,0.978840439758532
test/aculus_olearius/A61.JPG,aculus_olearius,1,test/aculus_olearius/A61.JPG,0.5700239993806612,0.016102810250058063,0.007044979484400402,0.17140202833475265,0.3929705039869939,9.825003790969584,0.6919893712790985,0.18647547307770562,0.9826110794514928
test/aculus_olearius/A62.JPG,aculus_olearius,1,test/aculus_olearius/A62.JPG,0.37393767705382436,0.12088591295390162,0.010507339685809941,0.0694308524336853,0.4656708730363121,8.110223303058678,0.6943869010999113,0.1745357923569657,0.9806897856155742
test/aculus_olearius/A698.JPG,aculus_olearius,1,test/aculus_olearius/A698.JPG,0.1109384813725166,0.07517106872500083,0.005355194869591088,0.06875805758487323,0.760007933622029,4.355309060498984,0.7885004694220898,0.2229764944344641,0.9862548844064987
test/aculus_olearius/DSC_0070.JPG,aculus_olearius,1,test/aculus_olearius/DSC_0070.JPG,0.2462785217541238,0.016897522846140583,0.0,0.005575033047876315,0.6791769641933444,4.738490738439204,0.8062182547692234,0.22011289867462872,0.9752852917730704
test/aculus_olearius/DSC_0072.JPG,aculus_olearius,1,test/aculus_olearius/DSC_0072.JPG,0.15109208016983916,0.01277391961426361,0.030225612608398403,0.006476916987513943,0.5724874959519268,5.230534684337704,0.7178572284076646,0.18271593187842902,0.9709083828563337
test/aculus_olearius/DSC_0077.JPG,aculus_olearius,1,test/aculus_olearius/DSC_0077.JPG,0.0047736033714822134,0.04547905806219665,1.9973235863942316e-05,0.0,0.9291948788623244,2.5031422473266605,0.8368592197695615,0.2453949116739772,0.9557032080113392
test/aculus_olearius/DSC_0078.JPG,aculus_olearius,1,test/aculus_olearius/DSC_0078.JPG,0.17637806284735572,0.028976895382571918,0.0,0.01426124646090391,0.5797126778286553,8.103069082065316,0.7641430340911839,0.1728245441912345,0.9637900070199572
test/aculus_olearius/DSC_0079.JPG,aculus_olearius,1,test/aculus_olearius/DSC_0079.JPG,0.17647263612310263,0.018312212783734856,0.0,0.019426263751566634,0.7883303161119621,7.932683905961417,0.7599490883165727,0.163546632161588,0.966611544044061
test/aculus_olearius/DSC_0080.JPG,aculus_olearius,1,test/aculus_olearius/DSC_0080.JPG,0.2716212192112988,0.02611987918492364,0.0,0.06295996937082571,0.6926447441187731,9.45419387680037,0.7143489720035026,0.15049617835897386,0.978825199271323
test/aculus_olearius/DSC_0081.JPG,aculus_olearius,1,test/aculus_olearius/DSC_0081.JPG,0.20835459648611213,0.1109936575052854,3.6451119049354813e-05,0.031931180287234816,0.40934606692425457,9.590898348387205,0.7122538519246914,0.15814409748465147,0.9786197019978364
test/aculus_olearius/DSC_0082.JPG,aculus_olearius,1,test/aculus_olearius/DSC_0082.JPG,0.1845641878919749,0.13464738256751568,0.0012799180852425445,0.03794957122744144,0.33453858953027005,9.94505426566959,0.6950901424943999,0.143663895954417,0.9790959160843852
test/aculus_olearius/DSC_0085.JPG,aculus_olearius,1,test/aculus_olearius/DSC_0085.JPG,0.17880768311150075,0.15565473818442654,0.0024707101299115326,0.08543875029887622,0.4063919662070615,9.190461394975264,0.7009035426372273,0.1498310442304825,0.9859610823932804
test/aculus_olearius/DSC_0086.JPG,aculus_olearius,1,test/aculus_olearius/DSC_0086.JPG,0.10750562146235558,0.3039854229665814,0.0022873536481352254,0.057145072497480034,0.25075598976506164,9.489962694503374,0.7345324239909359,0.17292441017334295,0.9791809577037291
test/aculus_olearius/DSC_0087.JPG,aculus_olearius,1,test/aculus_olearius/DSC_0087.JPG,0.14000376860749952,0.09784247220651969,0.0,0.01248351234218956,0.7066610137554173,7.7204839949518504,0.7833735538952116,0.22026934757735953,0.9623123900176002
test/aculus_olearius/DSC_0088.JPG,aculus_olearius,1,test/aculus_olearius/DSC_0088.JPG,0.07583949391297952,0.18908382066276802,3.677957997719666e-05,0.050240906248850636,0.5597116480929788,7.0838904896211385,0.739273975986825,0.16763679815417276,0.9844891508645834
test/aculus_olearius/DSC_0089.JPG,aculus_olearius,1,test/aculus_olearius/DSC_0089.JPG,0.18459390272282988,0.05752850826157784,0.0,0.011868745636490576,0.7273446590644636,6.387642317620335,0.7720620002999041,0.1875591613240426,0.9681636345355308
test/aculus_olearius/DSC_0090.JPG,aculus_olearius,1,test/aculus_olearius/DSC_0090.JPG,0.17815630415486708,0.04252081660256139,0.0,0.030601462445580964,0.7336742888541359,7.432342107246418,0.7587180515941512,0.17887517202788675,0.9713460868237859
test/aculus_olearius/DSC_0093.JPG,aculus_olearius,1,test/aculus_olearius/DSC_0093.JPG,0.15934910577031233,0.2082036669041281,0.0006748903303213227,0.03756889505455364,0.3781260545161411,7.257834647958801,0.7310941557342077,0.15098127583071647,0.9827841855346202
test/aculus_olearius/DSC_0094.JPG,aculus_olearius,1,test/aculus_olearius/DSC_0094.JPG,0.0677622077364456,0.2116788321167883,0.0014832741324798,0.0409071392326008,0.5323002459112377,8.337106291723238,0.7428758524091608,0.1643953866261517,0.9827203590055525
test/aculus_olearius/DSC_0095.JPG,aculus_olearius,1,test/aculus_olearius/DSC_0095.JPG,0.0906039016748107,0.11227572830019769,0.0,0.02450669551270096,0.5495542541683763,5.827057368739096,0.7827240859201602,0.1776298120729191,0.9730149629472343
test/aculus_olearius/DSC_0097.JPG,aculus_olearius,1,test/aculus_olearius/DSC_0097.JPG,0.17032865012069073,0.22194714365290585,0.0007427121371541747,0.02525221266324194,0.4739122361824596,3.690047332316823,0.7545838476555522,0.16044262414909155,0.9889637602259312
test/aculus_olearius/DSC_0098.JPG,aculus_olearius,1,test/aculus_olearius/DSC_0098.JPG,0.14362833306069034,0.16774088009160804,0.0007852118436119745,0.017143791918861444,0.5827253394405366,3.8125959971346064,0.7798608538738541,0.1931843801867489,0.9857793917479014
test/aculus_olearius/DSC_0099.JPG,aculus_olearius,1,test/aculus_olearius/DSC_0099.JPG,0.00253109056122449,0.06612723214285714,0.0001793686224489796,1.992984693877551e-05,0.8999521683673469,2.467139041715343,0.7944465401048295,0.21959303258684387,0.9596716478784993
test/aculus_olearius/DSC_0100.JPG,aculus_olearius,1,test/aculus_olearius/DSC_0100.JPG,0.2877588109300967,0.029661842019861103,6.490556240669826e-05,0.07211007983384177,0.5462776659959758,6.7107165639194015,0.7703009123633136,0.21253197021218703,0.9814252134258667
test/aculus_olearius/DSC_0104.JPG,aculus_olearius,1,test/aculus_olearius/DSC_0104.JPG,0.09196693183590704,0.18159413508033068,0.00034316019341756356,0.06295429730151303,0.5711433473717049,3.2566532423162133,0.7865480036350023,0.17623553107007525,0.990836385540432
test/aculus_olearius/DSC_0105.JPG,aculus_olearius,1,test/aculus_olearius/DSC_0105.JPG,0.059342620593921966,0.11434733032571513,0.00019830449655445937,0.03760349015913936,0.6126865301670715,3.990911999501388,0.8026388520224486,0.18202281472018492,0.9829037272895471
test/aculus_olearius/DSC_0106.JPG,aculus_olearius,1,test/aculus_olearius/DSC_0106.JPG,0.23513582778062533,0.18586622245002563,3.203485392106612e-05,0.1173436699128652,0.5196373654536135,5.3121708378504655,0.7427726082266157,0.16869253015557234,0.9905731008754854
test/aculus_olearius/DSC_0107.JPG,aculus_olearius,1,test/aculus_olearius/DSC_0107.JPG,0.1573758738125112,0.14754735018223097,0.0,0.10464838382027843,0.44416562107904645,6.9359899983621425,0.744661783983898,0.17655902718318264,0.9861837954432294
test/aculus_olearius/DSC_0108.JPG,aculus_olearius,1,test/aculus_olearius/DSC_0108.JPG,0.146404833836858,0.05909365558912387,0.0,0.06827794561933535,0.7484894259818731,8.430799834809665,0.7936751329813808,0.21811907199040326,0.9729877048867407
test/aculus_olearius/DSC_0109.JPG,aculus_olearius,1,test/aculus_olearius/DSC_0109.JPG,0.20426023778071334,0.1345772787318362,0.0,0.07987945838837517,0.5919336195508587,7.1373527862765815,0.7921231171592621,0.21837465507792256,0.978247696035558
test/aculus_olearius/DSC_0110.JPG,aculus_olearius,1,test/aculus_olearius/DSC_0110.JPG,0.06930528185628244,0.04946015709567293,0.00016653251547364624,0.02331455216631047,0.7747925282411391,4.876120510078778,0.8305529986743334,0.18862407693944633,0.9750333921659131
test/aculus_olearius/DSC_0111.JPG,aculus_olearius,1,test/aculus_olearius/DSC_0111.JPG,0.1705914132265548,0.06428957320367369,0.0023198906791241617,0.06327263482378365,0.7485302062478152,5.0354466532214595,0.8014537924315129,0.1987210319442363,0.9837467590851997
test/aculus_olearius/DSC_0112.JPG,aculus_olearius,1,test/aculus_olearius/DSC_0112.JPG,0.12153869638223172,0.04240573958174325,0.0011906579148221645,0.039261181499007786,0.8133720042741566,4.413455152240246,0.8249024154501675,0.20754054518946494,0.9817250168858012
test/aculus_olearius/DSC_0113.JPG,aculus_olearius,1,test/aculus_olearius/DSC_0113.JPG,0.09271922240561713,0.03578820508789855,0.0004715868898844612,0.028504807566349655,0.850847546438209,3.9939929436331063,0.8318765885254538,0.2102155446462013,0.981803249215447
test/aculus_olearius/DSC_0114.JPG,aculus_olearius,1,test/aculus_olearius/DSC_0114.JPG,0.08354569873958262,0.05939343848290746,2.2958422297219735e-05,0.041164451178914985,0.7160043161833919,6.669406838709894,0.8320588543157919,0.1881663196320422,0.9738553075117627
test/aculus_olearius/DSC_0116.JPG,aculus_olearius,1,test/aculus_olearius/DSC_0116.JPG,0.0078125,0.018993144132653062,0.022161989795918366,0.0,0.8285833864795918,1.9495852217223546,0.8130629635670388,0.1896059660220454,0.9671647612739473
test/aculus_olearius/DSC_0119.JPG,aculus_olearius,1,test/aculus_olearius/DSC_0119.JPG,0.13728465152701644,0.08293363351605325,0.0,0.03342795614722005,0.7480422866092404,4.843291596131341,0.7778600099018156,0.17092287425398714,0.9812779662284259
test/aculus_olearius/DSC_1481.JPG,aculus_olearius,1,test/aculus_olearius/DSC_1481.JPG,0.03617267219387755,0.002072704081632653,0.011260363520408163,0.0,0.17167570153061223,2.27362340244825,0.6352408137401828,0.14371252714657146,0.9396845092021491
test/aculus_olearius/DSC_1492.JPG,aculus_olearius,1,test/aculus_olearius/DSC_1492.JPG,0.03230756965759158,0.00037868218599274527,0.0007772950133535298,0.0,0.3555427113644517,2.293259628791146,0.6750573846201713,0.15258774155652985,0.9473025136206392
test/aculus_olearius/DSC_1559.JPG,aculus_olearius,1,test/aculus_olearius/DSC_1559.JPG,0.050123565051020405,0.00027901785714285713,0.0537109375,0.0,0.10756138392857142,2.039533359264713,0.7203034822850177,0.1665970431136328,0.956834787172772
test/aculus_olearius/IMG_20190211_192604.jpg,aculus_olearius,1,test/aculus_olearius/IMG_20190211_192604.jpg,0.07783991183313604,0.0017347646842728274,0.0,0.05696150863300543,0.910118780358382,8.167271236495564,0.7536755020432349,0.11812435466767167,0.9723154998651272
test/aculus_olearius/IMG_20190729_192851.jpg,aculus_olearius,1,test/aculus_olearius/IMG_20190729_192851.jpg,0.004482862599256207,0.038476228766710224,0.010533721982108755,0.008965725198512414,0.9377424866820786,8.348794163664019,0.7681882415965826,0.2236620611084828,0.9362807520127736
test/aculus_olearius/IMG_20190729_192905.jpg,aculus_olearius,1,test/aculus_olearius/IMG_20190729_192905.jpg,0.06723534558180227,0.00842082239720035,0.011614173228346457,0.00968941382327209,0.8762904636920384,4.207611026042025,0.7244152511399133,0.19676084995408355,0.9760077972176949
test/aculus_olearius/IMG_20190729_192915.jpg,aculus_olearius,1,test/aculus_olearius/IMG_20190729_192915.jpg,0.0001800468121711645,0.015784103867005423,0.010322683897813432,0.00832216376257827,0.9637705803508912,4.91163564533261,0.7513149877420662,0.19662938532884833,0.9447854365750368
test/aculus_olearius/IMG_20190729_193004.jpg,aculus_olearius,1,test/aculus_olearius/IMG_20190729_193004.jpg,0.08573284823284823,0.002546777546777547,0.017593555093555095,0.044542619542619545,0.8777546777546777,6.846534958628183,0.7605650828572261,0.17666761412771476,0.9771799312133825
test/aculus_olearius/IMG_20190729_193012.jpg,aculus_olearius,1,test/aculus_olearius/IMG_20190729_193012.jpg,0.044595632144685204,0.004990615935847125,6.398225558778366e-05,0.0224364442927828,0.9356125234601603,6.736217741882856,0.7753653983757824,0.1939559988366088,0.970243625037893
test/aculus_olearius/IMG_20190729_193023.jpg,aculus_olearius,1,test/aculus_olearius/IMG_20190729_193023.jpg,0.04575372858375447,0.006286207321582645,0.01878466658449402,0.01979539011463084,0.8932577345001849,6.849137117333955,0.7447400210808721,0.18939687098834804,0.9682030055724923
test/aculus_olearius/IMG_20190729_193033.jpg,aculus_olearius,1,test/aculus_olearius/IMG_20190729_193033.jpg,0.0,0.04411247803163445,0.014674868189806678,0.0007249560632688927,0.923286467486819,3.5048704222116296,0.7606761662897197,0.1933734501395003,0.9771280108216897
test/aculus_olearius/IMG_20190729_193135.jpg,aculus_olearius,1,test/aculus_olearius/IMG_20190729_193135.jpg,0.023266815757784276,0.0045372441080337176,0.008515396525030104,0.0018493032857388612,0.9236194735936694,3.229222587620776,0.7497726620993286,0.21277140460718993,0.9698126250221946
test/aculus_olearius/IMG_20190729_193138.jpg,aculus_olearius,1,test/aculus_olearius/IMG_20190729_193138.jpg,0.01806040067776338,0.002511711352536629,0.00749526562344264,0.0013754609787700587,0.949845509817602,2.412704431548411,0.7890041325676375,0.24188294744413363,0.9668216381428771
test/aculus_olearius/IMG_20190729_193149.jpg,aculus_olearius,1,test/aculus_olearius/IMG_20190729_193149.jpg,0.00012395925872363283,0.01906906596698552,0.009214304898456708,0.003326240109084148,0.9556019255004855,4.835908784650423,0.7426494810258774,0.21422506095534305,0.9384953512580322
test/aculus_olearius/IMG_20190729_193252.jpg,aculus_olearius,1,test/aculus_olearius/IMG_20190729_193252.jpg,0.04957302872352223,0.0056116224908506155,0.011334146611955196,0.010247310635466342,0.9039370078740158,3.9777305670457332,0.7292795490989408,0.1748317526158348,0.9758944743851021
test/aculus_olearius/IMG_20190729_193302.jpg,aculus_olearius,1,test/aculus_olearius/IMG_20190729_193302.jpg,0.042685361849403206,0.003949061543240005,0.010360740116253273,0.008585880995695967,0.9110351865820651,4.0915520981590445,0.7232546110353405,0.17165148608777753,0.9746909386925224
test/aculus_olearius/IMG_20190729_193325.jpg,aculus_olearius,1,test/aculus_olearius/IMG_20190729_193325.jpg,0.0,0.02665682592745349,0.007402261922851499,0.000607810363166692,0.9430394859660929,4.422416515329801,0.6883340625539536,0.17340984244936558,0.955301651472067
test/aculus_olearius/IMG_20190729_193426.jpg,aculus_olearius,1,test/aculus_olearius/IMG_20190729_193426.jpg,0.00023915816326530612,0.03419961734693878,0.001295440051020408,0.00033880739795918367,0.9328364158163265,2.647484186629126,0.7658862700295268,0.2095968659349872,0.9553241466172928
test/aculus_olearius/IMG_20190729_193446.jpg,aculus_olearius,1,test/aculus_olearius/IMG_20190729_193446.jpg,0.10097842744312154,0.002334079924554992,0.0003300719085229282,0.03432747848638453,0.8822822114817871,6.701435640658496,0.7562529984368503,0.197114069578935,0.9685367956413868
test/aculus_olearius/IMG_20190729_193451.jpg,aculus_olearius,1,test/aculus_olearius/IMG_20190729_193451.jpg,0.08613682546850304,0.002619101377286069,0.0004967261232783924,0.02815533980582524,0.8997290584782118,6.519540002746485,0.7588194104242841,0.21169020866562152,0.9648449273248766
test/aculus_olearius/IMG_20190729_193510.jpg,aculus_olearius,1,test/aculus_olearius/IMG_20190729_193510.jpg,0.030702016877132084,0.0018552875695732839,5.984798611526722e-05,0.007261555648652423,0.9482115426815888,3.057371954904771,0.7769497502428991,0.2023243231509803,0.9680164806204214
test/aculus_olearius/IMG_20190729_193526.jpg,aculus_olearius,1,test/aculus_olearius/IMG_20190729_193526.jpg,8.040685870504754e-05,0.012241944237843487,0.004764106378274067,0.0035982069270508775,0.9733250246246005,6.45591256293818,0.722305745634351,0.19068170103384968,0.9104557928676209
test/aculus_olearius/IMG_20190729_193727.jpg,aculus_olearius,1,test/aculus_olearius/IMG_20190729_193727.jpg,0.043925708889265565,0.004213381117272441,0.005593626655689275,0.05818824611957285,0.9251761629174032,9.19101389369986,0.7051749963442088,0.12078973516579614,0.9773493603600029
test/aculus_olearius/IMG_20190729_193730.jpg,aculus_olearius,1,test/aculus_olearius/IMG_20190729_193730.jpg,0.04426881189283278,0.003057888175381648,0.004892621080610637,0.04810293322042669,0.933267471126479,7.313423148666103,0.7397550918365955,0.1544521729774524,0.9755951295049754
test/aculus_olearius/IMG_20190729_193743.jpg,aculus_olearius,1,test/aculus_olearius/IMG_20190729_193743.jpg,0.00026615800913809166,0.03087432906001863,0.012642505434059353,0.00011089917047420486,0.9475446923657012,5.24812362854761,0.7728363617400414,0.18658689582063423,0.9515053801382626
test/aculus_olearius/IMG_20190729_193758.jpg,aculus_olearius,1,test/aculus_olearius/IMG_20190729_193758.jpg,0.09481922119562924,0.00637050162426697,0.0037758933468337343,0.007446314812470995,0.8811964730202928,4.50913897703788,0.6962185349157209,0.21171927903263746,0.9683520281321645
test/aculus_olearius/IMG_20190729_193801.jpg,aculus_olearius,1,test/aculus_olearius/IMG_20190729_193801.jpg,0.06931675375355513,0.004299226139294927,0.002755914191855722,0.005511828383711444,0.9165288709570739,3.7857925056017683,0.7382465126809068,0.20687848798729133,0.9666707147053075
test/aculus_olearius/IMG_20190729_193814.jpg,aculus_olearius,1,test/aculus_olearius/IMG_20190729_193814.jpg,0.00012481278082875687,0.021987851555999333,0.017681810617407222,0.0037443834248627058,0.9412755866200699,5.76381167549802,0.6861563598125504,0.2027542258353135,0.9363253213963386
test/aculus_olearius/IMG_20190729_193927.jpg,aculus_olearius,1,test/aculus_olearius/IMG_20190729_193927.jpg,0.03804429228629507,0.004108270033165722,0.012324810099497164,0.013073713490959666,0.9103027709425484,5.423485731822911,0.7219205204216982,0.1611046949353022,0.9672397365685874
test/aculus_olearius/IMG_20190729_193947.jpg,aculus_olearius,1,test/aculus_olearius/IMG_20190729_193947.jpg,0.014448485822800072,0.0021300966581596767,0.0,0.005465908405843699,0.9713642666237968,3.8054652602244747,0.7514445115848358,0.21925234866267507,0.95460462495785
test/aculus_olearius/IMG_20190729_194002.jpg,aculus_olearius,1,test/aculus_olearius/IMG_20190729_194002.jpg,7.345199911857601e-05,0.09502240285973117,0.012119579854565042,0.000342775995886688,0.8849986533800162,3.971360175451667,0.7503657216956079,0.15652031036120245,0.979049056928767
test/aculus_olearius/IMG_20190729_194014.jpg,aculus_olearius,1,test/aculus_olearius/IMG_20190729_194014.jpg,0.030431821917486557,0.011036231713903303,0.014253175851785756,0.021649799234508185,0.9049005565078545,5.093778420949235,0.6833498896184342,0.18315891557556385,0.9790721735545249
test/aculus_olearius/IMG_20190729_194017.jpg,aculus_olearius,1,test/aculus_olearius/IMG_20190729_194017.jpg,0.024355101092261213,0.0057169416686033,0.012851498954217987,0.016337438996049267,0.9252382059028584,4.384365642600578,0.7180329236228655,0.1993150431371406,0.9773693978415985
test/aculus_olearius/IMG_20190729_194030.jpg,aculus_olearius,1,test/aculus_olearius/IMG_20190729_194030.jpg,0.0006185772722737703,0.010635538261997406,0.00039908211114436795,1.9954105557218398e-05,0.9755362665868502,2.609123604814452,0.7374550303719964,0.24292907076336978,0.9350449145511897
test/aculus_olearius/IMG_20190729_194125.jpg,aculus_olearius,1,test/aculus_olearius/IMG_20190729_194125.jpg,6.958458005705935e-05,0.12958968292626355,0.008234175306752023,0.0,0.8296337531602996,5.1449883517135415,0.7273585361862435,0.1769639230113047,0.9577138298422189
test/aculus_olearius/IMG_20190729_194303.jpg,aculus_olearius,1,test/aculus_olearius/IMG_20190729_194303.jpg,0.02897565312900442,0.009937498365543033,0.051282721828499696,0.005700985904443108,0.8521143335338267,3.581111600167813,0.7005292173265367,0.12009110290823373,0.9827204590317284
test/aculus_olearius/IMG_20190729_194316.jpg,aculus_olearius,1,test/aculus_olearius/IMG_20190729_194316.jpg,0.07665564113088197,0.0020039112484608514,7.243052705280186e-05,0.01134744923827229,0.9031603853304039,5.163416925497346,0.7158613134854857,0.19161485389919555,0.9713541546603409
test/aculus_olearius/IMG_20190729_194326.jpg,aculus_olearius,1,test/aculus_olearius/IMG_20190729_194326.jpg,0.0026403221192985546,0.023388853440119695,0.013179607912165284,4.400536865497591e-05,0.9391625778344959,7.464096029926215,0.6745898723914457,0.15128126643248224,0.929335336457918
test/aculus_olearius/IMG_20190729_194426.jpg,aculus_olearius,1,test/aculus_olearius/IMG_20190729_194426.jpg,0.016258837432000163,0.000651983455919806,0.0,0.0001018724149874697,0.9437868014099142,2.4380783380099245,0.7434757999054106,0.21779903911049536,0.96666276713748
test/aculus_olearius/IMG_20190729_194439.jpg,aculus_olearius,1,test/aculus_olearius/IMG_20190729_194439.jpg,0.02685129179987903,0.0049036550591894925,0.03022120452778018,0.0,0.8909314784411994,2.6744425327047043,0.7018018482486242,0.16382785285270188,0.9807665717575821
test/aculus_olearius/IMG_20190729_194451.jpg,aculus_olearius,1,test/aculus_olearius/IMG_20190729_194451.jpg,0.0004542920271749231,0.06521155553720032,0.0073925702603919305,0.0014041753567224896,0.9138910112127532,3.831654995130172,0.7190015852179394,0.20776220389808717,0.9566829412663899
test/aculus_olearius/IMG_20190729_194513.jpg,aculus_olearius,1,test/aculus_olearius/IMG_20190729_194513.jpg,0.08913728862138148,0.0038931881150281837,0.009076144071844846,0.010795834527562817,0.8613499570077386,5.840409394828962,0.6751403363111729,0.1726305651499886,0.966916150742186
test/aculus_olearius/IMG_20190729_194527.jpg,aculus_olearius,1,test/aculus_olearius/IMG_20190729_194527.jpg,0.07769218533415138,0.0018860635807939647,0.0,0.019542345535937464,0.9023791669507124,5.943606133381234,0.6990577852126925,0.19530934521134746,0.9658761176066889
test/aculus_olearius/IMG_20190729_194602.jpg,aculus_olearius,1,test/aculus_olearius/IMG_20190729_194602.jpg,0.03359467488664031,0.001295539324085863,0.00037972704326654606,0.0012732024391878308,0.9294824543769126,3.162308372598785,0.7147853942410545,0.16952455408361675,0.9749340668032265
test/aculus_olearius/IMG_20190729_194617.jpg,aculus_olearius,1,test/aculus_olearius/IMG_20190729_194617.jpg,0.001067883914736798,0.03632899200134009,0.003413040747099962,0.0,0.9451191423426442,4.014403035058425,0.7330131192428174,0.18104053572689818,0.9545236531805359
test/aculus_olearius/IMG_20190729_194659.jpg,aculus_olearius,1,test/aculus_olearius/IMG_20190729_194659.jpg,0.09947098880072036,0.045191063087399404,0.000872305700939839,0.08413529180032642,0.8205301367550228,8.674730909093478,0.71382928853384,0.1463038604403793,0.982466239306467
test/aculus_olearius/IMG_20190729_194718.jpg,aculus_olearius,1,test/aculus_olearius/IMG_20190729_194718.jpg,2.5914120604317294e-05,0.028738759750187876,0.021664204825209258,0.0,0.9281660576848325,5.590218804622539,0.654889655846708,0.13386927494551804,0.961717303893576
test/aculus_olearius/IMG_20190729_194936.jpg,aculus_olearius,1,test/aculus_olearius/IMG_20190729_194936.jpg,6.432246998284734e-05,0.04110205831903945,0.004288164665523156,0.000879073756432247,0.9128430531732419,4.988941487900755,0.737998903487789,0.18285951548101734,0.9366693565584602
test/aculus_olearius/IMG_20190729_195036.jpg,aculus_olearius,1,test/aculus_olearius/IMG_20190729_195036.jpg,0.03252784013380871,0.0010563845239667238,0.00022008010915973414,0.00451164223777455,0.9359346802236014,3.1038559460521005,0.7836173518973908,0.1840194357585355,0.9734485662969559
test/aculus_olearius/IMG_20190729_195104.jpg,aculus_olearius,1,test/aculus_olearius/IMG_20190729_195104.jpg,6.0907522078976755e-05,0.011206984062531723,0.002517510912597706,0.0010963353974215815,0.9759821337935235,4.6836053335183365,0.756141483446601,0.2102788295267728,0.9356453591134517
test/aculus_olearius/IMG_20190729_195342.jpg,aculus_olearius,1,test/aculus_olearius/IMG_20190729_195342.jpg,0.03344118155548421,0.003754106053496011,0.040850601397910545,0.0016794684976166366,0.8774481958062683,3.9264037367275293,0.7154550454235259,0.13205167052715783,0.979887599781686
test/aculus_olearius/IMG_20190729_195405.jpg,aculus_olearius,1,test/aculus_olearius/IMG_20190729_195405.jpg,0.002188183807439825,0.0019578486698145804,0.0006679718991132097,0.00039156973396291603,0.9899113209720143,2.879159105863808,0.7552190730323396,0.17317507372011748,0.9737147125944909
test/aculus_olearius/IMG_20190729_195416.jpg,aculus_olearius,1,test/aculus_olearius/IMG_20190729_195416.jpg,0.000179443724454192,0.01688764829030007,0.005163991625959525,0.003210048848569435,0.9682583989632141,4.7312883490322655,0.7968237289007006,0.21925846852439712,0.9401755726054948
test/aculus_olearius/IMG_20190729_195435.jpg,aculus_olearius,1,test/aculus_olearius/IMG_20190729_195435.jpg,0.08004947870648524,0.029561002701133467,0.005023603362532502,0.03970918637820917,0.8435867013354202,5.684986161375514,0.7027219165132522,0.14025857171544043,0.9776066050307839
test/aculus_olearius/IMG_20190729_195727.jpg,aculus_olearius,1,test/aculus_olearius/IMG_20190729_195727.jpg,0.009258255458467942,0.003555863923158648,0.0169770820233733,0.006613039613191388,0.9461199887253096,3.6023590339033245,0.7417633033285809,0.19502173818394838,0.9767792537526214
test/aculus_olearius/IMG_20190729_195739.jpg,aculus_olearius,1,test/aculus_olearius/IMG_20190729_195739.jpg,0.0,0.02582329317269076,0.021345381526104417,0.008393574297188755,0.9210843373493975,6.089664494204045,0.7450058445399217,0.1873781647655941,0.9479500098137579
test/aculus_olearius/IMG_20190729_195845.jpg,aculus_olearius,1,test/aculus_olearius/IMG_20190729_195845.jpg,0.006178781705433298,0.005014663413105285,0.03908751035393673,0.000805928048534778,0.9067586021625736,2.9061477751673332,0.7052567029961785,0.146937473523807,0.9813225272578445
test/aculus_olearius/IMG_20190729_195903.jpg,aculus_olearius,1,test/aculus_olearius/IMG_20190729_195903.jpg,0.004092346485335759,0.0012607734121488953,0.0,0.0014674575780749437,0.983051898394064,2.8531596214719124,0.7354181852129821,0.1765739780144975,0.9692808080776614
test/aculus_olearius/IMG_20190729_200009.jpg,aculus_olearius,1,test/aculus_olearius/IMG_20190729_200009.jpg,0.040429521810956826,0.0112515068982453,0.000602759298120284,0.0415234183149529,0.9325132830289771,7.490495672225361,0.712901086892709,0.16589772491326443,0.962690384577113
test/aculus_olearius/IMG_20190729_200020.jpg,aculus_olearius,1,test/aculus_olearius/IMG_20190729_200020.jpg,4.0524385549004113e-05,0.011387352339270155,0.0016614998075091686,0.0014183534942151439,0.9808522278280956,5.148034692490266,0.7448695807621076,0.19557026209964168,0.9202503791691671
test/aculus_olearius/IMG_20190729_200116.jpg,aculus_olearius,1,test/aculus_olearius/IMG_20190729_200116.jpg,0.012884405007900815,0.0008103399376038249,0.0,0.004274543170860176,0.97244844212147,2.9606411974500118,0.7621591665959001,0.19228346080457398,0.9603254132101272
test/aculus_olearius/IMG_20190729_200141.jpg,aculus_olearius,1,test/aculus_olearius/IMG_20190729_200141.jpg,0.029906168895987222,0.0021361549211419443,0.0003194250349371132,0.01265721700938311,0.9416450389299261,2.8479423957406405,0.7390946753317499,0.19638726847998406,0.9763250426512671
test/aculus_olearius/IMG_20190729_200220.jpg,aculus_olearius,1,test/aculus_olearius/IMG_20190729_200220.jpg,0.0812225599459642,0.004462778019009022,0.0074057991991122694,0.02914073430790756,0.8686254643701452,7.3860029157402645,0.7309010842013767,0.18150988915704014,0.9680026661425774
test/aculus_olearius/IMG_20190729_200233.jpg,aculus_olearius,1,test/aculus_olearius/IMG_20190729_200233.jpg,0.05126135216952573,0.0002242403856934634,0.0,0.01022536158762193,0.9079941697499719,4.6782515287073885,0.7316395818191854,0.18563607478596805,0.9654593751518763
test/aculus_olearius/IMG_20190729_200243.jpg,aculus_olearius,1,test/aculus_olearius/IMG_20190729_200243.jpg,0.0,0.006821467293097217,0.007770148174918685,0.00024846404047705096,0.9764636790748102,4.874124181838959,0.719521381869438,0.15432389383400888,0.9635750009749143
test/aculus_olearius/IMG_20190729_200409.jpg,aculus_olearius,1,test/aculus_olearius/IMG_20190729_200409.jpg,0.06299968734646479,0.005181115726472821,0.01730760641386395,0.02114877841797311,0.871164411094734,6.576284568026902,0.6576991609596847,0.12803772027014979,0.9724174372059202
test/aculus_olearius/IMG_20190729_200421.jpg,aculus_olearius,1,test/aculus_olearius/IMG_20190729_200421.jpg,0.029845896769402153,0.0015549572966951355,0.0002784998143334571,0.012602116598588934,0.9349702933531377,4.093871089096225,0.7025164574169033,0.18263621238204866,0.9757805299677581
test/aculus_olearius/IMG_20190729_200431.jpg,aculus_olearius,1,test/aculus_olearius/IMG_20190729_200431.jpg,0.000668197953643767,0.022906661098350385,0.009521820839423678,0.0038212570474002922,0.9474420547087075,8.218311071841558,0.7102265078465577,0.19496845270063135,0.9305990511791727
test/aculus_olearius/IMG_20190729_200445.jpg,aculus_olearius,1,test/aculus_olearius/IMG_20190729_200445.jpg,0.033964082113320665,0.00310467574873538,0.006343173728019699,0.002087626796563445,0.8987768648127827,5.261457945328891,0.7109723973640554,0.16149617447011064,0.9674311083241202
test/aculus_olearius/IMG_20190729_200455.jpg,aculus_olearius,1,test/aculus_olearius/IMG_20190729_200455.jpg,0.05239507299270073,0.001322992700729927,0.0,0.016811131386861314,0.9114279197080292,4.608793853864435,0.7191962589341687,0.1727357681493661,0.9730338754185777
test/aculus_olearius/IMG_20190729_200510.jpg,aculus_olearius,1,test/aculus_olearius/IMG_20190729_200510.jpg,0.04024655547498187,0.0005118798788550954,0.0,0.008893912895107282,0.9340528089408352,3.8061441019577984,0.7577570975227055,0.19140165719777746,0.9696404836390626
test/aculus_olearius/IMG_20190729_200521.jpg,aculus_olearius,1,test/aculus_olearius/IMG_20190729_200521.jpg,0.00022024667627743074,0.016738747397084735,0.00626701906134871,6.00672753483902e-05,0.9582332212077527,3.7472656329261476,0.754228096977549,0.21978326349593863,0.9501530095308961
test/aculus_olearius/IMG_20190729_200536.jpg,aculus_olearius,1,test/aculus_olearius/IMG_20190729_200536.jpg,0.0932615936459134,0.009736100435562388,0.07940046118370485,7.686395080707149e-05,0.775992826031258,4.41248854556481,0.7092877940669002,0.13905401269681453,0.9787972898017827
test/aculus_olearius/IMG_20190729_200549.jpg,aculus_olearius,1,test/aculus_olearius/IMG_20190729_200549.jpg,0.03005839157745731,0.002410864372290542,0.00019906219587720073,0.0,0.9359904450145979,3.2930091394526153,0.7198099955137554,0.1580344877812035,0.9633528592381096
test/aculus_olearius/IMG_20190729_200559.jpg,aculus_olearius,1,test/aculus_olearius/IMG_20190729_200559.jpg,0.0037204753704530476,0.04268979739354126,0.0007228352148308778,0.0011480324000255118,0.9273550609094968,5.989418348401746,0.7113436594891511,0.18706055665877871,0.9394038818245468
test/aculus_olearius/IMG_20190729_200640.jpg,aculus_olearius,1,test/aculus_olearius/IMG_20190729_200640.jpg,0.0005081408397027376,0.09303211873557621,0.005504859096779657,0.005377823886853973,0.894772501111558,6.70009328865209,0.7139194174775163,0.19298911475446562,0.9169203177096547
test/aculus_olearius/IMG_20190729_200658.jpg,aculus_olearius,1,test/aculus_olearius/IMG_20190729_200658.jpg,4.3957010044176793e-05,0.013121167498186773,0.01659377129167674,0.0007472691707510055,0.9600870348798874,3.6983741948831663,0.7247614417534868,0.15896021152966142,0.96639491862009
test/aculus_olearius/IMG_20190729_200711.jpg,aculus_olearius,1,test/aculus_olearius/IMG_20190729_200711.jpg,0.06327160493827161,0.004058070416095108,0.0003143575674439872,0.021547782350251486,0.8710848193872885,6.16348807977834,0.6767029536213753,0.16176897463978554,0.9782237060961111
test/aculus_olearius/IMG_20190729_200727.jpg,aculus_olearius,1,test/aculus_olearius/IMG_20190729_200727.jpg,0.02550107575586004,0.0014494394745781904,0.0,0.023983693805910995,0.9448307099988676,4.835056541157316,0.7042713782184142,0.15328951239886446,0.9811318042156771
test/aculus_olearius/IMG_20190729_200743.jpg,aculus_olearius,1,test/aculus_olearius/IMG_20190729_200743.jpg,0.08852741836105976,0.005422057917436845,0.007024029574861368,0.046087492298213184,0.8700431300061614,8.930766114655524,0.7238229863098989,0.1526818406066271,0.9739202319212258
test/aculus_olearius/IMG_20190729_200746.jpg,aculus_olearius,1,test/aculus_olearius/IMG_20190729_200746.jpg,0.055398196667138744,0.0015342491620639193,0.0042250861539914085,0.028300996081763678,0.9154274654203842,7.5113927016994415,0.740268788833796,0.16869251790146964,0.9679847658993564
test/aculus_olearius/IMG_20190729_200756.jpg,aculus_olearius,1,test/aculus_olearius/IMG_20190729_200756.jpg,0.0,0.017689973529601652,0.03288355176792132,0.003249618008479136,0.9410979835151828,3.2064990988633886,0.727033280083255,0.14832156058993815,0.9777673064193215
test/aculus_olearius/IMG_20190806_143502.jpg,aculus_olearius,1,test/aculus_olearius/IMG_20190806_143502.jpg,0.09466865969108122,0.006038863976083707,0.0,0.011539611360239163,0.8970403587443946,4.532618530984326,0.744692624751414,0.24745292308697892,0.9670902319721018
test/aculus_olearius/IMG_20190806_143507.jpg,aculus_olearius,1,test/aculus_olearius/IMG_20190806_143507.jpg,0.11441512406459235,0.01964903067699444,0.0,0.006914358233775327,0.8596122707977769,5.013683951072686,0.7187813654071016,0.20837685408969692,0.9683631992634554
test/aculus_olearius/IMG_20190806_143514.jpg,aculus_olearius,1,test/aculus_olearius/IMG_20190806_143514.jpg,0.08665981500513875,0.04713257965056526,0.0002672147995889003,0.010421377183967111,0.8608838643371017,4.7144657060823825,0.7025418441953051,0.21239158397861574,0.9715676449674895
test/aculus_olearius/IMG_20190806_143916.jpg,aculus_olearius,1,test/aculus_olearius/IMG_20190806_143916.jpg,0.006421415032300491,0.006460098255386639,0.0001934161154307377,0.06668987660051835,0.9786468608564466,4.9843570189372866,0.7567867779501812,0.2389719536492094,0.972224350728193
test/aculus_olearius/IMG_20190806_143921.jpg,aculus_olearius,1,test/aculus_olearius/IMG_20190806_143921.jpg,0.0652541384938214,0.02057589181627419,0.00224411284681744,0.03360340405688972,0.8543949638610399,6.612675815842059,0.6775395025733849,0.1972358806840374,0.9708120705999053
test/aculus_olearius/IMG_20190806_143926.jpg,aculus_olearius,1,test/aculus_olearius/IMG_20190806_143926.jpg,0.0650591356030236,0.013402740381738765,0.00011966732483695327,0.02307584913939249,0.9052035341749936,5.529210123166228,0.7350980312562949,0.22387680165688736,0.9657777808238514
test/aculus_olearius/IMG_20190806_144416.jpg,aculus_olearius,1,test/aculus_olearius/IMG_20190806_144416.jpg,0.0,0.0,0.0,0.05395118888801695,0.9995683904888959,4.306562671205097,0.7649258462462579,0.23281589631481933,0.9822091309278692
test/aculus_olearius/IMG_20190806_144424.jpg,aculus_olearius,1,test/aculus_olearius/IMG_20190806_144424.jpg,0.03747509432362542,0.0011657976175335962,0.0,0.003476196532281996,0.9108694730594769,4.375156394482609,0.7969585289739864,0.2282522042798897,0.9779239429986177
test/aculus_olearius/IMG_20190806_145330.jpg,aculus_olearius,1,test/aculus_olearius/IMG_20190806_145330.jpg,0.000886339937434828,0.0,0.0,0.00964546402502607,0.9927528675703858,3.754940398891545,0.7598575043488648,0.22730522514878548,0.9766316624761677
test/aculus_olearius/IMG_20190806_145333.jpg,aculus_olearius,1,test/aculus_olearius/IMG_20190806_145333.jpg,0.08766421548376435,0.002313475997686524,0.0,0.0026164311878597592,0.8240381172712,5.133214764001467,0.7214549451257593,0.18745228728564894,0.9741752909053366
test/aculus_olearius/IMG_20190806_145337.jpg,aculus_olearius,1,test/aculus_olearius/IMG_20190806_145337.jpg,0.07115097159940209,0.0005979073243647235,0.0,0.0015146985550572995,0.8858395615346288,3.8902746410309628,0.7549786925058843,0.26529575166196157,0.9744698711106097
test/aculus_olearius/IMG_20190806_151423.jpg,aculus_olearius,1,test/aculus_olearius/IMG_20190806_151423.jpg,0.06607550038003547,0.00022802128198631873,0.0,0.0,0.8925259690904485,2.8052027231209884,0.7832950786530917,0.23026283514580143,0.9785591671659299
test/aculus_olearius/IMG_20190806_151426.jpg,aculus_olearius,1,test/aculus_olearius/IMG_20190806_151426.jpg,0.07938058035714286,7.971938775510203e-05,0.0,0.0,0.8891103316326531,3.408473537310759,0.736001987884534,0.2521345193303749,0.9750179900449969
test/aculus_olearius/IMG_20190806_151429.jpg,aculus_olearius,1,test/aculus_olearius/IMG_20190806_151429.jpg,0.05568399234693878,1.992984693877551e-05,0.0,0.0,0.9203404017857143,3.027858871213203,0.7776367470902044,0.27778928181281143,0.9700765455365832
test/aculus_olearius/IMG_20190806_151433.jpg,aculus_olearius,1,test/aculus_olearius/IMG_20190806_151433.jpg,0.057896205357142856,7.971938775510203e-05,0.0,0.0,0.9051339285714286,3.443775934399295,0.7549565989496083,0.3180316138336655,0.9694164476904776
test/aculus_olearius/IMG_20190806_151455.jpg,aculus_olearius,1,test/aculus_olearius/IMG_20190806_151455.jpg,0.14719411223551057,0.0006899724011039559,0.0,0.006176895781311605,0.7935339729267972,4.289131208494107,0.7113263760396951,0.18012870817070534,0.9808272965415021
test/aculus_olearius/IMG_20190806_153328.jpg,aculus_olearius,1,test/aculus_olearius/IMG_20190806_153328.jpg,0.00424979341282021,8.853736276708771e-05,0.0,0.0,0.9366072482587652,4.890728289202896,0.725811652102392,0.18043741909712077,0.9741999175047722
test/aculus_olearius/IMG_20190806_153332.jpg,aculus_olearius,1,test/aculus_olearius/IMG_20190806_153332.jpg,0.008388892225759306,0.0,0.0,0.0,0.9607584039081426,3.1425584851049813,0.7946587849633397,0.23589646487564894,0.9745804356612934
test/aculus_olearius/IMG_20190806_153533.jpg,aculus_olearius,1,test/aculus_olearius/IMG_20190806_153533.jpg,0.007800780078007801,0.00022002200220022002,0.0,0.0,0.9541954195419542,2.12972224829049,0.7740075605292693,0.25038089640684585,0.9811470516622979
test/aculus_olearius/IMG_20190806_153552.jpg,aculus_olearius,1,test/aculus_olearius/IMG_20190806_153552.jpg,0.003428258949228116,0.00023135489841416733,0.0,0.0,0.9516888907584234,2.2887991476342213,0.756222601049392,0.20973115944837267,0.9826675116213313
test/aculus_olearius/IMG_20190806_162942.jpg,aculus_olearius,1,test/aculus_olearius/IMG_20190806_162942.jpg,0.19637275568801338,0.0031256814712509995,0.0,0.03848949625645126,0.6804899323980519,5.151915318343638,0.6757988233391377,0.18661292041902677,0.9844452551201894
test/aculus_olearius/IMG_20190806_162948.jpg,aculus_olearius,1,test/aculus_olearius/IMG_20190806_162948.jpg,0.10965641140803953,0.005973501010554682,0.00042667864361104873,0.03822142375926342,0.8440601841455199,5.8564046597855635,0.7329581687427354,0.20332884787238398,0.9770835358928582
test/aculus_olearius/IMG_20190806_163014.jpg,aculus_olearius,1,test/aculus_olearius/IMG_20190806_163014.jpg,0.008365231057821491,0.0005576820705214328,0.0,0.013308322137443282,0.9394154477933534,5.730071955049694,0.6736418864143715,0.1845295402527002,0.9815071174139374
test/aculus_olearius/IMG_20190806_163016.jpg,aculus_olearius,1,test/aculus_olearius/IMG_20190806_163016.jpg,0.01526547577811866,0.0006680191993666189,0.0,0.011702706714830027,0.9102132713147607,5.981343854806472,0.6778232642824082,0.19064990181537014,0.9792359550281691
test/aculus_olearius/IMG_20190806_163022.jpg,aculus_olearius,1,test/aculus_olearius/IMG_20190806_163022.jpg,0.014207569119576248,0.00017326303804361277,0.0,0.018638152520977204,0.9178485681047499,4.650013764345011,0.7167472290520258,0.21005907073438923,0.9793613641308084
test/aculus_olearius/IMG_20190806_164242.jpg,aculus_olearius,1,test/aculus_olearius/IMG_20190806_164242.jpg,0.10230813111588924,0.00019746368862170346,0.0,0.06410987757251306,0.8873359954363947,4.311711754596599,0.8122061632530018,0.17586775902704738,0.982749115824096
test/aculus_olearius/IMG_20190806_164252.jpg,aculus_olearius,1,test/aculus_olearius/IMG_20190806_164252.jpg,0.10788889739077205,0.023159129747239014,0.006810008416864336,0.09791618843573852,0.8337796821996072,6.8356699354456545,0.7796627233586675,0.14777048341376722,0.9782008599878902
test/aculus_olearius/IMG_20190806_164255.jpg,aculus_olearius,1,test/aculus_olearius/IMG_20190806_164255.jpg,0.10569260478146164,0.016291783392716294,0.013327168384692795,0.10479506078820681,0.8448064840753937,6.232049079333311,0.7804448894728595,0.16057684474154732,0.9812030037272312
test/aculus_olearius/IMG_20190806_165113.jpg,aculus_olearius,1,test/aculus_olearius/IMG_20190806_165113.jpg,0.15538271604938272,2.4691358024691357e-05,0.0,0.02217283950617284,0.813037037037037,4.293335742584345,0.7824027001292001,0.16733281600535108,0.9833217818696072
test/aculus_olearius/IMG_20190806_165120.jpg,aculus_olearius,1,test/aculus_olearius/IMG_20190806_165120.jpg,0.11051732931237111,0.00022174424019336098,0.0,0.024857529325675764,0.8858682395724771,3.7563544486870013,0.8094155461189998,0.1731697986010466,0.9808754533491957
test/aculus_olearius/IMG_20190806_165124.jpg,aculus_olearius,1,test/aculus_olearius/IMG_20190806_165124.jpg,0.1267416934619507,0.012277111955568546,0.0,0.017416934619506965,0.8534297963558414,4.378737569967588,0.7953898806717563,0.15605146085407123,0.9804521041887484
test/aculus_olearius/IMG_20190806_170409.jpg,aculus_olearius,1,test/aculus_olearius/IMG_20190806_170409.jpg,0.11444835003410105,0.009574523896962384,0.005613556476575206,0.092335134567966,0.8535753633072767,5.772604936032662,0.7206698002626976,0.14658023656562583,0.9793729733782578
test/aculus_olearius/IMG_20190806_172114.jpg,aculus_olearius,1,test/aculus_olearius/IMG_20190806_172114.jpg,0.11334299878402394,0.0,0.0,0.0042559161911888506,0.8255542044710504,5.520466797446837,0.772198795266306,0.20282867303801266,0.978182673985452
test/aculus_olearius/IMG_20190806_172841.jpg,aculus_olearius,1,test/aculus_olearius/IMG_20190806_172841.jpg,0.04757060924142409,0.0,0.0,0.0018396277459149443,0.8858132236770913,4.084102956032371,0.775764904455986,0.20384406966692942,0.9815750755586818
test/aculus_olearius/IMG_20190806_172845.jpg,aculus_olearius,1,test/aculus_olearius/IMG_20190806_172845.jpg,0.09178985672049124,0.001682965658403457,0.0,0.07641573800318399,0.8888787809870367,2.7029532967033054,0.7993021700586254,0.17818494213949979,0.98756525065113
test/aculus_olearius/IMG_20190806_173016.jpg,aculus_olearius,1,test/aculus_olearius/IMG_20190806_173016.jpg,0.11819956086850451,2.033016182808815e-05,0.0,0.0,0.8779377083841587,3.308884243806191,0.8157573794837972,0.26136569538681,0.9786073298108351
test/aculus_olearius/IMG_20190806_173019.jpg,aculus_olearius,1,test/aculus_olearius/IMG_20190806_173019.jpg,0.0888689586447434,5.979073243647235e-05,0.0,0.0,0.9089387144992526,2.9953193980248254,0.8364918315237821,0.3287356068772595,0.9734366956957865
test/aculus_olearius/IMG_20190806_173603.jpg,aculus_olearius,1,test/aculus_olearius/IMG_20190806_173603.jpg,0.11536449448424883,0.0004549073126350506,0.0,0.0845217786875924,0.8822017513931536,2.672075418646223,0.8016255395109531,0.1889501082006158,0.9883442725593812
test/aculus_olearius/IMG_20190806_174202.jpg,aculus_olearius,1,test/aculus_olearius/IMG_20190806_174202.jpg,0.0924745586932567,0.0,0.0,0.040835728021087654,0.8588250545556684,2.7758985956835094,0.7993082575546274,0.194409091126864,0.9866155609168453
test/aculus_olearius/IMG_20190807_134037.jpg,aculus_olearius,1,test/aculus_olearius/IMG_20190807_134037.jpg,0.08779368375040979,0.0,0.0,0.0,0.9061304775434379,2.967796256351788,0.8165491086031683,0.20577802070704823,0.9757859476605143
test/aculus_olearius/IMG_20190807_134105.jpg,aculus_olearius,1,test/aculus_olearius/IMG_20190807_134105.jpg,0.0727742297143086,0.0,0.0,0.0,0.9237622374822319,2.874577694133885,0.8322479171503427,0.24717295467227984,0.9717306091924792
test/aculus_olearius/IMG_20190807_134141.jpg,aculus_olearius,1,test/aculus_olearius/IMG_20190807_134141.jpg,0.14392880572748795,0.046892381414187514,0.0,0.0007416070053338658,0.8045865540945264,5.717857582192913,0.7944511482844452,0.20372974768734795,0.9758657606992261
test/aculus_olearius/IMG_20190807_134215.jpg,aculus_olearius,1,test/aculus_olearius/IMG_20190807_134215.jpg,0.13222003929273085,0.0003929273084479371,0.0,0.0006985374372407772,0.8540056756166776,4.345387137262601,0.7816045047292705,0.21592029333894197,0.9777857383527965
test/aculus_olearius/IMG_20190807_134229.jpg,aculus_olearius,1,test/aculus_olearius/IMG_20190807_134229.jpg,0.1027783485149419,0.007214117754491702,0.0,0.0007077140835102619,0.8722461931831154,3.012714490979217,0.805451813822936,0.18622639319977147,0.9836862609792705
test/aculus_olearius/IMG_20190807_134241.jpg,aculus_olearius,1,test/aculus_olearius/IMG_20190807_134241.jpg,0.0839352177849311,0.00024142440398350267,0.0,0.0,0.9058847198470978,3.931531487422472,0.8222409988744973,0.26297747775742353,0.9715451282331153
test/aculus_olearius/IMG_20190807_134737.jpg,aculus_olearius,1,test/aculus_olearius/IMG_20190807_134737.jpg,0.17080359464848152,0.008842141763227092,0.0,0.004421070881613546,0.811916664258676,4.5148454054353335,0.7975143206692223,0.16052777433452683,0.9810395063366772
test/aculus_olearius/IMG_20190807_134749.jpg,aculus_olearius,1,test/aculus_olearius/IMG_20190807_134749.jpg,0.17158559543329083,0.003127467055322767,0.0,0.00015181878909333819,0.7839011356045424,4.137050663659753,0.8146662039532785,0.20924377078973905,0.9842945221472015
test/aculus_olearius/IMG_20190807_134845.jpg,aculus_olearius,1,test/aculus_olearius/IMG_20190807_134845.jpg,0.11506396615176627,0.003830458403224595,0.0,0.0,0.8738953008036452,2.8092638842791393,0.7976059369225272,0.19804707668997262,0.9823264117685139
test/aculus_olearius/IMG_20190807_135219.jpg,aculus_olearius,1,test/aculus_olearius/IMG_20190807_135219.jpg,0.054855605889014725,0.00014156285390713478,0.0,0.0006724235560588901,0.8001132502831257,5.1928960399268025,0.7918190825777849,0.1831257281784783,0.9761147037187098
test/aculus_olearius/IMG_20190807_135327.jpg,aculus_olearius,1,test/aculus_olearius/IMG_20190807_135327.jpg,0.1317846526478036,0.008725090829021249,0.0,0.017064846416382253,0.8250302763404161,5.6790396608798215,0.7939951802158667,0.16782774900398678,0.976782775529614
test/aculus_olearius/IMG_20190807_135620.jpg,aculus_olearius,1,test/aculus_olearius/IMG_20190807_135620.jpg,0.0868575912122401,0.0469465149731921,0.023250948084216034,0.03740028769452073,0.7559565842814175,3.8825495326191626,0.8037752775012816,0.15025995261472194,0.9851962478465781
test/aculus_olearius/IMG_20190807_140351.jpg,aculus_olearius,1,test/aculus_olearius/IMG_20190807_140351.jpg,0.09287701402573316,0.026167845137359452,0.0,0.0003187666628028283,0.8322707777906573,3.4077588466828423,0.8025149733019088,0.2272382874567972,0.9751123707150732
test/aculus_olearius/IMG_20190807_140356.jpg,aculus_olearius,1,test/aculus_olearius/IMG_20190807_140356.jpg,0.1156617090385132,0.003467897526070286,0.0,0.002784086746281779,0.8709062935013554,4.185278704660518,0.7898384793186081,0.16713180540035427,0.9761748493366429
test/aculus_olearius/IMG_20190807_140359.jpg,aculus_olearius,1,test/aculus_olearius/IMG_20190807_140359.jpg,0.09280421951525807,0.005877181966595505,0.0,0.0,0.8813763656913224,3.7141593259845904,0.8202644393321545,0.1899132523232881,0.9730475437481927
test/aculus_olearius/IMG_20190807_141013.jpg,aculus_olearius,1,test/aculus_olearius/IMG_20190807_141013.jpg,0.021637198397968155,0.010891862850444467,0.014603887857770831,0.0005616879945296474,0.8199423659275178,3.593587264588461,0.7700872912937807,0.13747633014537236,0.9724762208316311
test/aculus_olearius/IMG_20190807_141018.jpg,aculus_olearius,1,test/aculus_olearius/IMG_20190807_141018.jpg,0.008594881699661999,9.657170449058426e-05,0.0005311443746982134,9.657170449058426e-05,0.9556011588604539,2.397645404746913,0.7903415461578177,0.1686852734134088,0.9741826526538446
test/aculus_olearius/IMG_20190807_141029.jpg,aculus_olearius,1,test/aculus_olearius/IMG_20190807_141029.jpg,0.026359005761683412,0.0,0.0,0.00013917109694658612,0.838116180031731,4.796705289566654,0.772270635608907,0.1917116903476896,0.9712593628284503
test/aculus_olearius/IMG_20190807_141240.jpg,aculus_olearius,1,test/aculus_olearius/IMG_20190807_141240.jpg,0.13090799429762034,0.002330299374931462,0.0,0.02080820265379976,0.8299429762035311,4.660858247446916,0.7880778252983625,0.16783617960823138,0.9779731213567642
test/aculus_olearius/IMG_20190807_141455.jpg,aculus_olearius,1,test/aculus_olearius/IMG_20190807_141455.jpg,0.2182741116751269,0.00046146746654360867,0.0,7.099499485286287e-05,0.7498136381385112,4.01209040769634,0.7641161905872089,0.17125514631990413,0.9825206883793425
test/aculus_olearius/IMG_20190807_141458.jpg,aculus_olearius,1,test/aculus_olearius/IMG_20190807_141458.jpg,0.17840650630643048,0.03759735336687573,0.0,0.0,0.753842442621821,4.729693605408692,0.7816020428814197,0.19032678365681702,0.9757684494978747
test/aculus_olearius/IMG_20190807_141506.jpg,aculus_olearius,1,test/aculus_olearius/IMG_20190807_141506.jpg,0.12496357171999767,0.008509646208544617,0.0,8.742787200559538e-05,0.8514600454624934,4.359059448201466,0.8006969565116938,0.16929217006634972,0.9780380609602898
test/aculus_olearius/IMG_20190807_141510.jpg,aculus_olearius,1,test/aculus_olearius/IMG_20190807_141510.jpg,0.15279839343403476,0.006606711487528741,0.0,0.0,0.8281963968683606,3.801239370791445,0.7896709264745514,0.195087691706859,0.981086540167709
test/aculus_olearius/IMG_20190807_141846.jpg,aculus_olearius,1,test/aculus_olearius/IMG_20190807_141846.jpg,0.21492864983534576,4.3907793633369924e-05,0.0,0.010933040614709112,0.7649176728869375,6.173313915295289,0.808306172396834,0.18165742813196506,0.9767006550813913
test/aculus_olearius/IMG_20190807_142053.jpg,aculus_olearius,1,test/aculus_olearius/IMG_20190807_142053.jpg,0.1292332701164996,0.029531292332701166,0.0,0.00037252777025196425,0.8026957464101869,4.202534908625413,0.8065745117572166,0.18341232501337548,0.9774728492197029
test/aculus_olearius/IMG_20190807_142156.jpg,aculus_olearius,1,test/aculus_olearius/IMG_20190807_142156.jpg,0.16360826733629516,0.0,0.0,0.019161676646706587,0.765655785203786,5.5627022982787,0.775971250248286,0.16066699299753345,0.9823830020857012
test/aculus_olearius/IMG_20190807_142200.jpg,aculus_olearius,1,test/aculus_olearius/IMG_20190807_142200.jpg,0.17440333447527692,0.0005709717939933768,0.0,0.03522895968939135,0.8006451981272125,7.059493720306293,0.755256834914761,0.17295889578478674,0.9785171654710749
test/aculus_olearius/IMG_20190807_142217.jpg,aculus_olearius,1,test/aculus_olearius/IMG_20190807_142217.jpg,0.12842971367904182,0.0031186755582097475,0.0,0.021598487110580274,0.8408148369330812,6.340017095144324,0.7894538249804248,0.173860330270024,0.9724767808807753
test/aculus_olearius/IMG_20190807_142344.jpg,aculus_olearius,1,test/aculus_olearius/IMG_20190807_142344.jpg,0.25975258311660926,0.02200042173332396,0.0,0.00010543333099037043,0.6382582413720391,4.208558609930664,0.7461377817989241,0.15533896637925898,0.9831760483605292
test/aculus_olearius/IMG_20190807_142348.jpg,aculus_olearius,1,test/aculus_olearius/IMG_20190807_142348.jpg,0.27429059430922714,0.03734327083575948,0.0,0.0,0.6101083032490975,4.870783757837378,0.7487043854424533,0.16730349207036427,0.9800499612866658
test/aculus_olearius/IMG_20190807_143210.jpg,aculus_olearius,1,test/aculus_olearius/IMG_20190807_143210.jpg,0.0991478053697425,0.009560463056293716,0.0,0.012798191759064112,0.8641375729252574,4.4033772195062575,0.8000234199166407,0.1659632543216842,0.9783987476374563
test/aculus_olearius/IMG_20190807_143214.jpg,aculus_olearius,1,test/aculus_olearius/IMG_20190807_143214.jpg,0.064399129523656,0.01450793906665592,0.0,0.008570430670857849,0.890679992477365,4.469726593638455,0.7936399855943774,0.17323846923983538,0.9792998958833445
test/aculus_olearius/IMG_20190807_143539.jpg,aculus_olearius,1,test/aculus_olearius/IMG_20190807_143539.jpg,0.1471282189564514,0.03684104085209654,0.0,0.005190777942564379,0.772347310233248,6.186811850688814,0.7875095107392796,0.16975547004062558,0.9738981827501896
test/aculus_olearius/IMG_20190807_143547.jpg,aculus_olearius,1,test/aculus_olearius/IMG_20190807_143547.jpg,0.14616982775953355,0.018028282286710006,0.0,0.0010388043696803162,0.7941491857114135,6.179446635285675,0.7846270696714143,0.19174839802759472,0.9686471022407498
test/aculus_olearius/IMG_20190807_143552.jpg,aculus_olearius,1,test/aculus_olearius/IMG_20190807_143552.jpg,0.16005837995621502,0.00024324981756263683,0.0,0.05704208221843834,0.7652233844157951,6.965332420481076,0.7539773974553562,0.1696813179598466,0.9820958060242408
test/aculus_olearius/IMG_20190807_143608.jpg,aculus_olearius,1,test/aculus_olearius/IMG_20190807_143608.jpg,0.18139048614741243,0.02087222761556269,0.0,0.0020909566126502874,0.7644686729893212,4.959682879274482,0.7870761308899201,0.18006082496684414,0.9782154810100296
test/aculus_olearius/a245.jpg,aculus_olearius,1,test/aculus_olearius/a245.jpg,0.16493156366652842,0.00016590626296142678,0.0,0.10514309415180423,0.7345499792617172,4.1928829504378164,0.7868672113159619,0.10781983229709738,0.9883053140819212
test/olive_peacock_spot/DSC_0083.JPG,olive_peacock_spot,2,test/olive_peacock_spot/DSC_0083.JPG,0.007571428571428572,0.22525,0.003285714285714286,0.004,0.6605714285714286,2.6926414063383284,0.7734703883211289,0.16828091238974954,0.982273285590331
test/olive_peacock_spot/DSC_0084.JPG,olive_peacock_spot,2,test/olive_peacock_spot/DSC_0084.JPG,0.09057714958775029,0.07895563407930899,0.00019630938358853554,0.024892029839026306,0.6906949352179034,3.061794209318781,0.7697038719058958,0.1960425556570847,0.9853934387261102
test/olive_peacock_spot/DSC_0092.JPG,olive_peacock_spot,2,test/olive_peacock_spot/DSC_0092.JPG,0.024453922193877552,0.0262874681122449,0.014628507653061224,0.00029894770408163266,0.8611487563775511,2.664786928483012,0.8072147129841917,0.19947479278020852,0.9543865519722905
test/olive_peacock_spot/DSC_0101.JPG,olive_peacock_spot,2,test/olive_peacock_spot/DSC_0101.JPG,0.05824674374359725,0.05379774623152349,0.0,0.0007610127323284063,0.740055612468901,2.3924962081245145,0.8343982416322846,0.19064948609149773,0.9758919778702844
test/olive_peacock_spot/DSC_0102.JPG,olive_peacock_spot,2,test/olive_peacock_spot/DSC_0102.JPG,0.052972195589645256,0.10570469798657718,0.006012304250559284,0.004654042825183765,0.6477109300095877,2.5566320817305814,0.807084943746444,0.1627557937026405,0.983676063734489
test/olive_peacock_spot/DSC_0103.JPG,olive_peacock_spot,2,test/olive_peacock_spot/DSC_0103.JPG,0.022942432421544534,0.06391250050356524,0.0013696974580026588,0.0,0.8651049429964146,1.6098363705175083,0.8406241220386462,0.20478998252526798,0.9719063594288253
test/olive_peacock_spot/DSC_0120.JPG,olive_peacock_spot,2,test/olive_peacock_spot/DSC_0120.JPG,0.08423540396230268,0.08015055583112071,0.0,0.003501298398155983,0.8237096256528462,1.565651215211854,0.8317921430223212,0.1909239653678847,0.9917704830661214
test/olive_peacock_spot/IMG_20190729_182404.jpg,olive_peacock_spot,2,test/olive_peacock_spot/IMG_20190729_182404.jpg,0.010689001894505933,0.0215973676338618,0.009771662179678932,0.006261840662079968,0.9570246285771263,2.2148306718341075,0.7852920420030283,0.20542055299459552,0.9694304216093163
test/olive_peacock_spot/IMG_20190729_182523.jpg,olive_peacock_spot,2,test/olive_peacock_spot/IMG_20190729_182523.jpg,0.006397228637413395,0.11956120092378753,0.014849884526558891,0.0017782909930715936,0.8568591224018476,2.9036831240343584,0.723667258879217,0.15512711065354703,0.9783170912382096
test/olive_peacock_spot/IMG_20190729_182525.jpg,olive_peacock_spot,2,test/olive_peacock_spot/IMG_20190729_182525.jpg,0.0019492730358207585,0.09290005962482227,0.011259918359858736,0.00022932623950832454,0.892973444021465,2.4353609329209474,0.7664117921016108,0.17732524903769448,0.9765889044985415
test/olive_peacock_spot/IMG_20190729_182833.jpg,olive_peacock_spot,2,test/olive_peacock_spot/IMG_20190729_182833.jpg,0.016251457396435624,0.06341161634187546,0.005282318509529588,0.04461417660075666,0.8831227544197777,5.558601823361261,0.7299796051699226,0.1565054944618306,0.9792810512592138
test/olive_peacock_spot/IMG_20190729_182947.jpg,olive_peacock_spot,2,test/olive_peacock_spot/IMG_20190729_182947.jpg,0.04828483558079016,0.03775727466288148,0.0026732907499408564,0.03813579370712089,0.8894251242015614,6.387744927438062,0.7214902289008465,0.14780688268148448,0.9710022686168843
test/olive_peacock_spot/IMG_20190729_182950.jpg,olive_peacock_spot,2,test/olive_peacock_spot/IMG_20190729_182950.jpg,0.03824587270736993,0.015258137300895829,0.0012286933404820947,0.021155865335209884,0.9331367423988562,4.74033812278795,0.769767556143302,0.18886529781032238,0.965481293426726
test/olive_peacock_spot/IMG_20190729_191916.jpg,olive_peacock_spot,2,test/olive_peacock_spot/IMG_20190729_191916.jpg,0.019594765529771626,0.006485591407741313,0.011890250914192406,0.027184287389894438,0.9365929946413376,3.004053212350838,0.7547713621600434,0.18126118793843127,0.9863200243883217
test/olive_peacock_spot/IMG_20190729_191921.jpg,olive_peacock_spot,2,test/olive_peacock_spot/IMG_20190729_191921.jpg,0.01601912464532273,0.006412118233204495,0.011908219575951205,0.02745816483835653,0.9389396545946067,3.2059024853905087,0.7421410387884442,0.1932869361041999,0.9853737904885105
test/olive_peacock_spot/IMG_20190729_191936.jpg,olive_peacock_spot,2,test/olive_peacock_spot/IMG_20190729_191936.jpg,0.043918062628171155,0.06378027143482569,0.0060370054609553215,0.014792967579898154,0.8827392336228945,4.481734501320341,0.693202827616986,0.1300729921971538,0.9732380128341429
test/olive_peacock_spot/IMG_20190729_191938.jpg,olive_peacock_spot,2,test/olive_peacock_spot/IMG_20190729_191938.jpg,0.028732660356572765,0.04318892061422244,0.004968636884822051,0.011443602598979294,0.9200971244857123,3.7274888417768075,0.7327357097655969,0.1655147643406821,0.9701293726325362
test/olive_peacock_spot/IMG_20190729_192012.jpg,olive_peacock_spot,2,test/olive_peacock_spot/IMG_20190729_192012.jpg,0.00017719500310091257,0.06261628422078497,0.05561708159829893,0.0020598919110481084,0.8701382121024187,3.6747451988298026,0.7004800378502226,0.15129570124469313,0.973952127867943
test/olive_peacock_spot/IMG_20190729_192116.jpg,olive_peacock_spot,2,test/olive_peacock_spot/IMG_20190729_192116.jpg,0.0064081343107117526,0.08628517379995271,0.03956017971151572,0.009103807046583116,0.863348309292977,4.513833755518387,0.7348261513523605,0.1460532367077834,0.9743261443184682
test/olive_peacock_spot/IMG_20190729_192119.jpg,olive_peacock_spot,2,test/olive_peacock_spot/IMG_20190729_192119.jpg,0.00674833125504291,0.07432944570771902,0.028460353553876622,0.006870583632851659,0.8870143524291547,3.9322274043715173,0.7609161959228932,0.1621886462803687,0.9741894343022826
test/olive_peacock_spot/IMG_20190729_192131.jpg,olive_peacock_spot,2,test/olive_peacock_spot/IMG_20190729_192131.jpg,2.1133160041420992e-05,0.04691561529195461,0.04340751072507872,0.0015427206830237324,0.9020055368879308,3.755953973733345,0.7110734028439485,0.21561158375725972,0.9644035797437958
test/olive_peacock_spot/IMG_20190729_192135.jpg,olive_peacock_spot,2,test/olive_peacock_spot/IMG_20190729_192135.jpg,4.362145303060045e-05,0.03681650635782678,0.039324739907086306,0.001461318676525115,0.9191694475342974,3.419351853797755,0.7297198014018493,0.20070239941117385,0.965552243301657
test/olive_peacock_spot/IMG_20190729_192152.jpg,olive_peacock_spot,2,test/olive_peacock_spot/IMG_20190729_192152.jpg,3.986366626138606e-05,0.04638137569512268,0.008670347411851468,1.993183313069303e-05,0.9321520400231209,2.406855694588983,0.7300110971675441,0.1678578491601886,0.9589950034906665
test/olive_peacock_spot/IMG_20190729_192320.jpg,olive_peacock_spot,2,test/olive_peacock_spot/IMG_20190729_192320.jpg,2.017227119601396e-05,0.07058277691485285,0.04728380368345672,0.0028644625098339822,0.874266233635245,2.943574247567264,0.7384167721945258,0.1978934809885933,0.9763633979269334
test/olive_peacock_spot/IMG_20190729_192326.jpg,olive_peacock_spot,2,test/olive_peacock_spot/IMG_20190729_192326.jpg,0.0,0.058852847943539545,0.04571462748459897,0.0024123287944337007,0.8871588349050021,2.803687263755113,0.7430297742791363,0.20921197437464917,0.9745696191140818
test/olive_peacock_spot/IMG_20190729_192346.jpg,olive_peacock_spot,2,test/olive_peacock_spot/IMG_20190729_192346.jpg,3.985969387755102e-05,0.06076610331632653,0.0016541772959183674,0.0,0.9358258928571429,1.2441961251126892,0.7851310167924181,0.20437206357346172,0.9726031636970246
test/olive_peacock_spot/IMG_20190729_192618.jpg,olive_peacock_spot,2,test/olive_peacock_spot/IMG_20190729_192618.jpg,0.02769410164221164,0.08274220192401127,0.0013361189388786318,0.06666018851423575,0.8852395296861335,9.535672390290998,0.7435759315518926,0.1451991551976259,0.9748976044432961
test/olive_peacock_spot/IMG_20190729_192621.jpg,olive_peacock_spot,2,test/olive_peacock_spot/IMG_20190729_192621.jpg,0.0304349941611522,0.06568703775788244,0.00038925652004671076,0.05507979758660957,0.9000827170105099,8.458604830773224,0.751797778209006,0.16534811927400417,0.9723525816882248
test/olive_peacock_spot/IMG_20190729_192738.jpg,olive_peacock_spot,2,test/olive_peacock_spot/IMG_20190729_192738.jpg,0.016883645240032545,0.14130729590452942,0.013900189856251695,0.01286050085887352,0.8218741524274478,3.4137352854215255,0.7250309853674552,0.20854369354367971,0.9812362884659174
test/olive_peacock_spot/IMG_20190729_192742.jpg,olive_peacock_spot,2,test/olive_peacock_spot/IMG_20190729_192742.jpg,0.018784854710889344,0.07939536248899325,0.009476288313975428,0.009623044991404251,0.8904356576795672,2.7809131607972626,0.7560207903945935,0.22536350785638737,0.9784485321460452
test/olive_peacock_spot/IMG_20190729_192928.jpg,olive_peacock_spot,2,test/olive_peacock_spot/IMG_20190729_192928.jpg,0.00016591658543667172,0.050148287948234026,0.043407926664869236,0.002862061098782587,0.8997656428230707,2.854835710155057,0.7502203427442813,0.21928472979955332,0.9752051298319762
test/olive_peacock_spot/IMG_20190729_192932.jpg,olive_peacock_spot,2,test/olive_peacock_spot/IMG_20190729_192932.jpg,1.993103860642178e-05,0.023817591134674028,0.025033384489665758,0.001554621011300899,0.9482390927391227,2.091528727306728,0.7943456382994443,0.25274144304848445,0.9673068626579802
test/olive_peacock_spot/IMG_20190729_192946.jpg,olive_peacock_spot,2,test/olive_peacock_spot/IMG_20190729_192946.jpg,0.0,0.052982456140350874,0.05329205366357069,0.003653250773993808,0.8878018575851393,2.185899413663366,0.7584042043221964,0.21813029297816403,0.9817029333152696
test/olive_peacock_spot/IMG_20190729_192951.jpg,olive_peacock_spot,2,test/olive_peacock_spot/IMG_20190729_192951.jpg,0.0,0.041452442159383034,0.046332744215938304,0.0030727827763496144,0.906491002570694,1.934682453526429,0.7776128628486892,0.23263332680640536,0.9809224488016859
test/olive_peacock_spot/IMG_20190729_193106.jpg,olive_peacock_spot,2,test/olive_peacock_spot/IMG_20190729_193106.jpg,2.0154788777813607e-05,0.05534504998387617,0.051354401805869074,0.0033255401483392455,0.8904184134150274,2.687627135624866,0.7660568531121763,0.2263441523405936,0.9789475075777438
test/olive_peacock_spot/IMG_20190729_193108.jpg,olive_peacock_spot,2,test/olive_peacock_spot/IMG_20190729_193108.jpg,3.98628717212788e-05,0.03019612532886869,0.03414254962927529,0.001395200510244758,0.9328310611496452,2.119523905845542,0.799823023896925,0.24745960425573627,0.972780968611764
test/olive_peacock_spot/IMG_20190729_193220.jpg,olive_peacock_spot,2,test/olive_peacock_spot/IMG_20190729_193220.jpg,0.03573259624172444,0.012193219054412518,0.04273199438264862,0.0019839058424912506,0.8690399233186955,2.202939006967055,0.7328155207329405,0.16924204525943276,0.9877056971205769
test/olive_peacock_spot/IMG_20190729_193223.jpg,olive_peacock_spot,2,test/olive_peacock_spot/IMG_20190729_193223.jpg,0.024308561534606095,0.007335854558709619,0.03472000729029025,0.0012074543217751857,0.9044971977946872,1.9131999524973882,0.7683172413182787,0.19016561554811576,0.9868834278464433
test/olive_peacock_spot/IMG_20190729_193401.jpg,olive_peacock_spot,2,test/olive_peacock_spot/IMG_20190729_193401.jpg,0.01881175075747596,0.019575813463311817,0.01997101831115795,0.05024370965617178,0.9250955078382295,11.22105775843442,0.7292918655031055,0.15936373913100682,0.9760664293568185
test/olive_peacock_spot/IMG_20190729_193416.jpg,olive_peacock_spot,2,test/olive_peacock_spot/IMG_20190729_193416.jpg,0.019925566613699087,0.005770678263778539,0.0016308438571548047,0.016036631262022247,0.9447812996571047,4.52133962631277,0.7533170206851373,0.19415863101281688,0.9644565141471055
test/olive_peacock_spot/IMG_20190729_193603.jpg,olive_peacock_spot,2,test/olive_peacock_spot/IMG_20190729_193603.jpg,0.006465286549206825,0.032626148016527155,0.038898760463274173,0.001691250454924964,0.9174284429791698,2.558956485103531,0.7528784109762165,0.225878197764384,0.9757954314019278
test/olive_peacock_spot/IMG_20190729_193624.jpg,olive_peacock_spot,2,test/olive_peacock_spot/IMG_20190729_193624.jpg,0.002989953755381917,0.032092170307765906,0.009508052942114495,0.00037872747568170944,0.9494498485090097,1.7955274393734748,0.7817508520951568,0.2294635115860248,0.9679661922409286
test/olive_peacock_spot/IMG_20190729_193643.jpg,olive_peacock_spot,2,test/olive_peacock_spot/IMG_20190729_193643.jpg,0.0,0.07184058730991086,0.04144649267879472,0.000584889677705619,0.8846153846153846,2.094959260437533,0.7167589567036828,0.2226516088775479,0.9766321944644138
test/olive_peacock_spot/IMG_20190729_193702.jpg,olive_peacock_spot,2,test/olive_peacock_spot/IMG_20190729_193702.jpg,0.0,0.06467235331632654,0.009665975765306123,0.0,0.9235092474489796,1.374349465985084,0.7732593365098197,0.2323996222743986,0.9626694631760223
test/olive_peacock_spot/IMG_20190729_193827.jpg,olive_peacock_spot,2,test/olive_peacock_spot/IMG_20190729_193827.jpg,0.04282742402315485,0.08224041244573083,0.0016732995658465992,0.014878798842257597,0.8709976483357453,5.472850769317691,0.7305588393435167,0.1714375215518337,0.971615495174972
test/olive_peacock_spot/IMG_20190729_193842.jpg,olive_peacock_spot,2,test/olive_peacock_spot/IMG_20190729_193842.jpg,0.036400610066090494,0.024972038637519064,0.0026436197254702592,6.100660904931367e-05,0.9330960854092527,1.783687838062099,0.7773660752066716,0.21610127767874127,0.9675683895643272
test/olive_peacock_spot/IMG_20190729_194054.jpg,olive_peacock_spot,2,test/olive_peacock_spot/IMG_20190729_194054.jpg,0.06550062466535785,0.014337557260991136,0.022458206912963293,0.0,0.8024570170741865,2.697254998282522,0.7230998751646787,0.1381416973418772,0.9812516009217156
test/olive_peacock_spot/IMG_20190729_194116.jpg,olive_peacock_spot,2,test/olive_peacock_spot/IMG_20190729_194116.jpg,0.0725090547546339,0.0076225646852733,0.0007811945174348413,0.027602206282697724,0.8932840944061738,3.913761464399465,0.7672370914422658,0.17432503202716698,0.9758883880669748
test/olive_peacock_spot/IMG_20190729_194141.jpg,olive_peacock_spot,2,test/olive_peacock_spot/IMG_20190729_194141.jpg,0.0,0.10161859306910147,0.021000207511931938,0.003403195683751816,0.8718406308362731,2.783994218159835,0.7076192542162435,0.18335762136709147,0.9778835704125828
test/olive_peacock_spot/IMG_20190729_194204.jpg,olive_peacock_spot,2,test/olive_peacock_spot/IMG_20190729_194204.jpg,0.0,0.05720322092003508,0.0028900581997927132,0.0,0.936657896834888,1.6982868259411403,0.7634747619529186,0.22926793698622064,0.9632011308724929
test/olive_peacock_spot/IMG_20190729_194242.jpg,olive_peacock_spot,2,test/olive_peacock_spot/IMG_20190729_194242.jpg,0.06135495967650846,0.006641516253642669,0.00020331172205028576,0.0076128944812162555,0.9113560891860754,3.769051049188225,0.7059052810087141,0.17484846067612259,0.9760534293244879
test/olive_peacock_spot/IMG_20190729_194344.jpg,olive_peacock_spot,2,test/olive_peacock_spot/IMG_20190729_194344.jpg,0.030646856487674373,0.04089432447926619,0.029094209822281673,0.012134530861838334,0.8907175616281292,3.6979457066113635,0.7205900320997527,0.20079577526272646,0.9791291168651917
test/olive_peacock_spot/IMG_20190729_194405.jpg,olive_peacock_spot,2,test/olive_peacock_spot/IMG_20190729_194405.jpg,0.014389636273044345,0.01811659192825112,0.0003388141504733433,0.0066367713004484305,0.9641454907822621,2.060471400961216,0.775918964943639,0.23699792186385674,0.9684989446180939
test/olive_peacock_spot/IMG_20190729_194630.jpg,olive_peacock_spot,2,test/olive_peacock_spot/IMG_20190729_194630.jpg,0.008937735203557989,0.07269928156004106,0.03754704071159767,0.017362299007868627,0.8761546356483065,3.876705574002643,0.7336017673628733,0.16871989789176542,0.9787335664740618
test/olive_peacock_spot/IMG_20190729_194642.jpg,olive_peacock_spot,2,test/olive_peacock_spot/IMG_20190729_194642.jpg,0.006597946414246751,0.050256698219156105,0.004873255254291674,0.0008222364832343975,0.9329576447938392,2.181401973949294,0.7907797871235528,0.2771611749749389,0.9676955638377116
test/olive_peacock_spot/IMG_20190729_194902.jpg,olive_peacock_spot,2,test/olive_peacock_spot/IMG_20190729_194902.jpg,0.06464958741560774,0.005728444454547521,0.04862358209633789,0.0,0.8420131390511696,2.426257329207987,0.6998269854318888,0.16339537262315093,0.9848840448576184
test/olive_peacock_spot/IMG_20190729_194907.jpg,olive_peacock_spot,2,test/olive_peacock_spot/IMG_20190729_194907.jpg,0.06916057544578426,0.006238651706317799,0.05763769263001071,0.0,0.8184738581870664,2.5269058522425922,0.6837354891319013,0.15300671718403364,0.9857217618964729
test/olive_peacock_spot/IMG_20190729_194920.jpg,olive_peacock_spot,2,test/olive_peacock_spot/IMG_20190729_194920.jpg,0.05200257627442093,0.006225996517258654,0.00011927196393215811,0.0004293790701557692,0.9177977624579566,3.3038282814850737,0.7248269562583312,0.18283513300772253,0.9749515927254929
test/olive_peacock_spot/IMG_20190729_194957.jpg,olive_peacock_spot,2,test/olive_peacock_spot/IMG_20190729_194957.jpg,2.3257436565341767e-05,0.07681931297532386,0.059771611972928344,0.000302346675349443,0.840221410796102,2.2759032381493496,0.7434282094021013,0.20457361184875758,0.9813482655999223
test/olive_peacock_spot/IMG_20190729_195013.jpg,olive_peacock_spot,2,test/olive_peacock_spot/IMG_20190729_195013.jpg,4.261121527185955e-05,0.05878217146753025,0.02577978523947503,6.391682290778933e-05,0.8967743310039202,1.740355537696281,0.7711640986122361,0.20720345897728434,0.9743093082817278
test/olive_peacock_spot/IMG_20190729_195215.jpg,olive_peacock_spot,2,test/olive_peacock_spot/IMG_20190729_195215.jpg,0.03127210980614122,0.10452337153907834,0.014904957313334277,0.018843450780623557,0.8385925192207915,2.6289340708256486,0.7148965206375669,0.14891809998942993,0.9887245793861001
test/olive_peacock_spot/IMG_20190729_195228.jpg,olive_peacock_spot,2,test/olive_peacock_spot/IMG_20190729_195228.jpg,0.027868815909749628,0.04759993757385236,0.016208503333110382,0.0030990123291641586,0.9000958687267295,2.1291135644064507,0.7643508327230034,0.20802216114348296,0.9794422895931706
test/olive_peacock_spot/IMG_20190729_195244.jpg,olive_peacock_spot,2,test/olive_peacock_spot/IMG_20190729_195244.jpg,0.03232050416385325,0.04062570335358991,0.004613999549853702,0.024690524420436642,0.8973441368444744,4.719141597653201,0.7328514043941977,0.18043393971111976,0.9726391737855045
test/olive_peacock_spot/IMG_20190729_195248.jpg,olive_peacock_spot,2,test/olive_peacock_spot/IMG_20190729_195248.jpg,0.04223345281296614,0.03856001068637709,0.0037402319834361156,0.027628737449072734,0.8865908230736692,5.14345133318933,0.7191980668023155,0.17190853409140056,0.9726339020938535
test/olive_peacock_spot/IMG_20190729_195608.jpg,olive_peacock_spot,2,test/olive_peacock_spot/IMG_20190729_195608.jpg,4.798694755026633e-05,0.04035702288977398,0.09098325255530496,0.00016795431642593214,0.8298622774605308,3.725770110346642,0.7517577055853377,0.16582640425640502,0.9770307907763809
test/olive_peacock_spot/IMG_20190729_195628.jpg,olive_peacock_spot,2,test/olive_peacock_spot/IMG_20190729_195628.jpg,8.06597971406102e-05,0.08662862212901534,0.006674598213385494,0.0007662680728357968,0.9022201609162953,1.70891530982866,0.8117229035409572,0.2279776102013149,0.969683971324246
test/olive_peacock_spot/IMG_20190729_195635.jpg,olive_peacock_spot,2,test/olive_peacock_spot/IMG_20190729_195635.jpg,0.0,0.07620639231251305,0.008272404428660956,0.0011907248798830165,0.9017756423647378,1.9084760057437995,0.7840104462156228,0.2258896800352601,0.9665709315753414
test/olive_peacock_spot/IMG_20190729_195657.jpg,olive_peacock_spot,2,test/olive_peacock_spot/IMG_20190729_195657.jpg,0.10391876884023481,0.012628906869744567,0.00038077106139933366,0.08294462954148818,0.8608281770585435,5.670750232440301,0.7694932942981904,0.17886031294189372,0.9841440454484923
test/olive_peacock_spot/IMG_20190729_195710.jpg,olive_peacock_spot,2,test/olive_peacock_spot/IMG_20190729_195710.jpg,0.07650941090197996,0.004937668051821071,0.0017599608897580054,0.03351258860914202,0.8844781227083842,4.003922815676785,0.7740019435191938,0.1720668590597284,0.9819925750724547
test/olive_peacock_spot/IMG_20190729_195724.jpg,olive_peacock_spot,2,test/olive_peacock_spot/IMG_20190729_195724.jpg,0.017804883497531444,0.004199897236556978,0.0221164801286777,0.008891271809306794,0.9206934298416103,4.625118213032044,0.6787811552320518,0.1555457191573239,0.9781433489461663
test/olive_peacock_spot/IMG_20190729_200132.jpg,olive_peacock_spot,2,test/olive_peacock_spot/IMG_20190729_200132.jpg,0.02979706606796434,0.014277306711424026,0.007454715870697735,0.019857444907034026,0.9217472807725003,4.212667667748386,0.7277919798745788,0.19536944768409245,0.9805610646769323
test/olive_peacock_spot/IMG_20190729_200204.jpg,olive_peacock_spot,2,test/olive_peacock_spot/IMG_20190729_200204.jpg,0.0027185319927239293,0.00023987046994622903,0.0,0.01785036080516521,0.9888860015591581,4.261574437251628,0.7296371445003956,0.20310497961431287,0.9691344037864632
test/olive_peacock_spot/IMG_20190729_200259.jpg,olive_peacock_spot,2,test/olive_peacock_spot/IMG_20190729_200259.jpg,0.00961170330666774,0.036995990086041874,0.006024946097890262,0.01156628448223749,0.9455135309408185,2.5524941047478067,0.7625639692419505,0.2161882672976591,0.979143202281251
test/olive_peacock_spot/IMG_20190729_200310.jpg,olive_peacock_spot,2,test/olive_peacock_spot/IMG_20190729_200310.jpg,0.017037510486158272,0.03994726960412256,0.0021970998282267408,0.004174489673630807,0.9386210202532657,2.5064987954046796,0.7391175975273534,0.1979724792275222,0.9727262446071374
test/olive_peacock_spot/IMG_20190729_200615.jpg,olive_peacock_spot,2,test/olive_peacock_spot/IMG_20190729_200615.jpg,0.06797388793166209,0.08073870944257043,0.010046836702502003,0.05139903414468416,0.8388137937729027,5.766326714369727,0.740319103370636,0.16022961914724765,0.9789135305747152
test/olive_peacock_spot/IMG_20190729_200627.jpg,olive_peacock_spot,2,test/olive_peacock_spot/IMG_20190729_200627.jpg,0.044073877767358424,0.03396257185958332,0.00010192848697353936,4.0771394789415744e-05,0.9124842010845191,1.948032917030215,0.7204169707523067,0.16447458856794095,0.9710507672426687
test/olive_peacock_spot/IMG_20190729_200907.jpg,olive_peacock_spot,2,test/olive_peacock_spot/IMG_20190729_200907.jpg,0.0,0.03878883831387295,0.03819513160498714,0.0,0.8979264243463729,2.441474788647789,0.7757455825921856,0.1701979258990143,0.9809072498070003
test/olive_peacock_spot/IMG_20190729_200917.jpg,olive_peacock_spot,2,test/olive_peacock_spot/IMG_20190729_200917.jpg,0.0,0.031096006796941376,0.027251486830926083,0.0023152081563296515,0.9172472387425659,2.1146880643426806,0.748067382544912,0.19138291922384018,0.9741028378333523
test/olive_peacock_spot/IMG_20190729_201102.jpg,olive_peacock_spot,2,test/olive_peacock_spot/IMG_20190729_201102.jpg,0.04736270892120686,0.029542001302365964,0.005730410245278923,0.02437594964184936,0.8979596266550901,3.397001891046186,0.7255993438318525,0.19270612384191027,0.9815684303816
test/olive_peacock_spot/IMG_20190729_201112.jpg,olive_peacock_spot,2,test/olive_peacock_spot/IMG_20190729_201112.jpg,0.003926179846938775,0.015365911989795918,0.00025908801020408165,3.985969387755102e-05,0.9663584183673469,1.0598805849090238,0.8202955170104407,0.258819189620666,0.9706902158384878
test/olive_peacock_spot/IMG_20190729_201229.jpg,olive_peacock_spot,2,test/olive_peacock_spot/IMG_20190729_201229.jpg,0.007325557601800696,0.06451810926949049,0.06331082463679148,0.004174340085942296,0.8601596071209331,2.20690435215998,0.7346258851944005,0.19261937750569658,0.9850481764081168
test/olive_peacock_spot/IMG_20190729_201247.jpg,olive_peacock_spot,2,test/olive_peacock_spot/IMG_20190729_201247.jpg,0.00543544643947722,0.04987581938846138,0.007613696510728391,0.00012214486380847684,0.9286470420585481,1.6603198119968947,0.7471630022837339,0.18803049831449495,0.9718676846759223
test/olive_peacock_spot/IMG_20190729_201258.jpg,olive_peacock_spot,2,test/olive_peacock_spot/IMG_20190729_201258.jpg,0.012165867032213845,0.07121744345442084,0.03990318711446196,0.0,0.870309287183002,1.7674286319391523,0.754053969272854,0.21605083235363076,0.9795068530019005
test/olive_peacock_spot/IMG_20190729_201415.jpg,olive_peacock_spot,2,test/olive_peacock_spot/IMG_20190729_201415.jpg,0.053827492614032135,0.013643023563038936,0.021641486320947326,0.03146542406264261,0.8796867869238345,3.731684385335724,0.7340891383901796,0.15759284719599367,0.9858260507055733
test/olive_peacock_spot/IMG_20190729_201434.jpg,olive_peacock_spot,2,test/olive_peacock_spot/IMG_20190729_201434.jpg,0.06656565018835364,0.0037460277374413366,0.0,0.015846960035355767,0.9118210324725887,2.9266937436409624,0.7444985259706983,0.19255735288541534,0.9798247617333825
test/olive_peacock_spot/IMG_20190729_201444.jpg,olive_peacock_spot,2,test/olive_peacock_spot/IMG_20190729_201444.jpg,0.07464517681019966,0.012388741881164301,0.0028145297089247055,0.03257156603319702,0.9024777483762328,4.759154648190751,0.7387827558528118,0.16448108516030624,0.981379521029843
test/olive_peacock_spot/IMG_20190729_201457.jpg,olive_peacock_spot,2,test/olive_peacock_spot/IMG_20190729_201457.jpg,0.008928927332881573,0.02465420337226452,0.0025311914537409813,0.0,0.9582652369753258,1.326756084030717,0.7919108697928436,0.22132773532982744,0.9735100081026383
test/olive_peacock_spot/IMG_20190729_201509.jpg,olive_peacock_spot,2,test/olive_peacock_spot/IMG_20190729_201509.jpg,0.013190866627909309,0.036545516508630194,0.009502235230439228,0.012890162981376421,0.9384760339193713,2.6002110215852543,0.7903520117079084,0.21340075012976964,0.9780892031490177
test/olive_peacock_spot/IMG_20190729_201638.jpg,olive_peacock_spot,2,test/olive_peacock_spot/IMG_20190729_201638.jpg,0.010206522605852803,0.027190814129654732,0.013555537835898255,0.004963719001674508,0.9400964835340084,2.647690221526698,0.7603300774628426,0.20480410298876153,0.9738087140640928
test/olive_peacock_spot/IMG_20190729_201643.jpg,olive_peacock_spot,2,test/olive_peacock_spot/IMG_20190729_201643.jpg,0.009766598234039584,0.03187100117597815,0.014570170018536605,0.005042753782065337,0.9331087680133942,2.4653736365191152,0.7709410627218886,0.20455695329310133,0.978016964518638
test/olive_peacock_spot/IMG_20190729_201653.jpg,olive_peacock_spot,2,test/olive_peacock_spot/IMG_20190729_201653.jpg,0.01752077976439634,0.02888237756383424,0.00011959576630987264,0.001714205983774841,0.9396041380135143,1.7904199796510558,0.767270850275503,0.20704826792492098,0.9760076266173038
test/olive_peacock_spot/IMG_20190729_201710.jpg,olive_peacock_spot,2,test/olive_peacock_spot/IMG_20190729_201710.jpg,0.01367514552268559,0.034626425324934214,0.009488876485128778,0.00596044972490232,0.9405948488956224,1.7361231488110964,0.7692001468291784,0.20136789498504287,0.9782221137004016
test/olive_peacock_spot/IMG_20190729_201714.jpg,olive_peacock_spot,2,test/olive_peacock_spot/IMG_20190729_201714.jpg,0.013236056293106886,0.03079775146513575,0.012040027109994817,0.00709643981979827,0.941853047881035,1.692707374645274,0.7837618046318262,0.21154403223329493,0.9785653156356382
test/olive_peacock_spot/IMG_20190729_201751.jpg,olive_peacock_spot,2,test/olive_peacock_spot/IMG_20190729_201751.jpg,0.059244190923580235,0.04011827866789699,0.004152336213404916,0.03858736683164164,0.8789740793557588,3.249550020508361,0.7184736295543254,0.20744013737716888,0.9872735500244442
test/olive_peacock_spot/IMG_20190729_201801.jpg,olive_peacock_spot,2,test/olive_peacock_spot/IMG_20190729_201801.jpg,0.04808959156785244,0.020621232083682675,0.004631293168842576,0.01942348385036132,0.9053778895676129,2.5760791445760756,0.7498973024915323,0.22982638911151237,0.9809950477327363
test/olive_peacock_spot/IMG_20190729_201839.jpg,olive_peacock_spot,2,test/olive_peacock_spot/IMG_20190729_201839.jpg,0.05774978159915398,0.01875948319462964,0.006115223688445446,0.06092234125706929,0.9009839532852085,5.601851940759024,0.7443450188880759,0.14639392967868337,0.9843199574935695
test/olive_peacock_spot/IMG_20190729_201856.jpg,olive_peacock_spot,2,test/olive_peacock_spot/IMG_20190729_201856.jpg,0.05304648053166224,0.01899934140938392,0.006526034286626619,0.041331550481968585,0.9082563314506955,3.4184774170534107,0.7647448284930021,0.17839583175265025,0.9796316086329241
test/olive_peacock_spot/IMG_20190729_202018.jpg,olive_peacock_spot,2,test/olive_peacock_spot/IMG_20190729_202018.jpg,0.03856027524149795,0.006060606060606061,0.0005293105729786953,0.027312425565700675,0.950086012968109,7.980201038245525,0.7791702160359297,0.17291963963416881,0.9829667213724531
test/olive_peacock_spot/IMG_20190729_202034.jpg,olive_peacock_spot,2,test/olive_peacock_spot/IMG_20190729_202034.jpg,0.07813933086094828,0.011584320293496032,0.005463173425848387,0.018383379192088368,0.8858715157315469,2.4991752716091655,0.7854744516460731,0.17869004896737173,0.9808356587989697
test/olive_peacock_spot/IMG_20190729_202237.jpg,olive_peacock_spot,2,test/olive_peacock_spot/IMG_20190729_202237.jpg,0.020795477488390873,0.026650514839491216,0.010478497880072683,0.018837068443367657,0.9323036543508985,2.973433070408234,0.7740934888683758,0.2032140924887499,0.9769901702523167
test/olive_peacock_spot/IMG_20190729_202251.jpg,olive_peacock_spot,2,test/olive_peacock_spot/IMG_20190729_202251.jpg,0.012858979854264894,0.028371399995917784,0.006368256689731186,0.01508378747984406,0.9439103545404446,2.4548506838057804,0.7808466776225179,0.20343230671147988,0.9822363433601677
test/olive_peacock_spot/IMG_20190729_202259.jpg,olive_peacock_spot,2,test/olive_peacock_spot/IMG_20190729_202259.jpg,0.01699370009229164,0.007884916335620561,0.001203804020705429,0.014425584848120059,0.9567834356566751,1.479430751258769,0.8056091457147606,0.20238323380001813,0.9832604369907274
test/olive_peacock_spot/IMG_20190729_202359.jpg,olive_peacock_spot,2,test/olive_peacock_spot/IMG_20190729_202359.jpg,0.058573958891131525,0.015611484120772748,0.0018947975450014417,0.041108868476335624,0.913724924825967,4.616783831935695,0.763979153055931,0.19012074007754562,0.9798550904148133
test/olive_peacock_spot/IMG_20190729_202407.jpg,olive_peacock_spot,2,test/olive_peacock_spot/IMG_20190729_202407.jpg,0.030235538839745342,0.02952114806799319,0.0005252873321706973,0.0297522744941483,0.930893198579623,3.923106544273438,0.7649373866050111,0.19213705894183714,0.9841085475554288
test/olive_peacock_spot/IMG_20190729_202418.jpg,olive_peacock_spot,2,test/olive_peacock_spot/IMG_20190729_202418.jpg,0.02080525950426722,0.006656049654947119,0.008901955980236024,0.0189472824533464,0.9582669770100861,3.4131255371672804,0.8201047819418276,0.22537199827604712,0.9752062825546837
test/olive_peacock_spot/IMG_20190729_202427.jpg,olive_peacock_spot,2,test/olive_peacock_spot/IMG_20190729_202427.jpg,0.011165387299371946,0.04153125311534244,0.010726747084039477,0.0047851659854451205,0.9330076762037683,1.5700117814459364,0.7821461580401579,0.20945373230683895,0.9807162054009761
test/olive_peacock_spot/IMG_20190729_202628.jpg,olive_peacock_spot,2,test/olive_peacock_spot/IMG_20190729_202628.jpg,0.07885943417242147,0.023702383604366228,0.008398306972599688,0.041300957897081755,0.8775673869458677,2.65937129961503,0.7937442000944341,0.12855615201348417,0.9905966704892144
test/olive_peacock_spot/IMG_20190729_202630.jpg,olive_peacock_spot,2,test/olive_peacock_spot/IMG_20190729_202630.jpg,0.06157704654895666,0.021067415730337078,0.003451043338683788,0.014085072231139646,0.9006821829855538,4.338564003343652,0.7722552931512656,0.1685966927495677,0.9722389918989495
test/olive_peacock_spot/IMG_20190729_202647.jpg,olive_peacock_spot,2,test/olive_peacock_spot/IMG_20190729_202647.jpg,0.012419465942704324,0.048948498723611164,0.000769885327606467,0.0009319664492078285,0.9336075205640423,2.5851664656894022,0.812950587631246,0.15908871188845317,0.9790707034133834
test/olive_peacock_spot/IMG_20190729_202653.jpg,olive_peacock_spot,2,test/olive_peacock_spot/IMG_20190729_202653.jpg,0.004185267857142857,0.04836973852040816,0.0019730548469387753,0.00031887755102040814,0.9428013392857143,2.851640855764529,0.7993858158281808,0.2030271697246709,0.949870959383467
test/olive_peacock_spot/IMG_20190729_202702.jpg,olive_peacock_spot,2,test/olive_peacock_spot/IMG_20190729_202702.jpg,0.0,0.03213189722606655,0.01189401688830054,0.005816635577752372,0.9538881200232665,2.6879219435273325,0.822457081892684,0.2575386494191436,0.9648236278068418
test/olive_peacock_spot/IMG_20190729_202711.jpg,olive_peacock_spot,2,test/olive_peacock_spot/IMG_20190729_202711.jpg,0.0,0.05371318048112181,0.016238868517548456,0.009187250674940564,0.9248297537977999,3.289935555327693,0.800680511870326,0.2482526239777447,0.9724377955855923
test/olive_peacock_spot/IMG_20190806_152123.jpg,olive_peacock_spot,2,test/olive_peacock_spot/IMG_20190806_152123.jpg,0.0,0.06347782760338815,0.005759840558046836,0.0,0.9138614848031889,0.7400032990947325,0.8124584894278734,0.21242944264669777,0.9840278988180141
test/olive_peacock_spot/IMG_20190806_152146.jpg,olive_peacock_spot,2,test/olive_peacock_spot/IMG_20190806_152146.jpg,0.021440843512438513,0.04104591776695145,0.0,0.0,0.9201205017769305,2.3248348505062646,0.7509227551854611,0.202675147458412,0.9732887045992112
test/olive_peacock_spot/IMG_20190806_152151.jpg,olive_peacock_spot,2,test/olive_peacock_spot/IMG_20190806_152151.jpg,0.030837711031800136,0.03127882263303525,0.0,0.0,0.9134017724666159,3.216785014066001,0.7333584664018662,0.1892095897027,0.9737187744561446
test/olive_peacock_spot/IMG_20190806_152201.jpg,olive_peacock_spot,2,test/olive_peacock_spot/IMG_20190806_152201.jpg,0.026032530696858555,0.02551427204592569,0.0,0.0,0.926586668792856,3.6092712805198044,0.7581299779062673,0.23205175167007938,0.9745895582589883
test/olive_peacock_spot/IMG_20190806_152222.jpg,olive_peacock_spot,2,test/olive_peacock_spot/IMG_20190806_152222.jpg,0.02897799744897959,0.039760044642857144,0.0029894770408163264,7.971938775510203e-05,0.925422512755102,1.8379504052397126,0.7701258328999963,0.2799465321854918,0.9715495771787893
test/olive_peacock_spot/IMG_20190806_152226.jpg,olive_peacock_spot,2,test/olive_peacock_spot/IMG_20190806_152226.jpg,0.031329719387755105,0.044842155612244895,0.003926179846938775,1.992984693877551e-05,0.9164939413265306,2.427938988850115,0.7226347950747213,0.26465300821278187,0.9634080189674732
test/olive_peacock_spot/IMG_20190806_152344.jpg,olive_peacock_spot,2,test/olive_peacock_spot/IMG_20190806_152344.jpg,0.021871173156992406,0.14188096987509186,0.0012000979671809944,0.0,0.8233161890766593,2.0077109771987494,0.7761287241073161,0.22464665828424427,0.9805186024155335
test/olive_peacock_spot/IMG_20190806_152415.jpg,olive_peacock_spot,2,test/olive_peacock_spot/IMG_20190806_152415.jpg,0.030625538652716815,0.0718938528450885,0.002405147014611268,2.0042891788427235e-05,0.8897440522718618,1.5971060498621679,0.7704985987034452,0.25857012312428274,0.9794249602619486
test/olive_peacock_spot/IMG_20190806_152418.jpg,olive_peacock_spot,2,test/olive_peacock_spot/IMG_20190806_152418.jpg,0.03297648824412206,0.08194097048524263,0.0033016508254127062,0.0,0.873056528264132,1.9800747405291914,0.7206908884997163,0.23008744214179747,0.9761772684677277
test/olive_peacock_spot/IMG_20190806_152425.jpg,olive_peacock_spot,2,test/olive_peacock_spot/IMG_20190806_152425.jpg,0.030432876275510203,0.07210618622448979,0.003208705357142857,0.0,0.8864198022959183,1.9971838802354365,0.738835051092732,0.3094368553300286,0.9700482017579394
test/olive_peacock_spot/IMG_20190806_152600.jpg,olive_peacock_spot,2,test/olive_peacock_spot/IMG_20190806_152600.jpg,0.006405751119500392,0.042129360027309784,0.016646920620896,0.0,0.9161228137111187,2.940484924350914,0.7996883448111147,0.2159613812585043,0.9751066807827644
test/olive_peacock_spot/IMG_20190806_152603.jpg,olive_peacock_spot,2,test/olive_peacock_spot/IMG_20190806_152603.jpg,0.009173911144117775,0.04962649076056092,0.014569044602682277,0.0,0.8986282818574985,4.024126192819325,0.7720262669810003,0.17791945725230612,0.9651703290783138
test/olive_peacock_spot/IMG_20190806_152622.jpg,olive_peacock_spot,2,test/olive_peacock_spot/IMG_20190806_152622.jpg,0.003276414597981537,0.054503276414597984,0.017840914526235232,0.0,0.8880996795331707,3.6041252090694624,0.78450712098575,0.16242864009127658,0.9735708371060241
test/olive_peacock_spot/IMG_20190806_152702.jpg,olive_peacock_spot,2,test/olive_peacock_spot/IMG_20190806_152702.jpg,0.0003935621517492802,0.10895457464216915,0.015618203285208278,0.0,0.8630403711912505,2.3654666398294455,0.8060787021935736,0.220376733716516,0.9788800695548868
test/olive_peacock_spot/IMG_20190806_152707.jpg,olive_peacock_spot,2,test/olive_peacock_spot/IMG_20190806_152707.jpg,0.00041111847063928924,0.09649864102505538,0.02085284242742617,0.0,0.8604709590480324,2.9007223631518877,0.7889869947380603,0.1753560296891885,0.9738061847331241
test/olive_peacock_spot/IMG_20190806_152736.jpg,olive_peacock_spot,2,test/olive_peacock_spot/IMG_20190806_152736.jpg,0.0641219905236068,0.08220891358202853,0.016740024532794575,0.0,0.8176395603338384,2.6611058154289715,0.7209878043656928,0.18846240945875384,0.9790057336138889
test/olive_peacock_spot/IMG_20190806_152744.jpg,olive_peacock_spot,2,test/olive_peacock_spot/IMG_20190806_152744.jpg,0.06064741415641494,0.07357161492303678,0.003953521041963515,0.0,0.8470569347167313,2.4453147419713015,0.7652319981417869,0.25174637342091166,0.9797372615015418
test/olive_peacock_spot/IMG_20190806_152846.jpg,olive_peacock_spot,2,test/olive_peacock_spot/IMG_20190806_152846.jpg,0.006952000967234917,0.000544069640914037,0.0,0.016241486317656068,0.9654818038931205,3.6095702779645586,0.760395363597884,0.2007298553549128,0.9809223917751424
test/olive_peacock_spot/IMG_20190806_152853.jpg,olive_peacock_spot,2,test/olive_peacock_spot/IMG_20190806_152853.jpg,0.00217085055772384,0.0022401330223320477,0.00011547077434701277,0.03327867716680908,0.9800235560379668,3.723606290998615,0.7656786636121742,0.1685646238804372,0.9808236228552119
test/olive_peacock_spot/IMG_20190806_152914.jpg,olive_peacock_spot,2,test/olive_peacock_spot/IMG_20190806_152914.jpg,0.019471460459183673,0.07748724489795919,0.011240433673469387,0.00015943877551020407,0.8826729910714286,3.3647643140129553,0.7503243754821212,0.2479263292141238,0.9711849582859557
test/olive_peacock_spot/IMG_20190806_152918.jpg,olive_peacock_spot,2,test/olive_peacock_spot/IMG_20190806_152918.jpg,0.024732321449582303,0.1046476056006589,0.046946699611719024,0.008871631956700788,0.8165195905400635,3.06173788828223,0.7047508230289014,0.155723752739665,0.9805173940453218
test/olive_peacock_spot/IMG_20190806_152930.jpg,olive_peacock_spot,2,test/olive_peacock_spot/IMG_20190806_152930.jpg,0.02745846527566911,0.0016049971804103587,0.0,0.0001518240576063853,0.92625688630547,1.9139014177592442,0.7752115042472769,0.2132840922553244,0.9866896662245118
test/olive_peacock_spot/IMG_20190806_153029.jpg,olive_peacock_spot,2,test/olive_peacock_spot/IMG_20190806_153029.jpg,0.021236481166866945,0.06553267310321965,0.001180955538059918,0.0,0.8973190237434219,2.2613708254947413,0.767025088590706,0.21035413201608263,0.9791907902959243
test/olive_peacock_spot/IMG_20190806_153032.jpg,olive_peacock_spot,2,test/olive_peacock_spot/IMG_20190806_153032.jpg,0.024274671217749223,0.057383796807549445,0.0007830539102499749,0.0,0.9039654653147274,2.707347764260938,0.7448681060712524,0.1985681768773141,0.9722757133201603
test/olive_peacock_spot/IMG_20190806_153039.jpg,olive_peacock_spot,2,test/olive_peacock_spot/IMG_20190806_153039.jpg,0.020348373724489797,0.039560746173469385,0.0003786670918367347,0.0,0.9285514987244898,2.3582458843747958,0.800834229512677,0.3242269329112511,0.961845377222681
test/olive_peacock_spot/IMG_20190806_153042.jpg,olive_peacock_spot,2,test/olive_peacock_spot/IMG_20190806_153042.jpg,0.026426977040816327,0.05620216836734694,0.0003786670918367347,0.0,0.9033801020408163,2.292538506649648,0.7875563142068377,0.2854098345412623,0.9738240459702906
test/olive_peacock_spot/IMG_20190806_153132.jpg,olive_peacock_spot,2,test/olive_peacock_spot/IMG_20190806_153132.jpg,0.050880899234693876,0.027782206632653062,0.0,0.0,0.8906648596938775,2.7346683811934636,0.7577501597880448,0.2285388081772049,0.9755930642353734
test/olive_peacock_spot/IMG_20190806_153148.jpg,olive_peacock_spot,2,test/olive_peacock_spot/IMG_20190806_153148.jpg,0.027947837340102533,0.1457866706485491,0.00017420735652779853,0.0,0.8129261858543626,2.079753373193022,0.7903434120057855,0.21761740948458608,0.9829464279280342
test/olive_peacock_spot/IMG_20190806_153151.jpg,olive_peacock_spot,2,test/olive_peacock_spot/IMG_20190806_153151.jpg,0.023939463425819766,0.10587021325384086,4.586104104563174e-05,0.0,0.8602155468929145,2.0552701407831218,0.7775395614825135,0.19032622273141436,0.9806364098921554
test/olive_peacock_spot/IMG_20190806_153202.jpg,olive_peacock_spot,2,test/olive_peacock_spot/IMG_20190806_153202.jpg,0.04054054054054054,0.15001388374676045,0.00032395409107737876,0.0,0.7957469455757127,2.278161944969428,0.7571109020436448,0.1676580154960042,0.9840202778540943
test/olive_peacock_spot/IMG_20190806_153210.jpg,olive_peacock_spot,2,test/olive_peacock_spot/IMG_20190806_153210.jpg,0.0033441730667220183,0.00087640397610646,0.00013837957517470422,0.002444705828086441,0.9531354505408335,2.824566085704722,0.7301269114492365,0.20688370417283133,0.9863024019096573
test/olive_peacock_spot/IMG_20190806_153301.jpg,olive_peacock_spot,2,test/olive_peacock_spot/IMG_20190806_153301.jpg,0.032433590402742074,0.07870608397600685,0.00044987146529562984,0.0,0.8589331619537275,1.4127652818198695,0.7603533562437939,0.19653215603942498,0.9812853047381198
test/olive_peacock_spot/IMG_20190806_153353.jpg,olive_peacock_spot,2,test/olive_peacock_spot/IMG_20190806_153353.jpg,0.00954896383583909,0.09335635920357578,0.0013612352702153596,2.031694433157253e-05,0.8822226737098741,1.984284098254691,0.7468606462348624,0.2169781696848997,0.981480015369514
test/olive_peacock_spot/IMG_20190806_153356.jpg,olive_peacock_spot,2,test/olive_peacock_spot/IMG_20190806_153356.jpg,0.013073979591836735,0.08334661989795919,0.0009367028061224489,3.985969387755102e-05,0.8932756696428571,2.3587238771845507,0.7451622019894109,0.22592881939493933,0.9723199527412211
test/olive_peacock_spot/IMG_20190806_153421.jpg,olive_peacock_spot,2,test/olive_peacock_spot/IMG_20190806_153421.jpg,0.0007559251189470408,0.14933967717550803,0.0030903997509893724,0.0,0.842900973809418,1.9358636779996607,0.7570648679801271,0.2145123841047031,0.975476072735489
test/olive_peacock_spot/IMG_20190806_153446.jpg,olive_peacock_spot,2,test/olive_peacock_spot/IMG_20190806_153446.jpg,0.012878712128787122,0.030076992300769923,0.00653934606539346,0.0,0.946045395460454,1.3251274617297781,0.7814867752596067,0.22833999562390075,0.9696782895658871
test/olive_peacock_spot/IMG_20190806_153453.jpg,olive_peacock_spot,2,test/olive_peacock_spot/IMG_20190806_153453.jpg,0.03572788424927021,0.06853661632186826,0.00044421880949359056,0.0,0.8857088463002919,1.802395661826306,0.7607508287211159,0.22917018894859867,0.9807396075150254
test/olive_peacock_spot/IMG_20190806_153458.jpg,olive_peacock_spot,2,test/olive_peacock_spot/IMG_20190806_153458.jpg,0.0356658692185008,0.06997607655502393,0.0002192982456140351,0.0,0.8836124401913875,2.0089488171087737,0.7277572543215864,0.22026749091496708,0.9786093630347552
test/olive_peacock_spot/IMG_20190806_153602.jpg,olive_peacock_spot,2,test/olive_peacock_spot/IMG_20190806_153602.jpg,0.03670456812288051,0.05056852184320766,0.006308597646120088,0.0,0.8669958108916817,1.953018110055341,0.7517815531338488,0.19063275080544492,0.9817581427114866
test/olive_peacock_spot/IMG_20190806_153621.jpg,olive_peacock_spot,2,test/olive_peacock_spot/IMG_20190806_153621.jpg,0.04514110331632653,0.0353156887755102,0.0036870216836734694,0.0,0.890007174744898,1.9059048270049685,0.7731361324290724,0.2702115043796935,0.9806112306769166
test/olive_peacock_spot/IMG_20190806_153632.jpg,olive_peacock_spot,2,test/olive_peacock_spot/IMG_20190806_153632.jpg,0.00021923705504843145,0.11246860923984534,0.0003986128273607845,0.0,0.8850799218718859,1.343787637942381,0.773201129089775,0.2189524272327118,0.978031659830505
test/olive_peacock_spot/IMG_20190806_153717.jpg,olive_peacock_spot,2,test/olive_peacock_spot/IMG_20190806_153717.jpg,0.061803633318601565,0.089995580470331,0.00011630341234211812,0.0,0.8444558163336512,4.129315975916077,0.7735152375388767,0.19687665673409233,0.9765152243642353
test/olive_peacock_spot/IMG_20190806_153743.jpg,olive_peacock_spot,2,test/olive_peacock_spot/IMG_20190806_153743.jpg,0.006098533163265306,0.05801578443877551,0.009845344387755101,0.0,0.9102957589285714,1.8239949944707121,0.784124706486135,0.24275351266743656,0.973356544737163
test/olive_peacock_spot/IMG_20190806_153809.jpg,olive_peacock_spot,2,test/olive_peacock_spot/IMG_20190806_153809.jpg,0.008336823630307744,0.07148128203594009,0.0030714613374818005,0.0,0.9049043658629011,2.0877145679762097,0.7074178824035304,0.2130630841048339,0.9722101042640918
test/olive_peacock_spot/IMG_20190806_153813.jpg,olive_peacock_spot,2,test/olive_peacock_spot/IMG_20190806_153813.jpg,0.00839046556122449,0.040716677295918366,0.0016940369897959183,0.0,0.9422433035714286,1.71163774236842,0.7712484150308148,0.30193257342948554,0.9604529138186872
test/olive_peacock_spot/IMG_20190806_153911.jpg,olive_peacock_spot,2,test/olive_peacock_spot/IMG_20190806_153911.jpg,0.03495745705570718,0.045272114304061646,0.00032107882485150104,0.0,0.8944052014769626,2.3310588572269237,0.7797715843386819,0.20908365754124578,0.9747054842467288
test/olive_peacock_spot/IMG_20190806_153940.jpg,olive_peacock_spot,2,test/olive_peacock_spot/IMG_20190806_153940.jpg,0.04701837422696524,0.05206403072045723,0.003840057154339041,0.0,0.8856689960036614,4.569016844405938,0.7644609345624329,0.18811220824189911,0.9714096638870171
test/olive_peacock_spot/IMG_20190806_161752.jpg,olive_peacock_spot,2,test/olive_peacock_spot/IMG_20190806_161752.jpg,0.10008074283407348,0.004238998788857489,0.0,0.0,0.852462656439241,2.2901192384508176,0.7178655552112119,0.17707080883610005,0.9787355503516656
test/olive_peacock_spot/IMG_20190806_161850.jpg,olive_peacock_spot,2,test/olive_peacock_spot/IMG_20190806_161850.jpg,0.03850653749050678,0.04675793838132967,0.002319423633490014,0.0036741312424310845,0.8754284775960097,4.707047883615343,0.7057219393829463,0.2225728890434887,0.9737914342650523
test/olive_peacock_spot/IMG_20190806_161901.jpg,olive_peacock_spot,2,test/olive_peacock_spot/IMG_20190806_161901.jpg,0.05113273205028052,0.08280661884809318,0.07279312548824657,0.010936723244087778,0.7020098004403096,4.242208719465727,0.707066374006919,0.20249103019040515,0.9865597726040859
test/olive_peacock_spot/IMG_20190806_161904.jpg,olive_peacock_spot,2,test/olive_peacock_spot/IMG_20190806_161904.jpg,0.055159474671669796,0.05947467166979362,0.034977217904047175,0.009461270436880193,0.7948539265612437,4.504602495318595,0.7001660251128957,0.21059774325072347,0.9833962083649628
test/olive_peacock_spot/IMG_20190806_162009.jpg,olive_peacock_spot,2,test/olive_peacock_spot/IMG_20190806_162009.jpg,0.11171427723888346,0.007326985257037762,0.0,0.0003856308030019875,0.8010441695588977,4.420863689775682,0.6968160630608926,0.21783610207051135,0.9802307034063537
test/olive_peacock_spot/IMG_20190806_162019.jpg,olive_peacock_spot,2,test/olive_peacock_spot/IMG_20190806_162019.jpg,0.07639935684855793,0.022359561853080093,0.0,0.00027635413526278766,0.8237111848055472,4.121613173986404,0.7037560830391048,0.19481430863913957,0.9826794478862031
test/olive_peacock_spot/IMG_20190806_162831.jpg,olive_peacock_spot,2,test/olive_peacock_spot/IMG_20190806_162831.jpg,0.023788584053712005,0.16716360282288337,0.007164460842145906,0.0,0.7977219588579764,1.9386304970418706,0.7262496425157363,0.20185371545511185,0.9840512568894022
test/olive_peacock_spot/IMG_20190806_162840.jpg,olive_peacock_spot,2,test/olive_peacock_spot/IMG_20190806_162840.jpg,0.10903821771418222,0.04594578276882207,0.00012075107166576104,9.056330374932077e-05,0.7608525025659603,2.7665124582948084,0.7221473682651314,0.22237880531645202,0.9853304781821656
test/olive_peacock_spot/IMG_20190806_162846.jpg,olive_peacock_spot,2,test/olive_peacock_spot/IMG_20190806_162846.jpg,0.06229609110495537,0.04358264081255771,0.0008002462296091105,0.0005847953216374269,0.8236688211757464,3.29667557778545,0.7063711455339345,0.22077111731944668,0.9816778175662275
test/olive_peacock_spot/IMG_20190806_162853.jpg,olive_peacock_spot,2,test/olive_peacock_spot/IMG_20190806_162853.jpg,0.08644642564130613,0.08242629765355795,0.0019416944702729312,0.0,0.7859760433189301,2.229810640839643,0.7160981446059598,0.2136451533031677,0.9868984431042349
test/olive_peacock_spot/IMG_20190806_162906.jpg,olive_peacock_spot,2,test/olive_peacock_spot/IMG_20190806_162906.jpg,0.04786099258926566,0.07916011677520772,0.014203907478104648,0.0,0.782871098136088,2.4182341518445964,0.7232945546348293,0.19565512642102822,0.9847532814545953
test/olive_peacock_spot/IMG_20190806_162908.jpg,olive_peacock_spot,2,test/olive_peacock_spot/IMG_20190806_162908.jpg,0.05854267267104335,0.07245944332917367,0.014188052737236178,0.0,0.7898649015246053,2.7819296117032613,0.7057949536676691,0.20297745502957906,0.9808212633957641
test/olive_peacock_spot/IMG_20190806_163058.jpg,olive_peacock_spot,2,test/olive_peacock_spot/IMG_20190806_163058.jpg,0.0012118274357731458,0.14212312166747454,0.03322830828889966,0.0018419777023751817,0.8023267086766844,2.4544520884845897,0.7352895128075863,0.21264643223505458,0.9877313039883555
test/olive_peacock_spot/IMG_20190806_163832.jpg,olive_peacock_spot,2,test/olive_peacock_spot/IMG_20190806_163832.jpg,0.04389326953592266,0.06305690501183996,0.0002685350194077582,0.0015379732929717061,0.8702975856260527,3.1035150758302477,0.8042666516061651,0.17200105831577805,0.9749886563033915
test/olive_peacock_spot/IMG_20190806_163836.jpg,olive_peacock_spot,2,test/olive_peacock_spot/IMG_20190806_163836.jpg,0.059003307104572925,0.08121792678754704,0.0027597217470635193,0.023218154863724486,0.8521154065457863,2.9943213131665014,0.7659768250546078,0.1498630073029721,0.9835487449062053
test/olive_peacock_spot/IMG_20190806_163901.jpg,olive_peacock_spot,2,test/olive_peacock_spot/IMG_20190806_163901.jpg,0.040282307378719934,0.07567264573991031,0.002293110476966979,0.0020892784345699143,0.8773185894822666,3.0345898804934035,0.8150307457442107,0.16603446528861232,0.9806031716077881
test/olive_peacock_spot/IMG_20190806_163905.jpg,olive_peacock_spot,2,test/olive_peacock_spot/IMG_20190806_163905.jpg,0.03373131836019037,0.10868052656480476,0.007709220450307534,0.010214021318638501,0.8291447496590688,3.918426666975855,0.7873586261721292,0.15981874679457053,0.98147006607834
test/olive_peacock_spot/IMG_20190806_164022.jpg,olive_peacock_spot,2,test/olive_peacock_spot/IMG_20190806_164022.jpg,0.08622719900464351,0.01177542269323913,0.00288831122664356,0.0726299184607523,0.8722922082250216,4.611703683499925,0.8098298573399212,0.16635341539545373,0.9828880309937191
test/olive_peacock_spot/IMG_20190806_164046.jpg,olive_peacock_spot,2,test/olive_peacock_spot/IMG_20190806_164046.jpg,0.00010389826282104563,0.0703391239298479,0.014857451583409526,4.155930512841825e-05,0.9052240046546421,1.1435815713401611,0.8065696570761167,0.18388006202439647,0.9828354470628645
test/olive_peacock_spot/IMG_20190806_164050.jpg,olive_peacock_spot,2,test/olive_peacock_spot/IMG_20190806_164050.jpg,0.00015943877551020407,0.06521045918367346,0.010004783163265306,1.992984693877551e-05,0.9210379464285714,1.0796493140201926,0.8275023606271289,0.23082574517300328,0.9778493076638161
test/olive_peacock_spot/IMG_20190806_164104.jpg,olive_peacock_spot,2,test/olive_peacock_spot/IMG_20190806_164104.jpg,6.93625580911424e-05,0.05985988763265589,0.016392684562206654,4.6241705394094935e-05,0.919631916025063,1.342890894715933,0.7875438103285455,0.1606358710557429,0.9860537432035172
test/olive_peacock_spot/IMG_20190806_164219.jpg,olive_peacock_spot,2,test/olive_peacock_spot/IMG_20190806_164219.jpg,0.009303450854465876,0.041722568016363516,0.020894274968658588,0.008005806409043923,0.9252864715068071,1.9997153828761411,0.8201554721089742,0.16567952459983154,0.9835288855615146
test/olive_peacock_spot/IMG_20190806_164223.jpg,olive_peacock_spot,2,test/olive_peacock_spot/IMG_20190806_164223.jpg,0.006745674220897729,0.051770739482985655,0.029246656039919605,0.014600226395915633,0.9095571418670733,2.5207398197291813,0.7871683395468203,0.161143975392243,0.984436832472816
test/olive_peacock_spot/IMG_20190806_164305.jpg,olive_peacock_spot,2,test/olive_peacock_spot/IMG_20190806_164305.jpg,0.03476279874280169,0.08232961377011834,0.00029531503786360666,0.0,0.8804395975277912,1.8153437028053672,0.8285606246262731,0.2099824406737796,0.9807694105936732
test/olive_peacock_spot/IMG_20190806_164316.jpg,olive_peacock_spot,2,test/olive_peacock_spot/IMG_20190806_164316.jpg,0.032607719928186715,0.0961624775583483,4.488330341113106e-05,0.0,0.8625448833034112,2.1453373519121177,0.7931334941806459,0.15110205521893968,0.982737232559085
test/olive_peacock_spot/IMG_20190806_164321.jpg,olive_peacock_spot,2,test/olive_peacock_spot/IMG_20190806_164321.jpg,0.021740148994986646,0.09330928173171532,0.0015930281591154008,0.0005388183479360914,0.8791875556388511,1.5881096304941318,0.8116310203991961,0.17242277803646694,0.9879879802103908
test/olive_peacock_spot/IMG_20190806_164456.jpg,olive_peacock_spot,2,test/olive_peacock_spot/IMG_20190806_164456.jpg,0.0585065274151436,0.07185378590078328,0.009942558746736293,2.0887728459530027e-05,0.857420365535248,2.5439259698360246,0.7934153027228494,0.20177264792871558,0.980972282246976
test/olive_peacock_spot/IMG_20190806_164459.jpg,olive_peacock_spot,2,test/olive_peacock_spot/IMG_20190806_164459.jpg,0.05497200399322887,0.0675159512131603,0.007877946091410218,2.1702330830331178e-05,0.8671166283258822,2.799326991921298,0.8106146278834561,0.22008339811600583,0.9768680233020848
test/olive_peacock_spot/IMG_20190806_164506.jpg,olive_peacock_spot,2,test/olive_peacock_spot/IMG_20190806_164506.jpg,0.045756457564575644,0.047925751984792576,0.007312982220731298,0.0024600246002460025,0.8971038801297104,2.1375457316852056,0.813911683836018,0.18464069024167384,0.9837757917803444
test/olive_peacock_spot/IMG_20190806_164510.jpg,olive_peacock_spot,2,test/olive_peacock_spot/IMG_20190806_164510.jpg,0.04558989866346576,0.060501835137693034,0.02029039034186653,0.005009117979732693,0.8711248586136054,2.1463294355341134,0.782619283016727,0.168704496643928,0.9868526231793184
test/olive_peacock_spot/IMG_20190806_164724.jpg,olive_peacock_spot,2,test/olive_peacock_spot/IMG_20190806_164724.jpg,0.004324776785714286,0.08109454719387756,0.007732780612244898,1.992984693877551e-05,0.8951291454081632,1.4946160078381145,0.8052205070718438,0.19729214234365583,0.9802699352864671
test/olive_peacock_spot/IMG_20190806_164814.jpg,olive_peacock_spot,2,test/olive_peacock_spot/IMG_20190806_164814.jpg,0.09596561888261368,0.028958441149337353,0.0,0.05892941520599419,0.8707332988322121,2.6104666588522045,0.7999798276437813,0.1649451934273989,0.9879516636291884
test/olive_peacock_spot/IMG_20190806_164818.jpg,olive_peacock_spot,2,test/olive_peacock_spot/IMG_20190806_164818.jpg,0.09421444367821559,0.03214990607091052,0.00011889758162318978,0.0779968135448125,0.8715668323306304,2.7254553964565957,0.7865106567750628,0.1713259385678779,0.9884915226178639
test/olive_peacock_spot/IMG_20190806_164836.jpg,olive_peacock_spot,2,test/olive_peacock_spot/IMG_20190806_164836.jpg,0.04994610132950054,0.01521140256318122,0.00011977482333213559,0.011666067792550005,0.8704036411546293,2.558984204021387,0.8118811835383981,0.19982825366822451,0.9843122806572107
test/olive_peacock_spot/IMG_20190806_164838.jpg,olive_peacock_spot,2,test/olive_peacock_spot/IMG_20190806_164838.jpg,0.08849946756794295,0.018843464975230335,0.00027779063845548405,0.002893652483911292,0.8759896291494976,2.126783816536279,0.8142688078030687,0.18214515055871383,0.9854536826673401
test/olive_peacock_spot/IMG_20190806_164843.jpg,olive_peacock_spot,2,test/olive_peacock_spot/IMG_20190806_164843.jpg,0.08285038712967685,0.020260559135796746,0.0006490796977143122,0.0003709026844081784,0.8817747693448932,1.8279306052362336,0.7973566285297211,0.2082797088452824,0.9864625776995113
test/olive_peacock_spot/IMG_20190806_164855.jpg,olive_peacock_spot,2,test/olive_peacock_spot/IMG_20190806_164855.jpg,0.036250507236575136,0.07304206681996483,0.0018260516704991208,0.0,0.8846205870417962,1.6458266678092452,0.8212452524969489,0.19018343764524864,0.982121270436039
test/olive_peacock_spot/IMG_20190806_164904.jpg,olive_peacock_spot,2,test/olive_peacock_spot/IMG_20190806_164904.jpg,0.015080577595978513,0.08410132571090631,0.0025627125326499432,0.000689961066482677,0.8815238282982603,1.9745398116128001,0.7988757171675969,0.16294181292034396,0.9836036254020529
test/olive_peacock_spot/IMG_20190806_164907.jpg,olive_peacock_spot,2,test/olive_peacock_spot/IMG_20190806_164907.jpg,0.006054926836300728,0.0719382974122396,0.009298637641461832,0.0010812369350537015,0.9053797544390783,1.6299046858739965,0.8023420927966549,0.1762652143255406,0.9841508136782477
test/olive_peacock_spot/IMG_20190806_164923.jpg,olive_peacock_spot,2,test/olive_peacock_spot/IMG_20190806_164923.jpg,0.0262841233513437,0.01415661939928745,0.0008729915296227261,0.0,0.922138593303919,2.243150302118073,0.8269487007556423,0.18777846424404238,0.9793259830324869
test/olive_peacock_spot/IMG_20190806_164927.jpg,olive_peacock_spot,2,test/olive_peacock_spot/IMG_20190806_164927.jpg,0.02420819545692036,0.02381011618938621,0.0059463090587913315,0.000323439404871495,0.8787599830816312,2.2470783264150604,0.7997424668943939,0.17183564573953444,0.9813575186573662
test/olive_peacock_spot/IMG_20190806_164930.jpg,olive_peacock_spot,2,test/olive_peacock_spot/IMG_20190806_164930.jpg,0.014870744816995136,0.028180189403634502,0.04166879959047863,0.007601740465830561,0.8929101612490402,2.219581499597076,0.7750343447274102,0.15384961620056212,0.9844513838394852
test/olive_peacock_spot/IMG_20190806_165045.jpg,olive_peacock_spot,2,test/olive_peacock_spot/IMG_20190806_165045.jpg,0.08303363416344349,0.07649679943905363,0.0,0.0019225984483499583,0.833932731673113,3.5879979848528,0.800868237932653,0.20843742494220294,0.9799370649788632
test/olive_peacock_spot/IMG_20190806_165150.jpg,olive_peacock_spot,2,test/olive_peacock_spot/IMG_20190806_165150.jpg,0.031734379260440045,0.03448203536296327,0.0,0.000461438429431382,0.9275961155274032,1.6229117962293615,0.8315703469867332,0.2256840903272439,0.9811450640788155
test/olive_peacock_spot/IMG_20190806_165156.jpg,olive_peacock_spot,2,test/olive_peacock_spot/IMG_20190806_165156.jpg,0.04216613202768867,0.046787945297990886,0.00012662502110417017,0.0003165625527604255,0.9021821711970285,1.7265889280858988,0.81050299467162,0.2164047522306825,0.9825958908459186
test/olive_peacock_spot/IMG_20190806_165241.jpg,olive_peacock_spot,2,test/olive_peacock_spot/IMG_20190806_165241.jpg,0.0672082086361693,0.04330910645575032,0.0,0.00017101325352714836,0.8862334330910645,2.217322385145854,0.8074887146367311,0.1790359246689066,0.9831689091046496
test/olive_peacock_spot/IMG_20190806_165323.jpg,olive_peacock_spot,2,test/olive_peacock_spot/IMG_20190806_165323.jpg,0.11954963088852302,0.028811939030219343,0.0,0.053640660682989005,0.8436454405438419,4.704534679083736,0.8066959531243407,0.16518688780163623,0.9823147929583927
test/olive_peacock_spot/IMG_20190806_165345.jpg,olive_peacock_spot,2,test/olive_peacock_spot/IMG_20190806_165345.jpg,0.08175412191284122,0.02629358509498073,0.0006385259173108937,0.023944721899158514,0.8877790700326105,3.5887541179803817,0.8183076820131348,0.19357062520206417,0.9810506746497283
test/olive_peacock_spot/IMG_20190806_165349.jpg,olive_peacock_spot,2,test/olive_peacock_spot/IMG_20190806_165349.jpg,0.08442657173621641,0.023359043663612192,0.0005273913903355527,0.049377018920166126,0.88911596018195,3.399437192736673,0.8045955656204231,0.1504171011364645,0.9838332733703427
test/olive_peacock_spot/IMG_20190806_165412.jpg,olive_peacock_spot,2,test/olive_peacock_spot/IMG_20190806_165412.jpg,0.11358948896188222,0.00692587782955211,0.0,0.0036666412038805288,0.8311053395462531,4.59237571688732,0.7954901413532371,0.19679035057753808,0.9781287087517079
test/olive_peacock_spot/IMG_20190806_165443.jpg,olive_peacock_spot,2,test/olive_peacock_spot/IMG_20190806_165443.jpg,0.0478237155012545,0.011977746263772227,0.0,0.0,0.9371004690738518,1.9542201010707885,0.8324503326810081,0.18519447911820852,0.9774181086617972
test/olive_peacock_spot/IMG_20190806_165500.jpg,olive_peacock_spot,2,test/olive_peacock_spot/IMG_20190806_165500.jpg,0.054023596513419654,0.04153538327085394,0.0021158667003978748,0.00055196522619075,0.8754858443918033,2.206851450695841,0.8202895970072714,0.18194498069939385,0.9849812426924944
test/olive_peacock_spot/IMG_20190806_165504.jpg,olive_peacock_spot,2,test/olive_peacock_spot/IMG_20190806_165504.jpg,0.06055798286509312,0.04220264102125998,0.001830652444531231,0.00129366106080207,0.8715614244916888,2.6730761757531667,0.8226381948473593,0.20335933927962224,0.9813732711005149
test/olive_peacock_spot/IMG_20190806_165507.jpg,olive_peacock_spot,2,test/olive_peacock_spot/IMG_20190806_165507.jpg,0.05339171499965613,0.033653515508585315,0.0017422800944499209,0.003438710712730107,0.8939730863574884,2.5680169704998086,0.8282022041861781,0.18089540663958031,0.9820630335688826
test/olive_peacock_spot/IMG_20190806_165513.jpg,olive_peacock_spot,2,test/olive_peacock_spot/IMG_20190806_165513.jpg,0.05184402781445295,0.036066367397236156,0.006711557081242848,0.015161517472053517,0.8918008978082915,2.0595342569590844,0.7973595862603511,0.15126961701926736,0.9878472247976064
test/olive_peacock_spot/IMG_20190806_165543.jpg,olive_peacock_spot,2,test/olive_peacock_spot/IMG_20190806_165543.jpg,0.0637954400510204,0.056959502551020405,0.0,0.0,0.8754982461734694,2.6366313923810347,0.7954323936965353,0.23493246043123966,0.9761823803411868
test/olive_peacock_spot/IMG_20190806_165631.jpg,olive_peacock_spot,2,test/olive_peacock_spot/IMG_20190806_165631.jpg,0.05510057000589661,0.08266177466203674,0.017689838170739696,0.0,0.8309856078970932,3.7584584368414578,0.7645162707289492,0.22051411346076547,0.9767686377218534
test/olive_peacock_spot/IMG_20190806_165657.jpg,olive_peacock_spot,2,test/olive_peacock_spot/IMG_20190806_165657.jpg,0.04545063824300512,0.03687626251772897,0.0,8.595865388748012e-05,0.9147505050070915,2.5544669941967895,0.8389219372000407,0.2370754615538151,0.9752140161234222
test/olive_peacock_spot/IMG_20190806_165815.jpg,olive_peacock_spot,2,test/olive_peacock_spot/IMG_20190806_165815.jpg,0.05991817341955919,0.05910430689366944,0.0003299458888742246,0.0,0.8724429193612248,2.1862579026091344,0.8184792919790876,0.19101588482256054,0.9812912180865172
test/olive_peacock_spot/IMG_20190806_165828.jpg,olive_peacock_spot,2,test/olive_peacock_spot/IMG_20190806_165828.jpg,0.05077983315197679,0.0552619306699829,0.00847194155137572,0.0023835431887662575,0.8695787346494637,1.620135782840203,0.8003847546348389,0.15883508611635744,0.9902758065181441
test/olive_peacock_spot/IMG_20190806_165937.jpg,olive_peacock_spot,2,test/olive_peacock_spot/IMG_20190806_165937.jpg,0.0,0.05927666530445443,0.0010625255414793626,0.0,0.938189619942787,0.608852031887263,0.8489360364326803,0.1989211720525707,0.9871887538157382
test/olive_peacock_spot/IMG_20190806_170020.jpg,olive_peacock_spot,2,test/olive_peacock_spot/IMG_20190806_170020.jpg,0.07055165816326531,0.0333625637755102,0.0009367028061224489,0.00023915816326530612,0.8934948979591837,2.702537060012006,0.7952625454095974,0.2198251385124006,0.9793024157429047
test/olive_peacock_spot/IMG_20190806_170022.jpg,olive_peacock_spot,2,test/olive_peacock_spot/IMG_20190806_170022.jpg,0.0661603444074405,0.03375030460563724,0.0006092112744699861,0.00022337746730566161,0.8975915847615953,3.0412146112756995,0.8016429733966076,0.2163174954923456,0.975766672081039
test/olive_peacock_spot/IMG_20190806_170027.jpg,olive_peacock_spot,2,test/olive_peacock_spot/IMG_20190806_170027.jpg,0.07106576268152424,0.03924727573784431,0.0008055313150298718,0.0010516658835112215,0.8863082052314784,2.9948957107420497,0.7884696289941198,0.15990267074888664,0.9805609194460245
test/olive_peacock_spot/IMG_20190806_170043.jpg,olive_peacock_spot,2,test/olive_peacock_spot/IMG_20190806_170043.jpg,0.09086611804645367,0.014804151178530758,0.0,0.0002363507445048452,0.8861863733052577,3.3783926234343453,0.8020359880446793,0.19694415010357194,0.9794935597049652
test/olive_peacock_spot/IMG_20190806_170046.jpg,olive_peacock_spot,2,test/olive_peacock_spot/IMG_20190806_170046.jpg,0.07630375507224596,0.016682053373982868,0.0,0.0008373231423234644,0.9014535070957769,3.581507342071018,0.8209314680585369,0.20812325586567407,0.9763093415941345
test/olive_peacock_spot/IMG_20190806_170049.jpg,olive_peacock_spot,2,test/olive_peacock_spot/IMG_20190806_170049.jpg,0.06552918987674898,0.012478617483222949,2.1930786438001667e-05,0.0032018948199482433,0.9178472740032457,3.2792158752945864,0.8262837038152893,0.178239703927694,0.9772336966169782
test/olive_peacock_spot/IMG_20190806_170053.jpg,olive_peacock_spot,2,test/olive_peacock_spot/IMG_20190806_170053.jpg,0.055819019309750174,0.01744911619886093,0.003653195979215357,0.02904404256767489,0.9125955843979033,2.877259363559127,0.7952624111156384,0.1621083302750193,0.9839413163391976
test/olive_peacock_spot/IMG_20190806_171009.jpg,olive_peacock_spot,2,test/olive_peacock_spot/IMG_20190806_171009.jpg,0.003248565051020408,0.07083067602040816,0.017857142857142856,9.964923469387755e-05,0.9034797512755102,1.6142980745678774,0.8115358046577283,0.1963304689468559,0.9809103247501685
test/olive_peacock_spot/IMG_20190806_171227.jpg,olive_peacock_spot,2,test/olive_peacock_spot/IMG_20190806_171227.jpg,0.0614470205187597,0.042239363678080545,0.000808513427878417,0.0075169897078425805,0.8935165963769858,2.223628235141944,0.813121833461804,0.19653459546416682,0.982988492618657
test/olive_peacock_spot/IMG_20190806_171230.jpg,olive_peacock_spot,2,test/olive_peacock_spot/IMG_20190806_171230.jpg,0.05240002626567732,0.04872283144001576,0.0009411867708538534,0.028826580865454067,0.8955282684352223,1.9897361421715813,0.7989834620639352,0.16286994062198218,0.9879193778140992
test/olive_peacock_spot/IMG_20190806_171425.jpg,olive_peacock_spot,2,test/olive_peacock_spot/IMG_20190806_171425.jpg,0.06425214134039559,0.06585069071648414,0.004318469210030301,0.006728222747119032,0.8627872020614129,2.7141256511227922,0.8048184148107524,0.17921686076902726,0.9838045041210066
test/olive_peacock_spot/IMG_20190806_171606.jpg,olive_peacock_spot,2,test/olive_peacock_spot/IMG_20190806_171606.jpg,0.05514681366556269,0.013936740092022495,0.0,0.0052234990775522905,0.9266265087021271,2.5517311098292232,0.8105764131966482,0.17218749539724973,0.978899475447083
test/olive_peacock_spot/IMG_20190806_171610.jpg,olive_peacock_spot,2,test/olive_peacock_spot/IMG_20190806_171610.jpg,0.03841780573363977,0.04344986089270594,0.005540099189548809,0.021845893310753598,0.8966493286561026,2.8520233723016366,0.7851910646834999,0.14569776773172996,0.9819422109900922
test/olive_peacock_spot/IMG_20190806_171631.jpg,olive_peacock_spot,2,test/olive_peacock_spot/IMG_20190806_171631.jpg,0.009621462181332958,0.09988997354683148,0.0,0.0,0.882131235807758,1.1811233127693948,0.8313404842087849,0.18829355976800932,0.9831063740393715
test/olive_peacock_spot/IMG_20190806_171704.jpg,olive_peacock_spot,2,test/olive_peacock_spot/IMG_20190806_171704.jpg,0.10002007987327369,0.00015617679212868969,0.0,4.462194060819705e-05,0.8836482898641262,3.0355366717659833,0.8131358599052575,0.21445178476196564,0.9792149449351542
test/olive_peacock_spot/IMG_20190806_171707.jpg,olive_peacock_spot,2,test/olive_peacock_spot/IMG_20190806_171707.jpg,0.12279693486590039,0.001191996594295445,0.0,0.02234993614303959,0.8535759897828863,3.1110426869523002,0.783643982627638,0.18615470743132298,0.9848416585236837
test/olive_peacock_spot/IMG_20190806_171902.jpg,olive_peacock_spot,2,test/olive_peacock_spot/IMG_20190806_171902.jpg,0.038171504838171506,0.024424424424424423,0.0,0.003180958736514292,0.9360026693360026,1.7898053398230507,0.8304851832325357,0.19154167339916817,0.9844422871427767
test/olive_peacock_spot/IMG_20190806_172011.jpg,olive_peacock_spot,2,test/olive_peacock_spot/IMG_20190806_172011.jpg,0.05894631376805544,0.047048509643483345,0.0011897804124572098,0.0001878600651248226,0.8761167237204642,3.400385773057076,0.8106392694275824,0.21244431659907487,0.9745434855167309
test/olive_peacock_spot/IMG_20190806_172015.jpg,olive_peacock_spot,2,test/olive_peacock_spot/IMG_20190806_172015.jpg,0.043436980773795396,0.03541419416093045,0.0011155945881794445,0.0,0.9081889389983385,2.662443230569206,0.8296534886313227,0.1775969058279207,0.9770612122501918
test/olive_peacock_spot/IMG_20190806_172922.jpg,olive_peacock_spot,2,test/olive_peacock_spot/IMG_20190806_172922.jpg,0.07299944160474206,0.009342382200077316,0.0,0.0013100811820798077,0.8997680512005498,2.2884844790365158,0.8015934795115482,0.17345478245797968,0.9850491302510191
test/olive_peacock_spot/IMG_20190806_172925.jpg,olive_peacock_spot,2,test/olive_peacock_spot/IMG_20190806_172925.jpg,0.0818384906328106,0.013337462122049944,0.0,0.034814536285417266,0.9008869522903719,2.956561421136213,0.8111550209815871,0.18548331177801314,0.9838814892971854
test/olive_peacock_spot/IMG_20190806_172944.jpg,olive_peacock_spot,2,test/olive_peacock_spot/IMG_20190806_172944.jpg,0.06378982907786453,0.04549483013293944,0.011943447984806921,0.00898923823591475,0.8622072167123865,4.411076986848572,0.7923140958721218,0.22629824415956118,0.9763110380746193
test/olive_peacock_spot/IMG_20190806_172948.jpg,olive_peacock_spot,2,test/olive_peacock_spot/IMG_20190806_172948.jpg,0.060913372029350564,0.03769576169094294,0.014806702442229766,0.029284853794765087,0.8787427444967693,3.3780342024270693,0.822485572875548,0.1850631547680404,0.9808365759123698
test/olive_peacock_spot/IMG_20190806_173227.jpg,olive_peacock_spot,2,test/olive_peacock_spot/IMG_20190806_173227.jpg,0.03129720258594647,0.04962439328942864,0.0,0.0,0.9167220510341771,1.9244561204095334,0.8369069172851784,0.2748226949338393,0.9718332085941446
test/olive_peacock_spot/IMG_20190806_173231.jpg,olive_peacock_spot,2,test/olive_peacock_spot/IMG_20190806_173231.jpg,0.029591214154972543,0.04429530201342282,0.0,8.135041692088672e-05,0.9238153345535896,1.9587452823488871,0.8428072738966901,0.27160960949965973,0.9704705598444301
test/olive_peacock_spot/IMG_20190806_173249.jpg,olive_peacock_spot,2,test/olive_peacock_spot/IMG_20190806_173249.jpg,0.06493349211795814,0.0098702137537089,0.00014129140342732577,0.012029953777526593,0.9197868518256868,2.9839983714682923,0.8198168924213866,0.24156408251869646,0.9750114386899889
test/olive_peacock_spot/IMG_20190806_173718.jpg,olive_peacock_spot,2,test/olive_peacock_spot/IMG_20190806_173718.jpg,0.0,0.04824869583732567,0.014287235175130416,0.0,0.920877249015224,1.080178555123326,0.8411162257434792,0.24481704903118062,0.9837464071570913
test/olive_peacock_spot/IMG_20190806_173743.jpg,olive_peacock_spot,2,test/olive_peacock_spot/IMG_20190806_173743.jpg,0.013926316006006623,0.03665686133338819,0.003085594388332339,2.0570629255548927e-05,0.9119988480447617,1.3955799377357045,0.8361430771002872,0.19438025410217247,0.9864096181200487
test/olive_peacock_spot/IMG_20190806_173800.jpg,olive_peacock_spot,2,test/olive_peacock_spot/IMG_20190806_173800.jpg,0.015684789540816327,0.05982940051020408,0.0054807079081632655,0.0,0.9082429846938775,1.2230783407274624,0.8191410670319141,0.201943614709603,0.9804865974929745
test/olive_peacock_spot/IMG_20190806_173803.jpg,olive_peacock_spot,2,test/olive_peacock_spot/IMG_20190806_173803.jpg,0.02499202806122449,0.05171795280612245,0.002610809948979592,0.0,0.9170519770408163,1.3341259192535246,0.832187129469609,0.260085950502209,0.973066692908206
test/olive_peacock_spot/IMG_20190806_173854.jpg,olive_peacock_spot,2,test/olive_peacock_spot/IMG_20190806_173854.jpg,0.08206431602300386,0.00023693109612940745,0.0,0.0,0.8968703556120361,2.0937167780616743,0.8182683085463723,0.18749686824541695,0.9831874642655556
test/olive_peacock_spot/IMG_20190806_173856.jpg,olive_peacock_spot,2,test/olive_peacock_spot/IMG_20190806_173856.jpg,0.09404114699925381,0.002963436733823686,0.0,0.0,0.8947660164161603,2.7504367541255705,0.8271285158968394,0.19079479878746697,0.9806119584109453
test/olive_peacock_spot/IMG_20190806_173928.jpg,olive_peacock_spot,2,test/olive_peacock_spot/IMG_20190806_173928.jpg,0.06536078798413335,0.01490841021526942,0.0006239693363640416,0.0,0.8645540847706913,1.9663383409158797,0.8027211607016371,0.17684952071769808,0.987003695378452
test/olive_peacock_spot/IMG_20190806_174215.jpg,olive_peacock_spot,2,test/olive_peacock_spot/IMG_20190806_174215.jpg,0.07682331736053107,0.022354596210489297,0.008506616257088847,0.0,0.8063480898580032,3.845746894394159,0.7757259118703149,0.18720855290621186,0.982891448892213
test/olive_peacock_spot/IMG_20190806_174218.jpg,olive_peacock_spot,2,test/olive_peacock_spot/IMG_20190806_174218.jpg,0.0939135162072168,0.013794821845198995,0.005912066505085283,0.00027181914965909346,0.8680091512447052,2.9343106712760783,0.8176414237498065,0.1859351891444658,0.9842161821280123
test/olive_peacock_spot/IMG_20190806_174224.jpg,olive_peacock_spot,2,test/olive_peacock_spot/IMG_20190806_174224.jpg,0.1337785279225068,0.03375651280545975,0.016804872679239746,0.061128641667278195,0.794574496709963,3.4014619872181133,0.7470418370295565,0.13087482581047521,0.9876322910794464
test/olive_peacock_spot/IMG_20190806_174252.jpg,olive_peacock_spot,2,test/olive_peacock_spot/IMG_20190806_174252.jpg,0.012562018367993245,0.03447693444526549,0.024596220838171645,0.0,0.9148105140926844,1.2488417387479323,0.8166426674514126,0.179628001161047,0.9847112826883374
test/olive_peacock_spot/IMG_20190806_174255.jpg,olive_peacock_spot,2,test/olive_peacock_spot/IMG_20190806_174255.jpg,0.009366205110885963,0.028166160081053698,0.050253292806484294,0.002048857368006304,0.9051671732522797,1.1328836769271282,0.7911973949642995,0.16196166120542446,0.9919962422255292
test/olive_peacock_spot/IMG_20190806_174319.jpg,olive_peacock_spot,2,test/olive_peacock_spot/IMG_20190806_174319.jpg,0.012686807870121492,0.07100311794430707,0.00916030534351145,0.0018277604558649607,0.9047199225889689,1.4628280253115267,0.8038379071769994,0.19426830948270024,0.9872373373891125
test/olive_peacock_spot/IMG_20190806_174322.jpg,olive_peacock_spot,2,test/olive_peacock_spot/IMG_20190806_174322.jpg,0.007471500462154668,0.09130122214234364,0.018178083598644347,0.00017972681524083394,0.8798654616411625,2.1719787874187126,0.7662274249336886,0.13610321642144008,0.9877633506529702
